"","season","team_id","team_name","conf_perf","fgpct","threeptpct","ftpct","treb","oreb","dreb","ast","stl","blk","to","pers_fouls","ppg","opp_ppg","opp_fgpct","opp_threeptpct","efgpct","mov","pace","unadj_off_eff","unadj_def_eff","starters","starters_shooting_threes_pct","three_pt_shooters_at_35pct_pct","extraScoreChances","oppTO_teamTO_ratio","ast_TO_ratio","foul_outs","adj_bayes_win_rate_close","close_pct","blowout_pct","healthy_rate","pct_guards","kill_shot_count","coach_career_adj_win_pct","coach_career_log_games_total","coach_career_adj_march_eff","coach_curr_school_march_eff","avg_team_exp","smdi","womens_team_tourney_flag","Conference","power_conf","power_conf_extra","AdjOE","AdjDE","BARTHAG","WAB","tourney_summary","tourney_perf","wlpct","pyth_exp","luck","deep_run"
"1",2008,6,"South Alabama","Semifinals - L",0.476432028314316,0.366839912922343,0.702560740670813,40.5826923076923,12.2534615384615,25.2559615384615,15.7388461538462,6.30134615384615,3.10942307692308,13.8398076923077,16.8884615384615,75.4884615384615,64.0105769230769,0.41344895577119,0.325617322778042,0.540593399499516,11.4778846153846,66.8502519230769,1.12971455273599,0.957354772541608,7,0.5,0.708333333333333,2.24461538461538,1.04731378115187,1.14409137746354,4,0.609740645967175,0.289807692307692,0.227884615384615,0,0.571428571428571,8.2,0.595462507944662,5.8636311755981,0.978664086133734,1,2.44444444444444,0,0,"Other",0,0,110.64376225954,97.9399865051095,0.80129713457439,-0.084721417960663,"R64","R64 - L",0.806451612903226,0.788705964641276,-0.01774564826195,0
"2",2008,8,"Arkansas","Final - L",0.468004818750507,0.33005949274606,0.675556208638105,39.8066433566434,13.0384615384615,24.1784090909091,15.1380244755245,7.31398601398601,5.425,15.7500874125874,18.4939685314685,74.1982517482517,65.0341783216783,0.409358944071072,0.323948881174423,0.520200945036786,9.16407342657343,69.9698715034965,1.06043509557964,0.930314037337166,7.5,0.444642857142857,0.35,2.4576048951049,1.00027893267166,0.967794959133446,1.7,0.658014698632224,0.205506993006993,0.323951048951049,0.103989754276287,0.401785714285714,3.5,0.552880678951232,4.99721227376411,0.834055218798919,0,2.88888888888889,0.4,0,"SEC",1,1,107.348022775685,91.7053031005535,0.85950631562706,0.27887060487416,"R32","R32 - L",0.6875,0.707957390433897,0.0204573904338969,0
"3",2008,12,"Arizona","Quarterfinals - L",0.481753219050961,0.390521458629067,0.747806520494775,34.580303030303,8.33106060606061,23.2651515151515,16.0030303030303,5.41136363636364,3.62651515151515,12.5409090909091,16.4295454545455,72.4469696969697,66.3916666666667,0.436935568156294,0.348368027140063,0.548088402843715,6.05530303030303,65.8794696969697,1.10010360909361,1.00979397855126,7.5,0.473214285714286,0.708333333333333,-2.29015151515152,1.04191950464396,1.28569954297508,2.2,0.28337030218557,0.261363636363636,0.137878787878788,0.406042495559997,0.535714285714286,4.9,0.48397238288968,5.76205138278018,1.92342000439991,0,2.55555555555556,0,0,"Other",0,0,114.559845813135,94.0074347410845,0.90599423241943,0.727690813229971,"R64","R64 - L",0.5625,0.662128702736143,0.0996287027361425,0
"4",2008,24,"Stanford","Final - L",0.457296394992445,0.372718893494364,0.69614836238132,41.9125,13.0041666666667,25.725,14.5083333333333,4.5625,5.11666666666667,12.7583333333333,16.8,71.4791666666667,59.1666666666667,0.39505272194455,0.325473484848485,0.510600198108935,12.3125,64.7542916666667,1.1033546084206,0.91442926071267,7.5,0.358928571428571,0.7,2.70833333333333,0.970119747220813,1.13852114949952,1,0.755821743685676,0.216666666666667,0.304166666666667,0.0909108458052717,0.392857142857143,4.5,0.539702328572501,5.50533153593236,1.53143734520072,1,2.8,0.2,1,"Other",0,0,110.69017917077,88.652499250713,0.92689112688734,3.34921846190885,"S16","S16 - L",0.78125,0.785268175385857,0.00401817538585669,0
"5",2008,26,"UCLA","Final - W",0.491424872595759,0.352181372908448,0.735028782526349,39.0150641025641,12.1814102564103,24.0451923076923,15.2358974358974,7.17532051282051,3.75160256410256,12.6233974358974,13.749358974359,75.436217948718,57.9554487179487,0.420964597443816,0.336312787722201,0.544162307101683,17.4807692307692,65.3679118589744,1.15359166761405,0.886640249966927,7.5,0.455555555555556,0.5,6.61089743589744,1.20389293289456,1.20448586614146,2,0.703522132000102,0.181089743589744,0.470192307692308,0.157896053169123,0.472222222222222,8.5,0.644110275689223,5.99146454710798,3.5,4.66666666666667,2.66666666666667,0,0,"Other",0,0,115.02678411939,86.0355205671455,0.965783359176735,5.3550054732749,"F4","F4 - L",0.939393939393939,0.885094582871835,-0.0542993565221043,1
"6",2008,30,"USC","Semifinals - L",0.478228984825786,0.388005514865681,0.680859010270775,38.1,9.40666666666667,24.9833333333333,12.41,5.825,4.27166666666667,14.6833333333333,15.5583333333333,69.4016666666667,62.44,0.390774891183417,0.304992905033157,0.536801000769675,6.96166666666667,66.82975,1.03881893896302,0.936008869734203,7,0.428571428571429,0.6,-3.82166666666667,0.929441773381504,0.84423850191673,4.9,0.573774112071101,0.198333333333333,0.24,0.247449329071046,0.571428571428571,4.1,0.645454545454546,6.08904487544685,1.66666666666667,3,1.875,0,0,"Other",0,0,106.881853970785,88.797324174288,0.89329156006578,1.78994964062084,"R64","R64 - L",0.645161290322581,0.679604620224546,0.0344433299019652,0
"7",2008,41,"UConn","Quarterfinals - L",0.464679110833707,0.361989459815547,0.711092890643452,47.58,14.0836363636364,29.1218181818182,15.4581818181818,6.03181818181818,8.98272727272727,13.8109090909091,15.5236363636364,78.9490909090909,67.6990909090909,0.37539374149713,0.337063997717763,0.511657316375513,11.25,70.3438681818182,1.1228973973311,0.964731489295283,7,0.485714285714286,0.446666666666667,-2.14363636363636,0.91894663480685,1.11671047391477,2.5,0.725372369670817,0.305454545454545,0.211818181818182,0.120370860748782,0.571428571428571,6.1,0.695652173913043,6.98656645940643,3.05263157894737,3.78571428571429,2.22222222222222,0,1,"Big East",0,1,112.854520265195,94.160115262546,0.885877660103265,2.16998397717902,"R64","R64 - L",0.75,0.744631319163609,-0.00536868083639053,0
"8",2008,44,"American","Final - W",0.438123575615178,0.398887799208165,0.743036480686695,35.8974358974359,9.54358974358974,22.6282051282051,11.85,4.61923076923077,2.5525641025641,13.9294871794872,17.6371794871795,65.075641025641,62.5141025641026,0.419608590607666,0.36067279657034,0.520277343748555,2.56153846153846,61.9478076923077,1.05115624340327,1.00926851857727,7.5,0.492857142857143,0.7,-1.72051282051282,0.898800747371827,0.850520796985135,2.4,0.530473579257037,0.21025641025641,0.115384615384615,0.16112900751649,0.330357142857143,1.3,0.547252747252747,6.12249280951439,1.8,0,2.44444444444444,0.2,0,"Other",0,0,104.282244492506,103.92213620333,0.50765765627046,-2.8432002283416,"R64","R64 - L",0.645161290322581,0.605425352166788,-0.0397359381557929,0
"9",2008,46,"Georgetown","Final - L",0.489005258019282,0.386154043844858,0.655126761402568,38.7541666666667,9.86628787878788,25.6299242424242,15.7469696969697,7.31856060606061,4.90492424242424,12.9587121212121,16.8670454545455,70.3170454545455,56.7867424242424,0.366049529826756,0.292814701638231,0.567177611377946,13.530303030303,62.7615018939394,1.12031916254281,0.904917126108951,8,0.507936507936508,0.825,-2.24090909090909,0.984592019364359,1.23626755892041,3.2,0.730506112014531,0.183333333333333,0.281439393939394,0.0279134039613082,0.563492063492063,7.8,0.653650612884548,5.36129216570943,2.57261223115384,4.75,2.44444444444444,0,0,"Big East",0,1,113.87713717683,88.3494454707055,0.948439783407445,3.830334308219,"R32","R32 - L",0.838709677419355,0.826920957775942,-0.0117887196434132,0
"10",2008,61,"Georgia","Final - W",0.437713599160185,0.330186885831696,0.679112275158671,42.0530303030303,13.5545454545455,24.8121212121212,11.9659090909091,6.89166666666667,3.5905303030303,15.0950757575758,17.1689393939394,69.0348484848485,66.4715909090909,0.423374734626043,0.323921439361641,0.49322852569436,2.56325757575758,67.469946969697,1.02332493589222,0.98544047399242,8.5,0.354166666666667,0.433333333333333,-0.0727272727272727,0.88712335988926,0.790705729895298,2.4,0.374099155660971,0.170454545454545,0.0909090909090909,0.267372508251341,0.534722222222222,2.7,0.575900298396026,5.62040086571715,0.93806795008577,0,2.3,0,1,"SEC",1,1,102.175652278975,95.5130294990695,0.67854530788798,-1.918305650449,"R64","R64 - L",0.483870967741935,0.519428841196041,0.035557873454106,0
"11",2008,68,"Boise St","Final - W",0.507787140136355,0.381349434921644,0.661998943278679,37.9666666666667,9.88333333333333,25.515,17.6,6.8,2.40666666666667,15.5383333333333,17.425,81.3566666666667,74.3566666666667,0.438742584575918,0.341929006599924,0.580502561594553,7,73.597325,1.10545077650928,1.00987487225101,6,0.768571428571429,0.733333333333333,-1.535,0.995600743919134,1.13357074832726,3.7,0.495709145320892,0.298333333333333,0.143333333333333,0.126341675753173,0.414285714285714,4.7,0.54209898708219,5.05624580534831,0,0,2,0,0,"Other",0,0,106.666398141645,102.89908791241,0.601894179989685,-1.13952963557265,"R64","R64 - L",0.75,0.667312791831966,-0.0826872081680344,0
"12",2008,84,"Indiana","Quarterfinals - L",0.471325530577188,0.356372166091317,0.765497107946919,41.1966666666667,11.755,26.5283333333333,13.3566666666667,7.325,4.01666666666667,13.785,17.1766666666667,76.8466666666667,63.7433333333333,0.406634530746181,0.337696372279995,0.533357094988079,13.1033333333333,67.920475,1.13003186149379,0.940793313990128,7.5,0.464285714285714,0.416666666666667,1.57333333333333,1.04300439089451,0.971693566515308,2.5,0.660093825307767,0.281666666666667,0.3,0.319143549474182,0.535714285714286,10.7,0.530475442346718,5.6937321388027,0,0,2,0.2,0,"Big Ten",0,1,113.592584495385,92.359287364249,0.911947477073165,2.3648801712865,"R64","R64 - L",0.78125,0.783543083439782,0.0022930834397823,0
"13",2008,87,"Notre Dame","Quarterfinals - L",0.464056345656857,0.417365196078431,0.73093479252166,45.2055555555556,13.2611111111111,28.5,19.3916666666667,6.56111111111111,3.86944444444444,12.8333333333333,14.6777777777778,81.1333333333333,68.1416666666667,0.401881029435386,0.340855707064334,0.538218268996053,12.9916666666667,70.5613194444445,1.15047090736144,0.963675479467923,7,0.4375,0.9,0.744444444444444,1.0131569993639,1.5169229574402,1.3,0.483355461721317,0.161111111111111,0.252777777777778,0.0487269534679543,0.5,6.6,0.648951626199384,5.91889385427315,1.31718353840106,1.5,2.75,0,1,"Big East",0,1,115.10285567662,94.7430155247265,0.90326756551094,2.18258839560596,"R32","R32 - L",0.8,0.779226042091117,-0.0207739579088835,0
"14",2008,96,"Kentucky","Did Not Play in Conference Tournament",0.476700376208604,0.379456228179962,0.735077559414781,35.8047619047619,9.46666666666667,24.2178571428571,13.0964285714286,6.7702380952381,4.90238095238095,16.1238095238095,18.6071428571429,69.5071428571429,64.7190476190476,0.387199364814663,0.321341050229365,0.539700867961297,4.78809523809524,66.7379166666667,1.04092162736739,0.97148297660763,8,0.366666666666667,0.5,-5.13214285714286,0.836216157108863,0.810754184339675,5.2,0.561923650822498,0.28452380952381,0.236904761904762,0.402767046002423,0.5,5.4,0.627292750019351,5.06890420222023,1.41003482603346,0,2.2,0.4,0,"SEC",1,1,105.41356381436,94.918551954345,0.766149953310245,-0.53614434962685,"R64","R64 - L",0.642857142857143,0.626752968896525,-0.0161041739606176,0
"15",2008,97,"Louisville","Quarterfinals - L",0.450424814570261,0.346053870688673,0.651649810366625,40.555,11.9716666666667,26.23,14.29,8.04333333333333,5.01666666666667,13.4016666666667,17.5383333333333,71.3833333333333,59.5383333333333,0.375708464446711,0.301230661040788,0.520633998200842,11.845,66.5705833333333,1.07224297680417,0.893869302362006,7.5,0.703571428571429,0.488333333333333,1.705,1.10115937845769,1.07193919276471,2.7,0.502353239913248,0.293333333333333,0.315,0.0883329527521097,0.607142857142857,8.9,0.727272727272727,6.52649485957079,4.04166666666667,2.375,2.5,0.2,1,"Big East",0,1,109.76637674979,88.2265359862965,0.91984854397374,2.36978163855309,"E8","E8 - L",0.774193548387097,0.813193182667421,0.0389996342803242,1
"16",2008,98,"Western KY","Final - W",0.475983666986222,0.392511392392352,0.698880194183722,37.0082051282051,12.545641025641,22.1405128205128,12.9651282051282,7.98410256410256,3.76820512820513,14.3107692307692,21.2046153846154,77.4805128205128,65.8394871794872,0.426195421373658,0.343173202614379,0.540372599877664,11.6410256410256,69.5636,1.11365926401106,0.94585552130148,9.5,0.444444444444444,0.685,5.78102564102564,1.30963594191206,0.909465622338757,6.1,0.475507882056113,0.265641025641026,0.240512820512821,0.0758409772855233,0.527777777777778,4,0.652935524681181,4.82028156560504,0,0,2.6,0.2,1,"Other",0,0,109.890610536465,96.946002126644,0.80853194697775,0.154474290979875,"S16","S16 - L",0.8125,0.807149237719767,-0.00535076228023268,0
"17",2008,116,"Mount St Mary","Final - W",0.443267251608335,0.37387086272382,0.691753786119983,36.1464285714286,10.1702380952381,23.2214285714286,12.952380952381,7.72142857142857,3.63095238095238,14.0333333333333,19.5357142857143,68.8083333333333,66.477380952381,0.418988959489343,0.325885208105812,0.50293063223442,2.33095238095238,67.9102916666667,1.01289198068804,0.978987692565752,7.5,0.317857142857143,0.55,-0.139285714285714,1.13722245496439,0.933853512079319,6.7,0.418552125509103,0.28452380952381,0.101190476190476,0.103953693630822,0.535714285714286,1.9,0.400549490395332,4.77068462446567,0,0,2.44444444444444,0,0,"Other",0,0,96.916379928728,98.8617538213785,0.44266536260714,-4.66922641381155,"R64","R64 - L",0.580645161290323,0.590873443122482,0.0102282818321596,0
"18",2008,127,"Michigan St","Semifinals - L",0.486385204356735,0.370241013071895,0.731985997536134,42.090675990676,12.9310023310023,25.2200466200466,18.3736596736597,6.25221445221445,4.59324009324009,13.5573426573427,17.9937062937063,73.5582750582751,61.8142191142191,0.396722521102468,0.31594936364489,0.531999810871313,11.7440559440559,65.2320827505827,1.12564268782349,0.948241954201489,7.5,0.244444444444444,0.6,0.488811188811189,0.953230620926831,1.36513218375831,5,0.724236574395916,0.223543123543124,0.258974358974359,0.0280373831775701,0.527777777777778,8.4,0.696741854636591,5.99146454710798,4.1,4.1,2.44444444444444,0.2,0,"Big Ten",0,1,114.759635425345,92.8947460531235,0.91791121729043,2.54110431942025,"S16","S16 - L",0.757575757575758,0.768936922196096,0.0113611646203382,0
"19",2008,150,"Duke","Semifinals - L",0.470859630135326,0.394758918561353,0.686834160424175,41.0727272727273,12.8636363636364,24.930303030303,15.5030303030303,8.36060606060606,4.21212121212121,13.5454545454545,18.4363636363636,84.5121212121212,67.0454545454545,0.42430267974616,0.324250253400529,0.548911814795491,17.4666666666667,73.7803636363636,1.14565723113325,0.908947275627842,7.5,0.598214285714286,0.875,5.91515151515152,1.39242196529151,1.15657008163209,2.7,0.546164127610384,0.145454545454545,0.418181818181818,0.067950620475698,0.669642857142857,6.9,0.748069498069498,6.94408720822953,4.65217391304348,4.65217391304348,2.2,0.2,0,"ACC",1,1,117.591084235505,87.847695404732,0.96327741863538,4.44435812286225,"R32","R32 - L",0.838709677419355,0.842798715966987,0.00408903854763187,0
"20",2008,153,"North Carolina","Final - W",0.489797624732957,0.379680808660576,0.749076044369744,47.9055944055944,15.6004662004662,28.8293706293706,17.425641025641,8.89417249417249,4.66317016317016,14.8701631701632,16.6615384615385,90.1468531468531,71.6738927738928,0.418185784844197,0.33051282051282,0.535476849872013,18.4729603729604,77.2536538461538,1.16654093893752,0.928496730227942,8,0.35,0.833333333333333,6.71421911421911,1.16018694475468,1.16809047402907,2.6,0.755546768430172,0.129370629370629,0.402564102564103,0.219657156565322,0.625,7.1,0.8,6.48616078894409,3.47222222222222,4.125,2.66666666666667,0.2,1,"ACC",1,1,120.350771215955,91.909730153042,0.95684985851689,5.94479246560895,"F4","F4 - L",0.96969696969697,0.853946210527834,-0.115750759169136,1
"21",2008,172,"Cornell","Did Not Play in Conference Tournament",0.490073449782075,0.419550336690968,0.763206379442865,36.5166666666667,9.06111111111111,24.8666666666667,15.8055555555556,5.96666666666667,2.83333333333333,14.0555555555556,18.5777777777778,77.9333333333333,70.75,0.429039472311822,0.367650244430784,0.567432796778171,7.18333333333333,69.8211111111111,1.1204360745176,1.01048794961376,7.5,0.507142857142857,0.733333333333333,-1.82222222222222,1.02904302809769,1.1662833134154,3.4,0.717323955997206,0.244444444444444,0.144444444444444,0.110078828828829,0.401785714285714,1.6,0.413036001543006,5.25749537202778,0,0,2.2,0.2,1,"Other",0,0,107.580388683695,104.69001288798,0.574043969823405,-0.58291276873955,"R64","R64 - L",0.8,0.711997688245281,-0.0880023117547186,0
"22",2008,198,"Oral Roberts","Final - W",0.438804931419583,0.35930019877929,0.67929589360868,39.2142857142857,11.202380952381,24.4238095238095,13.302380952381,6.30238095238095,3.77738095238095,13.4202380952381,17.0464285714286,68.9523809523809,62.0392857142857,0.402076334186544,0.336147576147576,0.505509040108358,6.91309523809524,65.9464821428571,1.04587015021254,0.940617447484328,8,0.3375,0.783333333333333,0.603571428571429,1.05865533695502,1.00024132713873,3.5,0.44728690476428,0.177380952380952,0.201190476190476,0.114491841442108,0.5,1.2,0.586255416601289,5.50938833662798,0.919539503790822,1,2.6,0.2,1,"Other",0,0,102.501261704875,92.724913941313,0.759787985226815,-0.434398775533735,"R64","R64 - L",0.741935483870968,0.729066171063023,-0.012869312807945,0
"23",2008,201,"Oklahoma","Semifinals - L",0.454623832064297,0.358815772462831,0.683660334392042,38.5892307692308,11.1702564102564,24.9676923076923,13.1635897435897,6.81025641025641,3.92871794871795,13.1174358974359,16.6538461538462,70.5902564102564,63.0107692307692,0.401099322083698,0.31668118466899,0.515785330872185,7.57948717948718,65.8703,1.06907999864047,0.958962654290191,8,0.4625,0.475,0.964615384615385,1.05269805378341,1.00135346846483,2.4,0.626551939852783,0.216923076923077,0.298974358974359,0.116599803516011,0.5625,4.3,0.623855430046386,5.02388052084628,0.838506258586017,0,2.33333333333333,0,1,"Big12",1,1,108.994094227065,92.145699308141,0.86040835146011,1.39002597029285,"R32","R32 - L",0.65625,0.661015380011435,0.00476538001143467,0
"24",2008,218,"Temple","Final - W",0.474534619624992,0.377979073649714,0.742463176574978,35.1224242424242,8.80909090909091,23.5874242424242,15.0498484848485,6.49287878787879,4.31469696969697,13.2172727272727,18.0383333333333,73.0621212121212,69.5468181818182,0.427214680744092,0.365094537815126,0.548641866111091,3.51530303030303,66.8649015151515,1.09221675375671,1.03945713098773,7,0.571428571428571,0.65,-2.67075757575758,1.01303619714848,1.17092397984267,4.7,0.552911728134334,0.442727272727273,0.0416666666666667,0.0258031088082902,0.714285714285714,4.2,0.640159045725646,6.22257626807137,1,0,2.75,0.4,1,"Other",0,0,109.96082315168,99.3270401628,0.75481879721153,-0.82342175177414,"R64","R64 - L",0.636363636363636,0.620374973254042,-0.0159886631095941,0
"25",2008,221,"Pitt","Final - W",0.462521961365722,0.343863640879916,0.675892268974348,42.2866666666667,14.9183333333333,23.935,16.5283333333333,7.19666666666667,3.37333333333333,12.2716666666667,15.6966666666667,75.965,64.2766666666667,0.413930676855916,0.324478244371364,0.518510739611465,11.6883333333333,66.9812,1.13464180912677,0.962632404913316,7.5,0.564285714285714,0.43,5.715,1.20204550182208,1.36901931477615,1.8,0.701808297655872,0.218333333333333,0.338333333333333,0.101514034098701,0.464285714285714,7.4,0.745123218466071,4.91265488573605,1.63988448804469,2,2.66666666666667,0,1,"Big East",0,1,114.93060544077,94.5325498895715,0.9041834903532,2.61966829151675,"R32","R32 - L",0.764705882352941,0.758504012347567,-0.00620187000537376,0
"26",2008,222,"Villanova","Quarterfinals - L",0.439054017794131,0.355287770708823,0.72074093672522,39.9484848484848,13.6909090909091,22.7,14.5636363636364,8.06969696969697,2.90909090909091,13.7030303030303,20.4939393939394,75.0272727272727,69.2757575757576,0.437766099934314,0.373966914467854,0.501734164253075,5.75151515151515,68.9294696969697,1.08714356130908,1.00538905422037,8.5,0.527777777777778,0.675,6.62727272727273,1.22877343550447,1.07133384418902,7.7,0.597081336575755,0.227272727272727,0.187878787878788,0.232143160881804,0.590277777777778,7.3,0.615384615384615,6.00141487796115,1.8,2.33333333333333,1.9,0.2,0,"Big East",0,1,108.642234547805,95.9781776057875,0.806155559815005,0.171929860869215,"S16","S16 - L",0.612903225806452,0.599404577943923,-0.0134986478625285,0
"27",2008,228,"Clemson","Final - L",0.459410408239791,0.387433489831938,0.633820972040291,41.3212121212121,16.075,22.7848484848485,16.2568181818182,10.2795454545455,5.90833333333333,14.9348484848485,18.8166666666667,80.094696969697,68.2174242424242,0.432345598721383,0.306048951048951,0.526587250631387,11.8772727272727,72.317446969697,1.10778552259302,0.943374479350369,8,0.375,0.833333333333333,6.42348484848485,1.23186572927632,1.08785470266348,3.2,0.605628984929028,0.315909090909091,0.212878787878788,0.0934391146590751,0.5,9.1,0.56695652173913,6.35610766069589,1,0,2.5,0,0,"ACC",1,1,112.92899787792,90.842425919209,0.923095461337805,2.19095796878455,"R64","R64 - L",0.75,0.774480925072447,0.0244809250724467,0
"28",2008,235,"Memphis","Final - W",0.465879161486414,0.345255963548646,0.597596129395525,43.5818181818182,14.4090909090909,26.4454545454545,16.1909090909091,8.78181818181818,6.27272727272727,13.0909090909091,17.5909090909091,80.0454545454545,61.8727272727273,0.387696631295713,0.307548696699249,0.530359723675026,18.1727272727273,71.7415454545455,1.11654121770545,0.862356705179702,8.5,0.623611111111111,0.62,7.25454545454545,1.32935823754789,1.2773056923919,3.1,0.596854485801067,0.0909090909090909,0.418181818181818,0.204023603158967,0.645833333333333,9.7,0.736220472440945,6.23244801655052,2.5,2,2.4,0,0,"Other",0,0,112.309493849815,83.724379471173,0.96627022496755,4.4895409744575,"Final","Final - L",0.96969696969697,0.907368150865303,-0.062328818831667,1
"29",2008,238,"Vanderbilt","Quarterfinals - L",0.471603143252631,0.415625153840485,0.736582078500572,39.6302564102564,10.6287179487179,25.565641025641,18.0682051282051,6.15025641025641,3.62615384615385,14.7364102564103,18.2276923076923,82.0323076923077,74.1733333333333,0.430980207461987,0.343301953480679,0.554254960162264,7.85897435897436,73.5607230769231,1.11354430325331,1.00889721580681,7.5,0.535714285714286,0.775,-1.66820512820513,1.02611256696536,1.23230768794921,1.2,0.780714133957551,0.236923076923077,0.188717948717949,0,0.535714285714286,5.6,0.60958904109589,6.08449941307517,2,3,2.4,0,1,"SEC",1,1,111.83331333974,97.5571969456765,0.8278250399449,1.89959846263815,"R64","R64 - L",0.78125,0.658746164429024,-0.122503835570976,0
"30",2008,239,"Baylor","Early Round - L",0.462712037886984,0.383244185519532,0.729097498088113,40.7716666666667,12.0416666666667,25.1866666666667,12.5966666666667,7.65666666666667,4.38,12.47,20.2583333333333,81.4833333333333,72.6533333333333,0.4245496516713,0.349915873600084,0.536357941072899,8.83,71.8642166666667,1.13472263378806,1.00819366302983,8,0.634920634920635,0.66,1.77,1.20438832772166,1.01961840628507,4.7,0.404672293525481,0.138333333333333,0.25,0.0778227620332883,0.634920634920635,5.1,0.444787850267863,4.91998092582813,0,0,2.6,0.4,1,"Big12",1,1,113.6503188031,97.6346727598645,0.851553470663765,0.7388317954694,"R64","R64 - L",0.666666666666667,0.686979428473416,0.0203127618067498,0
"31",2008,245,"Texas A&M","Semifinals - L",0.476533943706357,0.363965517241379,0.633689876648676,43.6742857142857,12.0571428571429,27.9647619047619,14.05,4.53666666666667,4.35809523809524,12.6452380952381,17.1028571428571,73.7214285714286,61.1557142857143,0.38531507686043,0.334990427632568,0.536802318338,12.5657142857143,66.385930952381,1.10878544323933,0.922115984896825,7,0.4,0.633333333333333,-0.0200000000000001,0.915615094522658,1.12148374501316,3.7,0.610464769127177,0.109047619047619,0.428095238095238,0.0183171150543789,0.571428571428571,10.3,0.564662720434496,5.60947179518496,2.80873153020288,0,2.5,0.2,1,"Big12",1,1,113.51947612736,90.966330655242,0.921265907698065,1.5240260627118,"R32","R32 - L",0.727272727272727,0.797251441029843,0.0699787137571162,0
"32",2008,250,"UT Arlington","Final - W",0.479417573879661,0.342442727695614,0.648315202051182,41.5939393939394,10.6878787878788,28.2212121212121,14.7212121212121,6.88787878787879,2.71515151515152,17.1242424242424,19.1424242424242,74.3272727272727,66.430303030303,0.38887719565057,0.30869015279543,0.535021958152378,7.8969696969697,72.3974696969697,1.02645378911748,0.919201302298716,8,0.35,0.633333333333333,-1.96969696969697,0.937594431712079,0.859354044648162,4.1,0.466869433240068,0.275757575757576,0.339393939393939,0.116949975592297,0.5,0.5,0.502948187659592,3.43398720448515,0,0,2.6,0.2,0,"Other",0,0,99.3053602930375,98.1860680137265,0.53392161034863,-3.45573912153661,"R64","R64 - L",0.645161290322581,0.656634551838523,0.0114732615159423,0
"33",2008,251,"Texas","Final - L",0.461618937686656,0.390753077031036,0.699820312560526,40.9125874125874,12.7188811188811,24.9955710955711,13.213986013986,6.59370629370629,5.47482517482517,9.64848484848485,15.6463869463869,76.7065268065268,63.4086247086247,0.38629458645433,0.325586724415794,0.528119038430783,13.2979020979021,65.506513986014,1.17020747439279,0.967761991714303,6,0.7,0.685,2.51258741258741,1.32079697710927,1.36724836625169,0.6,0.674238356387543,0.231468531468531,0.277156177156177,0.0684113246013886,0.666666666666667,9.7,0.655172413793103,6.45990445437753,1.9,2.27777777777778,2,0,1,"Big12",1,1,121.0755745597,95.38980821404,0.939481149853935,4.1863300859334,"E8","E8 - L",0.818181818181818,0.801072623775751,-0.0171091944060671,1
"34",2008,252,"BYU","Final - L",0.469037573087852,0.38450322388031,0.658019274832585,43.3974358974359,10.794358974359,28.9938461538462,17.8820512820513,6.31435897435897,4.13538461538462,14.6692307692308,17.7482051282051,76.3733333333333,62.9958974358974,0.38175874313956,0.294789012273524,0.545606341670852,13.3774358974359,70.8902948717949,1.07639873188176,0.889580462393408,7,0.671428571428571,0.64,-0.0579487179487181,0.993348098929494,1.24719453672942,3.5,0.634162417010311,0.15025641025641,0.337435897435897,0,0.571428571428571,1.5,0.678235210498023,4.15888308335967,0.694134639479277,1,2.11111111111111,0,0,"Other",0,0,105.242752037765,89.128104935322,0.869080813315375,1.28824293305957,"R64","R64 - L",0.8125,0.817287237766617,0.00478723776661749,0
"35",2008,265,"Washington St","Semifinals - L",0.48404608536266,0.362549877788235,0.738572740112994,32.6098484848485,7.97045454545455,22.0371212121212,13.9287878787879,6.40454545454545,2.93181818181818,10.5371212121212,14.8575757575758,67.5674242424242,55.4393939393939,0.409697935194608,0.340404013299293,0.547989591677597,12.1280303030303,60.0745681818182,1.12461343153435,0.923258709288469,8,0.423809523809524,0.683333333333333,1.83636363636364,1.30341512361884,1.32410421552499,2.9,0.70049466976154,0.237878787878788,0.334848484848485,0.12050110349505,0.492063492063492,7.4,0.6962819194392,3.55534806148941,0.593402169625713,1,3.375,0,0,"Other",0,0,113.288959900945,90.7646769146905,0.927305848068865,2.43794635568095,"S16","S16 - L",0.75,0.800386160391819,0.0503861603918191,0
"36",2008,269,"Marquette","Semifinals - L",0.461185395239434,0.35747381320001,0.696907878702923,40.0251515151515,13.1787878787879,23.7254545454545,15.3118181818182,10.0648484848485,4.04181818181818,13.4012121212121,20.2663636363636,77.0690909090909,62.0109090909091,0.403445505113659,0.285971939193779,0.520101643169727,15.0581818181818,69.4688227272727,1.10907674321144,0.892822582084991,8.5,0.572222222222222,0.605,5.21272727272727,1.30065412343594,1.1425661318232,3.5,0.494185289983009,0.167575757575758,0.426060606060606,0.0744003915810083,0.590277777777778,9.9,0.652670416380953,5.52942908751142,2.19185041980737,2.375,2.77777777777778,0.2,0,"Big East",0,1,115.016582683585,89.774837816832,0.938709019103255,1.916940360486,"R32","R32 - L",0.727272727272727,0.805992887467694,0.0787201601949666,0
"37",2008,275,"Wisconsin","Final - W",0.449367717974644,0.345826416996079,0.706432057577689,39.3791666666667,12.4291666666667,24.5208333333333,13.0583333333333,6.56666666666667,3.375,11.9916666666667,13.9958333333333,68.6083333333333,53.9583333333333,0.378300427875667,0.3139253127569,0.504823327999619,14.65,62.6541458333333,1.09556057911634,0.863954451291011,7,0.4875,0.783333333333333,4.86666666666667,1.20169830098981,1.11399006172416,1.6,0.563545516213053,0.225,0.345833333333333,0.107191624943104,0.583333333333333,8.4,0.671098248187058,5.54126354515843,1.54143267798999,1.66666666666667,2.875,0.2,0,"Big Ten",0,1,111.44711457156,84.5928689150875,0.959699529132135,4.12092400885295,"S16","S16 - L",0.875,0.874238396615435,-0.000761603384564991,0
"38",2008,277,"West Virginia","Semifinals - L",0.464689305230289,0.362196492046484,0.689233710475146,39.8641025641026,12.3173076923077,23.9121794871795,16.4814102564103,7.76474358974359,5.475,11.1519230769231,18.9339743589744,77.9698717948718,61.7442307692308,0.408955432412031,0.341538933169834,0.529116502381916,16.225641025641,67.9018205128205,1.14568933147666,0.912244946794341,6.5,0.535714285714286,0.808333333333333,7.30128205128205,1.52963963963964,1.47906843013226,5.1,0.357773908306752,0.121153846153846,0.482051282051282,0.0349005424954792,0.464285714285714,11,0.735795454545455,6.55819780281227,1.76666666666667,0,2.5,0.2,1,"Big East",0,1,114.66878775166,91.7616484903205,0.91986092188033,1.32418408776423,"S16","S16 - L",0.705882352941177,0.816071400934233,0.110189047993057,0
"39",2008,301,"San Diego","Final - W",0.453637073798364,0.345369336545807,0.670683853229317,37.1771825396825,10.2268849206349,23.187996031746,13.4007936507937,6.81805555555556,3.20406746031746,14.8306547619048,17.1642857142857,65.1487103174603,62.1876984126984,0.434372832720948,0.326838009015903,0.500280837272298,2.9610119047619,65.6774429563492,0.99216798443764,0.946729802977897,7.5,0.225,0.45,0.918452380952381,1.04650195669722,0.914963880288958,2.3,0.711538187736304,0.331845238095238,0.127579365079365,0.207798073447169,0.732142857142857,1.1,0.596421750460858,0,0,0,2,0,1,"Other",0,0,98.676963863474,95.0313791368695,0.60328507393976,-1.91924351334921,"R32","R32 - L",0.65625,0.598704991068241,-0.0575450089317587,0
"40",2008,344,"Mississippi St","Semifinals - L",0.464277662769115,0.334071421165411,0.645215633423181,44.1794871794872,12.4290598290598,28.6880341880342,13.4974358974359,6.13589743589744,8.21196581196581,15.3777777777778,16.5350427350427,74.0059829059829,65.2982905982906,0.369961787621362,0.327805966810031,0.526037074641851,8.70769230769231,69.8978333333333,1.05900871695657,0.934483039592858,6.5,0.619047619047619,0.275,-3.95897435897436,0.834777722277722,0.880294705294705,5.1,0.376450782890285,0.232478632478632,0.264957264957265,0.313132854090379,0.619047619047619,1.4,0.637791976784531,5.66988092298052,0.946326374528464,1,2.25,0,0,"SEC",1,1,106.34644129217,91.190109175628,0.850457024896115,0.29767709819885,"R32","R32 - L",0.67741935483871,0.728953469313389,0.0515341144746791,0
"41",2008,2046,"Austin Peay","Final - W",0.456819901870461,0.375877799103432,0.716311051435142,32.9192307692308,9.71923076923077,20.6794871794872,14.5589743589744,9.92179487179487,1.97564102564103,12.8692307692308,17.4051282051282,74.0051282051282,70.7910256410256,0.479104386378622,0.377667310147734,0.527956808333746,3.21410256410256,68.0182435897436,1.08747514880182,1.04120787403673,7,0.457142857142857,0.45,4.10384615384615,1.34369801411086,1.13539083808579,3.9,0.744284657687865,0.353846153846154,0.0717948717948718,0.0304769945124525,0.714285714285714,3.8,0.534516765285996,6.23048144757848,1,1,2.875,0.2,0,"Other",0,0,102.92860396709,103.704589848375,0.478381323614575,-2.5701325751483,"R64","R64 - L",0.705882352941177,0.613792631114448,-0.0920897218267283,0
"42",2008,2057,"Belmont","Final - W",0.450046405480888,0.36417100630776,0.711893830703013,39.4532467532468,12.3720779220779,23.6538961038961,17.2285714285714,8.69350649350649,1.96298701298701,14.3896103896104,17.9025974025974,79.801948051948,73.6675324675325,0.463191788371496,0.348984228815825,0.538444982236024,6.13441558441558,72.0986331168831,1.10738053497931,1.02169705416683,8.5,0.585714285714286,0.716666666666667,4.07922077922078,1.18021946045887,1.21706292109619,3.1,0.66819376934411,0.211688311688312,0.15,0.273725044803545,0.707142857142857,1.1,0.537258787552635,5.47227067367148,0.913344413648059,1,2.4,0.2,0,"Other",0,0,105.526448010415,104.823718504365,0.519152430538095,-1.69874887316629,"R64","R64 - L",0.75,0.662742405189723,-0.0872575948102768,0
"43",2008,2086,"Butler","Final - W",0.450564090557031,0.378500631300943,0.745361928200087,31.6103846153846,8.86769230769231,20.4684615384615,12.9180769230769,6.09807692307692,2.54076923076923,10.2465384615385,16.8080769230769,68.2634615384615,57.3384615384615,0.431983745455826,0.318913870494898,0.542827817437802,10.925,60.032975,1.13731232775458,0.955167427637672,7,0.571428571428571,0.775,3.085,1.36118666019103,1.27768334142788,4.6,0.681064443035348,0.236923076923077,0.0684615384615385,0.0928169232456389,0.428571428571429,4.3,0.596421750460858,0,0,0,2.44444444444444,0.2,0,"Other",0,0,114.91534486953,95.416106164431,0.88865586132596,2.3842753067843,"R32","R32 - L",0.903225806451613,0.812051754199159,-0.091174052252454,0
"44",2008,2166,"Davidson","Final - W",0.465612438963035,0.362704077374724,0.694764249886001,39.9942307692308,11.9759615384615,25.1442307692308,17.6519230769231,8.36730769230769,3.97115384615385,12.0951923076923,18.3442307692308,79.1576923076923,64.9528846153846,0.427416753794446,0.370401752333366,0.540297805491811,14.2048076923077,70.4038557692308,1.12503454457019,0.921813536622162,8.5,0.465277777777778,0.566666666666667,7.98461538461538,1.42995170365914,1.46149696865654,3.8,0.476442843322608,0.130769230769231,0.339423076923077,0.0677316032836498,0.527777777777778,4.2,0.587901701323251,6.27287700654617,1,1,2.88888888888889,0.2,0,"Other",0,0,109.94699361853,93.3422939928745,0.85567727970437,0.79156520088435,"E8","E8 - L",0.806451612903226,0.867333422388198,0.060881809484972,1
"45",2008,2181,"Drake","Final - W",0.449691514471468,0.372903832578344,0.745167332667333,37.4969696969697,12.0844696969697,22.4356060606061,14.6973484848485,8.24583333333333,2.75454545454545,12.3723484848485,14.8939393939394,73.4761363636364,59.1916666666667,0.418232101628534,0.339834126097633,0.537837851379478,14.2844696969697,64.277303030303,1.14371292007151,0.925253726209576,6.5,0.619047619047619,0.7,6.14583333333333,1.34344086021505,1.19752688172043,1.2,0.6925550300033,0.249242424242424,0.343560606060606,0.0814096932817672,0.535714285714286,4.6,0.596421750460858,0,0,0,3,0,0,"Other",0,0,116.127745445625,93.8231847401615,0.91946210698295,2.60179055608317,"R64","R64 - L",0.870967741935484,0.833289831668944,-0.0376779102665402,0
"46",2008,2239,"Fullerton","Final - W",0.476309214320696,0.389440278554042,0.693327229992079,38.8636363636364,12.030303030303,23.630303030303,15.8181818181818,9.32424242424242,1.53030303030303,13.9212121212121,19.369696969697,82.7969696969697,73.5787878787879,0.478238936607525,0.398862307990038,0.549821329152535,9.21818181818182,74.0050151515152,1.11911560495023,0.994149075444202,8,0.423809523809524,0.85,6.58181818181818,1.2914598245209,1.13800796582775,4.6,0.509905737125381,0.172727272727273,0.266666666666667,0.271082971068002,0.634920634920635,0.2,0.576450900712494,4.78749174278205,0,0,2.4,0.2,0,"Other",0,0,108.93320083523,102.126431110615,0.677120273037765,-1.5630600414947,"R64","R64 - L",0.741935483870968,0.741671147418346,-0.000264336452621472,0
"47",2008,2244,"George Mason","Final - W",0.462206570615766,0.343666434143364,0.70217736864614,37.425,10.3541666666667,24.4875,13.4791666666667,5.87083333333333,3.33333333333333,11.8458333333333,15.2083333333333,69.7083333333333,61.1833333333333,0.414871135694509,0.336901598246136,0.522480469115529,8.525,63.9029375,1.09138341967212,0.957266003741215,7,0.4375,0.5,1.4,1.04726475064912,1.15225475273823,2.6,0.427972697356128,0.2125,0.154166666666667,0.058784965034965,0.645833333333333,2.8,0.571197411003236,6.4281052726846,2.83333333333333,2.83333333333333,2.625,0,0,"Other",0,0,109.147454769175,98.573711360107,0.763391471803915,-1.73418142404872,"R64","R64 - L",0.6875,0.719253235378982,0.0317532353789816,0
"48",2008,2250,"Gonzaga","Final - L",0.478651738450595,0.370927608007864,0.710689452114276,42.08,11.8671428571429,26.6857142857143,14.6142857142857,7.55142857142857,4.61428571428571,13.6242857142857,17.49,76.8614285714286,62.3028571428571,0.386939567940115,0.316340602175032,0.53731946070191,14.5585714285714,68.6370785714286,1.11929672168427,0.908164626630483,8.5,0.527777777777778,0.775,2.15571428571429,1.10639269754777,1.08849737121791,4.2,0.665915088207304,0.294285714285714,0.43,0.0948340874811463,0.645833333333333,7,0.78800475080173,5.57594910314632,1.62863534512878,1.75,2.2,0.2,0,"Other",0,0,112.06644561796,92.655590188438,0.89902437340158,1.09278310538445,"R64","R64 - L",0.774193548387097,0.83924721174068,0.0650536633535835,0
"49",2008,2305,"Kansas","Final - W",0.511443678887601,0.39987423871507,0.688960043553588,41.7937062937063,12.5494172494172,26.3030303030303,19.4090909090909,9.7004662004662,6.5013986013986,12.8519813519814,16.9407925407925,83.0944055944056,60.6044289044289,0.37989213588261,0.337807055214571,0.571706082316952,22.4899766899767,69.6997983682984,1.19127195239226,0.87201955405693,7.5,0.478571428571429,0.875,5.84662004662005,1.32415851272016,1.52229602589192,3.1,0.684673003916416,0.151748251748252,0.582517482517482,0.139213783062364,0.598214285714286,13.8,0.699551569506726,6.10255859461357,2.11111111111111,2,2.88888888888889,0,0,"Big12",1,1,119.065465297955,84.5997978725605,0.98068367687327,4.9468346475077,"Final","Final - W",0.909090909090909,0.921153599358266,0.0120626902673568,1
"50",2008,2306,"Kansas St","Quarterfinals - L",0.439476737133332,0.316860441331686,0.690570268867204,46.0910256410256,17.0002136752137,25.5751068376068,16.3991452991453,7.79497863247863,3.70801282051282,15.6971153846154,19.9894230769231,79.5476495726496,68.4959401709402,0.415194278250904,0.365087834243678,0.491628341739806,11.0517094017094,73.7789727564103,1.08022743824078,0.930541617487463,7.5,0.598214285714286,0.325,7.16175213675214,1.10050033040687,1.05943817345686,4.9,0.567078200986833,0.165811965811966,0.342307692307692,0.335066788921087,0.401785714285714,9.2,0.596421750460858,0,0,0,1.81818181818182,0,1,"Big12",1,1,110.26483689275,92.20451648891,0.857914591679835,0.49998411205686,"R32","R32 - L",0.633333333333333,0.749614313086686,0.116280979753352,0
"51",2008,2309,"Kent State","Final - W",0.474979146924435,0.384595296907058,0.699814896471591,36.3416666666667,10.7125,22.3541666666667,14.7375,8.46666666666667,3.825,14.2208333333333,18.725,69.9166666666667,60.5208333333333,0.406557545215521,0.316378635779922,0.538510838325157,9.39583333333333,64.5600416666667,1.08291205831857,0.93706735416795,8,0.436507936507937,0.608333333333333,0.920833333333333,1.17326603201172,1.04940696545619,2.9,0.65436368027509,0.170833333333333,0.116666666666667,0.114920119634691,0.634920634920635,4.8,0.664859843311531,5.08759633523238,0.849140689264049,1,2.55555555555556,0.4,0,"Other",0,0,107.79373973509,94.645180530688,0.814922049797995,1.19390454974995,"R64","R64 - L",0.84375,0.751191253047011,-0.0925587469529888,0
"52",2008,2378,"UMBC","Final - W",0.455882399212861,0.401254824344384,0.737640716664024,38.2569444444444,11.3444444444444,22.7583333333333,15.7763888888889,6.0625,3.59861111111111,9.50416666666667,16.7597222222222,76.6194444444444,70.2194444444444,0.443970113197539,0.362322848311634,0.52321568687627,6.4,66.5596319444444,1.15191490169509,1.05517204851302,7,0.428571428571429,0.933333333333333,3.59166666666667,1.34800080128205,1.68333333333333,4.2,0.690993876758237,0.416666666666667,0.105555555555556,0.150931760510698,0.571428571428571,3.5,0.426961412647167,4.49980967033027,0,0,2.85714285714286,0.2,0,"Other",0,0,111.625396079575,108.207354011905,0.588251312004075,-1.4228798853565,"R64","R64 - L",0.793103448275862,0.696635774612696,-0.0964676736631666,0
"53",2008,2390,"Miami","Quarterfinals - L",0.441108041897823,0.3927378828427,0.738776457656056,42.0598290598291,12.942735042735,25.5162393162393,14.0589743589744,6.1948717948718,4.96324786324786,13.4606837606838,18.2512820512821,75.6299145299145,66.6547008547008,0.401263407851853,0.333504859919954,0.502721613101335,8.97521367521367,69.1580512820513,1.09277284863089,0.963536271761324,8.5,0.422222222222222,0.7,1.21367521367521,1.09674187585887,1.04610127515306,3.9,0.763369681825665,0.227350427350427,0.225641025641026,0.0943929003630496,0.409722222222222,5.3,0.510938294126938,4.56434819146784,0,0,2.66666666666667,0.2,0,"ACC",1,1,110.346157367405,95.0759506822275,0.847094887589525,0.798900897493405,"R32","R32 - L",0.709677419354839,0.705826244553629,-0.00385117480121022,0
"54",2008,2400,"Miss Valley St","Final - W",0.394278357822333,0.32993451392732,0.679037131505371,36.2371212121212,11.0371212121212,21.5109848484848,11.5185606060606,6.1469696969697,2.36931818181818,14.2670454545455,17.9609848484848,60.7147727272727,66.9712121212121,0.45060951385506,0.311304914325049,0.433919257387423,-6.25643939393939,65.7629810606061,0.92325244440445,1.01870752144827,8,0.3375,0.366666666666667,0.346590909090909,1.0766327583665,0.805558012678756,2,0.543678409892999,0.304166666666667,0.372348484848485,0.0981053477415418,0.5625,0,0.511212457747108,5.6937321388027,0,0,2.2,0.2,0,"Other",0,0,87.219993925296,105.17412891937,0.118761018367158,-4.9656137627789,"R64","R64 - L",0.516129032258065,0.393224475976966,-0.122904556281099,0
"55",2008,2439,"UNLV","Final - W",0.426173055431059,0.329743797573585,0.741047227612568,38.2271428571429,10.5882142857143,24.6642857142857,15.3642857142857,8.45785714285714,3.16571428571429,10.7564285714286,17.4571428571429,70.7032142857143,61.145,0.399143078175167,0.295814564179853,0.49504897375597,9.55821428571429,66.6507803571429,1.06078854170117,0.919289707550208,7.5,0.472222222222222,0.458333333333333,3.57928571428571,1.45557919883073,1.4477118222517,1.9,0.484019527759362,0.131428571428571,0.236071428571429,0.105034065102195,0.527777777777778,4.7,0.588597842835131,6.47697236288968,1.95,3,2.3,0,0,"Other",0,0,107.61955431323,93.2963253346915,0.83799325734712,1.14060621762596,"R32","R32 - L",0.78125,0.734813540802224,-0.0464364591977762,0
"56",2008,2483,"Oregon","Quarterfinals - L",0.487858527693327,0.402367383859921,0.687107934438443,38.285,10.5883333333333,24.4433333333333,15.2383333333333,4.75,2.905,12.6633333333333,17.6916666666667,78.7016666666667,72.655,0.439864628987023,0.336594330052105,0.568195460226156,6.04666666666667,68.4290416666667,1.14911885320917,1.06531503052974,7,0.571428571428571,0.825,-1.62666666666667,0.915926326982166,1.22104504976427,4.8,0.606733719763668,0.128333333333333,0.206666666666667,0.302250357413957,0.714285714285714,6.4,0.58592132505176,6.18208490671663,1.8,2,2.55555555555556,0,0,"Other",0,0,117.21704177201,101.240689542245,0.842596068385885,0.37911745249689,"R64","R64 - L",0.580645161290323,0.623823586972128,0.0431784256818051,0
"57",2008,2502,"Portland St","Final - W",0.45710793711725,0.389883722687298,0.670013744037513,37.4617582417582,11.6395604395604,22.5474725274725,15.7349450549451,7.08835164835165,3.07692307692308,14.2953846153846,17.8956043956044,73.1734065934066,67.0479120879121,0.438117413274967,0.336671998578157,0.53808451664089,6.12549450549451,67.1332835164835,1.08847894875857,0.998960092612748,8,0.6,0.591666666666667,2.09274725274725,1.06538473516891,1.11214504919541,3.1,0.648238145635647,0.399340659340659,0.222637362637363,0.428339010234604,0.5,2.1,0.541700056469904,4.11087386417331,0,0,2.25,0.2,0,"Other",0,0,104.729539754775,102.186375928205,0.56308028479476,-1.65490038786518,"R64","R64 - L",0.7,0.704471756145686,0.00447175614568562,0
"58",2008,2509,"Purdue","Quarterfinals - L",0.421062362464328,0.356221538084687,0.699377714996583,36.6509615384615,11.5482692307692,21.8778846153846,13.1105769230769,8.42423076923077,4.35884615384615,13.1728846153846,19.2278846153846,68.0209615384615,59.9617307692308,0.428309527448661,0.346171206737729,0.491597806835595,8.05923076923077,66.2173596153846,1.02721544822745,0.904959524124973,8.5,0.404166666666667,0.793333333333333,6.72423076923077,1.35296164358957,1.00947684499699,4.4,0.600153630693659,0.347307692307692,0.172884615384615,0.276689665843604,0.527777777777778,8.7,0.605707072980284,4.53259949315326,0.756509440641036,1,1.55555555555556,0.2,1,"Big Ten",0,1,107.5842957913,90.716253770613,0.86157489957906,1.89176475254472,"R32","R32 - L",0.741935483870968,0.731712342693401,-0.0102231411775663,0
"59",2008,2561,"Siena","Final - W",0.454368539950135,0.383629127741324,0.694423223834989,36.7011363636364,11.3375,21.957196969697,14.4693181818182,9.50113636363636,3.48106060606061,11.2878787878788,15.3306818181818,77.5371212121212,71.4454545454545,0.452632997312933,0.38100693281101,0.515387334188197,6.09166666666667,70.5740681818182,1.09823360624542,1.01167752225599,7,0.5,0.875,4.60416666666667,1.59083039906103,1.31831719483568,1.3,0.701481797810809,0.215909090909091,0.249242424242424,0.197456118133718,0.571428571428571,3.4,0.537468612315473,5.78689738136671,0.965856901241281,0,2.1,0,0,"Other",0,0,107.4934939662,100.785555180637,0.676821567378895,-1.8324319453055,"R32","R32 - L",0.67741935483871,0.658698704937732,-0.0187206499009772,0
"60",2008,2603,"Saint Joseph's","Final - L",0.470674856375296,0.385222343160917,0.7166681117855,35.4757575757576,10.4106060606061,22.1121212121212,14.5454545454545,7.34242424242424,4.93030303030303,12.930303030303,17.5,73.0424242424242,67.2045454545455,0.432787245586282,0.377687260906622,0.544366767882251,5.83787878787879,65.4896590909091,1.11563520128098,1.02605947629696,6,0.666666666666667,0.825,-0.00303030303030302,1.10986496946762,1.12681173131504,6,0.329948516950645,0.353030303030303,0.112121212121212,0.108191350971081,0.666666666666667,5.1,0.632930133219232,5.94017125272043,1.98287787769276,2,3.14285714285714,0,0,"Other",0,0,112.63584778054,99.1493816142675,0.805758243595015,-0.590531425438094,"R64","R64 - L",0.625,0.647859592000549,0.0228595920005487,0
"61",2008,2608,"Saint Mary's","Semifinals - L",0.466281140796275,0.35821458839,0.6677959987791,41.1052380952381,12.5542857142857,25.9642857142857,15.0895238095238,7.74428571428571,5.42238095238095,13.6659523809524,17.3366666666667,77.12,62.4226190476191,0.401159911460291,0.315141619809311,0.535676142118628,14.697380952381,69.3430059523809,1.11202449054997,0.900165988932681,8,0.475,0.658333333333333,2.68238095238095,1.14684120757291,1.11954850028021,2.5,0.790056320011869,0.10452380952381,0.439761904761905,0,0.5,4.8,0.557111413834879,5.2257466737132,0.872198547220915,1,2.11111111111111,0,0,"Other",0,0,108.345421267355,92.5322836783645,0.858500120632255,0.632328603016665,"R64","R64 - L",0.793103448275862,0.839230000237856,0.0461265519619938,0
"62",2008,2633,"Tennessee","Semifinals - L",0.468032415367157,0.367870358473596,0.659769712150556,39.9380244755245,14.2028846153846,23.7340909090909,19.2649475524476,9.95743006993007,3.41118881118881,12.9194055944056,20.2984265734266,84.765034965035,69.5156468531468,0.426773500097714,0.312209720669023,0.54037426657054,15.2493881118881,73.468944493007,1.1530154191665,0.947396450731955,9.5,0.431818181818182,0.525,7.57491258741259,1.49946533896889,1.49398070539915,1.1,0.797004983415858,0.258916083916084,0.322027972027972,0.163256870542479,0.693181818181818,6.9,0.685740306022383,5.24702407216049,1.751499664533,2,2.63636363636364,0,1,"SEC",1,1,116.51614983522,92.4326093333315,0.93475104020854,4.60467770829825,"S16","S16 - L",0.875,0.814470555246794,-0.0605294447532063,0
"63",2008,2737,"Winthrop","Final - W",0.440349319097941,0.371782032125576,0.600848526547613,38.1966666666667,11.615,23.52,12.7333333333333,8.32833333333333,3.59666666666667,13.2533333333333,17.7516666666667,65.4983333333333,59.1116666666667,0.395686964595077,0.314794645867877,0.499907221787264,6.38666666666667,64.0977333333333,1.02198512144662,0.920148759270165,7.5,0.401785714285714,0.733333333333333,3.82333333333333,1.16153676045317,0.970437405731523,3.2,0.403777942726631,0.226666666666667,0.11,0.0956298178139662,0.401785714285714,1.5,0.440581972228111,4.75359019110636,0.793393694268102,0,2.22222222222222,0,0,"Other",0,0,99.897843456454,91.6817813772245,0.72071403105541,-2.08892095504596,"R64","R64 - L",0.65625,0.729959985372333,0.0737099853723331,0
"64",2008,2752,"Xavier","Semifinals - L",0.481127461750785,0.391942185781195,0.755119445610164,39.2246153846154,11.5338461538462,24.9661538461538,15.7974358974359,5.78717948717949,3.76461538461538,13.0589743589744,16.9882051282051,76.6133333333333,61.8035897435897,0.402647821339355,0.331613845992924,0.55493392763464,14.8097435897436,65.8145564102564,1.16378765578876,0.939460005595821,7,0.571428571428571,0.775,1.33897435897436,1.02995088170201,1.22278682087528,1.8,0.667234353966327,0.19025641025641,0.422564102564103,0.0409090909090909,0.571428571428571,10.3,0.647261907660596,4.56434819146784,0.76180842857044,1,2.66666666666667,0.2,1,"Other",0,0,115.704998326775,92.3896874681395,0.92880507126382,2.35282711484692,"E8","E8 - L",0.8125,0.838843144137052,0.0263431441370517,1
"65",2009,9,"Arizona St","Final - L",0.491100887564759,0.376354330708661,0.740667934897485,33.4083333333333,8.45833333333333,23.0083333333333,16.3166666666667,6.21666666666667,2.16666666666667,11.9083333333333,15.6333333333333,71.3,59.9833333333333,0.407726997422172,0.321222868897288,0.582526030808206,11.3166666666667,61.5922916666667,1.15672356789958,0.976107813639504,7,0.714285714285714,0.6,-0.441666666666667,1.06223201763174,1.38231705959616,3.5,0.755591267528844,0.183333333333333,0.341666666666667,0.114453322119428,0.857142857142857,5.7,0.59453781512605,6.16751649088834,1.33333333333333,0,2.625,0,1,"Other",0,0,117.51559976691,92.758061878506,0.937738433901855,2.3671175085958,"R32","R32 - L",0.727272727272727,0.779195985674545,0.0519232584018176,0
"66",2009,12,"Arizona","Quarterfinals - L",0.47888213349077,0.407466162529454,0.729528467338088,37.44,11.3866666666667,23.2383333333333,14.95,5.86,3.355,12.6766666666667,15.4483333333333,73.22,67.4833333333333,0.428840962290127,0.350030083021803,0.542010880585187,5.73666666666667,64.7878833333333,1.12901452589164,1.04208742104141,6.5,0.442857142857143,0.933333333333333,-1.21833333333333,0.937305922944221,1.18019026865611,2.9,0.526295339965719,0.246666666666667,0.103333333333333,0.160822814399252,0.535714285714286,3.1,0.622982339779319,0,0,0,2.14285714285714,0,0,"Other",0,0,116.40348618433,99.856129097292,0.853624744099845,0.36169197581609,"S16","S16 - L",0.59375,0.612723634888994,0.0189736348889935,0
"67",2009,25,"California","Quarterfinals - L",0.491699246908381,0.459810436607019,0.755460978001962,36.7246153846154,9.99641025641026,23.9358974358974,15.7041025641026,4.93384615384615,2.1774358974359,11.9071794871795,16.5846153846154,75.9779487179487,67.4805128205128,0.435549350647678,0.346999150250715,0.551730166398819,8.4974358974359,66.6060564102564,1.14156719755459,1.01447217194181,7,0.428571428571429,0.933333333333333,0.458461538461539,1.07097713984083,1.3364082548319,2.9,0.496155441882481,0.216923076923077,0.230769230769231,0.0152321335419927,0.428571428571429,2.9,0.690265486725664,6.67456139181443,1.79166666666667,0,2.625,0.2,1,"Other",0,0,115.16287170312,96.6094210449915,0.882921013939575,1.6047004281284,"R64","R64 - L",0.6875,0.690583654493532,0.00308365449353243,0
"68",2009,26,"UCLA","Semifinals - L",0.4967432607096,0.388702044020114,0.708027216134177,36.9159090909091,11.9627272727273,21.8740909090909,15.829696969697,8.67333333333333,3.37878787878788,12.6809090909091,16.9333333333333,76.6304545454545,62.0401515151515,0.440606787010521,0.350475280550144,0.562972565345416,14.590303030303,65.965825,1.16122108811736,0.942560219249269,7,0.679166666666667,0.625,6.35227272727273,1.30631013361689,1.25257932802252,1.4,0.441835699844072,0.259545454545455,0.36469696969697,0.145710059171598,0.645833333333333,7.9,0.666666666666667,6.08449941307517,3.92857142857143,5.125,2.7,0,0,"Other",0,0,118.55876692939,92.5780199286585,0.944547019958995,2.25978556786916,"R32","R32 - L",0.757575757575758,0.82866552899742,0.0710897714216621,0
"69",2009,30,"USC","Final - W",0.474887040787852,0.317836359879483,0.673570589003526,39.8583333333333,11.8166666666667,24.6916666666667,12.7,6.48333333333333,5.01666666666667,14.4166666666667,16.2916666666667,69.0916666666667,62.3416666666667,0.400179654628878,0.323396117288868,0.509822008652736,6.75,65.67325,1.05303672307244,0.952560662921511,7,0.357142857142857,0.683333333333333,-0.2,0.928685090731295,0.897647542532031,4.5,0.562070013095243,0.366666666666667,0.141666666666667,0.192971932638332,0.357142857142857,5,0.644820295983087,6.16120732169508,1.57142857142857,2,2.2,0,0,"Other",0,0,106.74004850616,89.057470726081,0.88927258898474,1.22833248941015,"R32","R32 - L",0.636363636363636,0.65401663934556,0.0176530029819234,0
"70",2009,41,"UConn","Quarterfinals - L",0.479072810538449,0.354528606844254,0.686392917227312,44.6527777777778,13.6638888888889,28.4222222222222,15.6,5.95277777777778,8.025,12.4222222222222,12.7944444444444,78.3527777777778,63.3,0.376470276002986,0.321156236185138,0.522567509470898,15.0527777777778,68.5998194444444,1.1424283952255,0.922677564741416,7.5,0.401785714285714,0.6,0.786111111111111,1.01428533417931,1.27868272664941,1.7,0.751263626904059,0.0833333333333333,0.338888888888889,0.134551555952286,0.535714285714286,9.3,0.696588868940754,7.01660968389422,2.95,3.6,3,0.2,1,"Big East",0,1,115.222546248275,88.414527251895,0.95291986649965,4.3857200680856,"F4","F4 - L",0.9,0.848345122405295,-0.0516548775947052,1
"71",2009,44,"American","Final - W",0.461868909375639,0.368217066581916,0.660759032266821,35.2702380952381,9.53214285714286,23.0535714285714,12.8238095238095,5.46071428571429,2.35119047619048,13.5011904761905,18.2,63.6928571428571,59.4166666666667,0.401494648080014,0.337895409713284,0.536182834160597,4.27619047619048,61.3474702380952,1.03868139441852,0.968091913347533,6,0.366666666666667,0.75,-0.977380952380952,0.964220901218136,0.971584163474674,1.8,0.757269389253204,0.232142857142857,0.257142857142857,0,0.666666666666667,0.8,0.55327868852459,6.19236248947487,1.66666666666667,1,2.875,0.2,0,"Other",0,0,102.190419024261,99.5740461464915,0.56827052329821,-1.07167266077981,"R64","R64 - L",0.774193548387097,0.699538354018074,-0.074655194369023,0
"72",2009,52,"Florida St","Final - L",0.43181768306461,0.33844827246041,0.721970484606943,39.0915584415584,11.517316017316,24.5119047619048,12.1612554112554,8.39134199134199,5.93787878787879,15.6850649350649,18.6270562770563,68.3484848484848,63.8833333333333,0.380852842545095,0.324674967476672,0.491659531101801,4.46515151515151,67.8249588744589,1.00772417528154,0.942015285962467,8.5,0.329166666666667,0.433333333333333,-2.27121212121212,1.01673255953262,0.779961873753497,6.4,0.803883168217432,0.423376623376623,0.0872294372294372,0.133055865776693,0.409722222222222,6.2,0.508305647840532,6.40191719672719,1.66666666666667,0,2.22222222222222,0,1,"ACC",1,1,103.006461500212,89.666410199636,0.814964863065445,2.5234325598579,"R64","R64 - L",0.735294117647059,0.614388554091447,-0.120905563555612,0
"73",2009,97,"Louisville","Final - W",0.447795453771929,0.359467444487532,0.644270006235089,41.3363636363636,12.9636363636364,26.0727272727273,16.9909090909091,9.17272727272727,6.2,13.6363636363636,17.2181818181818,74.9727272727273,61.1454545454545,0.38870177342836,0.300546536796537,0.515163457282244,13.8272727272727,69.9743636363636,1.07094168590679,0.874764930178679,7.5,0.732142857142857,0.65,4.63636363636364,1.211873380045,1.24846923153607,3.5,0.574087007132071,0.136363636363636,0.345454545454545,0,0.669642857142857,7.7,0.728412256267409,6.57786135772105,3.96153846153846,2.5,2.625,0,1,"Big East",0,1,108.658736815085,84.2077856258355,0.948367506764795,4.03256889978642,"E8","E8 - L",0.848484848484849,0.827694539819791,-0.0207903086650573,1
"74",2009,98,"Western KY","Final - W",0.442630959255,0.370772409408773,0.703558763931104,38.9645454545455,12.6290909090909,24.1727272727273,12.9636363636364,5.60090909090909,3.32818181818182,13.4581818181818,17.3054545454545,71.0954545454545,66.4663636363636,0.42838513809073,0.337648378191856,0.513517053560124,4.62909090909091,66.0020590909091,1.07723009617058,1.00750257511505,6.5,0.585714285714286,0.658333333333333,1.27,1.00129982864358,0.968258477633478,1.8,0.780343939595701,0.253636363636364,0.262727272727273,0.0785381026438569,0.464285714285714,4.2,0.622982339779319,0,0,0,2.33333333333333,0,0,"Other",0,0,107.650937376275,102.76785279606,0.62810907903241,-0.98389896294154,"R32","R32 - L",0.75,0.663170258431842,-0.0868297415681584,0
"75",2009,99,"LSU","Semifinals - L",0.451242055816524,0.377625112827199,0.720309419496166,42.3980303030303,13.7231818181818,25.9957575757576,15.5065151515152,7.79772727272727,6.17742424242424,12.1387878787879,17.0483333333333,75.2512121212121,64.0074242424242,0.396011288270446,0.318790899023457,0.503981517680898,11.2437878787879,67.6643522727273,1.11292876675018,0.944744151367193,7,0.55,0.65,3.69893939393939,1.10363016917293,1.28142967713401,1.7,0.812020129948878,0.143333333333333,0.302878787878788,0.215655247554937,0.645833333333333,8.9,0.569170346168164,5.64190707093811,1.88331484784013,0,2.7,0,1,"SEC",1,1,109.99274216044,95.428348494367,0.833888932360945,1.24459591770747,"R32","R32 - L",0.787878787878788,0.760664411467241,-0.0272143764115464,0
"76",2009,103,"Boston College","Quarterfinals - L",0.447200190544988,0.337541077853195,0.727692164648662,41.0828571428571,14.5328571428571,23.1742857142857,15.1666666666667,6.10952380952381,4.45904761904762,13.4104761904762,17.757619047619,75.2176190476191,69.8904761904762,0.419696665312766,0.320842911877395,0.501022146831255,5.32714285714286,68.0074761904762,1.10568324940209,1.0285934512411,8,0.5,0.633333333333333,0.319523809523809,0.944184588755532,1.14220057821026,5.7,0.718003374868833,0.302857142857143,0.14047619047619,0.131840240449404,0.4375,5.4,0.569558101472995,6.41673228251233,1.25,1.33333333333333,2.22222222222222,0,0,"ACC",1,1,111.7103737788,98.640431434664,0.80714368986353,0.288092798429345,"R64","R64 - L",0.666666666666667,0.629651669810021,-0.0370149968566459,0
"77",2009,120,"Maryland","Semifinals - L",0.424203605032591,0.331123666621151,0.77501418681194,41.3095454545455,13.1336363636364,24.1186363636364,14.7412121212121,7.84787878787879,4.46924242424242,12.3498484848485,16.4051515151515,72.3672727272727,66.6909090909091,0.410903073553187,0.327484773291225,0.473277368359479,5.67636363636364,69.5763856060606,1.03989141244523,0.95873259235465,8,0.325396825396825,0.483333333333333,3.31060606060606,1.29551560601813,1.19526329315017,5.2,0.654060982979771,0.252575757575758,0.36969696969697,0.0368582711715665,0.563492063492063,10.1,0.637803590285111,6.85435450225502,3,3.16666666666667,2.44444444444444,0,1,"ACC",1,1,107.040177521955,92.614893793348,0.83502944276253,0.066533064446375,"R32","R32 - L",0.606060606060606,0.59118528750882,-0.0148753185517859,0
"78",2009,127,"Michigan St","Semifinals - L",0.458137444260908,0.357869061522559,0.682773873181084,42.62,14.0666666666667,25.2566666666667,16.42,6.545,3.07833333333333,14.1366666666667,19.0416666666667,73.215,63.4033333333333,0.41135240117967,0.322815922408567,0.50526856808547,9.81166666666667,67.2122083333333,1.08781026645605,0.94274301612138,7.5,0.401785714285714,0.733333333333333,4.90333333333333,0.999411565525762,1.16027421034363,1.7,0.670878297193922,0.111666666666667,0.185,0.0905026248930957,0.535714285714286,6.7,0.701149425287356,6.07764224334903,4,4,2.4,0.2,1,"Big Ten",0,1,111.874992616375,90.3307931406545,0.918889813846605,3.6882435783363,"Final","Final - L",0.8125,0.75950578685294,-0.0529942131470595,1
"79",2009,130,"Michigan","Quarterfinals - L",0.43495595475433,0.340595314214328,0.750844849117965,34.5974358974359,9.83141025641026,22.0935897435897,16.0442307692308,6.54839743589744,2.75705128205128,11.1653846153846,14.6907051282051,69.0211538461539,62.5967948717949,0.431970209395657,0.306752980012513,0.515102376982784,6.42435897435897,63.8610288461538,1.08007469694903,0.98087999005314,8.5,0.707142857142857,0.405714285714286,1.99262820512821,1.23560556642748,1.44403946510111,0.9,0.653611551228287,0.165384615384615,0.246474358974359,0.100004108988641,0.728571428571429,3.8,0.606,6.21660610108486,2,0,2.45454545454545,0.2,0,"Big Ten",0,1,110.84957621218,96.4947217544135,0.830941255169275,0.431754232815025,"R32","R32 - L",0.606060606060606,0.631941493261182,0.0258808872005756,0
"80",2009,135,"Minnesota","Quarterfinals - L",0.450738002839419,0.336716417910448,0.718730475240944,38.8668706293706,12.2048951048951,22.6786713286713,15.0013986013986,8.61993006993007,6.39283216783217,14.4066433566434,17.3880244755245,68.0273601398601,60.3926573426573,0.392328911555171,0.333548023791926,0.508123754003124,7.6347027972028,64.5065979020979,1.05408369754884,0.935727978195618,9,0.3,0.383333333333333,1.77010489510489,1.06474660655057,1.04690054735619,2.6,0.714070081103788,0.186188811188811,0.246066433566434,0.22877769203148,0.5,5.6,0.719081272084806,6.34035930372775,2.89285714285714,0,2,0.2,1,"Big Ten",0,1,106.77329225794,91.7582989581095,0.850636967936105,0.9300987200188,"R64","R64 - L",0.6875,0.672777499446031,-0.0147225005539691,0
"81",2009,142,"Missouri","Final - W",0.474123335120403,0.358591520587036,0.669145657467148,40.1115384615385,13.4666666666667,24.2371794871795,18.8782051282051,10.9397435897436,4.07179487179487,12.375641025641,19.8538461538462,82.7538461538462,65.1461538461539,0.406268129139559,0.298087318087318,0.531236347799429,17.6076923076923,72.6413974358974,1.1385299828475,0.898423949834306,9,0.3875,0.65,7.86410256410256,1.57946243714877,1.52518115942029,3.2,0.520236162995619,0.121794871794872,0.507692307692308,0.0340353260869565,0.6125,7.2,0.638479027462196,5.26269018890489,1.46394095231277,0,2.4,0,0,"Big12",1,1,115.173154204745,90.779839123597,0.939183118037745,3.05902650751438,"E8","E8 - L",0.823529411764706,0.847174805715503,0.023645393950797,1
"82",2009,150,"Duke","Final - W",0.458068022826806,0.342601367359372,0.726874117135084,40.6840909090909,13.5545454545455,24.2340909090909,14.1045454545455,8.96893939393939,4.25833333333333,12.7659090909091,18.0757575757576,80,64.7045454545455,0.422812287795662,0.336895979418257,0.518450132492557,15.2954545454545,70.3100075757576,1.13638506753761,0.923155340271576,8.5,0.540277777777778,0.606666666666667,6.45227272727273,1.36211458517231,1.1309490099062,2,0.77889600464443,0.132575757575758,0.391666666666667,0.181571121918867,0.590277777777778,8.6,0.750467289719626,6.97634807044775,4.5,4.5,2.88888888888889,0.2,1,"ACC",1,1,116.49291846908,89.276480049062,0.95275321397551,3.9448083258979,"S16","S16 - L",0.823529411764706,0.816059355933973,-0.00747005583073235,0
"83",2009,153,"North Carolina","Semifinals - L",0.489636445332896,0.382664651981531,0.752642637788912,45.5302564102564,14.78,27.4148717948718,19.2410256410256,8.98820512820513,5.43333333333333,12.8328205128205,15.8558974358974,91.3897435897436,71.885641025641,0.411923308162034,0.345920307286413,0.541814882483499,19.5041025641026,76.1474641025641,1.19956485203183,0.945407069854607,8,0.436507936507937,0.808333333333333,6.02615384615385,1.29816653934301,1.4978354978355,1.7,0.60635762618476,0.12,0.389230769230769,0.0804884004884005,0.619047619047619,11.4,0.806916426512968,6.54391184556479,3.63157894736842,4.6,2.77777777777778,0,1,"ACC",1,1,121.617149428395,92.357224355857,0.958161988255115,3.8540056072144,"Final","Final - W",0.875,0.863435154387687,-0.0115648456123134,1
"84",2009,154,"Wake Forest","Quarterfinals - L",0.498038655440118,0.327267016426516,0.715802507836991,43.9641666666667,12.3983333333333,28.8325,13.6675,8.735,5.35,15.9833333333333,18.6658333333333,82.69,69.0008333333333,0.389810948461801,0.295812130891803,0.535247547725323,13.6891666666667,75.4356791666667,1.09559317405388,0.915695783441181,7.5,0.227777777777778,0.8,0.613333333333333,1.03508064516129,0.85202688172043,3.1,0.77889600464443,0.156666666666667,0.369166666666667,0.0360938883968113,0.472222222222222,8.8,0.406297588419158,5.40717177146012,0,0,2.44444444444444,0.2,0,"ACC",1,1,109.224380594855,88.6184801203225,0.9161868602883,2.5820254617526,"R64","R64 - L",0.8,0.778555356443609,-0.0214446435563911,0
"85",2009,172,"Cornell","Did Not Play in Conference Tournament",0.476967040699553,0.414351251660333,0.736702039462776,38.9076923076923,10.1397435897436,25.0365384615385,15.8205128205128,6.80320512820513,4.09038461538462,12.925,18.0448717948718,74.1980769230769,64.9282051282051,0.416884340365514,0.310340494082105,0.546004302226212,9.26987179487179,66.7707948717949,1.11068027886885,0.97257642416376,7.5,0.535714285714286,0.825,0.207051282051282,1.08244453671412,1.23016577730763,3.7,0.581682846975772,0.13525641025641,0.318589743589744,0.0982206600131128,0.401785714285714,3.8,0.456778431275362,5.39362754635236,0.900218553234336,1,2.77777777777778,0.2,0,"Other",0,0,106.426257093,101.135637718024,0.64223735347338,-2.33654550625675,"R64","R64 - L",0.7,0.771374947586558,0.0713749475865578,0
"86",2009,183,"Syracuse","Final - L",0.493756230270886,0.341533471148349,0.653151898229769,43.9995879120879,12.6118131868132,27.5103021978022,18.5223901098901,8.07554945054945,5.49821428571429,15.2796703296703,14.818956043956,81.5376373626374,70.5324175824176,0.402655305245641,0.290026545843699,0.550886064317943,11.0052197802198,73.4439601648352,1.11053887200612,0.96045508260247,7.5,0.401785714285714,0.733333333333333,-3.13489010989011,0.955005915409642,1.22152962634329,2.4,0.657000035844367,0.212912087912088,0.30467032967033,0.195326962273144,0.401785714285714,11.2,0.734985700667302,6.95654544315157,2.66,2.66,2.5,0.2,0,"Big East",0,1,114.829696077975,93.1908143944415,0.91589770992106,2.95521945912835,"S16","S16 - L",0.742857142857143,0.728686846782663,-0.0141702960744797,0
"87",2009,194,"Ohio State","Final - L",0.479699601475676,0.371624019976198,0.695281473765584,34.3,8.48030303030303,23.1939393939394,13.1924242424242,6.3030303030303,5.55909090909091,12.6909090909091,14.7348484848485,67.4257575757576,60.0681818181818,0.40493512114079,0.342329980948333,0.552257385388886,7.35757575757576,62.5111818181818,1.07878368692592,0.961790463126769,7.5,0.464285714285714,0.558333333333333,-1.59242424242424,1.10771538393772,1.04472047961497,1.5,0.723778780989385,0.377272727272727,0.265151515151515,0.0875363724539282,0.732142857142857,5.1,0.749700680087566,5.61312810638807,2.10792171764904,3.75,1.77777777777778,0.2,1,"Big Ten",0,1,109.68770146565,93.534355913542,0.86166800802538,1.60934426268,"R64","R64 - L",0.6875,0.663508574973867,-0.0239914250261333,0
"88",2009,197,"Oklahoma St","Semifinals - L",0.460346181735619,0.391702736855575,0.736513151629431,38.4972727272727,10.3122727272727,25.5656060606061,13.0607575757576,7.83439393939394,2.6019696969697,12.5237878787879,21.1880303030303,82.1442424242424,73.6448484848485,0.438738971998466,0.342908590360717,0.543124983253129,8.49939393939394,72.6145893939394,1.13121943803011,1.0145388492175,7.5,0.598214285714286,0.775,1.85590909090909,1.26084449256368,1.03803578551484,8.3,0.700390748932033,0.156212121212121,0.263030303030303,0.110935003056244,0.669642857142857,8.2,0.525933130437135,5.47646355193151,0.914044222221918,0,2.375,0.2,0,"Big12",1,1,114.713810753055,96.307872756772,0.88189839056708,1.36769541348216,"R32","R32 - L",0.666666666666667,0.682556635791687,0.0158899691250207,0
"89",2009,201,"Oklahoma","Quarterfinals - L",0.48704211663784,0.355708101422387,0.679474043715847,41.9990598290598,12.1382905982906,27.0852136752137,14.4306837606838,7.30777777777778,4.50854700854701,13.5164102564103,17.5084615384615,79.6578632478632,67.597264957265,0.395885605122954,0.341001290539782,0.552737578760782,12.0605982905983,69.4843085470086,1.14587075555826,0.972990177797041,6.5,0.59047619047619,0.483333333333333,-1.04247863247863,0.967101290648876,1.07664371450523,4,0.776671980108249,0.258290598290598,0.243846153846154,0.138686363249695,0.619047619047619,16.8,0.632958534928028,5.23110861685459,0.873093477517044,1,2.44444444444444,0,1,"Big12",1,1,117.561446229565,94.0662134369265,0.92839673752329,3.705292937892,"E8","E8 - L",0.84375,0.791438541170358,-0.0523114588296422,1
"90",2009,218,"Temple","Final - W",0.446143821912971,0.364407111810609,0.704957246061678,39.5057575757576,10.8139393939394,25.6884848484848,15.6051515151515,5.76181818181818,4.05242424242424,13.280303030303,17.4824242424242,68.740303030303,64.1418181818182,0.408518017499424,0.346873732967589,0.512821902475004,4.59848484848485,65.7440621212121,1.04677249938961,0.974708561674736,7,0.428571428571429,0.85,-1.00515151515152,0.924373409306743,1.1928049382716,2.8,0.56677963583471,0.24969696969697,0.123333333333333,0.138818745033166,0.642857142857143,3.1,0.638733705772812,6.28785856016178,1,1,2.5,0,1,"Other",0,0,106.542664368345,94.4931178320985,0.78758254246113,-0.1778593190509,"R64","R64 - L",0.666666666666667,0.67370075580462,0.00703408913795356,0
"91",2009,221,"Pitt","Quarterfinals - L",0.487444096793557,0.363206690829199,0.672223189283479,42.7538461538462,14.9854700854701,24.9290598290598,18.0794871794872,7.3034188034188,4.03760683760684,11.8179487179487,16.0247863247863,78.7059829059829,63.2153846153846,0.407670208441537,0.340243316941837,0.543083552905697,15.4905982905983,66.4908632478632,1.1848294038429,0.950855912073704,7.5,0.401785714285714,0.633333333333333,6.14786324786325,1.16388492770846,1.57489156268568,1.9,0.615470562938317,0,0.31965811965812,0.13800803930326,0.464285714285714,10.5,0.74723276767422,5.15329159449778,1.54818989533592,1.8,2.625,0,1,"Big East",0,1,119.850714445665,90.35537687524,0.96235471200192,4.30777755381995,"E8","E8 - L",0.870967741935484,0.846123618928669,-0.0248441230068152,1
"92",2009,222,"Villanova","Semifinals - L",0.459291683247115,0.372547274367702,0.740386198381122,40.7044871794872,11.8836538461538,25.0012820512821,15.0852564102564,8.08461538461538,3.25865384615385,12.9137820512821,18.3637820512821,75.7977564102564,63.9451923076923,0.400684005233603,0.330887668236077,0.515415351460983,11.8525641025641,68.0266586538462,1.11491978435256,0.936863598681643,8,0.5,0.5,4.19839743589744,1.24263377060433,1.18159226445092,5.2,0.654522971062606,0.196794871794872,0.208012820512821,0.0904925333605799,0.625,8.2,0.616438356164384,6.08449941307517,2,2.5,3,0.2,1,"Big East",0,1,111.02652394525,90.264902535423,0.91424522907374,3.01642723986545,"F4","F4 - L",0.787878787878788,0.758679271709016,-0.0291995161697715,1
"93",2009,228,"Clemson","Early Round - L",0.472732068956724,0.375217842945099,0.684259417015445,39.8296153846154,14.1530769230769,23.0123076923077,15.0680769230769,9.485,6.02,14.3396153846154,17.635,79.37,67.0838461538462,0.424602541537007,0.356252631855985,0.53775402418093,12.2861538461538,70.4943903846154,1.12532875713534,0.950311056734511,8.5,0.379166666666667,0.483333333333333,3.56038461538462,1.22199861736033,1.05481228908886,1.6,0.611378746952614,0.288846153846154,0.315769230769231,0,0.527777777777778,12.1,0.574712643678161,6.41345895716736,1,1,2.44444444444444,0,0,"ACC",1,1,116.295877441175,94.6496883509705,0.911156667777875,1.38239116757235,"R64","R64 - L",0.741935483870968,0.778588955906839,0.0366534720358717,0
"94",2009,235,"Memphis","Final - W",0.438261724259236,0.311744845118162,0.694414848178924,43.7454545454545,14.2295454545455,26.0431818181818,14.0977272727273,9.22121212121212,6.44924242424242,12.7689393939394,17.7787878787879,75.0666666666667,57.5893939393939,0.360975844576853,0.290728793309438,0.486060932749812,17.4772727272727,69.5347045454545,1.08148203359509,0.829022159822103,8,0.450793650793651,0.375,6.66742424242424,1.29531844784052,1.11846062722481,3.2,0.507767119838037,0.078030303030303,0.462878787878788,0.0641135972461274,0.69047619047619,8.5,0.751824817518248,6.30809844150953,2.9,2.9,2.55555555555556,0,0,"Other",0,0,108.1984936784,81.64633408928,0.95966020445923,3.52742290552877,"S16","S16 - L",0.911764705882353,0.906304147770971,-0.00546055811138235,0
"95",2009,236,"Chattanooga","Final - W",0.441177057472331,0.356415156053642,0.654390232914358,43.2839743589744,12.6382478632479,26.9348290598291,13.8775641025641,6.04188034188034,2.11730769230769,16.3679487179487,18.759188034188,76.5797008547009,77.2786324786325,0.439386331296399,0.359875934616019,0.516409614992857,-0.698931623931624,73.2733482905983,1.04764417621584,1.05403950628124,6.5,0.619047619047619,0.4,-1.31965811965812,0.909287965834266,0.863744545330873,4.8,0.52182269680111,0.242307692307692,0.277564102564103,0.0206489675516224,0.535714285714286,7.2,0.577589122581708,4.85203026391962,0.809823746059157,1,2.71428571428571,0,0,"Other",0,0,101.721371047416,105.314384933935,0.40146423798273,-4.6417808965227,"R64","R64 - L",0.529411764705882,0.521511728515603,-0.00790003619027979,0
"96",2009,245,"Texas A&M","Early Round - L",0.447641911789085,0.364079883343771,0.70071007942053,40.2673504273504,12.6221367521368,24.6233333333333,12.4993162393162,5.09350427350427,3.98452991452991,12.651452991453,16.9383760683761,72.0708547008547,65.4919658119658,0.426820656340345,0.359966979029442,0.503008830119881,6.57888888888889,65.4697897435897,1.10160207753505,1.0004275433559,8,0.375,0.733333333333333,2.35042735042735,1.03271446615456,1.01334162499356,2.3,0.654770076470309,0.165128205128205,0.0606837606837607,0.100437913415349,0.5625,4.2,0.579863356561995,5.73334127689775,1.91383633561353,1,2.44444444444444,0,1,"Big12",1,1,109.93085373848,95.984084730238,0.82312889780505,0.952833342055275,"R32","R32 - L",0.71875,0.661494847992429,-0.0572551520075711,0
"97",2009,251,"Texas","Semifinals - L",0.44688870749368,0.329710306918076,0.662298127594808,42.2833333333333,14.0833333333333,25.05,13.3166666666667,6.55833333333333,5.65,12.375,18.9166666666667,73.4166666666667,64.4333333333333,0.402807409348695,0.336772789259244,0.49044250158258,8.98333333333333,68.3924583333333,1.07285329174581,0.942684040288017,8,0.275,0.8,4.025,1.16315921559179,1.09480457554722,2.5,0.489403273399537,0.3,0.208333333333333,0.173383511895621,0.625,5.2,0.664201183431953,6.51767127291227,1.96875,2.35,2.55555555555556,0.4,1,"Big12",1,1,109.36392361695,89.8345279459695,0.903979723318905,1.32370688264989,"R32","R32 - L",0.666666666666667,0.702533292562241,0.0358666258955742,0
"98",2009,252,"BYU","Semifinals - L",0.493741445007249,0.378733798407329,0.72589566073463,40.0066666666667,9.15666666666667,27.52,16.7533333333333,7.24333333333333,3.55666666666667,11.5833333333333,18.1416666666667,78.155,63.945,0.40019358331666,0.299691007111242,0.559685832484937,14.21,68.5520916666667,1.140106968425,0.933370258127657,6.5,0.619047619047619,0.75,2.335,1.22589262852753,1.4446856082082,3.3,0.56260354006014,0.153333333333333,0.38,0,0.69047619047619,2.5,0.708658871897261,4.59511985013459,0.76694434457642,1,1.9,0,0,"Other",0,0,114.2712546945,92.087109426187,0.91926075269813,1.16490226614613,"R64","R64 - L",0.78125,0.823902405414821,0.0426524054148212,0
"99",2009,254,"Utah","Final - W",0.478650151623493,0.377156266016843,0.780516176764126,37.2461538461538,8.00076923076923,27.0138461538462,13.73,5.14384615384615,4.97461538461538,13.5546153846154,18.3484615384615,71.8353846153846,64.1738461538462,0.400820093957174,0.363886535676222,0.551793674115758,7.66153846153846,65.6277230769231,1.0939426901184,0.978024516690206,7,0.5,0.825,-4.17307692307692,0.794819428580921,1.01944756075315,2.9,0.545162039849496,0.262307692307692,0.118461538461538,0.0802684968669819,0.571428571428571,4.1,0.577352268647645,3.52636052461616,0,0,3.14285714285714,0.4,1,"Other",0,0,109.328007086065,91.8536463739255,0.87975457604902,1.37904623844208,"R64","R64 - L",0.727272727272727,0.715526922953574,-0.0117458043191531,0
"100",2009,264,"Washington","Semifinals - L",0.459892948591494,0.334830827067669,0.683439340960055,44.9256060606061,15.2836363636364,26.2021212121212,13.4306060606061,7.63954545454545,3.06666666666667,15.0678787878788,19.5072727272727,78.9545454545455,68.6504545454546,0.418033588061772,0.333819431934186,0.496665332114616,10.3040909090909,73.0837128787879,1.08020056542005,0.939411288932816,8.5,0.291666666666667,0.416666666666667,3.74454545454545,1.00712142195457,0.890527450168657,3.8,0.611247976406547,0.233333333333333,0.233030303030303,0.106101390758188,0.354166666666667,4,0.57051172825354,5.92157841964382,1.97667143753762,2.33333333333333,2.22222222222222,0.2,0,"Other",0,0,110.059906692875,89.8362494347655,0.906564306888575,2.47118781945289,"R32","R32 - L",0.757575757575758,0.746896336960833,-0.0106794206149241,0
"101",2009,269,"Marquette","Quarterfinals - L",0.456512804738835,0.353448181477473,0.723109341297495,38.6428904428904,12.6118881118881,23.6564102564103,15.7874125874126,8.3983682983683,2.96666666666667,12.1759906759907,18.1382284382284,79.7550116550117,68.9526806526807,0.442598067329305,0.347205254515599,0.519377866268824,10.802331002331,70.0515827505828,1.13820303510939,0.985187452522572,8,0.592063492063492,0.47,5.91212121212121,1.31081020969281,1.30552622468409,5.4,0.70578427364038,0.14965034965035,0.238694638694639,0.173931766072956,0.69047619047619,7.2,0.523854454729453,3.46573590279973,0,0,3.11111111111111,0.2,0,"Big East",0,1,114.819297704195,94.614858573292,0.89509342717751,1.72131847897304,"R32","R32 - L",0.727272727272727,0.748562076069452,0.0212893487967245,0
"102",2009,275,"Wisconsin","Early Round - L",0.447013638699316,0.376023702535988,0.7226243567753,33.9487179487179,9.82991452991453,21.5136752136752,12.3059829059829,4.9974358974359,2.81965811965812,10.2982905982906,15.6179487179487,65.2717948717949,58.9957264957265,0.439825797697728,0.324368064554462,0.513386061673364,6.27606837606838,59.6997606837607,1.09246881291753,0.989192445038161,7,0.385714285714286,0.7,3.55128205128205,1.13778583722646,1.20978403409557,2.1,0.512555955535414,0.447863247863248,0.182051282051282,0,0.642857142857143,3.5,0.69591043278189,5.67332326717149,1.75853027236481,1.85714285714286,2.625,0.2,0,"Big Ten",0,1,112.376438120695,94.86155196483,0.87364234157367,0.1721050763693,"R32","R32 - L",0.612903225806452,0.679490634462483,0.0665874086560312,0
"103",2009,277,"West Virginia","Semifinals - L",0.432766269937657,0.328263377890016,0.686547942546584,42.6333333333333,15.8089743589744,23.2038461538462,15.2903846153846,7.32820512820513,4.73461538461538,12.0102564102564,18.7711538461538,73.2467948717949,60.0288461538462,0.409930518462467,0.297024987184906,0.489792192594728,13.2179487179487,65.8944102564103,1.11152332691157,0.911740294033379,7.5,0.401785714285714,0.833333333333333,10.1128205128205,1.37322143674403,1.28509010297483,3.7,0.538795938989721,0.222435897435897,0.380769230769231,0.117117117117117,0.330357142857143,7.6,0.734143049932524,6.60934924316738,1.84375,3,2.22222222222222,0,0,"Big East",0,1,112.81500133754,87.441553072968,0.948078584624075,1.96503177193605,"R64","R64 - L",0.676470588235294,0.799748347602791,0.123277759367497,0
"104",2009,325,"Cleveland St","Final - W",0.430658378691053,0.320152340597256,0.692716356470426,38.0875,12.0166666666667,23.0666666666667,14.425,9.0625,3.49166666666667,12.5333333333333,18.15,66.3291666666667,57.7291666666667,0.397280115332156,0.309009343149907,0.477058395107352,8.6,64.9472708333333,1.02183863299728,0.890564494277382,7,0.4875,0.24,4.80416666666667,1.31377658431794,1.15007375581812,2.6,0.6791697777801,0.2375,0.204166666666667,0.0371814960589949,0.5625,7.1,0.545425308955346,5.91889385427315,0.987887653800795,0,2.75,0.2,0,"Other",0,0,101.217663956438,90.198952345344,0.78801014876942,-0.625933308123055,"R32","R32 - L",0.714285714285714,0.728578219568832,0.0142925052831175,0
"105",2009,328,"Utah State","Final - W",0.505391180517469,0.397581163612986,0.743283949533949,37.0282051282051,10.4782051282051,24.3,16.9205128205128,4.86410256410256,2.65384615384615,10.9961538461538,14.8589743589744,73.9461538461538,61.6076923076923,0.420664466692466,0.372858630847178,0.567364517767497,12.3384615384615,61.7153974358974,1.19860596324732,0.998677963111463,7,0.5,0.808333333333333,1.30128205128205,0.965778122887064,1.55635829507452,4.1,0.776209325994583,0.220512820512821,0.220512820512821,0.0425292529252925,0.645833333333333,8.8,0.670103092783505,6.52209279817015,1,1,1.55555555555556,0,0,"Other",0,0,115.38878756402,100.063749908856,0.83406894061459,1.2845273672583,"R64","R64 - L",0.882352941176471,0.798190463671524,-0.084162477504947,0
"106",2009,344,"Mississippi St","Final - W",0.440516050331757,0.361249233681586,0.708011237100757,42.1382051282051,11.2858974358974,27.7233333333333,12.8161538461538,7.12846153846154,7.99307692307692,14.6702564102564,16.7033333333333,75.0712820512821,68.1307692307692,0.389197457204291,0.342061679443562,0.513701291840678,6.94051282051282,71.1850435897436,1.05445122701409,0.957212205099929,6.5,0.5875,0.516666666666667,-4.34384615384615,0.940965258370322,0.883449778070031,3,0.426016850632666,0.272051282051282,0.200512820512821,0.071078431372549,0.65,8.6,0.643224959529341,5.78074351579233,0.964829795843928,1,2.09090909090909,0,1,"SEC",1,1,105.51476648044,95.329116467323,0.743947627709875,-0.77771667252095,"R64","R64 - L",0.657142857142857,0.673127797511814,0.0159849403689566,0
"107",2009,356,"Illinois","Semifinals - L",0.461908470802702,0.360385937257047,0.707262510974539,36.6568253968254,9.55111111111111,23.7922222222222,17.8130158730159,5.85285714285714,3.54555555555556,12.5479365079365,15.074126984127,65.5852380952381,56.2780952380952,0.391083796738902,0.280264414802065,0.51817973842311,9.30714285714286,63.6592373015873,1.02824584453822,0.886592098092666,7.5,0.435714285714286,0.4,-0.641587301587301,1.11805530776093,1.4178501338091,2.4,0.55281168264449,0.203809523809524,0.159365079365079,0.105730164206532,0.669642857142857,6.5,0.693555631894398,5.80814248998044,2.50429055886822,2.875,2.6,0,0,"Big Ten",0,1,106.711320132475,87.4145474142615,0.90733012587853,1.92399417931225,"R64","R64 - L",0.727272727272727,0.757101309872564,0.0298285825998369,0
"108",2009,2006,"Akron","Final - W",0.421624789774553,0.323210390547007,0.71013698144008,37.35,11.88,21.1591666666667,12.4025,7.645,2.3425,13.38,19.8775,66.835,58.1741666666667,0.395835765790936,0.28836933239417,0.485704269385379,8.66083333333333,65.033075,1.02743546731722,0.893585827781898,8.5,0.633333333333333,0.316666666666667,4.94416666666667,1.38325172196319,0.930400877987789,3.5,0.351425391032677,0.266666666666667,0.226666666666667,0.0843030515919669,0.472222222222222,5.6,0.610534366120198,5.22035582507832,0,0,2.1,0.2,0,"Other",0,0,101.7601803905,94.2873951725275,0.70549616708991,-2.58027723476245,"R64","R64 - L",0.657142857142857,0.721430290841054,0.0642874336981966,0
"109",2009,2011,"Alabama St","Final - W",0.471725272536979,0.331779875080371,0.643389521926107,37.05,10.9666666666667,23.4333333333333,14.3333333333333,5.68333333333333,4.6,14,17.5333333333333,69.4666666666667,65.5833333333333,0.414073370489692,0.31782447745775,0.526898348736819,3.88333333333333,66.04175,1.05182322316403,0.993094781861089,9,0.388888888888889,0.55,-3.18333333333333,0.919293193106826,1.02927733600728,4.7,0.376574173202051,0.283333333333333,0.1,0.181806599391675,0.555555555555556,2.3,0.501139828866628,4.52178857704904,0,0,2.22222222222222,0.2,0,"Other",0,0,100.155424178083,103.20465321111,0.414666077967695,-2.49190453485845,"First Four","First Four - L",0.709677419354839,0.692728823630091,-0.0169485957247476,0
"110",2009,2066,"Binghamton","Final - W",0.43496295587556,0.31450120946587,0.676515082887943,38.7,11.8151515151515,23.5606060606061,12.269696969697,7.13333333333333,4.26363636363636,13.4333333333333,20.3212121212121,70.2424242424242,67,0.411984740867789,0.326080736661496,0.488595612026641,3.24242424242424,68.2554090909091,1.02906684944585,0.981676101219808,7,0.429166666666667,0.26,1.23939393939394,1.12689184710561,0.917308724196705,5.3,0.754245135297771,0.242424242424242,0.0787878787878788,0.222843510795832,0.645833333333333,4.9,0.533390551810144,3.43398720448515,0,0,2.11111111111111,0.2,0,"Other",0,0,100.618636341363,102.33842870097,0.45210530179991,-2.15827340267055,"R64","R64 - L",0.741935483870968,0.606693115760044,-0.135242368110923,0
"111",2009,2086,"Butler","Final - L",0.436710375730339,0.355807121743913,0.724720466713428,36.9818181818182,10.369696969697,23.7795454545455,13.1439393939394,6.40530303030303,3.22121212121212,12.3681818181818,17.6363636363636,67.8492424242424,57.2393939393939,0.383557388765964,0.317007175830705,0.515815501156706,10.6098484848485,62.4490416666667,1.08642142244654,0.916736033416176,7,0.583333333333333,0.75,1.66136363636364,1.11631564509738,1.06372409428888,1.4,0.649954150587892,0.353030303030303,0.162878787878788,0.0451213925790197,0.645833333333333,8.6,0.776893417385515,3.55534806148941,0.593402169625713,1,1.77777777777778,0,0,"Other",0,0,108.518563523635,92.825392892584,0.8567039538476,1.26034175966087,"R64","R64 - L",0.838709677419355,0.804447143063452,-0.0342625343559032,0
"112",2009,2168,"Dayton","Semifinals - L",0.423851940904845,0.322622196101479,0.656915774719674,41.7347319347319,13.9011655011655,24.6545454545455,14.1317016317016,6.37785547785548,3.73986013986014,13.5340326340326,18.5547785547786,67.5629370629371,59.6421911421911,0.382706777036623,0.313163038610549,0.474163337471275,7.92074592074592,65.7884522144522,1.02709700082584,0.906477900495344,8.5,0.372222222222222,0.325,5.17272727272727,1.13094845401309,1.0573420265952,2.6,0.884395783404661,0.35990675990676,0.115384615384615,0.113231243532194,0.472222222222222,3.7,0.620673400513396,5.06890420222023,0.846020895620077,1,2.16666666666667,0,0,"Other",0,0,100.618680389849,90.000215477824,0.774269017146895,0.63245158929574,"R32","R32 - L",0.787878787878788,0.690057760599531,-0.0978210272792572,0
"113",2009,2193,"ETSU","Final - W",0.469843423056286,0.332593324152768,0.708398101644162,40.7628787878788,11.1031818181818,26.3766666666667,12.6592424242424,8.75984848484848,3.84090909090909,14.1993939393939,18.2643939393939,78.5471212121212,69.8242424242424,0.404120641967479,0.327650891153613,0.519669878381626,8.72287878787879,73.3783484848485,1.06957094511531,0.952254097632103,8.5,0.409722222222222,0.516666666666667,1.49257575757576,1.19498404012768,0.892292146977509,5.2,0.613436089217314,0.306818181818182,0.21969696969697,0.151555841241604,0.590277777777778,1.7,0.580077255218264,5.83773044716594,0.974341148356415,1,2.1,0,1,"Other",0,0,103.43289562695,99.9307671928505,0.596720213222105,-2.84922661167015,"R64","R64 - L",0.696969696969697,0.730427615285601,0.0334579183159036,0
"114",2009,2250,"Gonzaga","Final - W",0.48220876261611,0.380019460415745,0.709368610001225,41.4866666666667,10.7366666666667,27.3716666666667,15.2116666666667,7.66166666666667,5.3,11.4433333333333,16.1783333333333,78.2466666666667,60.67,0.366564011031045,0.331974376187098,0.54157093994976,17.5766666666667,68.8774416666667,1.13636692302184,0.880147345309346,6.5,0.64047619047619,0.7,3.47333333333333,1.39732080260331,1.32952004623638,2,0.434182257875982,0.165,0.435,0,0.69047619047619,7.6,0.788635105992083,5.6937321388027,1.58384540041244,1.66666666666667,2.75,0.2,1,"Other",0,0,113.9519599933,88.2289533078385,0.94987630628959,2.24438337171457,"S16","S16 - L",0.838709677419355,0.89847593265209,0.0597662552327348,0
"115",2009,2305,"Kansas","Quarterfinals - L",0.477696669313251,0.378244840713284,0.731159501418122,42.1270202020202,12.4505050505051,26.7666666666667,16.5828282828283,7.17727272727273,4.42045454545455,14.3732323232323,19.1118686868687,77.5931818181818,65.0133838383838,0.384946139916084,0.332700543740684,0.538400569440716,12.579797979798,69.3662676767677,1.11878552711343,0.937310908693319,7,0.5,0.808333333333333,0.902272727272727,0.987640760853375,1.16799611019138,2.3,0.458449323787488,0.0911616161616162,0.304545454545455,0,0.571428571428571,8.2,0.718106995884774,6.18826412308259,3.05,3.9,1.625,0.2,0,"Big12",1,1,113.785181096935,90.397211690392,0.933395446725575,2.72483303512211,"S16","S16 - L",0.78125,0.796427217707629,0.0151772177076293,0
"116",2009,2413,"Morehead St","Final - W",0.444219736777464,0.342135058033676,0.71641952334552,42.5,13.75,25.4666666666667,13.5416666666667,7.01666666666667,4.025,15.1916666666667,18.5333333333333,71.2833333333333,67.25,0.412824506651841,0.343058873234859,0.496520874906069,4.03333333333333,67.41325,1.05784701608927,0.99741046328024,6.5,0.452380952380952,0.425,1.21666666666667,0.861671973896293,0.888585435675305,7.5,0.48016440352348,0.316666666666667,0.191666666666667,0.165341397294354,0.535714285714286,4.4,0.504295402057958,4.11087386417331,0,0,1.66666666666667,0,0,"Other",0,0,99.3939642575445,102.826302618195,0.40968473159202,-4.56939627899175,"R64","R64 - L",0.575757575757576,0.608664840311601,0.0329072645540256,0
"117",2009,2415,"Morgan St","Final - W",0.417302539496994,0.334102373017023,0.63643661461568,42.2538461538462,14.8483516483516,23.2483516483516,11.4912087912088,6.80549450549451,3.24065934065934,13.1395604395604,19.3626373626374,65.9813186813187,62.7318681318681,0.407417944510771,0.312144170539924,0.46363841078325,3.24945054945055,65.5474340659341,1.00698778259004,0.95655089178392,5.5,0.426666666666667,0.4,5.1967032967033,1.15399440616079,0.877777600261736,2.8,0.541870980941663,0.387912087912088,0.124175824175824,0,0.55,2.1,0.607641854132786,5.09375020080676,1.41694632443567,0,2,0.2,0,"Other",0,0,97.507475120308,98.09933619527,0.48229912298669,-2.8215611245433,"R64","R64 - L",0.676470588235294,0.668957748706031,-0.00751283952926352,0
"118",2009,2449,"N Dakota St","Final - W",0.496678533973616,0.419580678983163,0.741362727252298,38.1625,10.95,24.3875,15.5541666666667,7.36666666666667,3.16666666666667,11.6458333333333,16.1541666666667,81.9125,68.9833333333333,0.453652976557804,0.371968331968332,0.558997105345979,12.9291666666667,69.4228958333333,1.18008842567796,0.992567162125029,7.5,0.473214285714286,0.875,4.4875,1.20872303843368,1.34603495951017,2.2,0.400655793160674,0.225,0.35,0,0.401785714285714,4.9,0.582530926332281,3.40119738166216,0,0,2.77777777777778,0,0,"Other",0,0,111.63140991069,101.890644200707,0.73803394423447,-0.330488761131685,"R64","R64 - L",0.8125,0.803209168518171,-0.00929083148182874,0
"119",2009,2460,"Northern Iowa","Final - W",0.453608556186803,0.348732634816379,0.758028748649169,36.3483974358974,8.82596153846154,24.3634615384615,12.3355769230769,4.3823717948718,2.20673076923077,11.8051282051282,18.1349358974359,68.9423076923077,64.8419871794872,0.426047392709014,0.353674033260758,0.524487002041788,4.10032051282051,62.2970480769231,1.10680920911311,1.04016172510713,8,0.4,0.658333333333333,-0.605769230769231,0.93860025722685,1.04564521068104,6,0.581644437855325,0.327884615384615,0.168589743589744,0.0335638730675346,0.625,4.5,0.587197083371375,4.15888308335967,0,0,2.33333333333333,0.2,0,"Other",0,0,107.409046842355,100.754714148419,0.646770853968695,-0.7867347719224,"R64","R64 - L",0.696969696969697,0.636237279993535,-0.0607324169761616,0
"120",2009,2463,"CSU Northridge","Final - W",0.453971356269649,0.349571331981068,0.708981537313004,41.1590909090909,13.3454545454545,24.0977272727273,14.0909090909091,8.92272727272727,2.74545454545455,18.2136363636364,22.3159090909091,73.7386363636364,70.3886363636364,0.415346421303912,0.319614976406671,0.513935737033171,3.35,72.4662727272727,1.01788493760629,0.971275289031874,7.5,0.472222222222222,0.825,0.461363636363636,0.968653492676673,0.783929430414654,7,0.468066420839834,0.204545454545455,0.213636363636364,0.149113313896987,0.666666666666667,0.5,0.531394186969759,5.87493073085203,0.98055002823772,1,2.27272727272727,0.2,0,"Other",0,0,101.030364081125,95.9767992466945,0.642715337825505,-3.30677918868915,"R64","R64 - L",0.566666666666667,0.612812098628205,0.0461454319615382,0
"121",2009,2502,"Portland St","Final - W",0.457307768529528,0.379210862704694,0.694369114877589,37.6742857142857,12.2089285714286,22.04,15.3935714285714,7.49428571428571,2.78285714285714,13.9478571428571,16.5885714285714,74.1546428571428,67.87,0.45156385137838,0.345587276926809,0.543220170306948,6.28464285714286,67.2059678571429,1.10456242016841,1.00983170365121,8,0.6625,0.77,2.0925,1.04905141037789,1.11173219884134,2.7,0.720082817526847,0.331785714285714,0.146428571428571,0.100964205228885,0.375,4.7,0.590878288989611,4.54329478227,0.758294528249025,1,2.77777777777778,0.2,0,"Other",0,0,107.004283138855,102.239844086867,0.625754203053785,-1.91784639903514,"R64","R64 - L",0.71875,0.661476030568687,-0.0572739694313132,0
"122",2009,2509,"Purdue","Final - W",0.447866502453426,0.353016538491925,0.696343656343656,37.5298701298701,9.98961038961039,24.8162337662338,15.3915584415584,7.48658008658009,5.00411255411255,11.5114718614719,17.0839826839827,70.3904761904762,58.0841991341991,0.383755038494487,0.319807065477902,0.510663639609192,12.3062770562771,66.4956374458874,1.05950235424357,0.876664558551774,8,0.375,0.6,2.8495670995671,1.37122570288554,1.3524355168337,2.2,0.400655793160674,0.210822510822511,0.280952380952381,0.266548780674293,0.5,7.7,0.639051409980523,4.84418708645859,0.808514687581158,1,2.375,0.2,1,"Big Ten",0,1,107.95968551057,86.540743671459,0.92687098063485,1.95729277241069,"S16","S16 - L",0.735294117647059,0.797903134222163,0.0626090165751042,0
"123",2009,2515,"Radford","Final - W",0.466110514638431,0.356843477451193,0.686178813783887,43.9520104895105,12.1376748251748,28.2963286713287,14.1057692307692,6.92412587412587,4.65725524475524,16.2292832167832,18.6012237762238,75.4543706293706,71.2898601398601,0.402425100474973,0.344396169555209,0.509421809655195,4.16451048951049,72.5893811188811,1.03892144026789,0.982430877708176,7,0.357142857142857,0.733333333333333,-2.03374125874126,0.845506119896364,0.873391852050389,6,0.500502145170016,0.226748251748252,0.344230769230769,0,0.428571428571429,3.3,0.456971012480811,3.43398720448515,0,0,3,0.2,0,"Other",0,0,98.7395245781425,102.404014623657,0.410301025293005,-3.21254132493432,"R64","R64 - L",0.65625,0.643957193100325,-0.0122928068996755,0
"124",2009,2523,"Robert Morris","Final - W",0.47141414542305,0.393158597468942,0.70899952665978,36.1641958041958,10.2174825174825,22.9398601398601,15.1753846153846,8.44405594405594,3.06153846153846,15.3991608391608,20.140979020979,70.6678321678322,66.3861538461538,0.429661696385208,0.369149745525826,0.539485559189685,4.28167832167832,67.2467090909091,1.05221268794199,0.985904401130843,8,0.4375,0.683333333333333,-0.114825174825175,1.0448105986487,0.992429988835047,5.2,0.763279208540434,0.18027972027972,0.218741258741259,0.0442909386428281,0.625,1.4,0.707081397429549,3.55534806148941,0,0,2.55555555555556,0.2,0,"Other",0,0,101.14335609403,100.992142452288,0.508209265385525,-2.48738926843074,"R64","R64 - L",0.705882352941177,0.673333948271171,-0.0325484046700057,0
"125",2009,2561,"Siena","Final - W",0.469748802358536,0.326123394478135,0.658333422333071,39.6111111111111,12.1472222222222,23.8055555555556,15.1722222222222,8.88055555555556,4.58611111111111,13.3472222222222,15.05,76.6722222222222,69.3777777777778,0.436079000599768,0.334568472070939,0.513110873310724,7.29444444444444,72.02975,1.06450744207512,0.96297069654638,6,0.583333333333333,0.4,3.31666666666667,1.28709184610231,1.15548909790928,2.5,0.643469686183903,0.175,0.0916666666666667,0.0478991596638655,0.666666666666667,6.5,0.550051962607824,5.88610403145016,0.982414897921964,1,2.55555555555556,0,0,"Other",0,0,107.57419054447,96.187245188564,0.783881868256975,0.132970494504135,"R32","R32 - L",0.787878787878788,0.708907465305576,-0.0789713225732118,0
"126",2009,2617,"SF Austin","Final - W",0.45924308617683,0.334472226689577,0.64363104846636,38.95,9.71666666666667,25.8166666666667,13.9833333333333,6.46666666666667,3.25,12.8666666666667,18.8333333333333,68.7333333333333,55.9333333333333,0.371140677458541,0.273426634882622,0.511400431389331,12.8,67.0911666666667,1.02233638075825,0.833894481673653,6.5,0.414285714285714,0.4,3.28333333333333,1.23652944759415,1.08696444022242,4.7,0.733610770694076,0.283333333333333,0.3,0.128956406610314,0.535714285714286,4.7,0.586308462447951,5.44241771052179,0,0,2.25,0,0,"Other",0,0,97.302936542322,90.930338300677,0.684475527265705,-1.1979161932535,"R64","R64 - L",0.774193548387097,0.810114324009014,0.0359207756219175,0
"127",2009,2633,"Tennessee","Final - L",0.457327570234763,0.313744362345813,0.678322649698773,42.5590909090909,14.5875757575758,25.3827272727273,16.8618181818182,6.99757575757576,3.65272727272727,13.8039393939394,19.1581818181818,79.7127272727273,71.9642424242424,0.435114586758821,0.336661870903619,0.515029484641861,7.74848484848485,72.3191409090909,1.10126526220284,0.996523364764242,8.5,0.534722222222222,0.365,5.43363636363636,1.14334586981646,1.22788388082506,2.9,0.670176775772637,0.232121212121212,0.183030303030303,0.091871921182266,0.708333333333333,6.8,0.714776071531034,5.42053499927229,1.99036093840448,2.33333333333333,2.33333333333333,0,1,"SEC",1,1,113.89065487334,95.5086729096145,0.881924244478555,0.67372249667222,"R64","R64 - L",0.636363636363636,0.667818394807394,0.0314547584437577,0
"128",2009,2670,"VCU","Final - W",0.464791314198859,0.370017524562979,0.707772294555807,37.1843939393939,10.6940909090909,23.065303030303,13.9789393939394,8.04,4.70969696969697,13.2157575757576,18.9927272727273,72.6110606060606,64.1424242424242,0.404653589988931,0.345503581963759,0.529890919599593,8.46863636363636,67.1721257575758,1.08113260088684,0.954139158915337,8.5,0.490277777777778,0.7,0.745151515151515,1.16946346380615,1.08647010156339,5.3,0.566457603254984,0.371060606060606,0.179848484848485,0.112220778451341,0.590277777777778,3.1,0.730829597000698,4.21950770517611,0.704253137442467,1,2.11111111111111,0,1,"Other",0,0,107.872828805525,95.5388263966865,0.800952179550905,-1.06174539185829,"R64","R64 - L",0.727272727272727,0.750048962127273,0.0227762348545455,0
"129",2009,2752,"Xavier","Semifinals - L",0.461614753370897,0.396459269662921,0.676800858026539,42.7746212121212,11.7314393939394,27.8818181818182,13.0859848484848,5.21666666666667,5.41931818181818,15.3068181818182,18.6412878787879,72.4181818181818,62.2912878787879,0.383454036195384,0.318587104072398,0.531686055803017,10.1268939393939,67.2242272727273,1.07812646803449,0.926459221238931,8,0.4125,0.766666666666667,-1.68977272727273,0.839181286549708,0.866812865497076,4.3,0.760890017138041,0.25719696969697,0.274242424242424,0.0661420320294041,0.5625,5.2,0.689555729983915,4.89034912822175,1.36036553605308,1.66666666666667,2.33333333333333,0.2,1,"Other",0,0,108.9099793483,90.193873691365,0.897282856577995,1.45199324336871,"S16","S16 - L",0.774193548387097,0.772847830273522,-0.00134571811357465,0
"130",2010,21,"San Diego St","Final - W",0.473666760427088,0.320982783357245,0.619852373902709,40.0284090909091,13.3918831168831,23.9342532467532,13.5704545454545,7.8038961038961,4.70470779220779,13.2349025974026,16.0030844155844,70.8233766233766,60.8902597402597,0.401861481659139,0.347888250601463,0.522168086994726,9.93311688311688,64.4755284090909,1.09858600889244,0.944225444595273,8,0.525,0.4,2.96607142857143,1.05991732413814,1.03927295064253,2,0.653798131412045,0.308766233766234,0.253571428571429,0.248517596256136,0.5,3.9,0.616580310880829,6.36302810354046,3.61111111111111,1,2.375,0,1,"Other",0,0,109.2489739511,94.582137552469,0.83586171181695,0.718954736289125,"R64","R64 - L",0.757575757575758,0.759020235670211,0.00144447809445347,0
"131",2010,25,"California","Final - L",0.48088092690846,0.372099492143324,0.752789335032084,40.3333333333333,11.7333333333333,25.0333333333333,14.8,5.58333333333333,2.64166666666667,11.95,17,78.775,67.725,0.429646524071264,0.318856440998002,0.537205647403334,11.05,68.8152083333333,1.14510570014618,0.984764258086889,7.5,0.401785714285714,0.766666666666667,2.14166666666667,1.08875,1.24725,2.5,0.668923598490472,0.175,0.391666666666667,0.181957863257688,0.401785714285714,5.6,0.689320388349515,6.71538338633468,1.73076923076923,1,3,0.2,0,"Other",0,0,119.32556440836,95.819572329779,0.92320030777644,0.86058003011173,"R32","R32 - L",0.696969696969697,0.755268182271648,0.0582984853019508,0
"132",2010,46,"Georgetown","Final - L",0.500020345024821,0.382300836908735,0.712054086635933,37.3484848484849,9.92820512820513,24.1550116550117,15.2240093240093,7.31561771561772,5.05990675990676,14.3496503496504,16.5086247086247,73.7135198135198,63.8652680652681,0.406228335872603,0.321572522870054,0.560061594374068,9.84825174825175,66.8981643356643,1.1015187120662,0.954778053666844,6.5,0.464285714285714,0.933333333333333,-1.62400932400932,0.965958108420574,1.07375960225768,2.8,0.467579889089376,0.219114219114219,0.233799533799534,0.0349003984063745,0.464285714285714,4.3,0.66137247511957,5.62762111369064,2.34818259769518,3.5,2.14285714285714,0,1,"Big East",0,1,113.44155194899,91.61167550404,0.92114438187865,2.1306309929113,"R64","R64 - L",0.696969696969697,0.733159184520513,0.0361894875508163,0
"133",2010,52,"Florida St","Quarterfinals - L",0.456064293753089,0.335646299430293,0.643865539956482,41.5964285714286,12.7607142857143,25.5404761904762,13.9095238095238,8.4952380952381,6.43452380952381,16.877380952381,17.7321428571429,68.9011904761905,59.7714285714286,0.371388344003723,0.327788420094823,0.509259877970444,9.1297619047619,67.8350476190476,1.01527755554191,0.883433282221158,8,0.507936507936508,0.225,-0.347619047619048,0.968950590662333,0.822030637968673,2.4,0.815966770958734,0.323809523809524,0.247619047619048,0.114296351451973,0.507936507936508,9.3,0.519623233908948,6.45833828334479,1.5,1,2.44444444444444,0.2,1,"ACC",1,1,103.230010178425,85.4661337425305,0.897691948918065,1.40214972551309,"R64","R64 - L",0.709677419354839,0.752928874552209,0.0432514551973701,0
"134",2010,57,"Florida","Quarterfinals - L",0.443711768534836,0.308196639469093,0.701931948274849,41.5144522144522,13.3927738927739,24.1214452214452,14.3909090909091,7.34941724941725,2.80629370629371,12.2771561771562,14.2382284382284,71.9871794871795,64.0617715617716,0.421955655727947,0.308824170105789,0.494987715836646,7.92540792540793,66.7686993006993,1.07831938464628,0.961849483889854,6.5,0.535714285714286,0.483333333333333,3.55011655011655,1.16262812202921,1.18320197044335,0.9,0.486934484449866,0.291142191142191,0.192307692307692,0.0351906158357771,0.380952380952381,6.4,0.702647657841141,6.19847871649231,4.16666666666667,4.16666666666667,2.375,0.2,0,"SEC",1,1,110.59043454504,95.077824523016,0.85036655983783,-0.00972682910727499,"R64","R64 - L",0.636363636363636,0.684918146903388,0.0485545105397516,0
"135",2010,59,"Georgia Tech","Final - L",0.470964712543683,0.375796602271414,0.647417425175881,43.8266025641026,13.1048076923077,27.7698717948718,15.0551282051282,8.34583333333333,5.80128205128205,16.4666666666667,18.0746794871795,75.2910256410256,63.6798076923077,0.370755598999894,0.306081313332692,0.529711851047782,11.6112179487179,71.5769407051282,1.05138887714075,0.891256813656503,9,0.277777777777778,0.733333333333333,-0.511538461538462,0.994317342321544,0.913200664881337,2.4,0.516036141038459,0.299358974358974,0.283333333333333,0.1359106674481,0.666666666666667,9,0.582322922956387,5.93753620508243,2.08109819104107,2.375,2.4,0.2,1,"ACC",1,1,108.747154685245,90.0324168650075,0.8972405697473,0.675725132492665,"R32","R32 - L",0.666666666666667,0.728905837911449,0.0622391712447825,0
"136",2010,87,"Notre Dame","Semifinals - L",0.476740641994637,0.401974302312897,0.723105876413557,39.7023809523809,11.5964285714286,24.8285714285714,17.5142857142857,5.33928571428571,3.04821428571429,10.2720238095238,14.6357142857143,77.472619047619,68.6238095238095,0.432962243456283,0.35643179670272,0.549131141385628,8.84880952380952,64.9201220238095,1.191260430783,1.05864514678368,6.5,0.69047619047619,0.7,1.02321428571429,1.00344125579617,1.73004019571236,2.1,0.399238041077421,0.281547619047619,0.178571428571429,0.118051246021483,0.380952380952381,9.1,0.652272727272727,6.08904487544685,1.28571428571429,1.4,3.14285714285714,0,1,"Big East",0,1,119.282130318125,101.061189259866,0.866750768418025,0.222573256279185,"R64","R64 - L",0.676470588235294,0.700356086901896,0.0238854986666017,0
"137",2010,93,"Murray St","Final - W",0.504612299628643,0.365262808821091,0.694503065621078,39.7353146853147,12.0923776223776,24.6100699300699,15.8883916083916,10.5052447552448,5.62923076923077,14.987972027972,17.0634965034965,78.1579020979021,60.9744755244755,0.387820822005905,0.329747637765918,0.561722454733723,17.1834265734266,68.8424888111888,1.13664949318855,0.88707047528361,8,0.475,0.625,3.04167832167832,1.18514077239495,1.06048416401401,2.2,0.704780534361074,0.181748251748252,0.465314685314685,0,0.5,6.5,0.492185939433482,5.77765232322266,0.964313863129086,0,2.5,0,0,"Other",0,0,105.51798442316,94.2843788975115,0.784127649634965,0.11524594691026,"R32","R32 - L",0.882352941176471,0.892731180538799,0.0103782393623288,0
"138",2010,96,"Kentucky","Final - W",0.483302690718812,0.362017818162051,0.681756502318364,44.5652380952381,14.6804761904762,27.0119047619048,15.1338095238095,7.24904761904762,7.2547619047619,14.8428571428571,16.22,80.2880952380952,64.9542857142857,0.381150266317266,0.322127555635654,0.53616286417612,15.3338095238095,70.3638738095238,1.14078134369893,0.923175739517138,7.5,0.535714285714286,0.65,1.58761904761905,0.965922464520595,1.01567670474213,3.8,0.84750529742962,0.147142857142857,0.320952380952381,0.198075380914194,0.669642857142857,15.5,0.760683760683761,6.37331978957701,2.90909090909091,0,2,0,1,"SEC",1,1,114.27317782866,89.6870563403835,0.94121061040568,4.33882030845905,"E8","E8 - L",0.939393939393939,0.847744067674853,-0.091649871719086,1
"139",2010,97,"Louisville","Early Round - L",0.447992989039202,0.333786848072562,0.708124924661233,39.5414335664336,14.8453671328671,22.9606643356643,15.8574300699301,7.93837412587413,4.18444055944056,13.583479020979,19.9191433566434,77.8977272727273,69.1398601398601,0.422606896860754,0.350149512961627,0.5178219578943,8.75786713286713,69.004590472028,1.12787855632391,1.004259655884,8,0.566666666666667,0.48,4.17124125874126,1.16610028885616,1.16775707433352,1.8,0.439823604370116,0.166870629370629,0.344055944055944,0.265634930232946,0.633333333333333,6.5,0.733774834437086,6.62804137617953,3.89285714285714,2.58333333333333,2.36363636363636,0,0,"Big East",0,1,114.15029627781,96.7908479086595,0.869552108467825,-0.052745837292305,"R64","R64 - L",0.625,0.689142630915239,0.0641426309152392,0
"140",2010,120,"Maryland","Quarterfinals - L",0.478877891729188,0.389533436239606,0.71340206185567,42.2333333333333,12.365,26.1633333333333,16.69,7.85833333333333,4.89666666666667,11.6583333333333,16.57,79.865,66.8033333333333,0.384952209454897,0.334452546772659,0.527953435622544,13.0616666666667,70.4369166666667,1.13451907342245,0.948578613960036,8.5,0.236111111111111,0.65,1.27166666666667,1.3262890347063,1.44405983533424,1.6,0.680558533917736,0.113333333333333,0.381666666666667,0.164313222079589,0.590277777777778,5.1,0.636456211812627,6.89060912014717,2.875,3,2.77777777777778,0,0,"ACC",1,1,113.071422198905,94.4884226538435,0.85641912468788,1.6612436967235,"R32","R32 - L",0.741935483870968,0.799481472164488,0.0575459882935198,0
"141",2010,127,"Michigan St","Quarterfinals - L",0.47324150303843,0.328730487697328,0.681070672403033,42.9364102564103,13.7174358974359,25.7230769230769,17.1753846153846,6.88564102564103,3.04051282051282,13.9861538461538,17.7133333333333,74.0779487179487,64.145641025641,0.404591850293933,0.322204348603201,0.515583797803411,9.93230769230769,67.6468948717949,1.09242187996425,0.949506078149683,7,0.571428571428571,0.55,2.86,0.958004291287762,1.23008916599044,4,0.635141514325358,0.19025641025641,0.212307692307692,0.153879533358813,0.571428571428571,9.1,0.710359408033827,6.16120732169508,4.20833333333333,4.20833333333333,2.5,0.2,1,"Big Ten",0,1,112.030479984075,92.4781417260715,0.900765151892835,1.7542366517124,"F4","F4 - L",0.75,0.75572072867676,0.00572072867676043,1
"142",2010,135,"Minnesota","Final - L",0.481287110182316,0.414668775303644,0.707064720068277,39.2535256410256,10.8150641025641,24.9455128205128,17.4538461538462,8.41378205128205,6.03237179487179,12.4932692307692,16.1333333333333,74.7205128205128,61.7823717948718,0.388556204215934,0.329581799143893,0.546012616495556,12.938141025641,66.3352467948718,1.12699195821494,0.936321193763969,8,0.380952380952381,0.833333333333333,1.80641025641026,1.20400909681611,1.40411955815465,3.4,0.390084272393695,0.349679487179487,0.449358974358974,0.123778490467771,0.436507936507937,7,0.716193656093489,6.39692965521615,2.76666666666667,1,2.36363636363636,0.2,0,"Big Ten",0,1,111.91127217592,91.608019173321,0.907525152244145,-0.17737460680833,"R64","R64 - L",0.636363636363636,0.780062883900792,0.143699247537156,0
"143",2010,142,"Missouri","Early Round - L",0.448323789144203,0.375315904397509,0.726294995593573,39.1465811965812,12.9869230769231,22.5301709401709,15.7424786324786,11.3050427350427,4.77384615384615,13.1664957264957,19.1773504273504,78.8368376068376,65.1612820512821,0.406389324249058,0.298755362284774,0.510686389053995,13.6755555555556,71.9164683760684,1.09541180586838,0.908074341729752,8.5,0.409722222222222,0.766666666666667,6.21726495726496,1.52865667527434,1.18968274559245,1.4,0.536518211526652,0.225811965811966,0.312307692307692,0.133071309974668,0.645833333333333,7.7,0.664721827968921,5.44241771052179,1.8167236633817,3,2.4,0.2,0,"Big12",1,1,110.70866549806,90.1485579047765,0.913751668660955,0.803984721668265,"R32","R32 - L",0.6875,0.804200706066663,0.116700706066663,0
"144",2010,149,"Montana","Final - W",0.491490716238509,0.414917575285566,0.723358891579231,34.7285714285714,8.7968253968254,23.6238095238095,12.5333333333333,6.55079365079365,3.32539682539683,11.8206349206349,17.5174603174603,71.1634920634921,61.0507936507937,0.418779869849132,0.36267547630136,0.557670805070025,10.1126984126984,63.0373333333333,1.12862332874686,0.968077955872132,7.5,0.392857142857143,1,0.0174603174603173,1.13313604497355,1.1055294973545,4.3,0.58320408650269,0.3,0.26031746031746,0.129671757571974,0.535714285714286,4.7,0.549362472477316,4.52178857704904,0,0,2.3,0,0,"Other",0,0,103.550119560925,99.560199011328,0.6109947195011,-2.2436053854169,"R64","R64 - L",0.709677419354839,0.760555938881776,0.0508785195269368,0
"145",2010,150,"Duke","Final - W",0.450378480667327,0.39508379569743,0.763167799589842,43.4583333333333,14.7916666666667,25.5,14.9666666666667,6.75833333333333,4.59166666666667,11.075,18.2,80.7583333333333,60.5833333333333,0.392188466646716,0.268691950464396,0.515753665659869,20.175,68.0074583333333,1.18562538927957,0.892491329953549,8,0.436507936507937,0.766666666666667,6.5,1.35723282252671,1.34956474722898,5.3,0.45737388392546,0.0916666666666667,0.516666666666667,0.11832895888014,0.309523809523809,10.6,0.752484191508582,7.01031186730723,4.44,4.44,2.75,0.2,1,"ACC",1,1,119.368194984725,87.520263973854,0.97196096657254,4.20729732511685,"Final","Final - W",0.848484848484849,0.886175137574234,0.0376902890893852,1
"146",2010,154,"Wake Forest","Early Round - L",0.444358838744135,0.321604901091904,0.662413497311627,44.6805555555556,14.5097222222222,27.9083333333333,12.2680555555556,7.52083333333333,5.55694444444444,15.3305555555556,20.1041666666667,74.2013888888889,67.5722222222222,0.376495982982466,0.284264338146326,0.484352787966023,6.62916666666667,72.0190069444444,1.02939198962576,0.939330577022743,8,0.352380952380952,0.433333333333333,-0.379166666666667,0.937479051393914,0.796812320440519,6.9,0.786187032594177,0.243055555555556,0.275,0.0158526135389889,0.436507936507937,3,0.444919172478695,5.53733426701854,0.924203794161037,1,2.77777777777778,0,0,"ACC",1,1,106.00685339885,90.8009539249665,0.85571176376106,0.52304883542772,"R32","R32 - L",0.655172413793103,0.634046021857741,-0.0211263919353629,0
"147",2010,166,"New Mexico St","Final - W",0.457289937714216,0.370642494327628,0.714002364043205,37.7711538461539,10.0660256410256,25.6067307692308,14.2266025641026,6.04423076923077,3.52980769230769,13.5451923076923,17.1057692307692,78.4759615384615,77.5772435897436,0.446400848010437,0.361258303785226,0.530252570620185,0.898717948717949,72.0989967948718,1.08951511990055,1.07571944527323,7.5,0.535714285714286,0.7,-2.96346153846154,1.03558365637996,1.08796460876091,2.9,0.889594516250092,0.217628205128205,0.208012820512821,0.177147291523425,0.535714285714286,5.8,0.581817735553061,4.21950770517611,0,0,2.4,0,0,"Other",0,0,108.010072017335,106.31279367265,0.53905254221763,-1.09308348708809,"R64","R64 - L",0.666666666666667,0.521636546312112,-0.145030120354555,0
"148",2010,167,"New Mexico","Semifinals - L",0.441898048449,0.372326892642659,0.675949478802059,42.3328571428571,13.152380952381,25.4961904761905,14.6704761904762,6.87,3.4947619047619,10.9514285714286,17.7785714285714,77.3766666666667,67.1052380952381,0.425460361434427,0.329033189033189,0.511814340034237,10.2714285714286,67.9899666666667,1.1373822327058,0.987248666637681,7.5,0.464285714285714,0.9,6.90428571428571,1.3039841586517,1.35949637217243,1.2,0.897648606622583,0.32047619047619,0.196190476190476,0.0149413020277481,0.598214285714286,3.3,0.611973392461197,6.11368217983223,1.5,0,2,0,0,"Other",0,0,114.68480730757,96.412321148402,0.877914501209985,2.49822049324665,"R32","R32 - L",0.878787878787879,0.759124244708707,-0.119663634079172,0
"149",2010,172,"Cornell","Did Not Play in Conference Tournament",0.478657220329895,0.429259345499704,0.727428363283147,37.3991452991453,10.5735042735043,23.6923076923077,16.6846153846154,7.28461538461538,4.01623931623932,12.4094017094017,17.5760683760684,75.5401709401709,63.4735042735043,0.413666959270176,0.34716114763085,0.564688389691009,12.0666666666667,65.6951025641026,1.15030927317413,0.964356772136937,7.5,0.638888888888889,0.815,2.22393162393162,1.13851156069364,1.35079156000294,3.1,0.851323626631692,0.231623931623932,0.282905982905983,0.203568497185518,0.416666666666667,3.6,0.479566692794262,5.52545293913178,0.922220751819163,1,3.2,0.2,0,"Other",0,0,114.01775508964,100.990274190061,0.801137946676445,1.00911456202034,"S16","S16 - L",0.870967741935484,0.819706428098775,-0.0512613138367088,0
"150",2010,183,"Syracuse","Quarterfinals - L",0.519743341432451,0.37976662637889,0.663322365925251,41.4088888888889,12.1158974358974,26.4803418803419,19.8279487179487,10.4212820512821,6.88376068376068,15.2784615384615,14.5963247863248,82.4661538461538,66.1542735042735,0.393274120423716,0.306279446694384,0.578746859774835,16.3118803418803,71.8250803418804,1.1472330287375,0.924829490921448,7.5,0.392857142857143,0.6,-0.693162393162393,1.08954501322922,1.29418278497226,1.9,0.757156229382473,0.126666666666667,0.307692307692308,0.0283219761499148,0.401785714285714,11,0.735050597976081,6.99209642741589,2.67307692307692,2.67307692307692,2.625,0.2,0,"Big East",0,1,116.72281098858,88.910773443482,0.95573713953084,3.76695941690235,"S16","S16 - L",0.875,0.84521984775233,-0.0297801522476701,0
"151",2010,194,"Ohio State","Final - W",0.500079093551116,0.38486181798501,0.684777865443246,36.4566433566434,8.96993006993007,24.3806526806527,14.9475524475524,7.24032634032634,4.34219114219114,11.3247086247086,15.1832167832168,74.6622377622378,60.2825174825175,0.40666694016703,0.337864658058345,0.567436306242918,14.3797202797203,65.0628846153846,1.14729831440313,0.926742331250425,7,0.5,0.775,2.65477855477855,1.29284515819751,1.31986906759348,1.8,0.36366648312757,0.108158508158508,0.369230769230769,0.195087353886808,0.708333333333333,11.4,0.742551422410614,5.7268477475872,1.979942625931,2.83333333333333,2.875,0,1,"Big Ten",0,1,115.388974538435,91.4581249029085,0.934219531614885,2.81272831153112,"S16","S16 - L",0.787878787878788,0.832488995440737,0.0446102075619492,0
"152",2010,195,"Ohio","Final - W",0.426455058879191,0.357827605501755,0.725164550659696,42.547619047619,12.5238095238095,25.6964285714286,14.3452380952381,7.91071428571429,2.78809523809524,12.9738095238095,18.7535714285714,74.747619047619,67.825,0.408426874944603,0.303587415286612,0.489209910823123,6.92261904761905,70.2814761904762,1.06391126231911,0.965805657066127,8.5,0.527777777777778,0.5,3.21785714285714,1.22784434637011,1.10860005234019,6.2,0.272709099157891,0.307142857142857,0.191666666666667,0.253472099404746,0.409722222222222,5.8,0.530364042627755,3.49650756146648,0,0,2.2,0,0,"Other",0,0,101.941117177949,96.699823105983,0.64676388191455,-3.7929075460663,"R32","R32 - L",0.6,0.661728398232773,0.0617283982327734,0
"153",2010,197,"Oklahoma St","Quarterfinals - L",0.459417830639634,0.352338724819613,0.712846451407829,38.219696969697,10.0356060606061,26.2962121212121,12.7234848484848,6.28030303030303,2.78863636363636,12.2083333333333,19.6454545454545,75.5068181818182,66.5969696969697,0.413089347499324,0.358433888526056,0.536094000988428,8.90984848484848,68.6827689393939,1.10069173041304,0.969944623228974,8,0.525,0.515,1.39621212121212,1.10577305905773,1.06005308560053,3.6,0.752343158024384,0.114393939393939,0.275,0.125251626978328,0.75,4.9,0.539971022564378,5.61312810638807,0.936854096732905,1,2.33333333333333,0.2,1,"Big12",1,1,111.74303766516,93.2300259157895,0.88848718906454,0.897464609203915,"R64","R64 - L",0.6875,0.679524222417958,-0.00797577758204226,0
"154",2010,218,"Temple","Final - W",0.437341492353969,0.336231884057971,0.680548400998186,40.7053613053613,11.1228438228438,26.0741258741259,15.1473193473193,4.73006993006993,3.18927738927739,10.5268065268065,14.7477855477855,65.3384615384615,56.1214452214452,0.374150416236139,0.276891283381057,0.496642582405452,9.21701631701632,62.4074312354312,1.0470247598015,0.899459439637854,7.5,0.358928571428571,0.383333333333333,2.0002331002331,1.10097846965876,1.43861297165478,0.7,0.743986696756804,0.166899766899767,0.253846153846154,0.0710731345860551,0.535714285714286,4.9,0.63922942206655,6.3491389913798,1,1,2.625,0.2,1,"Other",0,0,105.3495347636,86.0474900177535,0.911156385154615,2.7181263537374,"R64","R64 - L",0.848484848484849,0.780390607821361,-0.0680942406634873,0
"155",2010,221,"Pitt","Quarterfinals - L",0.447766049125504,0.345825461088619,0.686981241422458,41.565641025641,12.4871794871795,25.5205128205128,16.3507692307692,5.18410256410256,4.28461538461538,12.6302564102564,17.0076923076923,68.7420512820513,60.7015384615385,0.393913446603591,0.312557272411287,0.502253109726419,8.04051282051282,63.6091769230769,1.07920385031346,0.954878052077745,7.5,0.416071428571429,0.583333333333333,-0.629230769230769,0.86988033045333,1.31900840816705,2.1,0.804541285254579,0.231794871794872,0.176923076923077,0.0532355274099077,0.598214285714286,5.3,0.765566927303259,5.34233425196481,1.78331498416143,2,2.55555555555556,0,0,"Big East",0,1,108.80497779648,91.438343469496,0.879602513130655,1.84010610254512,"R32","R32 - L",0.75,0.709589764053575,-0.0404102359464248,0
"156",2010,222,"Villanova","Quarterfinals - L",0.460957140301052,0.373608803706255,0.754687515846052,43.4633333333333,13.6483333333333,26.0533333333333,14.2133333333333,8.08,3.94333333333333,13.605,21.9316666666667,82.9766666666667,71.57,0.404994332094418,0.340112470300609,0.526965140346405,11.4066666666667,71.9213333333333,1.1536886544928,0.995857746333531,8.5,0.534722222222222,0.775,4.13,1.16393315273683,1.05602989801609,7.5,0.739419070172519,0.221666666666667,0.253333333333333,0.112004557159999,0.645833333333333,5.9,0.630252100840336,6.16751649088834,2.64285714285714,3.3,2.27272727272727,0,0,"Big East",0,1,117.06052167045,94.7167575538825,0.918512833346815,2.74630059334695,"R32","R32 - L",0.774193548387097,0.745047581282306,-0.0291459671047906,0
"157",2010,228,"Clemson","Early Round - L",0.459157075775806,0.34446854359656,0.656704250565616,40.1811507936508,12.847619047619,24.1345238095238,14.5392857142857,9.84206349206349,4.91765873015873,14.8125,16.9791666666667,74.4575396825397,63.1704365079365,0.416264285064091,0.294098305084746,0.517336547961714,11.2871031746032,70.0568611111111,1.06131130392562,0.902898325781741,7.5,0.626785714285714,0.59,3.85595238095238,1.200692431562,0.981242236024845,3.2,0.636055088472841,0.218253968253968,0.309722222222222,0.120031471402633,0.401785714285714,6.9,0.581903276131045,6.46458830368996,1,1,2.33333333333333,0.2,0,"ACC",1,1,109.7570184218,89.618327019895,0.911431603937205,0.75528302073963,"R64","R64 - L",0.67741935483871,0.766274296482784,0.0888549416440739,0
"158",2010,238,"Vanderbilt","Semifinals - L",0.474123380366864,0.362018999519,0.714248445791989,39.7933333333333,11.095,25.5683333333333,13.2266666666667,5.90833333333333,5.30833333333333,13.965,19.0633333333333,77.775,68.3516666666667,0.406633927398696,0.333617195110069,0.530397596472017,9.42333333333333,70.4635916666667,1.10397560998798,0.971164275681882,7,0.428571428571429,0.733333333333333,-2.79833333333333,0.993801090743215,0.955245148103444,2.8,0.759982009411467,0.221666666666667,0.226666666666667,0.152100868360153,0.428571428571429,5,0.620278330019881,6.22257626807137,1.8,2.33333333333333,2.4,0,1,"SEC",1,1,112.16594043651,94.7347221685155,0.87252688656301,1.62993063632193,"R64","R64 - L",0.75,0.72537605665709,-0.0246239433429101,0
"159",2010,239,"Baylor","Semifinals - L",0.491214771383575,0.38691758161103,0.706076929559866,42.7818181818182,12.6336363636364,27.4345454545455,14.5345454545455,6.52636363636364,7.19454545454545,13.6418181818182,17.3918181818182,77.9981818181818,63.8418181818182,0.37500683994528,0.336814069110336,0.554647541176992,14.1563636363636,67.5447181818182,1.15531016968609,0.945187202875552,7.5,0.267857142857143,0.85,-0.872727272727273,0.952381759939702,1.0795911060863,3.8,0.732075019845693,0.308181818181818,0.317272727272727,0.0952262555942317,0.464285714285714,13.8,0.501979135715505,5.33753807970132,0.890856991263963,1,2.5,0.2,1,"Big12",1,1,115.92211501889,95.367181234322,0.89584293401141,2.7741290624725,"E8","E8 - L",0.78125,0.804005984533735,0.0227559845337352,1
"160",2010,245,"Texas A&M","Semifinals - L",0.444727396177963,0.336965283573764,0.661116117998847,40.0166666666667,11.9133333333333,24.8366666666667,12.4933333333333,6.48666666666667,3.465,12.1483333333333,18.4116666666667,72.4566666666667,64.365,0.408692739453196,0.327177556113212,0.507239172517067,8.09166666666667,66.7318333333333,1.08621265667894,0.964099043157289,8,0.563492063492063,0.45,3.05833333333333,1.17997514292816,1.04303007705692,3.2,0.586294910091197,0.273333333333333,0.163333333333333,0.023887323943662,0.492063492063492,6.3,0.591312163535242,5.83773044716594,1.62390191392736,1,2.5,0.4,1,"Big12",1,1,110.968650396245,92.031016493272,0.89456855979333,2.16740645249498,"R32","R32 - L",0.71875,0.703962596054694,-0.0147874039453062,0
"161",2010,248,"Houston","Final - W",0.420690371646291,0.364346887341847,0.709451392660601,36.9475,12.0891666666667,21.4266666666667,12.8691666666667,10.3466666666667,2.90166666666667,9.27333333333333,18.1933333333333,79.9016666666667,74.2541666666667,0.461109355246523,0.315708048401547,0.490823469214816,5.6475,73.0575375,1.09281535774517,1.01681605298412,7.5,0.439285714285714,0.541666666666667,7.53,1.9464710162503,1.38783854798286,1.8,0.292014033252739,0.154166666666667,0.15,0.180113524743765,0.669642857142857,3.7,0.587334014300306,6.88755257166462,1.6,0,2,0.2,0,"Other",0,0,111.415653435945,102.33594446131,0.726319031885755,-3.1180377999253,"R64","R64 - L",0.545454545454545,0.611289570859189,0.0658350254046433,0
"162",2010,249,"North Texas","Final - W",0.468197650563722,0.3287494572297,0.716381713341786,39.9474358974359,10.6304029304029,25.76336996337,11.8846153846154,4.43827838827839,2.83992673992674,14.471978021978,17.7798534798535,74.7794871794872,69.5212454212454,0.432183212760032,0.322141054939829,0.52026076645567,5.25824175824176,69.3116291208791,1.07938349308707,1.00289866334219,8,0.407936507936508,0.45,-2.11373626373626,0.903710993672706,0.819526531492666,5.4,0.886090841545316,0.33003663003663,0.0717948717948718,0.215399151828686,0.69047619047619,3.6,0.530234772242087,5.59842195899838,0.934399580433247,1,2.2,0,0,"Other",0,0,101.851405192825,103.53372877756,0.45332977318233,-1.85204416570615,"R64","R64 - L",0.75,0.640271580900684,-0.109728419099316,0
"163",2010,251,"Texas","Quarterfinals - L",0.476037126351461,0.344000084849428,0.633763986455523,45.9583333333333,14.8416666666667,28.3833333333333,14.8916666666667,8.21666666666667,6.05833333333333,14,19.15,83.1333333333333,66.825,0.386911591944646,0.314346340853078,0.523069905495804,16.3083333333333,74.6720416666667,1.11243813728177,0.898772717751657,8.5,0.490277777777778,0.45,4.00833333333333,1.12740840023088,1.05981632241136,2.8,0.585336288720377,0.1,0.325,0.150433661067733,0.763888888888889,9.1,0.663853727144866,6.56807791141198,1.91176470588235,2.22727272727273,2.5,0.6,1,"Big12",1,1,112.853803126995,89.567121048869,0.92194257515746,1.91609705886245,"R64","R64 - L",0.727272727272727,0.788884464545647,0.0616117372729197,0
"164",2010,252,"BYU","Semifinals - L",0.490915344930175,0.422234562495562,0.780240002474252,40.6333333333333,10.3367965367965,27.0919913419913,16.3108225108225,8.56190476190476,3.59242424242424,11.4443722943723,16.8926406926407,83.4688311688312,64.2242424242424,0.40401117395516,0.320780690056188,0.560981221335762,19.2445887445887,70.3303246753247,1.18713319412338,0.913382680212929,8,0.414285714285714,0.833333333333333,4.74372294372294,1.39822670796915,1.43082415904364,0.6,0.683915772893606,0.156926406926407,0.42034632034632,0.0691252955082742,0.492063492063492,4.3,0.71755997566647,4.88280192258637,0.814959662065137,1,2.3,0.2,0,"Other",0,0,116.833774794405,92.3319489744955,0.93562587342087,2.04480366999765,"R32","R32 - L",0.852941176470588,0.888541982582153,0.0356008061115649,0
"165",2010,257,"Richmond","Final - L",0.446509508918578,0.341894480557081,0.706729951899188,35.1133116883117,9.03311688311688,23.6551948051948,12.7449675324675,8.77159090909091,4.90974025974026,11.5441558441558,17.7288961038961,69.3241883116883,61.5926948051948,0.388833295711975,0.29547721123098,0.510129609819485,7.73149350649351,66.2406712662338,1.04682726019146,0.929661029618743,7,0.583333333333333,0.55,-0.316883116883117,1.37345376152245,1.10870502527505,3.9,0.891695703755146,0.346915584415584,0.182142857142857,0,0.4375,5.1,0.499257217271838,5.06259503302697,0,0,3.125,0.2,0,"Other",0,0,105.757226925345,91.619224047624,0.83504705603928,1.35770747507275,"R64","R64 - L",0.787878787878788,0.723660171795895,-0.0642186160828931,0
"166",2010,261,"Vermont","Final - W",0.440892761046778,0.317253098223931,0.687851590900381,40.2785714285714,12.23,24.7814285714286,12.0928571428571,6.97428571428571,4.16714285714286,14.0857142857143,18.2085714285714,70.5528571428571,64.6971428571429,0.398352918846147,0.315381390993816,0.487105284238862,5.85571428571429,67.8110071428571,1.04149046038988,0.953878740665206,6,0.55,0.441666666666667,-0.657142857142857,0.977903896579125,0.870843556825626,5.6,0.674112183609722,0.212857142857143,0.137142857142857,0.0543028071790152,0.666666666666667,5.5,0.614656006336852,4.85203026391962,0,0,2.6,0,1,"Other",0,0,100.551320288715,99.214263669523,0.534711810898255,-2.4396878518462,"R64","R64 - L",0.735294117647059,0.689742966376948,-0.0455511512701104,0
"167",2010,264,"Washington","Final - W",0.452843765516081,0.326108695652174,0.725178144051074,43.1833333333333,14.4,25.2583333333333,14.5083333333333,7.70833333333333,4.21666666666667,13.1166666666667,21.6583333333333,81.95,69.875,0.418588427074379,0.300865229592187,0.494416737144754,12.075,74.1342916666667,1.10400499178677,0.945337278056486,8.5,0.329166666666667,0.633333333333333,6.69166666666667,1.28497233952892,1.10844395280236,2.6,0.65538566716308,0.15,0.266666666666667,0.105853394121593,0.472222222222222,6.6,0.584766584766585,6.01126717440416,1.8,2,2.3,0.2,0,"Other",0,0,110.71576043273,92.76213385586,0.884408678083835,0.60078758402776,"S16","S16 - L",0.727272727272727,0.75638949212801,0.0291167648552826,0
"168",2010,269,"Marquette","Semifinals - L",0.458505042646224,0.407707524459843,0.739033894566576,35.4559440559441,10.6776223776224,22.0517482517483,15.4356643356643,8.3,2.23310023310023,10.5622377622378,17.2151515151515,73.7407925407925,62.7876456876457,0.436680942206157,0.312189301485784,0.52771842857156,10.9531468531469,64.841696969697,1.1366764125807,0.969130833991145,7,0.583333333333333,0.8,4.55128205128205,1.39705636079506,1.4675039963462,3.7,0.308554467680047,0.397202797202797,0.387412587412587,0.0816391279337734,0.729166666666667,7.5,0.598603966536747,4.20469261939097,0.701780438877925,1,2.57142857142857,0,0,"Big East",0,1,113.68681810317,93.7976019694285,0.901274572735565,0.858344420724105,"R64","R64 - L",0.666666666666667,0.75026322340696,0.0835965567402938,0
"169",2010,275,"Wisconsin","Quarterfinals - L",0.452094996366492,0.36054802975542,0.741483366759679,34.8246153846154,9.7175,22.9271153846154,13.0990384615385,5.70269230769231,3.84942307692308,8.95480769230769,16.0425,68.9305769230769,56.5378846153846,0.416842479499353,0.33249103541013,0.527373626419736,12.3926923076923,60.6193096153846,1.13593536258902,0.933710564453918,7,0.6,0.635,5.2975,1.41819370172311,1.50192117250941,1.7,0.602507721407615,0.155384615384615,0.287307692307692,0.0369238542646314,0.642857142857143,8.1,0.687810760992749,5.78074351579233,1.68845214272687,1.75,2.55555555555556,0.2,1,"Big Ten",0,1,114.91784421493,88.764638782871,0.95029318265641,1.91710915236065,"R32","R32 - L",0.741935483870968,0.828430617738311,0.0864951338673436,0
"170",2010,277,"West Virginia","Final - W",0.441160510172558,0.341202936943901,0.688826611173142,41.4848484848485,15.7783216783217,22.4286713286713,16.3034965034965,6.07645687645688,4.15081585081585,12.1631701631702,18.2265734265734,74.5100233100233,63.3913752913753,0.429361080986883,0.33728482803286,0.505910407671762,11.118648018648,65.1594743589744,1.14308104825963,0.973748078238708,6.5,0.69047619047619,0.65,7.78601398601399,1.19785630180767,1.34465258788967,3.2,0.754548819355789,0.24988344988345,0.215151515151515,0.105837424986361,0.30952380952381,5,0.730670103092783,6.65544035036765,1.79411764705882,2,2.55555555555556,0,1,"Big East",0,1,116.774420427435,91.652607692054,0.94058950692562,4.01219219605765,"F4","F4 - L",0.818181818181818,0.760702921948282,-0.0574788962335362,1
"171",2010,295,"Old Dominion","Final - W",0.448009520591381,0.309338510209951,0.650580819202819,42.6913461538462,15.5230769230769,23.7884615384615,15.8942307692308,7.92788461538461,3.17115384615385,12.9230769230769,15.9403846153846,67.475,55.9105769230769,0.396023691378089,0.281944444444444,0.487402770329066,11.5644230769231,63.0645769230769,1.07019903969194,0.886702722777716,7.5,0.392857142857143,0.225,7.38461538461538,1.15304147184032,1.23440008025682,1.8,0.703923532384513,0.182692307692308,0.299038461538462,0.0520833333333333,0.598214285714286,6.4,0.653679653679654,6.13772705408623,1,1,3,0,0,"Other",0,0,106.522481763695,88.1899737025065,0.88896433361434,0.379650484033245,"R32","R32 - L",0.764705882352941,0.807779138942026,0.0430732565890852,0
"172",2010,328,"Utah State","Final - L",0.489960325954012,0.418310401423343,0.765012291792093,37.7564935064935,10.5863636363636,25.1045454545455,17.2324675324675,4.66471861471861,3.51623376623377,10.2145021645022,16.1512987012987,74.3939393939394,59.5162337662338,0.40038688735245,0.316508320433437,0.556737242633818,14.8777056277056,62.7149188311688,1.18613973892454,0.949254097926236,7.5,0.598214285714286,0.775,2.65497835497835,1.13900175534517,1.73381773186383,4.7,0.375512111713747,0.143506493506493,0.351298701298701,0.144405009199359,0.598214285714286,9.7,0.679271708683473,6.57228254269401,1,1,2.27272727272727,0,0,"Other",0,0,114.73067414976,95.4695451253475,0.888545129477435,-0.10027479684005,"R64","R64 - L",0.794117647058823,0.860576305462946,0.0664586584041222,0
"173",2010,2029,"AR-Pine Bluff","Final - W",0.413875678242137,0.303321147814565,0.676958488313358,41.8659090909091,12.4977272727273,25.1492424242424,12.5981060606061,6.59393939393939,3.38106060606061,17.1492424242424,22.2992424242424,64.3784090909091,67.507196969697,0.426719596273688,0.344388726231053,0.455855457239544,-3.12878787878788,68.7896893939394,0.935074588749008,0.984280700908595,7,0.357142857142857,0.416666666666667,0.389772727272727,0.803045958069916,0.731813753848021,5.7,0.452109687970674,0.312121212121212,0.120454545454545,0.0924390348556145,0.571428571428571,0.9,0.502551551661888,3.46573590279973,0,0,2.77777777777778,0.2,0,"Other",0,0,92.9576274829425,99.346936610142,0.317881933837215,-3.9640111944047,"R64","R64 - L",0.516129032258065,0.48286661006427,-0.0332624221937944,0
"174",2010,2086,"Butler","Final - W",0.447915413257753,0.34052337398374,0.748376302652618,35.4571794871795,9.41974358974359,23.3321367521368,12.6379487179487,7.07162393162393,2.41247863247863,12.3764957264957,18.5460683760684,69.9397435897436,60.4087179487179,0.42095266545713,0.318985665016088,0.520229427656868,9.53102564102564,64.3276384615385,1.08732466329328,0.939055935628207,7,0.571428571428571,0.575,2.34555555555556,1.12698324706406,1.02043119051595,5.2,0.802487689586569,0.250512820512821,0.159145299145299,0.0789559604059299,0.714285714285714,5.6,0.779365594732576,4.20469261939097,0.701780438877925,1,2.875,0,0,"Other",0,0,109.33630290607,90.6695499418725,0.895771100940145,2.32239460018124,"Final","Final - L",0.875,0.791291519470429,-0.0837084805295711,1
"175",2010,2193,"ETSU","Final - W",0.431302117999804,0.313014152140148,0.657378458232608,40.4990384615385,12.7730769230769,23.9471153846154,10.8451923076923,8.21826923076923,3.32403846153846,15.0461538461538,18.9567307692308,69.4288461538462,66.9461538461538,0.417185062288315,0.321230379913015,0.481805692717958,2.48269230769231,69.3914038461538,1.00066537408026,0.964628674847293,8.5,0.347222222222222,0.625,2.49038461538462,1.11735558360558,0.722278734778735,3.1,0.447500543578723,0.343269230769231,0.205769230769231,0.184546748165973,0.763888888888889,1.6,0.588052056922548,5.93224518744801,0.990116046052788,1,2.09090909090909,0.2,1,"Other",0,0,98.767787375066,97.2432071467165,0.54360227873454,-3.95026847684195,"R64","R64 - L",0.588235294117647,0.583995911993557,-0.0042393821240897,0
"176",2010,2250,"Gonzaga","Final - L",0.49558698144827,0.363038219641993,0.659919926469858,41.8356643356643,10.5759615384615,27.7409090909091,13.4041083916084,7.15428321678322,4.10122377622378,12.9484265734266,18.2035839160839,78.3240384615385,66.419493006993,0.401423348374407,0.324296136341484,0.549396782643049,11.9045454545455,69.8269112762238,1.12214915200805,0.951486115604202,7,0.354166666666667,0.75,0.033653846153846,1.05713857677903,1.04814981273408,3.6,0.645424781762674,0.246853146853147,0.228846153846154,0.147797356828194,0.4375,4.6,0.794207607040633,5.80211837537706,1.74311522559536,1.8,1.8,0,1,"Other",0,0,110.867042754875,93.862946161223,0.870941256250545,1.28543533242871,"R32","R32 - L",0.8125,0.778848130520017,-0.0336518694799828,0
"177",2010,2305,"Kansas","Final - W",0.494677284276451,0.410951193509333,0.696760665372304,43.3128205128205,13.1128205128205,27.8903846153846,18.1102564102564,8.84871794871795,6.69807692307692,12.8602564102564,18.0647435897436,83.5467948717949,62.5967948717949,0.369943872228596,0.323278029160382,0.559066793313374,20.95,70.2347980769231,1.18879355837515,0.892924475001844,7.5,0.376785714285714,0.7,2.24423076923077,1.16238085990909,1.41069014395227,2.7,0.858017028579189,0.105769230769231,0.446153846153846,0,0.598214285714286,9.7,0.72168905950096,6.25766758788264,3.04545454545455,3.75,2.5,0,0,"Big12",1,1,118.97611128352,87.82229174995,0.970449191292685,5.84771295722585,"R32","R32 - L",0.941176470588235,0.894200893080854,-0.0469755775073811,0
"178",2010,2306,"Kansas St","Final - L",0.453895332663062,0.350752508361204,0.663993713142649,42.9375291375291,15.3076923076923,23.9608391608392,15.17668997669,7.42214452214452,4.78344988344988,14.7568764568765,22.1263403263403,80.2433566433566,68.9652680652681,0.417782399650578,0.339365030900448,0.512987989613577,11.2780885780886,72.1467773892774,1.11278196958138,0.956752354486534,7,0.291666666666667,0.45,5.97132867132867,1.17611604083206,1.02715660132883,3.1,0.566782350348023,0.16969696969697,0.182051282051282,0.114492753623188,0.291666666666667,8.8,0.634373939839812,4.21950770517611,0.704253137442467,1,2.45454545454545,0.2,0,"Big12",1,1,116.01566328067,90.1658606762225,0.947321535237315,3.36810102109575,"E8","E8 - L",0.787878787878788,0.763807925605256,-0.0240708622735318,1
"179",2010,2329,"Lehigh","Final - W",0.451389403833366,0.397650206597575,0.715047432540906,40.5299450549451,10.1623626373626,26.3258241758242,15.0491758241758,6.15549450549451,2.55961538461538,13.1903846153846,17.7491758241758,74.4326923076923,70.4497252747253,0.424062571235376,0.349267226335322,0.511927533022404,3.98296703296703,70.0512431318681,1.06347199745257,1.00516563635893,7.5,0.438888888888889,0.675,-0.303021978021978,1.04438315866887,1.14707666850524,2.8,0.40644102347859,0.067032967032967,0.05,0.138740234489382,0.611111111111111,1.7,0.537282686909208,4.07753744390572,0,0,2.54545454545455,0.2,1,"Other",0,0,102.239158081895,105.155056737995,0.42076969011172,-3.30938429350405,"R64","R64 - L",0.6875,0.646530156131929,-0.0409698438680713,0
"180",2010,2415,"Morgan St","Final - W",0.43048040721665,0.343583925564403,0.706960880006811,44.1304029304029,15.5058608058608,25.0509157509157,12.9699633699634,6.72490842490842,4.13223443223443,13.5395604395604,21.4355311355311,77.1754578754579,71.2326007326007,0.42319591490704,0.324944768857519,0.481335418627537,5.94285714285714,71.1029578754579,1.08587995229217,1.0004196187252,8,0.4,0.616666666666667,3.01758241758242,1.04776838788645,0.957172432372285,9.3,0.673251645643071,0.272527472527473,0.167032967032967,0.113195615514334,0.6875,2.6,0.614506451465885,5.28826703069454,1.32395017673445,1,2.22222222222222,0.2,0,"Other",0,0,104.008960719085,103.780861707875,0.506278126359565,-1.8741937359121,"R64","R64 - L",0.75,0.681579589096364,-0.068420410903636,0
"181",2010,2439,"UNLV","Final - L",0.459698124848939,0.325999954027744,0.716627655478061,37.4519047619048,10.2595238095238,24.1047619047619,16.3461904761905,7.96857142857143,3.52809523809524,11.5947619047619,20.4661904761905,73.9142857142857,63.6909523809524,0.397034230659257,0.32637519872814,0.520325985029786,10.2233333333333,68.2172023809524,1.08376900674519,0.934239595780079,9,0.4875,0.53,4.17333333333333,1.39549645741503,1.41702442782534,3.8,0.644488806004203,0.20047619047619,0.216190476190476,0.11673434199676,0.775,7.7,0.600558659217877,6.57507584059962,1.86363636363636,2,2.27272727272727,0.2,0,"Other",0,0,108.6698110917,92.0182931630655,0.86614682431574,0.50819425740451,"R64","R64 - L",0.757575757575758,0.772113073985457,0.0145373164096999,0
"182",2010,2460,"Northern Iowa","Final - W",0.435876981071092,0.367625591743748,0.739992897561496,35.2909090909091,9.68636363636364,22.7845454545455,10.6,5.53,1.85181818181818,10.6145454545455,16.0518181818182,64.5981818181818,55.1181818181818,0.407752981438099,0.338349897908396,0.505514677171133,9.48,59.8392818181818,1.07880877810608,0.92083670867955,7,0.357142857142857,0.45,3.47454545454545,1.18547334704208,1.00216590590681,1.4,0.824057251414161,0.171818181818182,0.0754545454545455,0.0815509354063473,0.571428571428571,3.3,0.610234438736709,4.58496747867057,0.765249872150823,1,2.55555555555556,0,1,"Other",0,0,107.229760744375,90.753462051605,0.86688113657379,1.9443211902842,"S16","S16 - L",0.875,0.78977566256554,-0.0852243374344601,0
"183",2010,2473,"Oakland","Final - W",0.446824732800343,0.321583624708625,0.720206779661017,42.2924242424242,14.1159090909091,24.7575757575758,13.669696969697,6.79734848484848,4.95,13.7109848484848,17.5795454545455,77.0291666666667,71.5893939393939,0.450237698084023,0.348532878411911,0.497422903761959,5.43977272727273,70.3465757575757,1.09431769348125,1.01743400084348,7.5,0.489285714285714,0.345,2.47424242424242,0.96183708141619,1.00524216769812,1.9,0.570695813117388,0.237878787878788,0.340530303030303,0.0260194174757282,0.598214285714286,7.6,0.509764154406485,5.73009978297357,0.956377149179567,1,2.75,0,0,"Other",0,0,104.948788579245,102.539339790175,0.5595309459894,-0.47215792226985,"R64","R64 - L",0.764705882352941,0.661009927056286,-0.103695955296655,0
"184",2010,2509,"Purdue","Semifinals - L",0.447416805306199,0.323213386904499,0.73106009887733,37.4816666666667,10.8883333333333,23.1216666666667,14.425,7.37833333333333,4.67833333333333,10.9816666666667,18.6966666666667,72.5966666666667,60.1416666666667,0.400937333033889,0.358105642932123,0.498550611632697,12.455,66.9873333333333,1.08227711036796,0.90027658039654,8.5,0.479166666666667,0.366666666666667,6.12166666666667,1.50842428367537,1.3123276955993,2.6,0.772331082146386,0.181666666666667,0.371666666666667,0.13229283669292,0.763888888888889,8,0.655751471401171,5.0998664278242,1.2767829270439,1.66666666666667,2.4,0,0,"Big Ten",0,1,109.4545391779,86.754420835304,0.935266650108045,3.2693388867304,"S16","S16 - L",0.84375,0.790858372018884,-0.0528916279811159,0
"185",2010,2523,"Robert Morris","Final - W",0.433261487120313,0.366782216543511,0.660410757824551,39.1060606060606,11.9492424242424,23.1204545454545,12.7507575757576,7.47045454545455,2.23636363636364,14.7204545454545,21.3871212121212,68.6893939393939,67.2901515151515,0.415274199843872,0.328310252216837,0.491158369149136,1.39924242424242,68.1048825757576,1.00940853480961,0.986841009882016,8,0.4375,0.416666666666667,1.87348484848485,1.08257731949772,0.865569820845173,7.2,0.66437040350739,0.275757575757576,0.146969696969697,0.132489040428641,0.5625,2.6,0.693241103779059,4.24849524204936,0.709091276205592,1,2.18181818181818,0.2,0,"Other",0,0,98.050834285482,101.727226795515,0.398827233241055,-3.17902340473615,"R64","R64 - L",0.676470588235294,0.589524480452394,-0.0869461077828998,0
"186",2010,2534,"Sam Houston","Final - W",0.468616724205621,0.384590332986656,0.693598979098707,40.425,12.8125,25.4916666666667,21.5375,7.95833333333333,2.725,13.4583333333333,19.2833333333333,80.3291666666667,68.9166666666667,0.430951103302177,0.335863015186968,0.544920583689767,11.4125,70.506125,1.13933715033523,0.977516290131733,8,0.5625,0.8,4.97916666666667,1.18551129816994,1.60932484901714,4.9,0.689715505315762,0.154166666666667,0.379166666666667,0.0229574756777043,0.5,1.5,0.619107710514699,5.78074351579233,0.964829795843928,1,2.25,0.2,0,"Other",0,0,110.14084740778,104.834770044008,0.631448128103385,-1.15453307573618,"R64","R64 - L",0.78125,0.771938798591871,-0.00931120140812947,0
"187",2010,2540,"UCSB","Final - W",0.453772929405225,0.385491009938029,0.674478771825088,36.1795454545455,8.91363636363636,24.0965909090909,14.4443181818182,7.00113636363636,2.65340909090909,15.5352272727273,19.3215909090909,69.0534090909091,66.8772727272727,0.425591962508093,0.311873328051783,0.524392117593141,2.17613636363636,68.1041931818182,1.01381885979955,0.981759598416132,7.5,0.507142857142857,0.658333333333333,-2.19659090909091,0.984186845963298,0.930086458555502,3.1,0.850175270596618,0.346590909090909,0.243181818181818,0.104229368538271,0.741071428571429,2.9,0.553020714771709,5.78689738136671,0.965856901241281,1,2.58333333333333,0,0,"Other",0,0,99.2143341713685,97.8750944181635,0.538980491868975,-2.00072729791325,"R64","R64 - L",0.689655172413793,0.580192342921405,-0.109462829492389,0
"188",2010,2561,"Siena","Final - W",0.458697471414288,0.320895210543234,0.667901012126719,41.1365967365967,12.9941724941725,25.4285159285159,14.7414918414918,8.91592851592852,3.65641025641026,12.3080808080808,13.9014763014763,75.7306138306138,65.5522144522145,0.428176705558863,0.326269059209437,0.501604291176013,10.1783993783994,70.1740407925408,1.07914488315685,0.934092696685738,7,0.357142857142857,0.416666666666667,5.18034188034188,1.25760876274607,1.20278248822484,1,0.512008438369217,0.093006993006993,0.252836052836053,0.163747757741659,0.5,8.8,0.568629078468389,5.97888576490112,0.997900549672295,1,2.77777777777778,0,0,"Other",0,0,108.32200469862,95.432952930199,0.80927371921355,0.54626129953127,"R64","R64 - L",0.818181818181818,0.776714692624089,-0.0414671255577294,0
"189",2010,2608,"Saint Mary's","Final - W",0.486961969948571,0.416097524154589,0.762013103037522,39.1492063492064,10.7857142857143,25.7412698412698,16.6904761904762,5.36984126984127,5.41428571428571,11.3793650793651,16.6269841269841,79.6968253968254,66.0174603174603,0.425293536584832,0.282454633155623,0.561331569991283,13.6793650793651,67.3549047619048,1.18286440949596,0.980402792085145,7.5,0.626785714285714,0.92,-0.741269841269841,1.02546583850932,1.48164299671994,4.4,0.672616444643584,0.165079365079365,0.298412698412698,0.0593058733790999,0.598214285714286,2.2,0.615204173028354,5.53338948872752,0.923545394489304,1,2.5,0.2,0,"Other",0,0,115.308641789855,97.2928618353685,0.875705794578685,1.01609226959248,"S16","S16 - L",0.838709677419355,0.831252818511526,-0.00745685890782932,0
"190",2010,2633,"Tennessee","Semifinals - L",0.460566481676133,0.320495905274666,0.669238692506295,39.8101515151515,11.8001515151515,25.2359090909091,15.209696969697,8.45318181818182,3.74318181818182,13.1681818181818,19.9656060606061,76.0492424242424,64.5063636363636,0.390883531831444,0.291655851436441,0.509416343875024,11.5428787878788,71.3050984848485,1.0645435911322,0.907041629144125,10,0.486868686868687,0.41,4.98863636363636,1.34038829151732,1.16281859816806,2.5,0.690529786310214,0.161515151515152,0.328181818181818,0.11704100456556,0.661616161616162,8.7,0.703686805842333,5.56068163101553,1.85620112988889,2,2.75,0,1,"SEC",1,1,107.013864561765,89.5195455146615,0.88561766377125,1.94619456608047,"E8","E8 - L",0.757575757575758,0.746661812873375,-0.0109139447023825,1
"191",2010,2638,"UTEP","Final - L",0.478872297815993,0.349749538211077,0.667366459990153,39.180303030303,10.1893939393939,26.5772727272727,15.7106060606061,8.96060606060606,3.69393939393939,13.2545454545455,19.2969696969697,76.9787878787879,63.5772727272727,0.392823435095227,0.304522974885619,0.534744233642714,13.4015151515152,71.0585151515152,1.08208964375202,0.895263927137964,8,0.296825396825397,0.7,2.53030303030303,1.24499006441751,1.18765323725298,3.5,0.757156229382473,0.116666666666667,0.248484848484848,0.143093142247261,0.563492063492063,3.7,0.568654445978163,4.62497281328427,0,0,2.66666666666667,0.2,0,"Other",0,0,107.462074493395,90.0245100103605,0.884492008161415,1.13317197748381,"R64","R64 - L",0.8125,0.806584002276505,-0.00591599772349527,0
"192",2010,2737,"Winthrop","Final - W",0.379820756250787,0.251357890774367,0.646156817888329,41.8541666666667,13.6291666666667,24.9791666666667,10.6458333333333,9.25,4.20833333333333,12.4916666666667,18.6666666666667,62.6666666666667,62.4166666666667,0.400977322620048,0.305800153637831,0.414355181044009,0.25,67.6752291666667,0.926568896130945,0.921921479537858,9.5,0.383333333333333,0.126666666666667,6.37083333333333,1.30052455044255,0.892608234210421,2.8,0.691093454059103,0.379166666666667,0.129166666666667,0.101296848036368,0.527777777777778,5.7,0.464713217113624,5.19295685089021,0.866725791342085,1,2.33333333333333,0.2,0,"Other",0,0,88.337813409654,95.0438334607275,0.30680738952443,-4.2680022832835,"First Four","First Four - L",0.59375,0.536834607615229,-0.0569153923847708,0
"193",2010,2747,"Wofford","Final - W",0.442766037067508,0.350890999131598,0.673307827195919,38.707196969697,11.4193181818182,23.8265151515151,14.1189393939394,7.14848484848485,2.04242424242424,11.7386363636364,17.6651515151515,69.7287878787879,61.7935606060606,0.425337541446157,0.321404010046618,0.502702431937513,7.93522727272727,65.1229185606061,1.07063777893424,0.948968723012278,7.5,0.426785714285714,0.65,4.45416666666667,1.24835412081193,1.21158963071656,1.4,0.53594682217577,0.272727272727273,0.0848484848484849,0,0.660714285714286,2,0.454638909126599,5.33753807970132,0,0,2.8,0,0,"Other",0,0,103.98073403073,95.289718676083,0.730015519619075,-0.85050757914675,"R64","R64 - L",0.764705882352941,0.746181150071728,-0.0185247322812129,0
"194",2010,2752,"Xavier","Semifinals - L",0.475096483017577,0.386053569433247,0.701670586643632,42.7041666666667,12.15,27.8958333333333,14.6916666666667,6.72916666666667,4.15,13.0625,18.775,80.4625,67.5958333333333,0.401336065116096,0.295235407217882,0.540024929424559,12.8666666666667,70.97925,1.13332541156402,0.952444282982692,8,0.525,0.805,0.679166666666667,1.01010217534608,1.12320369149637,4.7,0.626549091373208,0.325,0.35,0.0784645870921666,0.625,7.2,0.61671181021665,0,0,0,2.33333333333333,0,1,"Other",0,0,113.683010641245,94.1950526625195,0.89674231669563,1.44282247253193,"S16","S16 - L",0.75,0.780346287703312,0.0303462877033123,0
"195",2011,5,"UAB","Quarterfinals - L",0.446422763498633,0.343238063231519,0.726319666271912,39.8466666666667,11.2516666666667,24.6391666666667,13.7983333333333,5.35583333333333,3.215,12.2341666666667,16.3066666666667,69.8666666666667,61.9241666666667,0.406393149947293,0.306728576371922,0.517867780380827,7.9425,64.4906875,1.0831426753265,0.959916705788747,7.5,0.560714285714286,0.605,0.146666666666667,1.02400141571443,1.1288906866215,3.4,0.58334595742551,0.475833333333333,0.186666666666667,0.129287771034066,0.607142857142857,4.6,0.612106905014725,5.79301360838414,2.29633459594673,0,2,0,0,"Other",0,0,107.9401948107,95.539331918594,0.802408523318625,-0.03464265566889,"First Four","First Four - L",0.733333333333333,0.702947790320862,-0.0303855430124712,0
"196",2011,12,"Arizona","Final - L",0.478678172601065,0.40209805702467,0.755590050974666,37.1606060606061,10.4322510822511,24.1935064935065,14.5965367965368,5.17835497835498,2.76103896103896,13.0294372294372,18.3404761904762,77.4504329004329,66.4816017316017,0.438914132468844,0.288535241019687,0.554998143538972,10.9688311688312,67.1338354978355,1.15400546250659,0.989695819455815,9,0.45,0.86,0.575757575757576,0.994554083405136,1.11662404373691,4.5,0.793879088749858,0.193290043290043,0.33961038961039,0,0.5,4.3,0.679810529560021,5.29330482472449,1.76694855927321,0,2.2,0.2,0,"Other",0,0,115.682010299275,94.9894296012615,0.901373361572655,2.3119128503244,"E8","E8 - L",0.794117647058823,0.747147613449756,-0.0469700336090672,1
"197",2011,21,"San Diego St","Final - W",0.472406435367999,0.348989761750971,0.695275566046654,39.5795454545455,12.5227272727273,24.5064393939394,13.6223484848485,6.2625,4.82613636363636,10.8568181818182,14.6719696969697,72.5481060606061,58.6132575757576,0.396446404728141,0.319433703502217,0.522050331122537,13.9348484848485,63.6952803030303,1.13941290398017,0.920166109325961,6.5,0.535714285714286,0.808333333333333,4.28825757575758,1.20317269861263,1.26540604485562,2.5,0.791410209258644,0.103030303030303,0.259848484848485,0.315933635218735,0.464285714285714,9,0.623164763458401,6.41999492814714,3.35,1,2.88888888888889,0,0,"Other",0,0,112.42593185669,90.1928955903295,0.92572154514918,4.36841873694105,"S16","S16 - L",0.941176470588235,0.850958402570171,-0.0902180680180642,0
"198",2011,26,"UCLA","Quarterfinals - L",0.460575390396512,0.331309271054494,0.678040015540015,39.9810714285714,11.9357142857143,25.5071428571429,15.0957142857143,5.58285714285714,6.06214285714286,14.6225,17.4853571428571,70.7639285714286,65.3739285714286,0.414983839977022,0.336472602739726,0.509882109436705,5.39,67.2986571428571,1.05279928189071,0.970378421921663,7.5,0.430357142857143,0.483333333333333,-2.20642857142857,0.834200389791753,1.047515461228,3.9,0.619799130509426,0.244642857142857,0.0732142857142857,0.208161087220786,0.464285714285714,3.5,0.657425742574257,6.22653666928747,3.3125,3.9,1.77777777777778,0,1,"Other",0,0,106.91757527205,93.530136445911,0.82137723468818,0.6544517537849,"R32","R32 - L",0.6875,0.629655522212358,-0.0578444777876423,0
"199",2011,30,"USC","Semifinals - L",0.441668378324878,0.353261422008616,0.658578026621372,37.3861471861472,10.0735930735931,24.3320346320346,11.9813852813853,5.96450216450216,3.14502164502164,11.6103896103896,16.8857142857143,66.4718614718615,61.325974025974,0.400646768189567,0.326459469476359,0.500042087913291,5.14588744588745,64.2935844155844,1.0337862940919,0.953881124022786,6.5,0.64047619047619,0.5,1.46406926406926,1.0558678603137,1.0411207704449,3.5,0.390035057324478,0.3004329004329,0.142857142857143,0.0318404478656403,0.69047619047619,4.4,0.49185482744297,5.94542060860658,1.65385846311327,0,2.5,0.2,0,"Other",0,0,106.912579594005,92.6590647593955,0.83826103870667,-0.85710125786599,"First Four","First Four - L",0.575757575757576,0.63156410846948,0.0558065327119038,0
"200",2011,41,"UConn","Final - W",0.432717215053037,0.328064469057582,0.739631527971298,44.427380952381,15.1309523809524,25.5440476190476,13.2583333333333,6.45238095238095,6.08690476190476,11.7440476190476,15.9202380952381,73.8940476190476,65.2964285714286,0.39418465244928,0.331094017094017,0.484917289971348,8.59761904761905,66.6107142857143,1.10895257962576,0.980435840323339,8,0.466666666666667,0.3,2.40952380952381,1.05229141968535,1.13576079484204,2.8,0.714591663201518,0.310714285714286,0.195238095238095,0,0.436507936507937,5.8,0.696790540540541,7.07749805356923,3.11904761904762,3.78125,1.9,0.2,1,"Big East",0,1,113.62916211056,94.1150736346455,0.896942491258055,3.3826228462982,"Final","Final - W",0.742857142857143,0.70384026359324,-0.0390168792639031,1
"201",2011,46,"Georgetown","Early Round - L",0.481635533487885,0.364032281300711,0.729402246973937,37.0059829059829,10.0017094017094,23.9871794871795,15.5153846153846,6.38547008547008,4.46324786324786,13.5820512820513,18.7376068376068,72.1666666666667,66.0247863247863,0.415751629400942,0.333170681063123,0.547428275295282,6.14188034188034,65.4563290598291,1.10049440367697,1.01115568371091,7,0.583333333333333,0.675,-2.93675213675214,0.870720720720721,1.13675675675676,2.1,0.674421617302256,0.21025641025641,0.132478632478632,0.138477751261462,0.4375,3.3,0.663965204672867,5.74300318780948,2.15669425579903,2.875,2.66666666666667,0,1,"Big East",0,1,114.14770321548,95.007481930623,0.88410305255865,2.1180967998419,"R64","R64 - L",0.67741935483871,0.650064299095129,-0.0273550557435808,0
"202",2011,52,"Florida St","Quarterfinals - L",0.446447990457233,0.345949167791273,0.674074283733625,42.2432967032967,11.943956043956,26.961978021978,12.569010989011,8.69494505494506,5.80857142857143,16.0606593406593,18.7182417582418,70.5654945054945,61.5375824175824,0.359035460676464,0.296398581727035,0.503034101413032,9.02791208791209,69.7466307692308,1.01158320603995,0.883558751756367,8.5,0.552777777777778,0.605,-0.729230769230769,0.973562166285278,0.784492753623188,3.9,0.337675573886312,0.222637362637363,0.332087912087912,0.261214002724214,0.527777777777778,6.3,0.527653213751868,6.50727771238501,1.4,1,2.18181818181818,0,1,"ACC",1,1,101.004320259672,86.9022015592555,0.849358755568825,0.55554940085936,"S16","S16 - L",0.666666666666667,0.715115565366318,0.0484488986996516,0
"203",2011,57,"Florida","Final - L",0.462440282372523,0.349075757993725,0.665581242734005,41.1149184149184,13.0398601398601,24.4820512820513,14.0484848484848,6.01375291375291,3.70722610722611,12.5498834498835,14.1181818181818,71.0275058275058,61.8207459207459,0.421132560357031,0.316637474367738,0.516193834940914,9.20675990675991,64.4601037296037,1.1020316955426,0.958644852264039,7.5,0.401785714285714,0.5,2.97086247086247,1.04236858182109,1.16624398497845,0,0.63465836651081,0.305361305361305,0.138461538461538,0.0926218217298973,0.401785714285714,8.5,0.697142857142857,6.26530121273771,3.85,3.85,2.625,0,0,"SEC",1,1,112.173372239555,93.4907644952865,0.8891086151468,2.61744315088376,"E8","E8 - L",0.787878787878788,0.747559007186204,-0.040319780692584,1
"204",2011,61,"Georgia","Quarterfinals - L",0.45437884385047,0.338065015479876,0.685952223186593,41.7251282051282,12.4369230769231,25.3030769230769,15.2071794871795,6.66051282051282,5.26,13.4928205128205,16.385641025641,69.2153846153846,64.1358974358974,0.393849754947296,0.328154379020287,0.498644534135974,5.07948717948718,65.8707128205128,1.05062498768857,0.973781913410113,7,0.4375,0.333333333333333,-0.392307692307692,0.943400286431895,1.12752352068492,3.1,0.69246166115609,0.304102564102564,0.125128205128205,0.117296712647185,0.5625,4.6,0.687317399839671,5.28826703069454,0.8826334511563,0,2.77777777777778,0,1,"SEC",1,1,107.586789736455,94.294409603046,0.8073058505726,0.070412958721505,"R64","R64 - L",0.65625,0.642403160577157,-0.0138468394228435,0
"205",2011,87,"Notre Dame","Semifinals - L",0.464869477720756,0.398168789808917,0.728635147356815,41.0878496503496,11.1374125874126,26.8498251748252,16.9879370629371,4.53863636363636,3.76118881118881,10.5409965034965,14.820541958042,77.252534965035,65.0276223776224,0.405944075984607,0.346925697025002,0.539792652722905,12.2249125874126,65.1843977272727,1.18492087284811,1.0001657489025,6,0.75,0.675,0.501923076923077,0.990678649237473,1.61526666666667,2.1,0.850118359774335,0.168006993006993,0.340996503496504,0.137833340463034,0.5,6.1,0.652631578947368,6.16541785423142,1,1,2.625,0,1,"Big East",0,1,120.314061254655,95.405980179384,0.93442727378878,3.8320566594268,"R32","R32 - L",0.8125,0.779418162837033,-0.0330818371629665,0
"206",2011,96,"Kentucky","Final - W",0.465383710792563,0.405894657723926,0.713875559491888,41.1072261072261,12.1916083916084,26.4414918414918,12.965034965035,5.60979020979021,6.37132867132867,10.7648018648019,15.7668997668998,77.6932400932401,63.2361305361305,0.388321556190893,0.326738024434811,0.532850416258922,14.4571095571096,66.988006993007,1.15955140224984,0.944935779638859,6,0.666666666666667,0.833333333333333,2.4993006993007,1.15680370603627,1.20421766145735,3.2,0.440578343415904,0.162703962703963,0.364102564102564,0,0.666666666666667,7.5,0.770465489566613,6.43615036836943,2.91666666666667,3,2,0.2,1,"SEC",1,1,118.29911360213,91.5181880167215,0.948940249927205,2.5834373941285,"F4","F4 - L",0.757575757575758,0.824359739577758,0.0667839820020002,1
"207",2011,97,"Louisville","Final - L",0.457842876096901,0.362900899372136,0.658283095207163,39.0153846153846,12.8282051282051,24.4025641025641,17.7923076923077,9.61923076923077,5.11666666666667,13.1166666666667,19.1705128205128,76.6602564102564,63.4025641025641,0.389505312142149,0.304031165311653,0.528177189257246,13.2576923076923,69.3314102564103,1.10433283857035,0.915802547802839,8.5,0.534722222222222,0.45,3.77179487179487,1.2773770173831,1.36257636459706,4.6,0.634995918866136,0.25,0.352564102564103,0.42125760044196,0.645833333333333,4.6,0.728426395939086,6.67076632084587,3.7,2.35714285714286,2.45454545454545,0,1,"Big East",0,1,111.320913682725,89.719831057935,0.922761793962815,2.27791279466906,"R64","R64 - L",0.735294117647059,0.789477787223445,0.0541836695763864,0
"208",2011,104,"Boston Univ","Final - W",0.403479209754445,0.356316323113023,0.727752977115046,40.7658008658009,12.4088744588745,23.8350649350649,10.0852813852814,5.51212121212121,3.72251082251082,11.8623376623377,18.4069264069264,66.1,64.2872294372294,0.397845841380614,0.316857466063348,0.474953523241054,1.81277056277056,62.9864534632035,1.05015756767774,1.01924942727568,7,0.571428571428571,0.7,-0.75995670995671,0.968082933239653,0.854695083076363,3.6,0.521010710772536,0.405194805194805,0.104761904761905,0.102699317006611,0.571428571428571,4.3,0.610568666365258,3.58351893845611,0,0,2.3,0.4,0,"Other",0,0,101.6061703737,103.08190694474,0.45911193574821,-3.70467392305845,"R64","R64 - L",0.617647058823529,0.565596957066987,-0.0520501017565423,0
"209",2011,127,"Michigan St","Semifinals - L",0.438054584021503,0.357143273950503,0.696313498225377,40.8189102564103,11.8358974358974,25.6980769230769,15.2733974358974,6.70705128205128,4.83173076923077,13.6400641025641,18.5291666666667,70.3923076923077,65.9727564102564,0.417446773451257,0.358625771196898,0.498005729422568,4.41955128205128,67.3560769230769,1.04389944932986,0.982987824703985,7,0.583333333333333,0.625,0.346474358974359,0.930071940196501,1.12917799224091,3.9,0.63686327239132,0.408012820512821,0.186217948717949,0.102737722804662,0.645833333333333,3.2,0.713725490196078,6.2363695902037,4.38461538461539,4.38461538461539,2.72727272727273,0.2,1,"Big Ten",0,1,107.81655399001,92.6386728451305,0.8495244458735,0.9864843775115,"R64","R64 - L",0.575757575757576,0.573916486246319,-0.0018410895112565,0
"210",2011,130,"Michigan","Semifinals - L",0.448256867585401,0.352426520235573,0.695716837852544,35.6811188811189,8.56550116550117,24.4634032634033,13.934965034965,4.64895104895105,2.195337995338,10.3634032634033,16.3496503496504,67.1916083916084,62.0559440559441,0.42143622094879,0.322767345563099,0.525976367687802,5.13566433566434,62.8517435897436,1.06844586265344,0.988973599679637,7,0.714285714285714,0.491666666666667,0.137062937062937,1.13017611683849,1.34420716740304,2.1,0.500116454983693,0.301165501165501,0.192307692307692,0.013982050070855,0.714285714285714,2.7,0.597883597883598,6.34212141872115,1.4,1,1.85714285714286,0.2,0,"Big Ten",0,1,108.660998429875,93.131655016916,0.85478196123574,0.808515507453405,"R32","R32 - L",0.606060606060606,0.612377691753136,0.00631708569252964,0
"211",2011,142,"Missouri","Quarterfinals - L",0.464549186247766,0.370310829067306,0.735697487424657,39.0228571428571,12.6214285714286,23.4014285714286,16.8342857142857,10.0895238095238,5.14714285714286,12.9290476190476,19.9314285714286,82.4590476190476,69.9109523809524,0.427281773269652,0.334639369282484,0.523458805869646,12.5480952380952,73.7375023809524,1.11752913026498,0.950518503371243,8,0.4375,0.875,5.7152380952381,1.45603446626205,1.30092587702277,3.6,0.607687849736732,0.18047619047619,0.278571428571429,0.185064743617298,0.625,7.3,0.667420030776524,5.57972982598622,1.6763036162207,2,2.2,0,0,"Big12",1,1,112.297626168785,95.413148013769,0.86599396558084,0.658650002164725,"R64","R64 - L",0.696969696969697,0.7540820975574,0.0571124005877028,0
"212",2011,150,"Duke","Final - W",0.47759859002022,0.396011246831878,0.747565481051326,41.7316666666667,12.1466666666667,26.215,15.4516666666667,7.90333333333333,4.53,12.4333333333333,17.5933333333333,83.4016666666667,63.6216666666667,0.397822496703215,0.315380840365624,0.546897129562249,19.78,71.139225,1.17016059292355,0.896523793911225,7.5,0.598214285714286,0.775,2.72166666666667,1.27722527472527,1.23404761904762,3.6,0.668635066438974,0.116666666666667,0.44,0.0524523160762943,0.464285714285714,9.3,0.756756756756757,7.04577657687951,4.71153846153846,4.71153846153846,2.33333333333333,0.2,1,"ACC",1,1,118.79419194112,88.0291597732965,0.966360411139015,4.6442955471982,"S16","S16 - L",0.882352941176471,0.880441207019993,-0.00191173415647783,0
"213",2011,153,"North Carolina","Final - L",0.453500544563768,0.333149225568048,0.651696572829366,45.9179487179487,14.2097902097902,28.6552447552448,15.8016317016317,6.28554778554779,5.43263403263403,13.6340326340326,16.3638694638695,77.5494172494172,67.4009324009324,0.399963041347951,0.316872386181652,0.494383144579127,10.1484848484848,72.8072878787879,1.06515697070041,0.926533461492398,8.5,0.354166666666667,0.566666666666667,3.12097902097902,1.06833200968294,1.17320071825855,1.5,0.76420943216284,0.34988344988345,0.29020979020979,0.112230915411487,0.590277777777778,5.2,0.798439531859558,6.64639051484773,4.025,5.75,2.2,0.2,1,"ACC",1,1,109.77121199621,88.8122127635275,0.919562063273715,3.64258473896105,"E8","E8 - L",0.787878787878788,0.743142131231773,-0.044736656647015,1
"214",2011,163,"Princeton","Final - W",0.466101324472535,0.370068717809705,0.727392344497608,37.1166666666667,9.80238095238095,24.8928571428571,13.5607142857143,5.91547619047619,4.27380952380952,12.4642857142857,17.5571428571429,69.8583333333333,63.5369047619048,0.421252116423446,0.327145675307716,0.526866437519076,6.32142857142857,64.5591785714286,1.08237659896392,0.983017989961841,7,0.45,0.675,0.297619047619048,0.984797365754813,1.09420803782506,2.2,0.785702124034974,0.397619047619048,0.119047619047619,0.0544554455445545,0.354166666666667,3.9,0.510443308754319,4.47733681447821,0,0,2.55555555555556,0.2,1,"Other",0,0,105.64790210529,97.546096358725,0.714542507801355,-0.055136451003865,"R64","R64 - L",0.806451612903226,0.697711023617131,-0.108740589286095,0
"215",2011,183,"Syracuse","Semifinals - L",0.477511376285542,0.353801652892562,0.667866154256549,42.708479020979,12.6629370629371,25.6998251748252,16.5336538461538,8.68522727272727,6.99798951048951,12.1348776223776,15.1554195804196,75.0838286713287,63.1812937062937,0.39163890739507,0.314688950519936,0.536119975245218,11.902534965035,66.3114759615385,1.13210388800935,0.954134376443099,7.5,0.598214285714286,0.425,1.65358391608392,1.14873578564523,1.37928502370977,1.7,0.802051901960468,0.18715034965035,0.28548951048951,0.14877655482985,0.401785714285714,7.1,0.738859180035651,7.02375895473844,2.61111111111111,2.61111111111111,2,0.2,0,"Big East",0,1,113.47667283376,91.7199007252845,0.920296558737215,2.99375000417235,"R32","R32 - L",0.78125,0.788718609086802,0.0074686090868018,0
"216",2011,194,"Ohio State","Final - W",0.496508582073436,0.415504556743102,0.703762903762904,37.8060606060606,11.3008658008658,23.6837662337662,16.2010822510823,7.51471861471861,3.21580086580087,10.3019480519481,14.0887445887446,78.4292207792208,58.7753246753247,0.421208043828737,0.332727910555857,0.568577256189069,19.6538961038961,64.8959155844156,1.20753861821312,0.910475003062796,7,0.5,0.741666666666667,7.74285714285714,1.52192368338064,1.56579943235572,1.7,0.721324640292616,0.157575757575758,0.472943722943723,0.0973782771535581,0.645833333333333,9.5,0.74901757595744,5.8406416573734,2.13243415279347,2.875,2.5,0.2,1,"Big Ten",0,1,122.252472350435,88.713658615322,0.97506487397552,5.84480063765945,"S16","S16 - L",0.941176470588235,0.898488698399724,-0.0426877721885117,0
"217",2011,213,"Penn State","Final - L",0.433789198012751,0.333395454532835,0.723100630022143,35.275,10.325,21.9833333333333,12.0666666666667,4.8,2.74166666666667,10.95,15.8166666666667,63.925,62.4916666666667,0.434095820184836,0.376822410681917,0.502164202754115,1.43333333333333,60.5646666666667,1.05665778391499,1.03471490377478,6,0.545714285714286,0.425,1.50833333333333,1.0576334271582,1.12455032383243,2.1,0.768300552081465,0.316666666666667,0.15,0.215645122599399,0.414285714285714,1.7,0.480769230769231,6.0330862217988,1,0,3,0,1,"Big Ten",0,1,110.08732232645,96.8268166201085,0.80344144500727,0.7338301612057,"R64","R64 - L",0.575757575757576,0.520761164634554,-0.0549964111230218,0
"218",2011,218,"Temple","Semifinals - L",0.453139609141241,0.342365457398689,0.681512948878406,39.355303030303,11.0287878787879,25.1931818181818,15.1325757575758,7.10151515151515,4.70909090909091,10.9030303030303,15.8030303030303,70.8280303030303,61.3507575757576,0.407129164882705,0.339056822090878,0.504549378173736,9.47727272727273,65.8080340909091,1.07792857040982,0.932757452855222,7.5,0.472222222222222,0.616666666666667,3.78787878787879,1.24664634146341,1.42086720867209,2.6,0.63531967595508,0.236363636363636,0.168181818181818,0.190254612893228,0.527777777777778,4.3,0.65016501650165,6.4085287910595,1,1,2.55555555555556,0.2,1,"Other",0,0,107.15046339534,91.1719339880475,0.864054767493095,1.09740906390959,"R32","R32 - L",0.78125,0.757031186033523,-0.0242188139664768,0
"219",2011,221,"Pitt","Quarterfinals - L",0.476030869944981,0.389311491363231,0.668929931728351,43.835,14.7317857142857,25.7614285714286,17.9978571428571,4.84821428571429,3.57357142857143,11.5510714285714,17.6767857142857,74.8575,60.8521428571429,0.398739840071163,0.334904739363029,0.529326096152003,14.0053571428571,63.2593875,1.18237824224735,0.963447492092839,8,0.380952380952381,0.766666666666667,4.23821428571429,0.9953235597046,1.56591299481313,1.4,0.561626604798982,0.213214285714286,0.271785714285714,0.177009288696905,0.436507936507937,6.3,0.764334885211649,5.49306144334055,1.44070846598676,1.57142857142857,2.9,0,0,"Big East",0,1,119.156260087405,92.7978038959255,0.946438842137865,3.74600692534595,"R32","R32 - L",0.84375,0.841990275215993,-0.00175972478400677,0
"220",2011,222,"Villanova","Early Round - L",0.440816187557761,0.340309441639403,0.760185272404163,42.7066666666667,12.36,25.605,14.1783333333333,6.53166666666667,3.995,11.9933333333333,17.0733333333333,73.5966666666667,64.115,0.399548506792746,0.308300848562078,0.501844442512636,9.48166666666667,66.24075,1.11064137768687,0.971104887058205,7.5,0.507142857142857,0.333333333333333,2.3,1.03912574151512,1.18571768939026,3.4,0.600676896465695,0.303333333333333,0.145,0.155498870873937,0.535714285714286,4,0.638506876227898,6.23441072571837,2.4375,2.91666666666667,2.66666666666667,0,0,"Big East",0,1,113.48799773754,94.1844429882015,0.89123931325257,0.681367489268561,"R64","R64 - L",0.65625,0.709080037031717,0.052830037031717,0
"221",2011,228,"Clemson","Semifinals - L",0.446241927471436,0.348296410862939,0.693996651598862,37.4007936507937,11.2698412698413,23.5515873015873,13.0388888888889,8.08015873015873,4.99047619047619,13.4507936507937,18.2539682539683,68.4904761904762,60.3539682539683,0.397546390927913,0.320001310628954,0.515120251541119,8.13650793650794,65.0148095238095,1.05363774378024,0.928238737590871,7.5,0.535714285714286,0.525,1.89206349206349,1.13886959535047,0.970497497071442,3.5,0.219897736620079,0.193650793650794,0.162698412698413,0.192676126064781,0.464285714285714,7.6,0.659915358452867,5.53338948872752,0.923545394489304,0,2.88888888888889,0,0,"ACC",1,1,107.893431540535,90.921398767494,0.87490250392162,0.257396239719045,"R64","R64 - L",0.65625,0.726040734806413,0.0697907348064128,0
"222",2011,235,"Memphis","Final - W",0.45384838665262,0.324969340970219,0.686647488912861,39.4698717948718,12.4666666666667,23.7602564102564,15.3570512820513,9.00192307692308,5.60064102564103,15.3602564102564,20.0429487179487,74.3051282051282,67.6435897435897,0.408848978799232,0.320369628366342,0.505856939857137,6.66153846153846,70.8725608974359,1.04753607791848,0.956314440714973,8.5,0.472222222222222,0.425,-0.620512820512821,1.01537997054492,1.00282719685812,6,0.867789913394389,0.383974358974359,0.129487179487179,0.205256011022639,0.708333333333333,5,0.673523128563607,3.55534806148941,0,0,1.66666666666667,0.2,0,"Other",0,0,103.5280402801,95.9781860522355,0.704412362282595,0.0367450013943035,"R64","R64 - L",0.735294117647059,0.618673752753644,-0.116620364893414,0
"223",2011,238,"Vanderbilt","Semifinals - L",0.465644603957216,0.380508964719491,0.742287327214916,39.8959090909091,10.7259090909091,26.5042424242424,13.9056060606061,5.35136363636364,5.00212121212121,13.619696969697,16.4978787878788,77.1731818181818,67.0913636363636,0.406367787882037,0.298119283941865,0.53793110587589,10.0818181818182,68.7453340909091,1.12253698912353,0.977626107266193,8.5,0.447222222222222,0.808333333333333,-2.45257575757576,0.928591401823109,1.02036492978566,4.3,0.515481659058791,0.239545454545455,0.214848484848485,0.172078248962329,0.354166666666667,5.8,0.626865671641791,6.28599809450886,1.66666666666667,2,2.55555555555556,0,1,"SEC",1,1,113.52760833013,94.8936199658565,0.885952286336475,0.900088038507005,"R64","R64 - L",0.696969696969697,0.736260656301629,0.0392909593319318,0
"224",2011,245,"Texas A&M","Semifinals - L",0.445118155088068,0.338404187321316,0.705532742498439,40.4825641025641,12.9651282051282,24.2517948717949,13.8748717948718,6.60666666666667,1.66871794871795,13.0835897435897,18.0784615384615,69.9394871794872,60.1128205128205,0.405312234835455,0.3129367253281,0.496283519184235,9.82666666666667,64.1772153846154,1.08885290443343,0.939398985431739,7,0.6125,0.583333333333333,3.88410256410256,1.057119203118,1.0643937797909,2.2,0.696833794964092,0.275384615384615,0.355897435897436,0,0.4375,4.5,0.601313233460852,5.93224518744801,1.48517406907918,1,2.77777777777778,0,1,"Big12",1,1,107.442212123545,94.0394804568,0.82212676624575,1.20320242916105,"R64","R64 - L",0.75,0.739660908176815,-0.010339091823185,0
"225",2011,251,"Texas","Final - L",0.453069141617854,0.376962655824196,0.643820390299746,44.4623776223776,13.9691608391608,27.0565734265734,13.6795804195804,5.96181818181818,4.97244755244755,12.0160839160839,17.1004195804196,75.7026573426573,61.5660839160839,0.379096178737729,0.292790159542078,0.503664169559673,14.1365734265734,68.7013342657343,1.10221357824485,0.897160929634139,7.5,0.401785714285714,0.766666666666667,3.45643356643357,1.11914327607876,1.14074116743472,1.3,0.399414843560524,0.211748251748252,0.443776223776224,0,0.598214285714286,5.6,0.665771812080537,6.61472560020376,1.75,1.95833333333333,2.77777777777778,0.2,1,"Big12",1,1,112.53690345751,88.3309667380345,0.93314427736065,2.70333434508775,"R32","R32 - L",0.794117647058823,0.847227799901915,0.0531101528430917,0
"226",2011,252,"BYU","Final - L",0.451893337098864,0.351682429592266,0.757344729344729,42.369696969697,11.7341991341991,27.4774891774892,14.6811688311688,8.04675324675325,4.18961038961039,11.125974025974,17.4465367965368,81.8344155844156,67.0547619047619,0.409850768189116,0.326181857358328,0.519317048915049,14.7796536796537,71.7164945887446,1.14133959330292,0.936142716941619,6.5,0.392857142857143,0.583333333333333,4.52142857142857,1.32312732989724,1.32068154559305,2.4,0.741485047448156,0.0714285714285714,0.371212121212121,0.119149117015092,0.619047619047619,6,0.741050906990058,5.12396397940326,0.855210598196153,1,2.375,0,0,"Other",0,0,116.536409197865,93.71589633573,0.92365168074515,3.62114045476895,"S16","S16 - L",0.882352941176471,0.836107642914729,-0.0462452982617417,0
"227",2011,257,"Richmond","Final - W",0.468196467057425,0.401825586162838,0.678808982004603,35.2867965367965,8.72792207792208,24.1727272727273,15.1571428571429,6.30952380952381,4.19393939393939,10.9075757575758,16.4235930735931,70.4149350649351,61.1324675324675,0.401870794230525,0.29376502718765,0.543575449842912,9.28246753246753,64.1077608225108,1.09850213250301,0.954437892197239,7.5,0.430357142857143,0.9,-0.854545454545454,1.19889768616477,1.39264896594089,2.4,0.347040563082084,0.138744588744589,0.158658008658009,0.0707755581668625,0.401785714285714,3.9,0.538236269338396,5.26269018890489,0.878364571387664,1,3.125,0.2,0,"Other",0,0,109.88873431785,94.9974659228555,0.839935970115365,0.916504225764245,"S16","S16 - L",0.794117647058823,0.769448052890041,-0.0246695941687829,0
"228",2011,264,"Washington","Final - W",0.474308654739046,0.38069460254738,0.666089252821595,42.5438228438228,14.2715617715618,25.1825174825175,17.3445221445221,7.12051282051282,5.38158508158508,12.1270396270396,20.1969696969697,84.7736596736597,69.8097902097902,0.411718059901124,0.317394478513826,0.539653094056728,14.9638694638695,72.5855372960373,1.16748183910064,0.962297939002253,9.5,0.577777777777778,0.573333333333333,5.76736596736597,1.29055378852398,1.43694308503022,6.4,0.241241653207944,0.201165501165501,0.410722610722611,0.214904254012904,0.577777777777778,5.3,0.595936794582393,6.09582456243222,1.66666666666667,1.8,2.6,0.2,0,"Other",0,0,117.353800757785,93.9011975558095,0.91771275899579,0.87098464280333,"R32","R32 - L",0.696969696969697,0.813045185768356,0.116075488798659,0
"229",2011,269,"Marquette","Quarterfinals - L",0.48068929049262,0.348904134940778,0.695515357956117,39.6602564102564,12.2974358974359,24.3897435897436,16.7153846153846,7.61666666666667,3.85897435897436,12.4,16.4692307692308,77.6025641025641,68.2628205128205,0.433737209881827,0.353221526862831,0.526351956821317,9.33974358974359,68.706,1.12888496108344,0.995819512094264,7,0.428571428571429,0.5,2.83333333333333,1.17146709046698,1.34101512900736,0.8,0.469108568348437,0.292307692307692,0.364102564102564,0.131067961165049,0.714285714285714,6.2,0.61374370969402,4.61512051684126,0.770282537859451,1,2,0.2,1,"Big East",0,1,114.04808639421,96.6595529294425,0.86847777272922,0.296476545401625,"S16","S16 - L",0.588235294117647,0.697124251517681,0.108888957400034,0
"230",2011,275,"Wisconsin","Quarterfinals - L",0.455785445356422,0.387104730619375,0.821135131001166,34.4090384615385,10.4165384615385,21.8009615384615,13.3709615384615,3.5375,3.33019230769231,7.62673076923077,14.7844230769231,69.5953846153846,57.7717307692308,0.424144787227359,0.371481691561102,0.53557184299446,11.8236538461538,57.6186884615385,1.20750028045359,1.00481160254344,6.5,0.569047619047619,0.775,4.66038461538461,1.30043840216403,1.75855156277935,2.6,0.620879714677188,0.214423076923077,0.269807692307692,0,0.464285714285714,6.4,0.692538512905256,5.87773578177964,1.6350303378987,1.66666666666667,2.875,0,0,"Big Ten",0,1,120.30741519893,94.3948109153505,0.94215744358562,2.818431602756,"S16","S16 - L",0.741935483870968,0.793262018405408,0.0513265345344401,0
"231",2011,277,"West Virginia","Early Round - L",0.435266073194686,0.32844357813548,0.704816265294989,41.4545454545455,14.630303030303,23.4666666666667,15.4393939393939,4.77575757575758,4.5030303030303,12.0272727272727,18.1606060606061,71.7363636363636,64.4,0.402961648083496,0.283123220354551,0.491975171761303,7.33636363636364,64.2423939393939,1.11494437766142,1.00279248108054,8,0.520634920634921,0.5,1.99090909090909,1.03675833969952,1.28926343264579,4.9,0.523529205950188,0.354545454545455,0.16969696969697,0.139407264189504,0.492063492063492,3.1,0.734643734643735,6.70318811324086,1.94444444444444,2.83333333333333,3.22222222222222,0.2,1,"Big East",0,1,113.846300719205,93.824805817468,0.90242702618712,1.46368243930748,"R32","R32 - L",0.645161290322581,0.668632539670593,0.0234712493480128,0
"232",2011,282,"Indiana St","Final - W",0.435070577584745,0.365959765632811,0.699949486008966,37.8333333333333,10.7583333333333,24.1333333333333,13.025,6.06666666666667,4.53333333333333,13.8083333333333,19.9083333333333,66.8333333333333,64.0833333333333,0.407262033951767,0.330757045007293,0.501925347917577,2.75,65.1012916666667,1.02876361600012,0.985389489327771,7.5,0.510714285714286,0.533333333333333,-0.283333333333333,0.947720794605431,0.968238563878258,3.5,0.679209481404568,0.325,0.2,0.284520921939799,0.866071428571429,2.5,0.626297018342165,0,0,0,2.63636363636364,0.2,0,"Other",0,0,101.382657522538,95.8418646922335,0.651223857503035,-2.0475757680123,"R64","R64 - L",0.606060606060606,0.577240284845188,-0.0288203212154179,0
"233",2011,295,"Old Dominion","Final - W",0.442299813614982,0.338709888647541,0.659388926369001,43.2115151515152,15.784696969697,24.7233333333333,14.5093939393939,6.85560606060606,4.66575757575758,12.7762121212121,14.9990909090909,66.5657575757576,58.895,0.404973180754892,0.371006256057802,0.491290985392133,7.67075757575758,60.561096969697,1.09991202198164,0.971752718001521,7.5,0.492857142857143,0.275,5.06257575757576,0.917808906674741,1.15235896558306,1.8,0.734376872439338,0.227727272727273,0.155,0.0625829279080053,0.598214285714286,6.4,0.660642570281124,6.21260609575152,1,1,3.625,0.2,0,"Other",0,0,107.835991058025,95.835851076933,0.792143951743775,1.18033017979777,"R64","R64 - L",0.818181818181818,0.740129203951229,-0.0780526142305892,0
"234",2011,328,"Utah State","Final - W",0.472892710667788,0.372970606935003,0.745421420684579,40.0419913419913,11.0861471861472,26.8688311688312,15.5411255411255,4.85627705627706,3.42900432900433,11.6272727272727,16.725974025974,72.7666666666667,57.9229437229437,0.38540057394436,0.309405485092783,0.53616210458719,14.8437229437229,63.38179004329,1.14975242763094,0.914062633771391,7,0.5,0.683333333333333,2.3978354978355,1.03200558227847,1.34872454924551,2.8,0.763032665880526,0.0878787878787879,0.28008658008658,0.0403921568627451,0.571428571428571,6.9,0.683578104138852,6.62007320653036,1,1,3,0.2,0,"Other",0,0,109.29836578133,91.0565439941685,0.885012570853395,1.91496096728832,"R64","R64 - L",0.909090909090909,0.863152782584012,-0.0459381265068971,0
"235",2011,356,"Illinois","Quarterfinals - L",0.473067304632473,0.390429025199866,0.723060883797054,38.184126984127,10.3309523809524,24.7333333333333,16.8587301587302,5.61031746031746,4.61190476190476,12.7626984126984,17.5674603174603,72.3825396825397,65.0690476190476,0.400221846147061,0.301948065834193,0.539790523544647,7.31349206349206,66.6264166666667,1.08509944603811,0.978168061086583,7,0.6,0.645,-1.49920634920635,0.980607230607231,1.32166725166725,3.6,0.443978664721897,0.249206349206349,0.173809523809524,0.022525192649674,0.571428571428571,6.9,0.686567164179104,5.99893656194668,2.07142857142857,2.1,2.75,0.2,0,"Big Ten",0,1,113.552096834045,91.646635693416,0.921617234411555,0.677347958287844,"R32","R32 - L",0.59375,0.682313094350349,0.0885630943503491,0
"236",2011,2006,"Akron","Final - W",0.43039075761932,0.356038823768847,0.70310757809217,37.7020979020979,10.1846153846154,24.1685314685315,14.6461538461538,6.89230769230769,3.60489510489511,12.2160839160839,19.0265734265734,70.420979020979,65.1566433566434,0.416521819549582,0.314266059144108,0.500731531381335,5.26433566433566,67.9084895104895,1.03723058924423,0.959571504890695,8.5,0.472222222222222,0.7,1.0034965034965,1.22027395163759,1.20569143819144,4.4,0.761235634856169,0.174825174825175,0.179020979020979,0.0171647819063005,0.472222222222222,3.5,0.623735562883678,5.54517744447956,0.925512852639037,1,3,0,0,"Other",0,0,100.514678217392,98.472638065484,0.5565868838352,-2.7428883222689,"R64","R64 - L",0.657142857142857,0.650505242885151,-0.00663761425770648,0
"237",2011,2011,"Alabama St","Final - W",0.392719721134678,0.274997669080161,0.581914567513075,39.4179487179487,13.0217948717949,22.7858974358974,11.4487179487179,7.47820512820513,4.76666666666667,16.1666666666667,22.2974358974359,59.748717948718,64.0179487179487,0.401578704608729,0.339299904328766,0.437629085726284,-4.26923076923077,66.3863525641026,0.900502400175559,0.96396770912778,9.5,0.394444444444444,0.1,0.773076923076923,0.983497416005701,0.71319691079426,6,0.707654206879112,0.105128205128205,0.280769230769231,0.305411707184771,0.472222222222222,1,0.536382272285588,5.04342511691925,0.841768331810234,1,2,0.4,0,"Other",0,0,87.92446590688,104.99394419884,0.127550304752853,-6.44598151859105,"First Four","First Four - L",0.5,0.420717239809812,-0.0792827601901876,0
"238",2011,2031,"Little Rock","Final - W",0.423656374753536,0.401975631412786,0.679725022375053,37.1787878787879,10.7121212121212,22.9878787878788,12.1939393939394,5.80606060606061,2.46060606060606,11.869696969697,19.9545454545455,67.8484848484848,66.7727272727273,0.433970398970399,0.339243434069131,0.48758427320819,1.07575757575758,65.2870151515151,1.03924693254859,1.0227620604209,8.5,0.409722222222222,0.95,2.3030303030303,1.16923829398722,1.02743793748098,3.8,0.708837039682894,0.321212121212121,0.2,0.132786278942848,0.590277777777778,5.3,0.552264669501872,5.34233425196481,0,0,2.08333333333333,0.2,1,"Other",0,0,98.7246513487955,104.338102350185,0.346244512294845,-5.4522966962729,"First Four","First Four - L",0.542857142857143,0.531809415249673,-0.01104772760747,0
"239",2011,2057,"Belmont","Final - W",0.462954348537074,0.379988849839805,0.739774073808092,39.9782051282051,13.2846153846154,23.6102564102564,16.5628205128205,9.75384615384615,3.59615384615385,13.9987179487179,20.9064102564103,81.5935897435897,63.0371794871795,0.405172611648651,0.337622164745835,0.546221020553215,18.5564102564103,70.4190576923077,1.15904801818736,0.893765312715559,9.5,0.577777777777778,0.633333333333333,7.5025641025641,1.36795994030841,1.18313433924722,3.2,0.626931465311545,0.11025641025641,0.497435897435897,0,0.633333333333333,4.1,0.568884962183726,5.8171111599632,0.970899704776032,1,2.54545454545455,0.2,0,"Other",0,0,111.024169001515,93.5503741303715,0.877400061866155,0.55754119265939,"R64","R64 - L",0.882352941176471,0.903618618202468,0.0212656770259977,0
"240",2011,2083,"Bucknell","Final - W",0.44972760005336,0.403579621414682,0.785161530650366,37.1883333333333,8.22166666666667,25.8216666666667,14.7733333333333,4.76166666666667,3.13833333333333,11.3783333333333,18.0833333333333,70.6433333333333,63.3683333333333,0.393037398453674,0.319838159493611,0.513736000724244,7.275,66.262525,1.06615236435715,0.956586752251103,7,0.542857142857143,0.858333333333333,-1.69333333333333,1.05225475499567,1.29807840413681,1.9,0.673747662044447,0.301666666666667,0.181666666666667,0,0.714285714285714,7.4,0.432021445985539,4.12713438504509,0,0,2.57142857142857,0.2,0,"Other",0,0,103.955875710465,96.884226008749,0.69012394437979,-1.05289006398645,"R64","R64 - L",0.757575757575758,0.719292653808141,-0.0382831037676161,0
"241",2011,2086,"Butler","Final - W",0.443561339499555,0.357856426223837,0.731030107626647,37.368717948718,10.7784615384615,24.2266666666667,12.474358974359,6.11641025641026,1.54923076923077,10.9364102564103,18.8317948717949,73.3753846153846,64.6805128205128,0.4270650390897,0.32481703237678,0.511843483622794,8.69487179487179,66.2954487179487,1.10693686486597,0.976345102739823,8,0.5375,0.53,3.65435897435897,1.18901325167626,1.14398495579003,5.7,0.610141169656514,0.247179487179487,0.247179487179487,0.125583428707249,0.625,5,0.804543016411866,4.65396035015752,2.20083435167414,2.83333333333333,2.88888888888889,0,0,"Other",0,0,111.658338863665,95.7077982846445,0.84810106932873,-0.188196202542265,"Final","Final - L",0.71875,0.735304515838827,0.0165545158388273,1
"242",2011,2132,"Cincinnati","Quarterfinals - L",0.436560689191522,0.342420116065865,0.670957417298461,38.4803571428571,12.9383116883117,22.8318181818182,14.3508116883117,7.89788961038961,3.85340909090909,11.4402597402597,16.7537337662338,69.7573051948052,57.7751623376623,0.407041885094552,0.307661930991312,0.497037311512476,11.9821428571429,63.7697832792208,1.09247318893726,0.908235681087031,9,0.533333333333333,0.66,6.55941558441558,1.29569606773674,1.25943301646668,2.9,0.510756432486846,0.0738636363636364,0.325649350649351,0.0564663484283502,0.388888888888889,3.9,0.589555799522247,5.40717177146012,0.902479139940852,0,2.8,0.2,0,"Big East",0,1,108.723256394075,89.360637638885,0.898843999252955,1.6123037451115,"R32","R32 - L",0.757575757575758,0.78782294406707,0.0302471864913127,0
"243",2011,2244,"George Mason","Semifinals - L",0.471552675657335,0.391544124437155,0.681109936405186,39.45,10.8708333333333,25.1166666666667,14.4666666666667,6.925,3.43333333333333,11.2541666666667,17.2916666666667,73.4166666666667,60.7583333333333,0.399474047500892,0.297035828716374,0.532695366767474,12.6583333333333,65.3609166666667,1.12378730270658,0.93057258423943,6,0.416666666666667,0.833333333333333,2.40833333333333,1.25036606423391,1.288351559802,2.6,0.449160825105523,0.075,0.308333333333333,0,0.5,5.3,0.578800557880056,6.57646956904822,1.875,1.875,2.77777777777778,0,0,"Other",0,0,110.685009387265,94.113191816743,0.86552857780757,0.594132715829085,"R32","R32 - L",0.8125,0.819100359161864,0.00660035916186386,0
"244",2011,2250,"Gonzaga","Final - W",0.482692374753821,0.373299958281185,0.754001373480464,41.0774350649351,11.324512987013,26.2155844155844,15.5461038961039,7.39269480519481,3.81688311688312,13.4123376623377,18.4448051948052,77.6556818181818,64.9988636363636,0.399389536323016,0.361099099099099,0.535229206613207,12.6568181818182,68.6257516233766,1.13222656689995,0.947206353275326,8.5,0.180555555555556,0.8,2.35275974025974,1.15391199825162,1.18984301012603,3.9,0.432683652720499,0.271266233766234,0.380681818181818,0.23464131482717,0.409722222222222,7.8,0.796804254414008,5.89989735358249,1.52183545627596,1.54545454545455,2,0,1,"Other",0,0,108.97826733237,92.608522554178,0.86667763743089,0.177625023161781,"R32","R32 - L",0.727272727272727,0.804564302412476,0.0772915751397486,0
"245",2011,2261,"Hampton","Final - W",0.401875674306597,0.312863830104145,0.651107226107226,39.0562271062271,11.3141025641026,24.5774725274725,12.332967032967,7.71684981684982,5.73150183150183,12.5194139194139,17.9086080586081,66.0181318681319,61.1994505494506,0.378706174967806,0.302658261006174,0.459643663626042,4.81868131868132,67.4098974358974,0.978348272380315,0.907197467570945,6.5,0.464285714285714,0.166666666666667,1.07014652014652,1.27353716246524,0.978769792320804,2.4,0.663617041587756,0.413736263736264,0.0333333333333333,0.116813748258244,0.69047619047619,0.9,0.516118580829029,3.49650756146648,0,0,2.33333333333333,0,1,"Other",0,0,92.326120733775,96.2826796840965,0.382660267274275,-2.71623295712095,"R64","R64 - L",0.75,0.668933727263684,-0.0810662727363163,0
"246",2011,2305,"Kansas","Final - W",0.519797433720556,0.394011682242991,0.670880292415474,40.8183333333333,11.67,27.2166666666667,18.4033333333333,8.38833333333333,4.62333333333333,13.4433333333333,17.6316666666667,83.2166666666667,63.6616666666667,0.390308368532053,0.28591235708271,0.583224985234031,19.555,70.27665,1.18397123956079,0.906349311886096,8.5,0.298611111111111,0.616666666666667,2.265,1.122825134817,1.37077276833374,0.9,0.878126621808559,0.18,0.521666666666667,0.219346234187713,0.708333333333333,10.6,0.734290843806104,6.32435896238131,2.875,3.35714285714286,2.6,0,0,"Big12",1,1,118.83784297477,88.241835994406,0.968315398742605,5.10865834869615,"E8","E8 - L",0.941176470588235,0.881528741869311,-0.0596477287189247,1
"247",2011,2306,"Kansas St","Quarterfinals - L",0.441522375003147,0.382255590674607,0.642152784072026,42.0126984126984,14.8238095238095,23.7587301587302,14.6714285714286,6.50238095238095,4.7,15.0793650793651,20.1190476190476,73.8325396825397,65.118253968254,0.416614781709086,0.34470407026283,0.501555186783894,8.71428571428572,69.1780238095238,1.06746702680519,0.943650448939522,9,0.3875,0.741666666666667,5.65,1.06852183249821,0.970919828203293,5,0.600838840216953,0.16031746031746,0.231746031746032,0.420275113398838,0.5625,4.7,0.677571803815281,4.65396035015752,0.776765065296755,1,2.33333333333333,0.2,1,"Big12",1,1,107.977396872185,90.2050047441345,0.887713062225455,0.99225850038506,"R32","R32 - L",0.6875,0.707242872014911,0.0197428720149107,0
"248",2011,2413,"Morehead St","Final - W",0.461157449504711,0.348065584490924,0.668186869248761,40.5246428571429,13.69,23.6085714285714,12.4496428571429,8.74392857142857,3.04,15.1617857142857,18.7432142857143,69.9932142857143,61.8892857142857,0.422540910460232,0.366860829679662,0.524228713995834,8.10392857142857,64.884075,1.07882533770719,0.953849159268559,6.5,0.464285714285714,0.666666666666667,5.44464285714286,1.01600050276521,0.821438746438746,5.7,0.448545370018921,0.0914285714285714,0.182142857142857,0.0404929577464789,0.773809523809524,4.7,0.55758590662869,4.88280192258637,0.814959662065137,1,2.71428571428571,0,0,"Other",0,0,104.122472605825,99.5328058780975,0.62707779710389,-1.71293258920391,"R32","R32 - L",0.71875,0.732558536932673,0.013808536932673,0
"249",2011,2427,"UNC Asheville","Final - W",0.45178607386446,0.328619444011389,0.705989712867083,39.8097435897436,12.4096581196581,24.0895726495726,14.542735042735,9.42735042735043,4.39837606837607,15.2982905982906,19.3782051282051,74.687264957265,69.241452991453,0.418009006374025,0.333786272911194,0.493723211565636,5.44581196581197,72.2610371794872,1.03512114619716,0.957398097504019,8,0.338095238095238,0.45,2.04478632478632,1.1689281750436,0.957166640241002,4.8,0.310126700298888,0.310512820512821,0.288290598290598,0.105296827823278,0.563492063492063,4.8,0.455465587044534,6.20455776256869,1,1,2.6,0.2,0,"Other",0,0,97.439387551868,99.3368351860705,0.44682795556085,-3.9992125243901,"R64","R64 - L",0.59375,0.673767749900128,0.0800177499001283,0
"250",2011,2439,"UNLV","Semifinals - L",0.463984923494339,0.327882816855812,0.687940893288941,37.8285714285714,11.1825396825397,23.8587301587302,15.4904761904762,8.38730158730159,3.88253968253968,12.868253968254,19.3309523809524,72.0722222222222,62.1801587301587,0.396112372730964,0.32387910363814,0.515365933515274,9.89206349206349,67.2596031746032,1.07175121409574,0.925249810995802,8.5,0.354166666666667,0.566666666666667,3.57857142857143,1.29285936113576,1.21375073942621,2.6,0.822847167258877,0.184920634920635,0.234126984126984,0.215495931831059,0.708333333333333,6,0.606666666666667,6.62140565176413,1.79166666666667,1.66666666666667,2.66666666666667,0.2,0,"Other",0,0,109.910704943,90.2654628111265,0.89880201657422,1.41108108710512,"R64","R64 - L",0.75,0.766474150705652,0.0164741507056523,0
"251",2011,2458,"N Colorado","Final - W",0.433315664186541,0.391740234534994,0.776343588408648,39.1575424575425,11.7978021978022,23.9698301698302,11.8954045954046,6.13976023976024,1.98281718281718,14.5985014985015,19.7146853146853,72.4077922077922,66.3456543456543,0.413578595712774,0.350695327499542,0.511336683283549,6.06213786213786,66.7834100899101,1.08428329646635,0.994218806149136,7.5,0.535714285714286,0.875,1.87312687312687,0.980559606270507,0.8246597399441,3.7,0.588778795120888,0.34995004995005,0.208391608391608,0.0301683816651076,0.401785714285714,2.9,0.626297018342165,0,0,0,2.77777777777778,0,0,"Other",0,0,105.1892796774,101.981888049673,0.58841977161804,-2.23137534577238,"R64","R64 - L",0.67741935483871,0.691140124000595,0.013720769161885,0
"252",2011,2473,"Oakland","Final - W",0.493181613336778,0.376594146803714,0.718645838461522,42.0526050420168,12.6073949579832,26.4650420168067,16.4295798319328,6.1672268907563,5.93327731092437,13.7435294117647,18.1697478991597,85.3178151260504,76.1887394957983,0.439483342784503,0.364522074015306,0.561411190142671,9.1290756302521,72.5788974789916,1.17561523947833,1.04969853644934,6.5,0.619047619047619,0.675,-1.18302521008403,0.901030593725693,1.22859735545761,5.1,0.475327869627226,0.173949579831933,0.30218487394958,0.0265151515151515,0.535714285714286,8.9,0.531730143718552,5.83773044716594,0.974341148356415,1,2.66666666666667,0.2,0,"Other",0,0,115.52998151319,103.020450411915,0.787996084452865,0.18271819280775,"R64","R64 - L",0.735294117647059,0.722149766520089,-0.0131443511269694,0
"253",2011,2509,"Purdue","Quarterfinals - L",0.451571986570078,0.373126962831235,0.717632726304131,38.6753571428571,11.1382142857143,24.0860714285714,16.2028571428571,6.36678571428571,4.20428571428571,10.41,17.6132142857143,73.4260714285714,60.4457142857143,0.408765946696981,0.318215554736941,0.513142508574395,12.9803571428571,65.8618660714286,1.11533045246896,0.919933014294979,7.5,0.555357142857143,0.55,5.11785714285714,1.41753918958888,1.56138716356108,1.2,0.696892736185077,0.133214285714286,0.291785714285714,0.0269520412207689,0.866071428571429,2,0.684272520871317,5.29330482472449,1.23686399149125,1.5,2.44444444444444,0,1,"Big Ten",0,1,113.191774381315,89.206514617896,0.93905235226729,3.4888959706888,"R32","R32 - L",0.78125,0.808823486291019,0.0275734862910189,0
"254",2011,2540,"UCSB","Final - W",0.459274406368207,0.370893639179662,0.757723789620341,35.0325757575758,8.86931818181818,23.7162878787879,14.7212121212121,7.55606060606061,4.40719696969697,14.2484848484848,19.0094696969697,68.9590909090909,65.9041666666667,0.408148000302117,0.368797233473757,0.533303154579067,3.05492424242424,65.6780871212121,1.0499393865492,1.00337079316281,7.5,0.5,0.708333333333333,-2.73068181818182,0.962667988543732,1.03779099654843,3.2,0.244873218139401,0.189393939393939,0.101515151515152,0.179805961619056,0.666666666666667,0.4,0.561841897685798,5.87493073085203,0.98055002823772,1,2.9,0.2,0,"Other",0,0,102.128377209465,98.962269046078,0.589478047721395,-3.33986026597795,"R64","R64 - L",0.580645161290323,0.595313511441518,0.0146683501511954,0
"255",2011,2599,"St John's","Quarterfinals - L",0.460299762553653,0.328909389842894,0.701770006729856,36.0827272727273,10.9954545454545,22.0918181818182,13.2672727272727,8.04272727272727,3.06636363636364,11.9463636363636,18.71,71.3209090909091,65.5445454545455,0.422542928086406,0.365656215005599,0.502549265716093,5.77636363636364,66.0948045454545,1.07899065951583,0.991257234250124,8,0.15,0.5,4.61454545454545,1.37853704188378,1.13204573032906,3.2,0.61329211636252,0.401818181818182,0.111818181818182,0.0719156972274894,0.5625,2.1,0.647908682675979,5.41164605185504,2.40860244182632,0,3,0.2,1,"Big East",0,1,110.18849539227,93.524512818955,0.86672190437289,1.53892356715645,"R64","R64 - L",0.65625,0.6132347965024,-0.0430152034975996,0
"256",2011,2612,"Saint Peter's","Final - W",0.403560761183332,0.340994445239498,0.621183317464776,39.2576923076923,11.3807692307692,24.1705128205128,11.3461538461538,7.76538461538462,4.50865384615385,15.0294871794872,19.7839743589744,61.2003205128205,59.9288461538462,0.375537414127722,0.308423263956429,0.459975610143847,1.27147435897436,65.511078525641,0.931086220755812,0.915533026743774,8,0.4625,0.625,-1.93108974358974,0.946470376439976,0.754161477772354,3.3,0.571473200667314,0.394230769230769,0.22275641025641,0.267219748431824,0.625,4.7,0.378457395572152,4.79579054559674,0,0,2.6,0.2,0,"Other",0,0,92.786308677092,91.529988298585,0.533719032250665,-2.86830584879055,"R64","R64 - L",0.606060606060606,0.552444546136897,-0.0536160599237089,0
"257",2011,2633,"Tennessee","Quarterfinals - L",0.431752627803307,0.305318934743807,0.681973325758582,42.1652680652681,13.9932400932401,24.7531468531469,13.3960372960373,7.33822843822844,3.86060606060606,13.2853146853147,19.6468531468531,71.5470862470862,67.7365967365967,0.410647359553815,0.331593122362843,0.481164990793333,3.81048951048951,68.0487284382284,1.05129866002393,0.996097818990752,7.5,0.394444444444444,0.15,3.25780885780886,1.06901777907316,1.02767157577108,4.1,0.513317649818154,0.365034965034965,0.143589743589744,0.299630495909989,0.611111111111111,3.5,0.71174788311912,5.6937321388027,2.03637265767313,2.2,3,0.2,1,"SEC",1,1,108.801326872415,93.677079606234,0.848098710615345,-0.53086583878234,"R64","R64 - L",0.575757575757576,0.601531667197216,0.0257740914396397,0
"258",2011,2636,"UTSA","Final - W",0.427388879517333,0.346337376306328,0.701135111394789,39.1454545454545,10.9575757575758,25.0515151515152,12.8121212121212,7.44545454545455,2.37424242424242,13.6939393939394,19.7636363636364,71.4151515151515,69.6060606060606,0.411286861069563,0.329457539117317,0.490477520134148,1.80909090909091,69.7036287878788,1.02528034743751,0.999779386925439,7,0.708333333333333,0.633333333333333,-0.324242424242424,1.08105030898692,0.937716948261127,3.6,0.572053123515217,0.398484848484848,0.0954545454545455,0.0333333333333333,0.4375,3.4,0.508464364638282,4.80402104473326,0,0,1.8,0,0,"Other",0,0,100.667386822986,104.587186748925,0.39193505330032,-4.53872967775305,"R64","R64 - L",0.59375,0.539142189269447,-0.0546078107305528,0
"259",2011,2670,"VCU","Final - L",0.43401966671729,0.358563230599195,0.706301886792453,34.1211538461538,10.9269230769231,21.2442307692308,14.5307692307692,9.2875,3.89903846153846,11.6019230769231,18.1759615384615,71.6769230769231,67.55,0.448602962592964,0.358483441223379,0.509664818439747,4.12692307692308,66.3434759615385,1.08031517211716,1.01864929912029,7,0.642857142857143,0.655,2.49807692307692,1.3394915749731,1.25603622543867,3,0.543762055079192,0.398076923076923,0.0759615384615385,0.135686214787246,0.785714285714286,3.1,0.700849960916345,3.61091791264422,0,0,2.6,0.2,0,"Other",0,0,108.225997867715,100.153736711562,0.70886101418388,-0.964948106971375,"F4","F4 - L",0.676470588235294,0.623900099566561,-0.0525704886687336,1
"260",2011,2747,"Wofford","Final - W",0.473958586850305,0.401278572174095,0.686041729871936,35.6293706293706,10.9853146853147,21.2438228438228,14.8447552447552,6.85454545454545,2.4020979020979,12.1379953379953,19.4955710955711,73.4149184149184,68.641958041958,0.452825973299613,0.35806198884048,0.531276361598982,4.77296037296037,66.2940967365967,1.10918274246065,1.03448304801836,7,0.471428571428571,0.775,2.25034965034965,1.15201683171038,1.22701689417962,7.6,0.528402035876607,0.195104895104895,0.141491841491841,0.0760617760617761,0.571428571428571,3.7,0.491563635453073,5.49306144334055,0.916814478355212,1,3.57142857142857,0,0,"Other",0,0,110.0726332666,103.170204356095,0.670010094082935,-2.26248023745161,"R64","R64 - L",0.636363636363636,0.673755658260048,0.0373920218964121,0
"261",2011,2752,"Xavier","Quarterfinals - L",0.462383623486498,0.333588648175064,0.740417147251057,37.8715909090909,10.3799242424242,24.9867424242424,13.8856060606061,5.78939393939394,3.14431818181818,11.7212121212121,17.3814393939394,73.3909090909091,65.6087121212121,0.40718477758501,0.338848115212638,0.515360364986949,7.78219696969697,66.1818674242424,1.1104390658338,0.991142390415421,6,0.5,0.366666666666667,1.50719696969697,1.12048762906061,1.24291224000922,4.8,0.733058051616038,0.300378787878788,0.226893939393939,0.0772686433063792,0.5,3.1,0.696012095579807,3.58351893845611,1.79431201350553,3,3,0,1,"Other",0,0,109.878235688835,96.018510182947,0.813329532559935,1.20166086014167,"R64","R64 - L",0.774193548387097,0.733500625606651,-0.0406929227804456,0
"262",2011,112358,"Long Island","Final - W",0.466545838515479,0.3672034620611,0.64532721957566,45.594358974359,14.4259829059829,27.4029914529915,15.1609401709402,7.59393162393162,3.51307692307692,15.6913675213675,17.3195726495726,82.7445299145299,74.1523931623932,0.433498009659522,0.299281231289126,0.525879588569595,8.59213675213675,75.1608961538462,1.10111378155266,0.986612917301408,8,0.5,0.875,1.00948717948718,0.970764916554397,0.975529291380681,3.5,0.660963007401949,0.264273504273504,0.181367521367521,0,0.625,1.4,0.440803923611313,5.4510384535657,0,0,2.5,0.2,0,"Other",0,0,105.880571938225,102.661959568505,0.586632381821435,-0.54423833921446,"R64","R64 - L",0.84375,0.723004064341753,-0.120745935658247,0
"263",2012,21,"San Diego St","Final - L",0.457587821538113,0.339415104140178,0.695893840146487,40.3909523809524,10.89,26.4571428571429,12.5738095238095,5.76571428571429,2.42809523809524,12.6557142857143,15.5985714285714,71.8861904761905,62.8985714285714,0.399521256073552,0.33577017921999,0.509076988483016,8.98761904761905,67.597280952381,1.06315864500572,0.931637161385541,7.5,0.401785714285714,0.5,1.88095238095238,1.04305880822274,0.99395654436638,2.9,0.789137928471575,0.360952380952381,0.176190476190476,0.37946985002471,0.598214285714286,8.6,0.64,6.47850964220857,3.31818181818182,1.5,2.77777777777778,0,1,"Other",0,0,104.806377935385,94.014740747765,0.776933405454475,1.4612250063098,"R64","R64 - L",0.787878787878788,0.735823534359634,-0.0520552535191543,0
"264",2012,25,"California","Semifinals - L",0.479274047186933,0.366851564084715,0.747813657478992,37.378354978355,10.0861471861472,24.7666666666667,16.2125541125541,4.81212121212121,3.04718614718615,12.0922077922078,14.24329004329,71.9367965367965,60.817316017316,0.408785251783049,0.320785946006414,0.523476425316646,11.1194805194805,65.9911601731602,1.09038960102877,0.92126678132812,6,0.211428571428571,0.6,1.92770562770563,1.10871424834322,1.34368954191373,2.3,0.505367859726021,0.206926406926407,0.403896103896104,0.114395393474088,0.585714285714286,3.8,0.683856502242152,6.7945865808765,1.67857142857143,1,2.5,0,1,"Other",0,0,109.809500809725,91.690400280691,0.884558615643385,0.910527959701965,"First Four","First Four - L",0.727272727272727,0.781689520392132,0.0544167931194044,0
"265",2012,36,"Colorado St","Semifinals - L",0.47919443482889,0.405807108252249,0.769351132058967,33.7128205128205,8.2025641025641,23.2230769230769,12.4059829059829,5.40769230769231,1.96153846153846,12.5504273504274,18.9923076923077,71.6025641025641,67.9153846153846,0.435694967387834,0.35291447979438,0.54221227779658,3.68717948717949,64.9782735042735,1.10176028630662,1.04574079100764,8,0.4125,0.9,-1.57948717948718,0.98221585804133,0.989375561545373,5.2,0.778206818827716,0.193162393162393,0.231623931623932,0.18485321401415,0.625,1.9,0.492865077658739,5.21493575760899,0,0,2.75,0.4,0,"Other",0,0,112.087188371585,103.18011979841,0.72150784167876,-0.467761812148525,"R64","R64 - L",0.645161290322581,0.581863299917084,-0.063297990405497,0
"266",2012,38,"Colorado","Final - W",0.449895602032757,0.35207671957672,0.695703102837559,39.1663461538462,10.1826923076923,26.2403846153846,12.2038461538462,5.81730769230769,3.38365384615385,12.9028846153846,17.1894230769231,69.1028846153846,62.2730769230769,0.399987890896982,0.32197288648345,0.50552117938693,6.82980769230769,65.6169182692308,1.0527311419173,0.949178603852017,7.5,0.522222222222222,0.541666666666667,-0.320192307692308,0.996271480728025,0.944621887255953,2.9,0.834516070288492,0.298076923076923,0.221153846153846,0.0726643598615917,0.666666666666667,4.6,0.516721765481508,5.08140436498446,0,0,2.44444444444444,0,0,"Other",0,0,104.48548433788,95.3828652313775,0.7367504103041,-0.14015030245265,"R32","R32 - L",0.676470588235294,0.662196828475311,-0.0142737597599827,0
"267",2012,41,"UConn","Quarterfinals - L",0.466799604645416,0.341559354148563,0.666416361416361,41.4567307692308,12.2089743589744,25.8064102564103,13.8259615384615,6.05737179487179,7.04198717948718,12.7189102564103,13.9099358974359,70.1535256410256,63.2141025641026,0.378189951753604,0.338433512669709,0.518919170057574,6.93942307692308,64.9170032051282,1.08001552116841,0.973989989372452,8,0.375,0.433333333333333,-2.80897435897436,0.877766677766678,1.09484681984682,1.1,0.44410689728183,0.311217948717949,0.168589743589744,0.165488315041419,0.4375,2,0.699591836734694,7.11151211649616,3.5,4.23529411764706,1.77777777777778,0.2,1,"Big East",0,1,111.14092002961,94.2140174456735,0.86096194545358,0.23659414907885,"R64","R64 - L",0.606060606060606,0.648338457982029,0.0422778519214229,0
"268",2012,46,"Georgetown","Quarterfinals - L",0.469378725252937,0.350250626566416,0.70521323688877,38.7625,11.0546153846154,25.1171153846154,13.7659615384615,6.25461538461538,4.77115384615385,12.5221153846154,17.3075,69.7363461538462,57.8159615384615,0.382038975827285,0.270981043580223,0.524881078160685,11.9203846153846,63.6343134615385,1.09526048369431,0.9081607564814,7.5,0.401785714285714,0.766666666666667,1.22807692307692,1.07644568938687,1.1050233426704,1.8,0.614106690256174,0.306346153846154,0.325769230769231,0.0560891726066884,0.330357142857143,1,0.663347738741526,5.8406416573734,1.74076257370895,2.1,2.25,0.2,1,"Big East",0,1,111.228908481885,89.402466963633,0.91892629059497,2.3118013218504,"R32","R32 - L",0.741935483870968,0.791014804236042,0.0490793203650742,0
"269",2012,52,"Florida St","Final - W",0.454502406294649,0.344181815712691,0.695320115654688,40.7476923076923,12.1789743589744,25.4851282051282,11.9651282051282,7.96461538461539,6.01128205128205,16.6492307692308,18.4451282051282,70.185641025641,61.7733333333333,0.377902783568076,0.303095583452146,0.510739026739568,8.41230769230769,68.9437051282051,1.01920789797177,0.897396213899528,8,0.4,0.4,-0.931282051282051,0.958430464380922,0.727297221005623,3.4,0.490573145775891,0.315384615384615,0.260512820512821,0.074630021141649,0.5625,2.4,0.534850640113798,6.55677835615804,1.33333333333333,1,2.8,0.2,0,"ACC",1,1,104.971596298059,87.137370011793,0.893073956297375,2.13594539657563,"R32","R32 - L",0.71875,0.72811792595057,0.00936792595057001,0
"270",2012,57,"Florida","Semifinals - L",0.463692352336056,0.393421730288493,0.713197695472177,39.8576190476191,11.652380952381,24.2619047619048,15.2990476190476,6.72714285714286,3.35285714285714,11.1042857142857,15.6733333333333,77.6685714285714,65.8095238095238,0.429354276382144,0.349123442845272,0.553953997247832,11.8590476190476,66.2103023809524,1.17015469977933,0.997602406576154,7.5,0.598214285714286,0.85,3.03047619047619,1.18706073677387,1.3721906059016,1,0.268558067943291,0.164761904761905,0.359047619047619,0.182964172709731,0.598214285714286,3.5,0.702846975088968,6.33327962813969,3.77272727272727,3.77272727272727,2.44444444444444,0,1,"SEC",1,1,120.916668125565,97.716122827045,0.91662872457293,1.52403573285711,"E8","E8 - L",0.696969696969697,0.775587386371001,0.0786176894013042,1
"271",2012,58,"South Florida","Quarterfinals - L",0.441590059983169,0.321107994389902,0.704691369047619,36.8691558441558,10.3689935064935,23.3188311688312,12.2675324675325,5.79675324675325,3.89626623376623,13.4375,15.1295454545455,59.8892857142857,56.8883116883117,0.389864457848605,0.299734996838459,0.48857052791455,3.00097402597403,59.7946436688312,1.00216814611665,0.95149090131558,8,0.436507936507937,0.416666666666667,-2.28051948051948,0.873946053946054,0.9200333000333,2.1,0.483655569095345,0.346753246753247,0.214935064935065,0.198647660818713,0.436507936507937,1,0.517867352803487,5.76205138278018,0.961710002199956,0,2.44444444444444,0,0,"Big East",0,1,101.47269408427,91.804707147227,0.75093208924253,0.00544430643945004,"R32","R32 - L",0.606060606060606,0.586654619458914,-0.0194059866016925,0
"272",2012,66,"Iowa State","Quarterfinals - L",0.45561506957104,0.384413403109677,0.680617522284189,38.8266666666667,10.7892307692308,25.8441025641026,14.6446153846154,5.81948717948718,2.91179487179487,12.7317948717949,15.845641025641,73.9805128205128,66.6466666666667,0.435301689455152,0.30188429166724,0.540092267281546,7.33384615384615,66.9381794871795,1.10504561659225,0.99568115117266,7,0.583333333333333,0.825,0.975384615384615,0.952664131499307,1.15339644782467,0.7,0.807687752641692,0.145128205128205,0.188717948717949,0.0296662546353523,0.645833333333333,4.1,0.545843216107972,3.49650756146648,0,0,2.33333333333333,0,1,"Big12",1,1,110.8610426038,95.8793259378515,0.83214625601502,0.935743645817365,"R32","R32 - L",0.6875,0.689082225791717,0.00158222579171663,0
"273",2012,84,"Indiana","Quarterfinals - L",0.492566667435786,0.431691188103148,0.760745103310077,37.8152380952381,10.8828571428571,23.9185714285714,13.7780952380952,6.9752380952381,3.47,12.7042857142857,17.602380952381,78.6214285714286,65.0576190476191,0.423074331411788,0.339616380799562,0.554366391136591,13.5638095238095,67.0813833333333,1.17133762901284,0.973598033056014,7,0.314285714285714,0.85,1.51285714285714,1.12706345220157,1.08588788436855,1.3,0.721047055178049,0.191428571428571,0.285714285714286,0.200354114684207,0.5,6,0.573979907626268,5.9427993751267,2.08294292482962,0,2.7,0,0,"Big Ten",0,1,119.18556010069,95.6802736548045,0.921071826709475,2.86698696119995,"S16","S16 - L",0.757575757575758,0.804637651952512,0.0470618943767547,0
"274",2012,87,"Notre Dame","Semifinals - L",0.44495253054488,0.353230147467256,0.712826328420165,36.8342532467532,10.0584415584416,24.050974025974,15.0332792207792,5.10016233766234,3.52467532467532,10.0832792207792,13.6746753246753,68.4816558441558,61.9696428571429,0.4098123337482,0.307868745020645,0.507966004596373,6.51201298701299,62.4343344155844,1.09545388094051,0.992311256628199,6.5,0.773809523809524,0.64,-0.655357142857143,1.06913267222598,1.48934621741417,2,0.468342063034148,0.144805194805195,0.251785714285714,0.273630831643002,0.845238095238095,4.5,0.662082514734774,6.23441072571837,1.22222222222222,1.28571428571429,2.125,0.2,1,"Big East",0,1,107.869668047965,97.0343912324655,0.761094219642495,1.11011915371345,"R64","R64 - L",0.666666666666667,0.661086300736443,-0.00558036593022315,0
"275",2012,93,"Murray St","Final - W",0.477328142481743,0.412488373125962,0.733012547684353,36.114880952381,11.0063492063492,22.4113095238095,13.2099206349206,8.43829365079365,4.08035714285714,14.1384920634921,18.2553571428571,74.3867063492063,61.1462301587302,0.422012454554729,0.292750185322461,0.552677983026935,13.2404761904762,65.9220436507937,1.12842534676029,0.927500550937777,8,0.282539682539683,0.933333333333333,1.8109126984127,1.16628322835486,0.931762214867798,4.7,0.695563529538416,0.189087301587302,0.200793650793651,0.0479733072712512,0.563492063492063,6.8,0.610089274330996,0,0,0,3,0,0,"Other",0,0,108.779268567225,94.1337476887565,0.819819697892965,1.9527834841782,"R32","R32 - L",0.967741935483871,0.839682921779106,-0.128059013704765,0
"276",2012,96,"Kentucky","Final - L",0.492522031914005,0.385570545443807,0.727006857056519,41.9521103896104,12.3329545454545,26.9311688311688,13.5933441558442,6.40324675324675,8.82873376623377,11.8162337662338,14.4206168831169,78.3902597402597,59.1030844155844,0.365739555213302,0.317588037494678,0.543425020429909,19.2871753246753,66.6522378246753,1.17731320321586,0.889910450122126,6.5,0.452380952380952,0.625,0.76185064935065,1.04002018252018,1.15864367614368,2.8,0.620972612988372,0.107792207792208,0.525974025974026,0.0651590647757762,0.464285714285714,4,0.770045385779123,6.49526555593701,3.19230769230769,4.75,1.71428571428571,0,1,"SEC",1,1,118.65571994254,87.7881537509695,0.96957589635128,5.6256361937442,"Final","Final - W",0.96969696969697,0.91292147533287,-0.0567754943640998,1
"277",2012,97,"Louisville","Final - W",0.42604976949258,0.312627842180191,0.683781566405046,40.5005494505494,13.2898351648352,25.3193681318681,13.7053571428571,9.1967032967033,4.7885989010989,14.5510989010989,17.8708791208791,69.5403846153846,60.4842032967033,0.374408976397871,0.313426153348185,0.477534260275915,9.05618131868132,68.3232273351648,1.01758728816601,0.885532028640681,7.5,0.464285714285714,0.416666666666667,1.81923076923077,1.1113423288097,0.943062001450326,4.4,0.549934399200726,0.250412087912088,0.231456043956044,0.244475150729927,0.535714285714286,1.7,0.727825030376671,6.71417052990947,3.53125,2.1875,2.85714285714286,0,1,"Big East",0,1,103.8936768409,85.8547385439075,0.899330129556415,2.7575450201065,"F4","F4 - L",0.742857142857143,0.733855537545646,-0.00900160531149652,1
"278",2012,98,"Western KY","Final - W",0.400361229260325,0.300604780278297,0.702294809436534,37.8510822510822,12.2935064935065,22.9277056277056,11.2073593073593,5.83636363636364,4.06017316017316,15.2277056277056,19.5350649350649,65.0761904761905,67.6467532467532,0.430021312618708,0.330451053087892,0.45919146418652,-2.57056277056277,67.9820995670996,0.957527347659913,0.994993141845987,8.5,0.464285714285714,0.3,0.297835497835498,0.998978075065032,0.75527684875511,3.9,0.608659441682082,0.370995670995671,0.0333333333333333,0.211119186046512,0.585714285714286,3.9,0.610089274330996,0,0,0,1.54545454545455,0.2,0,"Other",0,0,96.2059083337995,99.518657105044,0.404118457254335,-5.0890300315673,"R64","R64 - L",0.454545454545455,0.406121872802843,-0.0484235817426119,0
"279",2012,108,"Harvard","Did Not Play in Conference Tournament",0.470802554139791,0.358283907215091,0.745979905609887,35.0825854700855,8.46976495726496,24.0573717948718,12.965811965812,6.02681623931624,4.61559829059829,12.3824786324786,15.0674145299145,65.6987179487179,54.6492521367521,0.405706070579167,0.333158562367865,0.531934747889553,11.0494658119658,60.7360096153846,1.08212871840133,0.899957192809319,8,0.4,0.533333333333333,-0.187713675213675,1.01118319109231,1.05045118949959,0.7,0.803800671312966,0.211645299145299,0.251068376068376,0.0489962334935714,0.625,4.1,0.560185185185185,6.07073772800249,3,0,2.44444444444444,0,0,"Other",0,0,107.056742233645,92.2413085621425,0.842333749504695,1.16705489486072,"R64","R64 - L",0.866666666666667,0.820524986809971,-0.0461416798566958,0
"280",2012,127,"Michigan St","Final - W",0.484188795688644,0.361751426333696,0.701776905849304,41.1241666666667,11.7583333333333,26.6475,15.7391666666667,7.78083333333333,4.41833333333333,13.3666666666667,17.6291666666667,73.2966666666667,58.5658333333333,0.374687665900233,0.288905797252507,0.535379478431381,14.7308333333333,65.9529291666667,1.11104486089728,0.889710452645113,8,0.4625,0.6,1.855,0.993390179003387,1.17486574746009,2.7,0.289395005085452,0.150833333333333,0.35,0.0448866307316786,0.5,5.1,0.704044117647059,6.30078579466324,4.14285714285714,4.14285714285714,2.44444444444444,0.2,1,"Big Ten",0,1,112.134696451795,86.909466920381,0.945404578409865,4.28976587090145,"S16","S16 - L",0.787878787878788,0.85188203063142,0.064003242752632,0
"281",2012,130,"Michigan","Semifinals - L",0.460529503575838,0.347700705940158,0.715896090089436,33.7448717948718,8.52435897435898,22.9060897435897,12.9176282051282,5.05833333333333,2.27820512820513,10.8403846153846,15.2878205128205,67.311858974359,60.461217948718,0.418804878758072,0.345843214756258,0.541478029952061,6.85064102564103,61.6837836538462,1.09026477167101,0.981486275810168,6,0.833333333333333,0.42,0.83525641025641,1.2106041547551,1.19025792516359,3.5,0.813849323867941,0.255128205128205,0.0935897435897436,0,0.666666666666667,5.5,0.598006644518272,6.40191719672719,1.66666666666667,1,2.57142857142857,0.2,1,"Big Ten",0,1,114.14711486422,95.6189249842255,0.884630752019125,3.11869254507005,"R64","R64 - L",0.727272727272727,0.666693109424498,-0.0605796178482297,0
"282",2012,139,"Saint Louis","Semifinals - L",0.459512546315664,0.364515024154502,0.715461998193391,36.6025,10.1832142857143,22.8953571428571,13.7828571428571,6.91178571428571,3.20357142857143,10.8689285714286,16.6767857142857,69.3489285714286,56.11,0.404734019478144,0.305921652930375,0.528170729496383,13.2389285714286,62.4684214285714,1.11253669066218,0.896448141547727,8,0.5,0.675,4.69428571428571,1.36206516902384,1.2819640620771,3,0.313435482586373,0.133214285714286,0.364285714285714,0.0437147461724416,0.5,7.4,0.702432045779685,6.5510803350434,1.79166666666667,0,2.77777777777778,0.4,0,"Other",0,0,111.932984603625,89.318881780493,0.92197199371463,1.38729601112839,"R32","R32 - L",0.78125,0.830141526062022,0.0488915260620222,0
"283",2012,142,"Missouri","Final - W",0.504804461484838,0.400121953819585,0.766678863538528,35.5461538461538,9.33205128205128,23.4294871794872,16.2730769230769,8.47179487179487,2.91538461538462,10.1064102564103,13.6102564102564,81.2269230769231,64.2064102564103,0.431038641922026,0.357388519924099,0.579903581402312,17.0205128205128,66.4228205128205,1.22181588792333,0.967931809376486,7,0.6,0.71,3.23333333333333,1.47608927515418,1.61423363975247,2.5,0.826334721572177,0.138461538461538,0.357692307692308,0,0.714285714285714,2,0.565379969205271,5.44241771052179,0.90836183169085,0,3,0.2,0,"Big12",1,1,123.562252426215,95.4397603097985,0.94990727982103,4.36942779328355,"R64","R64 - L",0.882352941176471,0.848195710502543,-0.0341572306739278,0
"284",2012,149,"Montana","Final - W",0.463275499090794,0.369492592208869,0.718243754633492,36.1261904761905,9.21190476190476,23.8392857142857,13.8059523809524,7.09166666666667,3.725,12.7059523809524,18.2416666666667,70.5476190476191,61.8119047619048,0.40428682671843,0.323800156075968,0.523553641646687,8.73571428571429,66.1115357142857,1.06691993718868,0.9351021252408,6.5,0.535714285714286,0.875,0.682142857142857,1.18168854239357,1.08732664739607,4,0.709762516290658,0.167857142857143,0.152380952380952,0.104827894501565,0.464285714285714,4.2,0.590710237030872,5.04985600724954,0.842841673775246,1,3,0,0,"Other",0,0,100.74111503439,95.030292118751,0.6568906514881,-0.772292699875875,"R64","R64 - L",0.806451612903226,0.76268647361282,-0.0437651392904056,0
"285",2012,150,"Duke","Semifinals - L",0.467944628903337,0.388076050933194,0.693182239786841,39.4906060606061,11.7359090909091,24.9875757575758,12.7195454545455,6.49787878787879,4.17060606060606,12.389696969697,17.980303030303,78.7642424242424,68.8963636363636,0.434322097045631,0.31880764551199,0.541847143571475,9.86787878787879,68.7951416666667,1.14420174399392,1.00187257215662,7,0.6,0.885,1.22409090909091,1.07955321889614,1.03906149365742,3.8,0.73708075057184,0.306060606060606,0.256515151515152,0.0244773074961754,0.571428571428571,2.5,0.760135135135135,7.07749805356923,4.64814814814815,4.64814814814815,2.44444444444444,0.2,1,"ACC",1,1,117.534135911285,94.4985715980775,0.9193998732282,3.9906383405539,"R64","R64 - L",0.818181818181818,0.744408562471062,-0.0737732557107561,0
"286",2012,152,"NC State","Semifinals - L",0.465311416360984,0.353956582633053,0.715166564703724,40.2854978354978,12.538961038961,25.0229437229437,16.3443722943723,6.77012987012987,4.30735930735931,12.775974025974,17.0463203463203,74.3768398268398,69.0352813852814,0.421911361686029,0.359803422106669,0.512701476878905,5.34155844155844,67.8450616883117,1.0960239554551,1.01743848658543,7,0.457142857142857,0.633333333333333,1.14588744588745,0.980019951360409,1.28537334906839,4.9,0.691321380110554,0.387662337662338,0.176839826839827,0.132270916334661,0.428571428571429,4.1,0.64203233256351,6.07304453410041,1.28571428571429,0,3,0,0,"ACC",1,1,111.89559898663,97.204573896,0.83446948437784,0.222522160421077,"S16","S16 - L",0.647058823529412,0.657324252712708,0.0102654291832958,0
"287",2012,153,"North Carolina","Final - L",0.467270543877465,0.353533599887767,0.674694387161785,48.5152380952381,15.6495238095238,29.7895238095238,18.0495238095238,7.09047619047619,5.82,11.9033333333333,14.5804761904762,83.1357142857143,66.1,0.387254612873855,0.314084570416553,0.507821765689982,17.0357142857143,73.059469047619,1.13698957402459,0.905530504964291,7,0.3875,0.866666666666667,6.16,1.16701809905184,1.5216202728855,0.6,0.494289975271631,0.144761904761905,0.367619047619048,0.0287678476996298,0.416666666666667,2.2,0.797766749379653,6.69332366826995,3.97619047619048,5.35714285714286,2.25,0.2,0,"ACC",1,1,116.11851536932,89.3325458792755,0.95167320424218,4.17436487659445,"E8","E8 - L",0.878787878787879,0.861067014738037,-0.0177208640498421,1
"288",2012,156,"Creighton","Final - W",0.50763519102158,0.42803416821274,0.725019889767553,38.8498834498834,9.74568764568765,26.2151515151515,18.3312354312354,5.23286713286713,2.36899766899767,12.381351981352,17.186013986014,80.8445221445221,69.5142191142191,0.439170561424188,0.356508458646617,0.587324452574785,11.330303030303,68.328662004662,1.18316788505933,1.01852157688522,7,0.571428571428571,0.8,-0.977389277389277,0.912586724779897,1.47929707737755,1.2,0.847277569475138,0.211188811188811,0.310489510489511,0,0.571428571428571,5.8,0.541825683294629,5.76832099579377,0.962756426319518,0,2.55555555555556,0,1,"Other",0,0,117.83797294012,100.90774111811,0.85542288063837,2.3828433395065,"R32","R32 - L",0.848484848484849,0.769883445083971,-0.0786014034008777,0
"289",2012,166,"New Mexico St","Final - W",0.471062061689324,0.32655886342543,0.66430582400103,42.5507792207792,14.7157142857143,25.654025974026,13.7975324675325,6.64883116883117,4.21714285714286,14.8351948051948,17.7316883116883,78.6858441558442,68.0422077922078,0.425001999249915,0.328945647931304,0.515143541523985,10.6436363636364,70.9202584415584,1.11003532040186,0.959153208790805,7.5,0.464285714285714,0.416666666666667,4.14766233766234,1.00100194031848,0.934973311328189,5,0.472558945166454,0.156623376623377,0.316753246753247,0.0606003039513678,0.330357142857143,4.2,0.574946049277892,4.90527477843843,0.818710473853368,1,2.875,0.2,0,"Other",0,0,105.897743715025,97.6170654746705,0.717041738579055,-0.937182721464,"R64","R64 - L",0.742857142857143,0.773851030550511,0.0309938876933681,0
"290",2012,167,"New Mexico","Final - W",0.462325426149595,0.385674390355247,0.698112366603892,41.5471428571429,11.4719047619048,26.8152380952381,16.6657142857143,7.17761904761905,3.35333333333333,13.2033333333333,17.582380952381,73.5228571428571,58.2990476190476,0.37582142912672,0.307051849446431,0.530663263713486,15.2238095238095,66.2109285714286,1.11111277749322,0.880455264389489,8.5,0.527777777777778,0.67,2.86238095238095,1.13914101958504,1.31264488935722,2.3,0.583079878573917,0.196190476190476,0.365238095238095,0.16780538661265,0.645833333333333,3,0.629558541266795,6.25766758788264,1,1,2.7,0,0,"Other",0,0,108.40038695151,89.456687118974,0.90023424644104,1.45847417375541,"R32","R32 - L",0.818181818181818,0.862964180727026,0.044782362545208,0
"291",2012,179,"St Bonaventure","Final - W",0.459637511181992,0.346384455359224,0.761041198501873,38.6041666666667,11.275,24.2625,13.9533333333333,5.855,4.11083333333333,14.2491666666667,18.3766666666667,70.8716666666667,64.1591666666667,0.413531539742066,0.333066941113299,0.517297036159762,6.7125,65.6564583333333,1.07897129129661,0.977033630000418,7.5,0.401785714285714,0.366666666666667,-0.0666666666666667,0.918206611391756,0.984241623303938,2.9,0.581529477836336,0.244166666666667,0.235833333333333,0.112542537676228,0.598214285714286,3,0.470081272440117,5.68697535633982,0,0,2.3,0,1,"Other",0,0,107.495357312895,95.692330936314,0.784054306397685,-0.522176337822965,"R64","R64 - L",0.633333333333333,0.66717951653025,0.0338461831969162,0
"292",2012,183,"Syracuse","Semifinals - L",0.464415338867226,0.349108564523072,0.697230673331655,38.1925324675325,12.8024350649351,22.5021103896104,16.0415584415584,9.95616883116883,7.36866883116883,10.5938311688312,14.812987012987,75.0383116883117,59.6224025974026,0.3818989730799,0.301401945795538,0.520697601166301,15.4159090909091,65.7711030844156,1.13970852933654,0.907327035216085,8,0.634920634920635,0.52,4.65324675324675,1.61963775077626,1.51312409271932,2,0.840991087205514,0.183441558441558,0.305681818181818,0.100993691865493,0.436507936507937,4.5,0.739844425237684,7.05444965813294,2.625,2.625,2.4,0.4,0,"Big East",0,1,115.73237627154,89.824627089607,0.94644645044125,5.40529054153135,"E8","E8 - L",0.939393939393939,0.859840985967171,-0.0795529534267687,1
"293",2012,194,"Ohio State","Final - L",0.487568681672857,0.33113915286574,0.698296806771383,38.9908333333333,11.5583333333333,25.2516666666667,15.26,7.18,2.9875,11.795,15.8975,75.2725,58.445,0.401804143691222,0.317443486162079,0.530124291541072,16.8275,66.7610625,1.12697715438556,0.876993493522016,6,0.454285714285714,0.383333333333333,6.80083333333333,1.32483760714893,1.31507005657949,1.3,0.383866760236726,0.188333333333333,0.501666666666667,0.0697105584997962,0.585714285714286,5.4,0.767135015943801,5.9427993751267,2.25927671740779,2.9,2.11111111111111,0,1,"Big Ten",0,1,114.976969801405,85.1258180214075,0.96943334081857,3.85653308306165,"F4","F4 - L",0.818181818181818,0.891385179474204,0.073203361292386,1
"294",2012,195,"Ohio","Final - W",0.435817139849398,0.34428794767485,0.67201330729567,38.7786013986014,12.7434265734266,22.5467132867133,13.4825874125874,9.31909090909091,3.08020979020979,13.2941258741259,19.6541258741259,71.678041958042,61.8662937062937,0.407450901440476,0.289443307457439,0.504192706104763,9.81174825174825,67.6446629370629,1.05917112613653,0.914944017994999,7,0.5,0.516666666666667,6.2127972027972,1.33624881904223,1.01354289746025,2.9,0.654497400094505,0.308111888111888,0.166923076923077,0,0.5625,4.2,0.554451351401298,4.65396035015752,0.776765065296755,1,2.33333333333333,0.2,0,"Other",0,0,104.634815704185,93.09249577738,0.7894556461126,0.2232655904893,"S16","S16 - L",0.794117647058823,0.745857878175785,-0.0482597688830386,0
"295",2012,218,"Temple","Quarterfinals - L",0.467274414698379,0.397927331467704,0.710826988155668,38.1638888888889,10.6111111111111,24.5333333333333,15.7,7.11388888888889,4.05555555555556,12.4361111111111,18.0222222222222,76.0194444444444,70.3166666666667,0.440304166748479,0.320965662278303,0.534965818186224,5.70277777777778,69.3083888888889,1.09708648759434,1.01477489554564,8,0.5,0.75,0.483333333333333,1.0895161324718,1.26221440300258,3.3,0.810549614544165,0.277777777777778,0.0444444444444444,0.136899380675615,0.5,3.6,0.65625,6.46302945692067,1,1,3.125,0.2,0,"Other",0,0,112.21296920582,95.883096133138,0.85649726834012,2.10772139313615,"R64","R64 - L",0.766666666666667,0.662589620653556,-0.10407704601311,0
"296",2012,235,"Memphis","Final - W",0.492972157220951,0.37447914096823,0.715773873322602,37.7769230769231,9.725,25.0480769230769,14.6538461538462,7.82307692307692,5.97692307692308,12.9365384615385,19.2096153846154,75.7980769230769,64.7173076923077,0.384142599003739,0.314605300655457,0.54394293790364,11.0807692307692,68.3710673076923,1.10892782256841,0.944434993497699,8,0.506349206349206,0.575,-2.27307692307692,1.07750957038396,1.13995540191972,3.3,0.474308991313111,0.259615384615385,0.265384615384615,0.177677899804423,0.746031746031746,5.8,0.681037865153881,4.24849524204936,0.709091276205592,1,2.33333333333333,0.4,0,"Other",0,0,112.782248428495,93.2824146243305,0.892511686216915,1.50131894858172,"R64","R64 - L",0.764705882352941,0.819512386483925,0.0548065041309839,0
"297",2012,238,"Vanderbilt","Final - W",0.461125747596336,0.390079901398274,0.694331199460916,38.0069230769231,10.4615384615385,24.2169230769231,13.0169230769231,6.20230769230769,4.05769230769231,13.4584615384615,15.9946153846154,73.6492307692308,65.4492307692308,0.423028537656197,0.316361021755905,0.543295264264346,8.2,67.0454769230769,1.10013387533139,0.976914758266973,7,0.428571428571429,0.9,-0.790769230769231,0.992634295911286,0.983788681329576,2.2,0.514437914157757,0.145384615384615,0.185384615384615,0.150227272727273,0.428571428571429,3.6,0.629824561403509,6.34738920965601,1.28571428571429,1.4,3,0,1,"SEC",1,1,112.558482725375,92.419965663666,0.90151603672886,2.0148310035216,"R32","R32 - L",0.696969696969697,0.730005402561427,0.0330357055917295,0
"298",2012,239,"Baylor","Final - L",0.477209603203334,0.391055917375995,0.747685288849082,39.7320512820513,12.0282051282051,25.0974358974359,15.2269230769231,7.87307692307692,5.33974358974359,14.3,17.2192307692308,75.5410256410256,63.0179487179487,0.401325966449148,0.328045175402469,0.537562520735992,12.5230769230769,67.513282051282,1.11870920918141,0.935098997124628,7.5,0.358928571428571,0.833333333333333,0.748717948717949,1.04674372648858,1.06824647345404,2,0.756586676674095,0.282051282051282,0.335897435897436,0.127261127998813,0.267857142857143,5.5,0.541098695303919,5.61677109766657,1.87492425382963,2,2.1,0.2,1,"Big12",1,1,112.501091897525,91.8309668887225,0.911778976754795,3.4799910571359,"E8","E8 - L",0.794117647058823,0.772933975008459,-0.0211836720503644,1
"299",2012,251,"Texas","Semifinals - L",0.44034991645174,0.325610655156295,0.726410250314974,40.1072261072261,13.5030303030303,23.3564102564103,12.5030303030303,6.98205128205128,3.94382284382284,12.6445221445221,19.1881118881119,73.7237762237762,65.2815850815851,0.403092254940948,0.346548630696312,0.49546975240085,8.44219114219114,66.94568997669,1.10020952234542,0.975099578902581,8,0.4625,0.35,2.10769230769231,1.09313275769023,0.985563950350782,7,0.208188160406621,0.24965034965035,0.115384615384615,0.111912936262961,0.5,4.9,0.670934699103713,6.66185474054531,1.81578947368421,2.03846153846154,2,0.2,1,"Big12",1,1,111.177961883755,95.969105053493,0.841916862493915,0.41572554689213,"R64","R64 - L",0.606060606060606,0.683109997036383,0.0770493909757769,0
"300",2012,252,"BYU","Semifinals - L",0.471437438659967,0.347211511185453,0.704591235270851,41.752380952381,10.7828571428571,27.3228571428571,17.4914285714286,8.49333333333333,4.13904761904762,12.9352380952381,18.2161904761905,78.992380952381,66.9333333333333,0.413642300959702,0.311474615909925,0.530486608370015,12.0590476190476,72.2084571428571,1.09409488321308,0.92680451145057,8.5,0.502777777777778,0.55,3.7847619047619,1.21467485745316,1.35118517512897,5.2,0.485399640792331,0.0933333333333333,0.319047619047619,0.198802715064815,0.590277777777778,7.2,0.760520825560509,5.32300997913841,1.24380506839365,1.4,2.1,0,1,"Other",0,0,105.827014450235,92.4181661635285,0.81849743811011,0.207753365160005,"R64","R64 - L",0.75,0.792583303005718,0.0425833030057182,0
"301",2012,258,"Virginia","Quarterfinals - L",0.46152064302219,0.341431187859759,0.726175213675214,35.4084615384615,8.15903846153846,24.4994230769231,12.4244230769231,6.55615384615385,2.95288461538462,11.1821153846154,15.6540384615385,63.6373076923077,52.5813461538462,0.389060971064903,0.293822434441329,0.512929125798922,11.0559615384615,60.5231692307692,1.05125440063157,0.868608134126148,7,0.3875,0.383333333333333,2.17673076923077,1.20440309114513,1.12539031023368,1,0.361872513067628,0.365961538461538,0.325769230769231,0.164274549744057,0.645833333333333,7.3,0.609805340009509,5.10594547390058,1.70440647149124,0,2.6,0.2,0,"ACC",1,1,104.36923747566,87.5502231385865,0.88281624606757,0.98261002691435,"R64","R64 - L",0.709677419354839,0.799957109800877,0.0902796904460383,0
"302",2012,261,"Vermont","Final - W",0.446818555225846,0.346062293877062,0.724028940122944,38.2071428571429,11.3322510822511,23.7419913419913,13.3207792207792,6.13354978354978,2.39978354978355,12.15670995671,17.4352813852814,67.5822510822511,60.8175324675325,0.41163382072473,0.324938800489596,0.497093176019644,6.76471861471861,63.0777846320346,1.0705605209525,0.965039233494676,7.5,0.464285714285714,0.608333333333333,1.47489177489177,1.06189682609743,1.10900342052042,2.8,0.562873955615876,0.356060606060606,0.151515151515152,0.0962667785234899,0.464285714285714,4.6,0.610089274330996,0,0,0,2.5,0.2,0,"Other",0,0,102.247820035315,100.102444966721,0.559410450020135,-2.67927091434761,"R64","R64 - L",0.676470588235294,0.71331392670199,0.0368433384666959,0
"303",2012,269,"Marquette","Quarterfinals - L",0.462625036661405,0.336035843823341,0.719816136707766,39.3435897435897,11.8184615384615,24.1405128205128,17.0989743589744,9.00307692307692,3.65128205128205,13.0748717948718,17.8815384615385,76.6707692307692,65.0907692307692,0.400504947683801,0.317711049284579,0.513021190565799,11.58,70.1055743589744,1.09381838272956,0.928901310821501,8,0.338095238095238,0.783333333333333,2.15435897435897,1.3094246031746,1.31498015873016,1.6,0.858165000218484,0.203589743589744,0.264102564102564,0.248562387681212,0.563492063492063,2.5,0.60659428079971,4.92725368515721,1.37063140584315,1.66666666666667,2,0,0,"Big East",0,1,110.526321251115,91.439009729642,0.898292348014045,3.0378376693545,"S16","S16 - L",0.78125,0.764541928577032,-0.0167080714229676,0
"304",2012,275,"Wisconsin","Semifinals - L",0.424018269028256,0.357761847234945,0.736068041717175,36.5975,9.73916666666667,24.315,11.7,5.24416666666667,3.52833333333333,8.87333333333333,13.9,64.1458333333333,51.6475,0.376227879079233,0.274163344791784,0.498281353429536,12.4983333333333,58.8495666666667,1.08945530411977,0.878564861659797,6.5,0.69047619047619,0.715,2.51166666666667,1.253757745488,1.32785399247774,1.8,0.42078884095353,0.188333333333333,0.3375,0,0.535714285714286,5.2,0.697104134481853,5.96870755998537,1.79316317796782,1.8,2.75,0,0,"Big Ten",0,1,110.7982110269,86.4244723815765,0.9354753060508,2.40884042333705,"S16","S16 - L",0.727272727272727,0.835520871551623,0.108248144278896,0
"305",2012,277,"West Virginia","Early Round - L",0.447317409069897,0.306283898681384,0.66084658696186,42.1839285714286,14.8067857142857,23.845,14.8867857142857,6.57678571428571,2.73571428571429,13.0871428571429,16.9028571428571,72.565,66.3657142857143,0.441458244921148,0.315987217671879,0.496148355199774,6.19928571428571,66.9163125,1.08408142253385,0.993386821363697,7.5,0.444642857142857,0.166666666666667,5.09428571428571,1.0522133478483,1.14992020469071,2.3,0.499987207194892,0.317142857142857,0.220357142857143,0.0503504043126685,0.401785714285714,4.4,0.730814639905549,6.7428806357919,2,2.875,2.125,0.2,1,"Big East",0,1,110.56673847558,95.3876436234785,0.844315338393695,-0.099895814385515,"R64","R64 - L",0.59375,0.664419829664045,0.0706698296640453,0
"306",2012,299,"Long Beach St","Final - W",0.465893802274206,0.348982248348399,0.671469392635103,37.6413461538462,11.2871794871795,24.2634615384615,13.8480769230769,7.52852564102564,2.76474358974359,13.2233974358974,15.7285256410256,73.2724358974359,63.4455128205128,0.418676289670718,0.32646933819065,0.52301021366181,9.82692307692308,67.5979791666667,1.08454516390398,0.938360350140774,7,0.457142857142857,0.416666666666667,2.17435897435897,1.17374538268256,1.05870178672967,4,0.389313707440257,0.14775641025641,0.277884615384615,0.0991617112704139,0.571428571428571,4.4,0.546318289786223,6.04500531403601,2,0,2.85714285714286,0,0,"Other",0,0,108.78640565627,95.757236592605,0.809405706229975,0.49180483787261,"R64","R64 - L",0.757575757575758,0.785425441774321,0.0278496841985635,0
"307",2012,314,"Iona","Semifinals - L",0.508342204790587,0.394317436315924,0.71761375229545,37.8902564102564,10.6189743589744,24.114358974359,19.7666666666667,7.23948717948718,2.06666666666667,12.6051282051282,17.0492307692308,83.8717948717949,73.5835897435898,0.454055176947397,0.363541130800014,0.57387270553916,10.2882051282051,72.1046846153846,1.16503626063756,1.02055425042224,7.5,0.598214285714286,0.625,2.55076923076923,1.27797091751882,1.59121658642074,3.1,0.594798017590274,0.240512820512821,0.223589743589744,0.113525421862501,0.732142857142857,4.2,0.649908617985933,3.63758615972639,0,0,2.55555555555556,0,0,"Other",0,0,113.383826219305,101.682851914398,0.777479624050035,0.097111040533325,"First Four","First Four - L",0.78125,0.76524235022193,-0.0160076497780696,0
"308",2012,333,"Alabama","Quarterfinals - L",0.448014069110705,0.279009661540716,0.710823362372063,38.4579545454545,11.1671328671329,24.4798951048951,12.336451048951,7.48802447552448,4.44921328671329,12.7212412587413,18.4460664335664,65.1200174825175,57.6256118881119,0.382243877912994,0.283293542618939,0.488174386880795,7.49440559440559,63.2320196678322,1.03001394270365,0.911418999526277,7.5,0.501785714285714,0.276666666666667,0.557167832167832,1.08817593482848,0.975226493038738,3,0.422583894008449,0.130506993006993,0.133566433566434,0.268711422252177,0.598214285714286,2.3,0.682199460141148,5.14166355650266,0.858164730188463,0,2.1,0.2,0,"SEC",1,1,105.1671079619,87.533328764832,0.886033564688535,0.778499759986185,"R64","R64 - L",0.65625,0.7217447893543,0.0654947893542996,0
"309",2012,2057,"Belmont","Final - W",0.481848880393586,0.372805429864253,0.735105159325873,39.4208333333333,11.5988095238095,24.6880952380952,17.5184523809524,7.74464285714286,2.15119047619048,12.6,18.2738095238095,81.6672619047619,67.8208333333333,0.426604242641275,0.340561895076737,0.556668076037005,13.8464285714286,69.6796577380952,1.17224729734204,0.97343020437359,7,0.571428571428571,0.575,2.27559523809524,1.1811663216011,1.3882298136646,3.2,0.521773656037659,0.283333333333333,0.322023809523809,0.0837113402061856,0.571428571428571,9.2,0.594789232831095,5.91620206260743,0.987438382734506,1,3.2,0.2,0,"Other",0,0,114.42399003066,98.709099846846,0.83981005143054,0.466001083763285,"R64","R64 - L",0.794117647058823,0.838418097271763,0.0443004502129399,0
"310",2012,2132,"Cincinnati","Final - L",0.422669826125796,0.349865000247366,0.640626312373786,39.3230769230769,13.3884615384615,23.0538461538462,13.0974358974359,8.03974358974359,4.91923076923077,10.7820512820513,15.0538461538462,69.2307692307692,60.0833333333333,0.404511084177862,0.310622232955003,0.486648375220874,9.1474358974359,65.1498397435898,1.06255255976065,0.923023392386304,7.5,0.5,0.533333333333333,5.01282051282051,1.37104265180954,1.23840379543362,4.7,0.557921690398006,0.382051282051282,0.285897435897436,0.200713356105833,0.472222222222222,4.5,0.607229704934329,5.55295958492162,0.926811723788297,1,2.2,0,0,"Big East",0,1,107.513731918525,92.1095176055635,0.850098191837085,1.49432947974407,"S16","S16 - L",0.705882352941177,0.725599887082967,0.0197175341417909,0
"311",2012,2166,"Davidson","Final - W",0.446400480392461,0.337122762701215,0.77393543956044,41.8060606060606,12.6515151515152,25.7636363636364,13.6515151515152,5.7030303030303,3.31818181818182,12.0545454545455,19.9606060606061,78.0606060606061,67.830303030303,0.436860121062097,0.339060784032851,0.511743475359228,10.230303030303,69.0127878787879,1.13214377736493,0.982321122742949,8,0.625,0.3,4.35454545454545,1.08087740146564,1.20221826104179,6.7,0.697633687235277,0.254545454545455,0.387878787878788,0.0199255121042831,0.625,5,0.603915662650602,6.49978704065585,1.4,1.4,2.375,0.2,0,"Other",0,0,110.23797174647,98.883618390376,0.77498401464718,-0.160329862620712,"R64","R64 - L",0.774193548387097,0.781113037682779,0.0069194892956822,0
"312",2012,2174,"Detroit Mercy","Final - W",0.454674606202433,0.299134171545108,0.732962363515212,37.115,11.965,22.10875,12.9779166666667,7.46083333333333,4.76333333333333,12.4808333333333,18.7129166666667,72.7466666666667,67.4616666666667,0.438988122580222,0.368103280243603,0.496137480824827,5.285,67.0984333333333,1.08458990585671,1.00537134971928,8,0.380952380952381,0.166666666666667,3.75625,1.21724787643133,1.04014257099093,5.1,0.487645781219223,0.369583333333333,0.11375,0.0957178502875477,0.507936507936508,6.7,0.514423076923077,6.0330862217988,1,0,2.75,0.2,0,"Other",0,0,105.55345147166,102.699674090485,0.567649340433845,-2.55669002974357,"R64","R64 - L",0.628571428571429,0.652561710015153,0.0239902814437248,0
"313",2012,2250,"Gonzaga","Final - L",0.472818948158959,0.381904831399958,0.713781820713496,41.2025,11.1732692307692,26.2965384615385,13.8701923076923,7.11038461538462,3.25192307692308,13.3278846153846,14.9784615384615,74.7255769230769,62.5813461538462,0.409948002700724,0.311577701969909,0.536888760436365,12.1442307692308,66.5774673076923,1.12204383991653,0.940961335593786,8,0.280952380952381,0.8,1.24596153846154,1.01355333381632,1.04077233612661,1,0.574690303040633,0.06,0.247884615384615,0.012987012987013,0.492063492063492,3.1,0.791979949874687,5.99146454710798,1.5,1.5,2.22222222222222,0.2,1,"Other",0,0,110.92647479184,94.3154381317355,0.861856753488805,1.06251394418795,"R32","R32 - L",0.806451612903226,0.794761775035666,-0.0116898378675599,0
"314",2012,2305,"Kansas","Semifinals - L",0.488986499900735,0.363950793939738,0.702365274862615,39.8333333333333,11.2924242424242,26.0060606060606,15.8742424242424,7.42348484848485,5.80984848484848,13.5969696969697,17.3818181818182,75.9409090909091,60.8439393939394,0.380198639418661,0.346626242643637,0.545023800965936,15.0969696969697,67.63375,1.12259877817554,0.900632801622171,6.5,0.535714285714286,0.616666666666667,2.28939393939394,1.06963869463869,1.17267482517483,2.4,0.793031387008356,0.111363636363636,0.293181818181818,0,0.619047619047619,1.5,0.746218487394958,6.39024066706535,2.88461538461538,3.3125,3.125,0,1,"Big12",1,1,113.98083801665,87.5557283355885,0.95403861150986,4.107670712323,"Final","Final - L",0.84375,0.849583640773578,0.00583364077357751,1
"315",2012,2306,"Kansas St","Quarterfinals - L",0.444214367443279,0.336632146720204,0.666060780392479,41.3133333333333,14.4516666666667,23.7033333333333,14.8033333333333,6.015,4.90833333333333,14.5,20.1616666666667,72.5033333333333,62.9733333333333,0.399727147320161,0.314921703215071,0.497712992046556,9.53,67.88965,1.06686214748043,0.929446524906447,8.5,0.45,0.333333333333333,4.255,1.12554173197492,1.02095219435737,3.6,0.460000304262128,0.256666666666667,0.145,0.227337066120684,0.590277777777778,3.4,0.67458950413387,4.93447393313069,0.823583932498192,1,2.1,0.2,1,"Big12",1,1,107.65323677356,91.3800650145945,0.8680388737486,1.05520971973666,"R32","R32 - L",0.67741935483871,0.727583960840694,0.0501646060019846,0
"316",2012,2320,"Lamar","Final - W",0.434548976597733,0.340390336672441,0.721824223416965,42.3559523809524,14.1130952380952,25.5214285714286,13.3172619047619,8.43095238095238,4.63392857142857,12.3559523809524,17.2779761904762,74.6630952380952,66.1440476190476,0.419851013815329,0.35416019277291,0.476321448255067,8.51904761904762,69.506,1.07526586835226,0.951785619178755,7,0.375,0.233333333333333,5.28452380952381,1.21594514013119,1.09233750745379,3.9,0.503904449877163,0.104761904761905,0.339285714285714,0.176595346680756,0.645833333333333,5.2,0.484367824362838,4.71849887129509,0,0,2.6,0.2,0,"Other",0,0,103.42712339888,98.914102379283,0.62615189930082,-2.10054472454338,"First Four","First Four - L",0.676470588235294,0.74081646579794,0.0643458775626455,0
"317",2012,2329,"Lehigh","Final - W",0.449255229594143,0.355221349412915,0.776585584404231,40.6333333333333,10.99,25.1233333333333,13.4066666666667,7.75666666666667,3.02666666666667,11.4683333333333,17.985,76.4866666666667,65.1733333333333,0.412399482317864,0.322442772416342,0.516344895088421,11.3133333333333,68.4111916666667,1.11804936521248,0.952677508474779,7,0.671428571428571,0.47,3.43666666666667,1.27096646015466,1.17687312314397,1.9,0.556561613151222,0.175,0.248333333333333,0.10219632460316,0.5,4.3,0.561168834768548,4.81218435537242,0.803173300540551,1,2.8,0.2,0,"Other",0,0,106.912874254495,98.6649453344375,0.711231764377505,-0.560728077988395,"R32","R32 - L",0.787878787878788,0.795194565280515,0.0073157774017274,0
"318",2012,2352,"Loyola MD","Final - W",0.42465490470955,0.337488602524574,0.708936776708558,39.1022727272727,13.7159090909091,21.9772727272727,11.9393939393939,8.09924242424242,4.27878787878788,13.4840909090909,19.0128787878788,67.9106060606061,64.2416666666667,0.432618893865946,0.368044959820974,0.472061774279474,3.66893939393939,64.9287992424242,1.04599199221042,0.989184930238564,7.5,0.421428571428571,0.533333333333333,4.10984848484848,1.08337009746406,0.885580638600773,5.4,0.751150540551795,0.222727272727273,0.0416666666666667,0.0822908033559608,0.535714285714286,3.3,0.477812154157513,5.36129216570943,0,0,2.625,0,0,"Other",0,0,102.424505494705,99.0122489077375,0.596125277672675,-0.68930644450969,"R64","R64 - L",0.75,0.621300365164932,-0.128699634835068,0
"319",2012,2400,"Miss Valley St","Final - W",0.395467661453601,0.327818418379294,0.660593255585686,39.2833333333333,12.65,23.6333333333333,13.1916666666667,8.45,2.30833333333333,14.7166666666667,20.7416666666667,67.775,71.5166666666667,0.442610959624746,0.387306652826095,0.459866933551509,-3.74166666666667,70.6515416666667,0.959943957228811,1.01178131423573,6.5,0.761904761904762,0.425,2.50833333333333,1.09762125424776,0.89713469261662,6.1,0.644246793468326,0.241666666666667,0.3,0.0642606886976619,0.535714285714286,1.4,0.37491502792635,4.57471097850338,0,0,2.75,0.6,0,"Other",0,0,95.4444689741215,105.364417154455,0.244920064522145,-2.41866229793172,"First Four","First Four - L",0.636363636363636,0.488686115961032,-0.147677520402605,0
"320",2012,2427,"UNC Asheville","Final - W",0.482865201023629,0.351194999635424,0.747179559705488,37.6153846153846,11.3288461538462,23.7557692307692,16.4980769230769,8.41346153846154,2.73846153846154,13.4557692307692,18.0615384615385,81.1615384615385,71.3961538461539,0.443041613386384,0.346540416105633,0.538756230960172,9.76538461538462,70.9675673076923,1.14347073749947,1.00631881093985,6.5,0.35952380952381,0.45,1.90384615384615,1.2176619047619,1.2470880952381,2.5,0.364175723597326,0.190384615384615,0.278846153846154,0.137015614831899,0.69047619047619,5.1,0.464015151515151,6.2709884318583,1,1,2.77777777777778,0.2,0,"Other",0,0,106.42536905455,104.343609836055,0.55522493661941,-1.61417135150035,"R64","R64 - L",0.727272727272727,0.753139441813566,0.0258667145408387,0
"321",2012,2439,"UNLV","Semifinals - L",0.465861208964295,0.374612384741695,0.678363904070275,40.4839052287582,11.6713235294118,26.2279411764706,18.053431372549,8.55759803921569,4.88357843137255,13.6089869281046,16.9630718954248,76.9937091503268,65.2903594771242,0.406953879729547,0.331658972021957,0.534981191822856,11.7033496732026,69.9369195261438,1.10044561724009,0.933596584911281,7.5,0.644444444444444,0.665,2.37630718954248,1.12958073497231,1.32281146943095,4.3,0.790835295029396,0.229656862745098,0.229003267973856,0.0528824011333631,0.611111111111111,11.1,0.610089274330996,0,0,0,3.22222222222222,0.2,0,"Other",0,0,109.30887782381,92.3315611249045,0.874364609514335,1.41271312517742,"R64","R64 - L",0.764705882352941,0.787290322248851,0.0225844398959095,0
"322",2012,2450,"Norfolk St","Final - W",0.436192346227987,0.304618202312018,0.646957888826502,40.2738095238095,11.675,25.2964285714286,11.577380952381,7.10059523809524,4.92142857142857,15.5363095238095,19.9559523809524,68.3309523809524,65.8761904761905,0.401293636233525,0.287425837650946,0.490371479103557,2.4547619047619,69.4614642857143,0.984395335363916,0.948982672869464,8.5,0.347222222222222,0.4,-1.36964285714286,0.933344066254399,0.768623208683196,4,0.607873130235341,0.24702380952381,0.144642857142857,0.113601198972309,0.590277777777778,4.9,0.456382999605305,4.8283137373023,0,0,3,0.2,0,"Other",0,0,97.470647846852,98.555198037844,0.47346880790234,-1.33475491973244,"R32","R32 - L",0.735294117647059,0.590726388278648,-0.144567729368411,0
"323",2012,2509,"Purdue","Quarterfinals - L",0.439542651391118,0.372635438745231,0.651953394706559,36.7641666666667,11.5733333333333,21.94,14.0025,6.64166666666667,3.3725,8.64666666666667,17.9275,72.5916666666667,65.3841666666667,0.442500964636184,0.353895962678452,0.515286012628823,7.2075,64.5016666666667,1.12522721640426,1.0155867404873,8.5,0.409722222222222,0.775,6.33,1.50760763209393,1.65579745596869,3.3,0.498367158383725,0.335,0.244166666666667,0.115902579536537,0.708333333333333,3.5,0.694243045464482,5.4510384535657,1.21306755873723,1.4,2.7,0.2,1,"Big Ten",0,1,114.366439183465,97.34389746324,0.86431472409057,0.87548357489419,"R32","R32 - L",0.636363636363636,0.683518219847934,0.0471545834842979,0
"324",2012,2571,"S Dakota St","Final - W",0.472526441574622,0.396226497957342,0.732620697744377,37.72875,10.49625,24.005,14.38,6.7675,1.9725,10.40375,16.14375,77.78375,66.01875,0.446001502209254,0.315718878173152,0.543810185218664,11.765,66.50986875,1.17064792009389,0.991507856000811,7,0.671428571428571,0.86,3.90125,1.2957521802182,1.42644570100881,1.5,0.746439342400458,0.1425,0.335,0.0925049309664694,0.714285714285714,3.2,0.409265811698326,5.20948615284142,0,0,2.5,0.2,1,"Other",0,0,111.61644413247,100.937366812353,0.75739189441966,-0.204949162674455,"R64","R64 - L",0.794117647058823,0.785304135081493,-0.00881351197733038,0
"325",2012,2572,"Southern Miss","Semifinals - L",0.418478913289668,0.354822951762126,0.743878859623163,40.4583333333333,13.9091666666667,23.0908333333333,11.1316666666667,5.98333333333333,3.03416666666667,11.25,18.7733333333333,71.7691666666667,64.2408333333333,0.439903933768775,0.347833574963589,0.472872904944906,7.52833333333333,65.5416958333333,1.09524888927236,0.980873579055707,7.5,0.555357142857143,0.75,8.14583333333333,1.27211085089774,0.993820452771272,5.9,0.84477499152904,0.425,0.133333333333333,0.124308516706286,0.732142857142857,7.2,0.60223642172524,6.44094654063292,1.66666666666667,0,2.22222222222222,0.4,0,"Other",0,0,110.360658271265,98.2161434758515,0.787308080106095,0.636706434254725,"R64","R64 - L",0.757575757575758,0.698636039418907,-0.0589397181568504,0
"326",2012,2608,"Saint Mary's","Final - W",0.476988473414429,0.353117718722639,0.727384367896485,38.0666666666667,11.5333333333333,24.9790476190476,16.4314285714286,7.19047619047619,3.34,11.5104761904762,15.9019047619048,75.2095238095238,61.9257142857143,0.428031120232924,0.372710622710623,0.548598599581593,13.2838095238095,64.3374761904762,1.16934397135273,0.96366726991755,7,0.729166666666667,0.4,3.12571428571429,1.05907630646865,1.43423942086622,0.7,0.778536653880192,0.0733333333333333,0.296190476190476,0.131069656575619,0.583333333333333,3.4,0.648534365939063,5.77144112313002,1.60546198060924,1.66666666666667,2.88888888888889,0.2,0,"Other",0,0,111.615523090055,96.581910438712,0.832670889682765,1.43034239097941,"R64","R64 - L",0.84375,0.828922920115386,-0.0148270798846142,0
"327",2012,2670,"VCU","Final - W",0.409670856955934,0.33602875619915,0.700335111355384,36.0794871794872,12.6846153846154,20.9782051282051,12.2602564102564,10.8474358974359,3.75384615384615,11.6217948717949,18.1320512820513,68.4961538461538,59.6333333333333,0.42949657475566,0.315856481097146,0.476996173371215,8.86282051282051,65.2086153846154,1.05034651808508,0.914341652459442,8,0.4375,0.508333333333333,8.65384615384615,1.56819212687657,1.05711712851842,2.6,0.800538491761601,0.26025641025641,0.237179487179487,0,0.75,3,0.692445482209841,4.34380542185368,3.26249521208913,4.5,2.25,0.2,0,"Other",0,0,106.410171698755,93.3329934405005,0.8187255976759,1.15966816826103,"R32","R32 - L",0.823529411764706,0.761044734678156,-0.06248467708655,0
"328",2012,2724,"Wichita St","Semifinals - L",0.478563599880946,0.365864710093057,0.744541820418204,41.1579545454545,11.2401515151515,27.0852272727273,14.8655303030303,6.12575757575758,4.15568181818182,12.0852272727273,16.8958333333333,77.0185606060606,61.7075757575758,0.3928977699256,0.307989651435456,0.544943184733692,15.3109848484848,67.5284204545455,1.14136328024875,0.91374911744756,7.5,0.401785714285714,0.866666666666667,2.76287878787879,1.09960566246888,1.24517072816151,1.2,0.527803300620219,0.171212121212121,0.353030303030303,0.116034964460331,0.598214285714286,6.3,0.666666666666667,6.0282785202307,1,0,2.55555555555556,0,0,"Other",0,0,115.088490866995,92.115134069281,0.927953746142625,2.21599871276656,"R64","R64 - L",0.838709677419355,0.851984689686848,0.0132750122674929,0
"329",2012,2752,"Xavier","Final - L",0.458735386932747,0.342516598569969,0.691154433509827,40.4615384615385,11.1769230769231,25.8171328671329,13.4942307692308,6.53243006993007,4.14571678321678,13.1895979020979,18.5184440559441,71.8061188811189,66.4450174825175,0.394971336166566,0.290343386454942,0.503579662896954,5.3611013986014,68.1491280594406,1.05390218374434,0.975466944659886,7,0.291666666666667,0.75,0.0284965034965035,1.00845217434732,1.03277331768486,3.1,0.563530983431122,0.22465034965035,0.152884615384615,0.202182284980745,0.5,5.2,0.705994031630907,4.21950770517611,1.40850627488493,2,2.8,0,0,"Other",0,0,105.637329776625,94.1348200154365,0.7897812264683,0.3486840184332,"S16","S16 - L",0.65625,0.615137692689414,-0.0411123073105858,0
"330",2012,112358,"Long Island","Final - W",0.472916355597187,0.370452106618622,0.728839204168425,42.4616883116883,11.9298701298701,26.6558441558442,14.7292207792208,6.02077922077922,3.26753246753247,16.4321428571429,15.7964285714286,81.3061688311688,77.2714285714286,0.44455139489767,0.32898304715893,0.532403247168624,4.03474025974026,74.4599464285714,1.0921701239095,1.0377524635222,7.5,0.401785714285714,0.766666666666667,-4.41493506493507,0.856918665648077,0.916628775146422,5.7,0.910916064414633,0.249675324675325,0.112987012987013,0.062210200927357,0.535714285714286,3.2,0.481121384890047,5.5834963087817,0.931908428211729,1,3,0,0,"Other",0,0,106.4455139055,105.6089706436,0.520983988972145,-1.19484921621571,"R64","R64 - L",0.757575757575758,0.620386235247794,-0.137189522327963,0
"331",2013,12,"Arizona","Semifinals - L",0.454689944229755,0.369980949368995,0.747764712763483,39.8159090909091,11.7159090909091,25.1083333333333,14.1416666666667,7.1530303030303,3.83106060606061,13.25,16.1871212121212,74.1734848484848,62.5621212121212,0.40869050950739,0.358688543236557,0.528635430734876,11.6113636363636,66.712125,1.11175970107847,0.937997534507033,7.5,0.564285714285714,0.845,3.32272727272727,1.06382691007437,1.06984448951995,3.8,0.773314897285014,0.207575757575758,0.283333333333333,0.0273897058823529,0.464285714285714,2.5,0.692983869735689,5.605802066296,2.0583889713249,3,2.44444444444444,0.2,0,"Other",0,0,113.15257403237,91.567619856963,0.914533218216555,2.290426530423,"S16","S16 - L",0.78125,0.7697183629924,-0.0115316370075995,0
"332",2013,21,"San Diego St","Semifinals - L",0.444190512910778,0.335734152285516,0.674199802951375,40.1841025641026,10.9133333333333,26.0451282051282,12.5969230769231,6.9025641025641,4.83179487179487,12.0666666666667,14.3641025641026,70.2035897435897,59.8815384615385,0.385571489314373,0.324019956651536,0.504355920694885,10.3220512820513,66.9085769230769,1.04901967840798,0.895809997599134,8.5,0.472222222222222,0.4,1.58666666666667,1.07590245874527,1.04842825115639,1.4,0.470403284862248,0.151794871794872,0.273846153846154,0.268031642783782,0.472222222222222,2.2,0.646198830409357,6.52941883826223,2.95833333333333,1,2.44444444444444,0.2,0,"Other",0,0,105.30461828818,88.0971093086285,0.88488491687009,0.24635580722514,"R32","R32 - L",0.6875,0.756874973158303,0.0693749731583031,0
"333",2013,25,"California","Quarterfinals - L",0.450543987200708,0.305371141787931,0.725747266902269,40.9283333333333,11.135,26.6966666666667,14.1566666666667,5.50166666666667,4.78166666666667,12.76,15.92,68.35,64.1383333333333,0.393054942938474,0.334329572791179,0.488823874361687,4.21166666666667,66.6280333333333,1.02561410454074,0.962599107183636,7.5,0.339285714285714,0.316666666666667,-2.24333333333333,0.86811206453582,1.1167422623854,4.4,0.606329700359894,0.271666666666667,0.125,0.0982010557891737,0.598214285714286,1.4,0.684665226781857,6.83195356556585,1.5,1,2.71428571428571,0,1,"Other",0,0,105.817520395065,93.8536415455245,0.798942313371855,0.2594286076031,"R32","R32 - L",0.645161290322581,0.601616727037715,-0.0435445632848657,0
"334",2013,26,"UCLA","Final - L",0.461743457660266,0.337989861016177,0.72593038754381,40.0115384615385,10.9948717948718,25.9576923076923,16.9358974358974,8.33974358974359,3.90384615384615,11.1538461538462,14.8230769230769,76.0615384615385,68.8025641025641,0.420223267742126,0.32354406495857,0.504791792200891,7.25897435897436,70.4242115384615,1.0795011409537,0.977052669781436,7.5,0.358928571428571,0.55,1.24615384615385,1.28047101266249,1.51496303967131,1.6,0.773983720478075,0.392307692307692,0.153846153846154,0.221050766257756,0.669642857142857,3.3,0.653846153846154,6.35088571671474,3.27777777777778,3.75,2.14285714285714,0,1,"Other",0,0,111.85270042752,95.953115759763,0.85371726314694,1.66997349218536,"R64","R64 - L",0.735294117647059,0.666858367977676,-0.0684357496693827,0
"335",2013,36,"Colorado St","Semifinals - L",0.450078387617827,0.335576799829096,0.720685803458284,43.7369230769231,14.5192307692308,26.2769230769231,13.4207692307692,5.04769230769231,2.13076923076923,10.7715384615385,16.8407692307692,73.6269230769231,61.8338461538462,0.40382809868359,0.328262550678771,0.495953357696693,11.7930769230769,64.0695038461539,1.14926380170763,0.965046014072018,7,0.428571428571429,0.6,6.78769230769231,1.04878530441911,1.24567553468962,2.1,0.660402206391755,0.14,0.302307692307692,0.101527896128156,0.571428571428571,8.1,0.609090909090909,6.49375383985169,1,0,3.42857142857143,0,0,"Other",0,0,114.9634283224,97.3596633375415,0.87029361722419,0.98489553853193,"R32","R32 - L",0.757575757575758,0.785468343143765,0.0278925855680074,0
"336",2013,38,"Colorado","Quarterfinals - L",0.449436068828642,0.362874055628245,0.68209509450037,40.5795454545455,11.2833333333333,26.4643939393939,10.3439393939394,7.2469696969697,3.28560606060606,13.8704545454545,15.6977272727273,69.705303030303,63.6583333333333,0.401363284526289,0.325189837484919,0.502114602573819,6.0469696969697,67.0250303030303,1.03900867473882,0.95094326178155,6.5,0.392857142857143,0.6,-0.462878787878788,0.95919236825044,0.750354547446558,5,0.628048637720188,0.222727272727273,0.191666666666667,0.119141086186541,0.69047619047619,4,0.54218920405237,5.28320372873799,0.881788365298454,1,2.11111111111111,0.2,1,"Other",0,0,105.66470576615,91.2999080957435,0.842039958751945,0.710230043864597,"R64","R64 - L",0.65625,0.638891226138546,-0.017358773861454,0
"337",2013,46,"Georgetown","Semifinals - L",0.458481850483208,0.350897201554978,0.674359187833651,36.230303030303,9.21818181818182,23.8393939393939,14.9060606060606,7.96060606060606,4.19090909090909,12.5636363636364,16.1484848484848,65.3606060606061,55.5333333333333,0.376502141575198,0.309064974623633,0.512553086177163,9.82727272727273,62.9403787878788,1.03855928250054,0.883301971957618,6.5,0.569047619047619,0.775,0.742424242424242,1.18619439071567,1.19122662798195,4.9,0.717931126017012,0.151515151515152,0.26969696969697,0.0808031341821743,0.464285714285714,0.5,0.669800937731455,5.93224518744801,1.91834983922728,2.25,2.125,0.2,0,"Big East",0,1,104.336009735689,83.8178974348255,0.91864809423462,3.255359052885,"R64","R64 - L",0.806451612903226,0.780016973698179,-0.0264346392050465,0
"338",2013,57,"Florida","Final - L",0.484735843360504,0.377369910078998,0.697873988756342,38.8015151515151,10.9227272727273,24.4939393939394,14.8924242424242,7.02424242424242,3.74242424242424,11.1181818181818,14.0454545454545,72.480303030303,52.4909090909091,0.368955723327799,0.302532693254227,0.561056579451137,19.9893939393939,62.0439696969697,1.16832917028746,0.84591273751272,8,0.625,0.7,4.52727272727273,1.30343222744971,1.35032040882544,1.9,0.406110362180971,0.0787878787878788,0.493939393939394,0.235050752182656,0.5,2.8,0.702838063439065,6.39692965521615,3.70833333333333,3.70833333333333,3.125,0,0,"SEC",1,1,118.29935523655,85.5136308824635,0.976192013468555,2.09916455725345,"E8","E8 - L",0.8125,0.929107138408288,0.116607138408288,1
"339",2013,66,"Iowa State","Semifinals - L",0.456551541669299,0.368293378390104,0.7192900731117,42.975303030303,12.9265151515152,27.0125757575758,16.3933333333333,6.88424242424242,3.28606060606061,13.5728787878788,16.7112121212121,80.6524242424242,69.8586363636364,0.418695539754363,0.304594366831941,0.540985422479748,10.7937878787879,71.402775,1.1304312405413,0.981276304925887,7,0.666666666666667,0.67,2.57606060606061,1.02593778005377,1.23593995993177,3.8,0.611639758932908,0.102727272727273,0.34,0.0691584601611459,0.583333333333333,7.7,0.602133279233581,4.20469261939097,0.701780438877925,1,2.77777777777778,0,1,"Big12",1,1,113.78345612937,97.4789576484655,0.853870180649335,0.374077741331928,"R32","R32 - L",0.666666666666667,0.723431401991315,0.056764735324648,0
"340",2013,68,"Boise St","Quarterfinals - L",0.466457955239835,0.392526097209024,0.755392801219097,37.2666666666667,10.2066666666667,24.075,13.6733333333333,7.08333333333333,1.83666666666667,11.9433333333333,18.5166666666667,75.0433333333333,64.6233333333333,0.429708764815641,0.329178989628638,0.535928171201194,10.42,66.8797416666667,1.1213448229627,0.966619574622722,7.5,0.364285714285714,0.933333333333333,4.65166666666667,1.17483230765269,1.1573919816665,4,0.428153102579298,0.201666666666667,0.211666666666667,0.258363956917803,0.732142857142857,7.8,0.565552715411691,4.18965474202643,0,0,2.22222222222222,0.2,0,"Other",0,0,111.270392065935,97.069696703829,0.82772976370217,-0.05512856676868,"First Four","First Four - L",0.67741935483871,0.737372250852493,0.0599528960137838,0
"341",2013,84,"Indiana","Semifinals - L",0.487876985758966,0.409953327922078,0.744022887980359,42.1471428571429,12.5285714285714,26.6347619047619,14.7966666666667,7.64047619047619,3.79952380952381,13.19,16.872380952381,81.0109523809524,61.8880952380952,0.386385869365165,0.305585224548545,0.557106838217479,19.1228571428571,68.088669047619,1.18792215943426,0.913548894002154,7,0.4375,0.833333333333333,2.32523809523809,1.11764594935327,1.12354944062261,1.5,0.532528383942376,0.218095238095238,0.497142857142857,0.0270906949352179,0.5,2.3,0.588942307692308,6.0330862217988,2.25,3,2.55555555555556,0,0,"Big Ten",0,1,121.73245162001,89.285653975493,0.97247988540116,3.86503411786205,"S16","S16 - L",0.818181818181818,0.893714118890307,0.0755323007084886,0
"342",2013,87,"Notre Dame","Semifinals - L",0.475206445857579,0.378971560573739,0.703858385459447,40.25,10.9128205128205,26.0051282051282,17.8641025641026,5.18461538461538,3.84102564102564,11.0551282051282,13.6653846153846,72.275641025641,62.5448717948718,0.408909134466943,0.320217141285596,0.536734357994785,9.73076923076923,63.8948333333333,1.13022140028117,0.979884732408922,7,0.642857142857143,0.725,-0.484615384615385,0.941855111263006,1.61602063871801,2.6,0.637738427210403,0.15,0.258974358974359,0.209739014687964,0.642857142857143,3.5,0.661141804788214,6.29894924685594,1.2,1.25,2.55555555555556,0,1,"Big East",0,1,114.72566138595,95.72721579979,0.886291492684075,1.91867756698895,"R64","R64 - L",0.735294117647059,0.717745934952499,-0.0175481826945598,0
"343",2013,97,"Louisville","Final - W",0.449685729682815,0.330909090909091,0.712661244128766,39.4589743589744,13.825641025641,23.7487179487179,14.9666666666667,10.8858974358974,4.07051282051282,12.3525641025641,17.2141025641026,74.4653846153846,57.5269230769231,0.39252689162898,0.310232482395818,0.501906193181207,16.9384615384615,67.237391025641,1.10813827814977,0.857176202613209,8.5,0.434722222222222,0.5,8.75897435897436,1.54471936593111,1.22236521246404,2,0.606957311407247,0.270512820512821,0.374358974358974,0.141359102447439,0.472222222222222,4.3,0.728852838933951,6.76157276880406,3.70588235294118,2.66666666666667,2.66666666666667,0.2,1,"Big East",0,1,112.344671594695,83.4575965282675,0.96824095928241,4.4848014701051,"Final","Final - W",0.852941176470588,0.885754154074865,0.032812977604277,1
"344",2013,98,"Western KY","Final - W",0.428179735859217,0.317216217810249,0.67166642537851,39.4041666666667,12.35,24.3666666666667,11.3416666666667,6.2375,3.40416666666667,14.9916666666667,18.5166666666667,66.975,64.8875,0.41978746253566,0.326562302538889,0.488145313807914,2.0875,66.5555416666667,1.0064485833888,0.975273654728443,8,0.4,0.558333333333333,0.833333333333333,0.934010882734287,0.758384169022467,2.6,0.518643523193584,0.3125,0.204166666666667,0.386329302395092,0.625,4.7,0.60374689515143,2.99573227355399,0.5,1,2.36363636363636,0.2,0,"Other",0,0,99.2100279558545,99.88319190806,0.4827280053657,-4.0730067733217,"R64","R64 - L",0.571428571428571,0.547919818062368,-0.0235087533662038,0
"345",2013,108,"Harvard","Did Not Play in Conference Tournament",0.482803232616515,0.405063153900363,0.723810729952462,32.9541666666667,7.6,22.2666666666667,13.4458333333333,7.4625,4.3875,13.5833333333333,14.9958333333333,69.3291666666667,63.8375,0.439681486636719,0.325262188219681,0.551857541088084,5.49166666666667,64.2662708333333,1.07879128503199,0.993325604145417,7,0.428571428571429,0.866666666666667,-2.25,1.01593754239095,0.988833498052439,3.5,0.618769744509267,0.354166666666667,0.0791666666666667,0.0467639944736904,0.571428571428571,5.6,0.578833693304536,6.13988455222626,1,1,2.28571428571429,0.2,0,"Other",0,0,106.092410298025,99.8327046993825,0.665793273317315,-1.25479508330425,"R32","R32 - L",0.678571428571429,0.658638322946411,-0.0199331056250172,0
"346",2013,127,"Michigan St","Semifinals - L",0.464452949150836,0.340809165771572,0.712404883752132,40.8314285714286,11.5095238095238,26.0519047619048,13.6095238095238,8.24380952380952,3.87,13.5633333333333,15.8595238095238,68.7804761904762,58.7833333333333,0.38911668158467,0.303749545589424,0.517352316499192,9.99714285714286,64.552569047619,1.06589719838907,0.911983111338549,7.5,0.358928571428571,0.55,0.821428571428571,0.969220397882976,1.02724841740627,1.2,0.660812810735138,0.362857142857143,0.20952380952381,0.180925117541347,0.598214285714286,3,0.709122203098107,6.36647044773144,4.06666666666667,4.06666666666667,2.22222222222222,0,1,"Big Ten",0,1,109.2612991451,89.0757155769475,0.90388661873729,3.34443556978503,"S16","S16 - L",0.757575757575758,0.770632731024928,0.0130569734491707,0
"347",2013,130,"Michigan","Quarterfinals - L",0.489311246290089,0.387924784190472,0.710521439206487,38.6263403263403,10.7445221445221,24.7750582750583,14.7013986013986,5.75174825174825,2.82284382284382,9.03706293706294,12.4864801864802,76.0202797202797,61.4156177156177,0.413456673029505,0.322260144989182,0.556022706954177,14.604662004662,63.5882109557109,1.19590063246767,0.965934460261662,6.5,0.464285714285714,0.933333333333333,3.78205128205128,1.37623878536922,1.65666666666667,0.3,0.675680943734063,0.193006993006993,0.333799533799534,0.152798471847067,0.464285714285714,2.5,0.60377358490566,6.45676965557216,1.57142857142857,1,1.875,0.2,1,"Big Ten",0,1,120.499409053855,94.130366438735,0.94280483159112,3.0942053722575,"Final","Final - L",0.787878787878788,0.821891300893636,0.0340125130148484,1
"348",2013,135,"Minnesota","Early Round - L",0.449051661987821,0.323558088295857,0.68507433628378,43.2457142857143,15.305,24.0735714285714,15.3596428571429,8.08821428571428,5.87392857142857,13.5892857142857,17.265,70.1467857142857,61.1203571428571,0.393546196640185,0.336906424581006,0.497237023421873,9.02642857142857,63.3179875,1.1069321951237,0.967981288614186,6.5,0.30952380952381,0.35,3.00785714285714,0.975689768976898,1.15187458745875,1.1,0.654040422131444,0.245714285714286,0.291785714285714,0.0938749228467711,0.535714285714286,4.4,0.69701280227596,6.55677835615804,2.53125,1,2.7,0,0,"Big Ten",0,1,113.05002694857,91.355870931478,0.90747255658905,1.04761918365235,"R32","R32 - L",0.625,0.709513121579434,0.0845131215794345,0
"349",2013,139,"Saint Louis","Final - W",0.454205090602935,0.356767676767677,0.715700100805449,35.7841025641026,8.82666666666667,23.594358974359,13.2010256410256,7.11435897435897,3.30769230769231,11.314358974359,16.6030769230769,68.8430769230769,57.5661538461538,0.415717347121002,0.34045646693868,0.520759353723098,11.2769230769231,64.0291,1.07553043835425,0.898647734287935,7.5,0.510714285714286,0.475,3.48102564102564,1.34725131774564,1.16772536829301,3.5,0.500024061978136,0.13025641025641,0.258974358974359,0.0560033941450997,0.330357142857143,6.3,0.502849002849003,6.55535689181067,1,0,3.22222222222222,0.4,0,"Other",0,0,107.114463134445,88.788274717205,0.891255564340985,1.94554969153948,"R32","R32 - L",0.8125,0.810022337801724,-0.00247766219827616,0
"350",2013,142,"Missouri","Quarterfinals - L",0.461587182075461,0.344781505044663,0.736406491884639,46.4060606060606,14.4093939393939,28.3225757575758,14.245303030303,6.6669696969697,3.53257575757576,13.0859090909091,15.8966666666667,77.7818181818182,65.8869696969697,0.395046877239473,0.32592630651791,0.517635497617908,11.8948484848485,68.7564492424243,1.13118220428133,0.958984522190876,7,0.428571428571429,0.366666666666667,2.05045454545455,0.917657629089372,1.09444004016701,1.1,0.56327246431022,0.234242424242424,0.322878787878788,0.197824189405942,0.571428571428571,4.7,0.601943770734863,5.5834963087817,0.931908428211729,1,2.66666666666667,0,0,"SEC",1,1,112.15812310688,94.7393689632815,0.874047898026025,0.62829131868433,"R64","R64 - L",0.696969696969697,0.771536164254583,0.0745664672848858,0
"351",2013,145,"Ole Miss","Final - W",0.439857634228184,0.333742959549411,0.68219130514285,43.3795454545455,13.5142424242424,25.7322727272727,13.1936363636364,8.82409090909091,5.31924242424242,11.4571212121212,17.3456060606061,79.5916666666667,66.4624242424242,0.405336441395991,0.29471546971547,0.500538337352764,13.1292424242424,72.2989765151515,1.10033391403039,0.921312460582272,7.5,0.358928571428571,0.383333333333333,6.56227272727273,1.43375245979871,1.15043458678063,4.4,0.557567252901047,0.227727272727273,0.268333333333333,0.151751917660542,0.598214285714286,5.7,0.617118047735965,5.47227067367148,0,0,2.44444444444444,0,0,"SEC",1,1,108.749210134395,95.153676083847,0.82264676589601,0.83780240872001,"R32","R32 - L",0.757575757575758,0.783063562999372,0.0254878054236147,0
"352",2013,149,"Montana","Final - W",0.468043293781399,0.389737818842296,0.764806382641748,34.1944444444444,7.26388888888889,23.9277777777778,12.8055555555556,5.71944444444444,3.13333333333333,12.2361111111111,17.2388888888889,70.1222222222222,65.1027777777778,0.422122087156855,0.338306809177297,0.538461064091365,5.01944444444444,65.067625,1.07830802342317,1.0006271540747,8,0.55,0.72,-3.84722222222222,0.991657948350862,1.04920984527284,4.2,0.776456081087908,0.297222222222222,0.197222222222222,0.285520180075278,0.5,6.3,0.621357411577394,5.23644196282995,0.873983634828904,1,2.4,0.2,1,"Other",0,0,101.169013645149,100.832844811196,0.50723466792243,-0.623270429590745,"R64","R64 - L",0.806451612903226,0.683743744472323,-0.122707868430903,0
"353",2013,150,"Duke","Quarterfinals - L",0.480276711054813,0.416219951095192,0.725348452416964,37.0121212121212,9.79015151515151,24.8545454545455,15.2712121212121,6.68484848484848,4.03333333333333,10.7636363636364,17.4704545454545,79.4651515151515,64.4810606060606,0.409599013167468,0.296679395016021,0.552147187768951,14.9840909090909,68.6837992424242,1.15711535985738,0.939854400479199,7,0.691666666666667,0.88,1.27424242424242,1.35093582887701,1.42187738731856,4.7,0.802592719215877,0.222727272727273,0.378030303030303,0.160828709959815,0.583333333333333,0.3,0.761083743842365,7.10578612948127,4.51785714285714,4.51785714285714,2.75,0,1,"ACC",1,1,117.949040825635,90.4315365789865,0.952513794263495,3.80058201278585,"E8","E8 - L",0.84375,0.824239157105694,-0.0195108428943064,1
"354",2013,152,"NC State","Semifinals - L",0.506209844938345,0.402545763761316,0.686190136312544,39.8128205128205,11.3089743589744,25.6012820512821,14.9320512820513,6.67307692307692,4.46794871794872,12.4961538461538,15.0935897435897,79.3307692307692,70.2474358974359,0.415875627144899,0.299452522107773,0.554338994237722,9.08333333333333,68.8978141025641,1.15066318781734,1.01975681441025,6.5,0.35952380952381,0.9,-2.36025641025641,0.941107604601446,1.1939529675252,3.7,0.705897948129612,0.276923076923077,0.153846153846154,0.0858254131737568,0.380952380952381,1.1,0.642553191489362,6.15485809401642,1.5,3,2.42857142857143,0.2,0,"ACC",1,1,115.80564621927,98.3682222808765,0.86724106378914,1.09380424692377,"R64","R64 - L",0.705882352941177,0.705030780740534,-0.000851572200642359,0
"355",2013,153,"North Carolina","Final - L",0.445524600517223,0.372308040844307,0.660405475417882,44.0543123543124,14.3174825174825,26.0459207459207,17.8004662004662,8.58135198135198,3.60699300699301,12.6811188811189,14.7088578088578,78.3895104895105,68.3554778554779,0.414497368739946,0.335433256476932,0.502394858060724,10.0340326340326,72.5738986013986,1.07929849385939,0.943521618038144,7,0.583333333333333,0.575,5.77156177156177,1.26403688026079,1.40969525941063,1.9,0.62013518977453,0.0545454545454545,0.333799533799534,0.27758283607566,0.729166666666667,1.2,0.799763033175355,6.73933662735717,3.84090909090909,4.8125,2,0.2,1,"ACC",1,1,109.674373500695,93.2733728883335,0.86272460723939,1.27710756732598,"R32","R32 - L",0.727272727272727,0.734911139229452,0.00763841195672454,0
"356",2013,156,"Creighton","Final - W",0.513834832691875,0.426026011560694,0.756332787249632,37.8673076923077,8.53076923076923,26.7826923076923,17.8269230769231,5.21730769230769,2.51442307692308,12.0682692307692,15.7932692307692,77.3798076923077,63.1144230769231,0.412972135287638,0.313010639023392,0.602460202365225,14.2653846153846,65.0163365384615,1.19016737209347,0.972576121520634,7.5,0.641071428571429,0.69,-1.96153846153846,0.928785882231352,1.48158992842932,2.1,0.485737607150818,0.0990384615384615,0.275961538461538,0.0334469535577333,0.598214285714286,3.9,0.569006713809035,5.87211778947542,0.980080536787926,1,3.22222222222222,0,1,"Other",0,0,117.864395172635,94.5165170486175,0.92321215495715,1.79823231702025,"R32","R32 - L",0.794117647058823,0.82217224403147,0.028054596972647,0
"357",2013,166,"New Mexico St","Final - W",0.458296836426081,0.315222614972121,0.656945900712055,40.2485714285714,12.0128571428571,25.7285714285714,11.5857142857143,5.47714285714286,5.32857142857143,14.8114285714286,15.08,67.4014285714286,61.8314285714286,0.397894918091847,0.331720519341454,0.498709101023998,5.57,65.6762785714286,1.02730556155023,0.941387928089656,8,0.125,0.3,-0.871428571428571,0.847353556979685,0.790447943356257,2.4,0.479688231382386,0.287142857142857,0.208571428571429,0.205289290879523,0.375,5.8,0.60404888944976,5.14166355650266,0.858164730188463,1,2.4,0,0,"Other",0,0,102.776928206925,95.285984652929,0.70295903520522,-1.4281023093288,"R64","R64 - L",0.705882352941177,0.685348035501726,-0.0205343174394506,0
"358",2013,167,"New Mexico","Final - W",0.423573556021703,0.352810715854194,0.721954146413712,38.4742424242424,9.48560606060606,25.9382575757576,14.6329545454545,6.1375,3.91515151515152,11.7208333333333,15.3886363636364,67.7674242424242,59.9128787878788,0.386768846556231,0.337140305559309,0.483936704880306,7.85454545454545,64.9820511363636,1.04305422944492,0.922225743736941,7.5,0.507142857142857,0.6,1.10984848484848,1.13052111753792,1.27143621084798,4.3,0.776876866563223,0.296212121212121,0.0931818181818182,0.134555482111873,0.732142857142857,3,0.640287769784173,6.32256523992728,1.33333333333333,1,3,0.2,0,"Other",0,0,106.212835440735,90.7644007465555,0.854917590240225,3.4968529635849,"R64","R64 - L",0.852941176470588,0.720434577411227,-0.132506599059361,0
"359",2013,183,"Syracuse","Final - L",0.448170576185942,0.332046720879452,0.680272014954285,44.1794871794872,14.6102564102564,25.4666666666667,15.3153846153846,9.43589743589744,6.73076923076923,13.0512820512821,15.7589743589744,73.9282051282051,58.9333333333333,0.366561329676296,0.285261972224003,0.499401549738334,14.9948717948718,67.6453846153846,1.09048469381774,0.879280891866928,7.5,0.464285714285714,0.391666666666667,5.14102564102564,1.24456723930408,1.17239987963672,3.4,0.5469493054955,0.220512820512821,0.461538461538462,0.0592823914386339,0.330357142857143,2.2,0.745393634840871,7.08590146436561,2.63793103448276,2.63793103448276,2.33333333333333,0.2,1,"Big East",0,1,112.496222916745,88.070460305542,0.94107790013291,2.56214923900145,"F4","F4 - L",0.742857142857143,0.814094199250923,0.0712370563937803,1
"360",2013,194,"Ohio State","Final - W",0.45780682898236,0.358754246358602,0.696416129527317,38.7318181818182,11.2409090909091,25.1462121212121,13.8840909090909,6.84015151515151,4.31363636363636,10.6962121212121,16.1454545454545,71.8159090909091,57.8984848484848,0.387733998307776,0.321522967880629,0.51838553190166,13.9174242424242,64.7238409090909,1.10738480516349,0.896023901274935,8,0.375,0.25,4.87045454545455,1.29869816994587,1.30607303032907,1.3,0.48443527731878,0.129545454545455,0.353030303030303,0,0.375,1.5,0.770883054892601,6.04025471127741,2.7,3.5,2.625,0.2,0,"Big Ten",0,1,114.062924690125,90.0915757592995,0.93769376713227,3.57699185167221,"E8","E8 - L",0.78125,0.824291306956662,0.0430413069566622,1
"361",2013,197,"Oklahoma St","Semifinals - L",0.442900960775832,0.320825635762345,0.752357895801745,39.1121212121212,10.8477272727273,25.8,12.1840909090909,7.49242424242424,4.90454545454545,12.3621212121212,17.3742424242424,72.5416666666667,61.3128787878788,0.386541315032752,0.320344935718055,0.497228795837692,11.2287878787879,68.0542537878788,1.06611580153003,0.900004842590781,8,0.4375,0.391666666666667,2.33712121212121,1.21390298175345,0.986506453048509,2.7,0.639980639952898,0.253030303030303,0.301515151515152,0.0535293236888052,0.3125,4.8,0.545181670842246,5.92425579741453,0.988782584096923,1,1.88888888888889,0.4,1,"Big12",1,1,107.37690011308,87.4700914651135,0.912161634857655,1.58847433399018,"R64","R64 - L",0.75,0.771076774818435,0.0210767748184346,0
"362",2013,201,"Oklahoma","Quarterfinals - L",0.434212166260172,0.331904993252362,0.758929180956715,40.3,11.9683333333333,24.8683333333333,12.2366666666667,6.71,2.91666666666667,12.0183333333333,17.0516666666667,70.9183333333333,64.7066666666667,0.414111405369301,0.313121992734403,0.478446873744181,6.21166666666667,66.957575,1.0593414504215,0.965910168591965,9,0.3,0.383333333333333,2.42166666666667,1.14018633379181,1.02628655957231,1.9,0.477527841206151,0.301666666666667,0.158333333333333,0.092955196669467,0.666666666666667,2,0.606879606879607,6.70318811324086,1.73076923076923,0,2.55555555555556,0.2,1,"Big12",1,1,108.049143014645,94.558483455014,0.81557376232802,0.188254594282285,"R64","R64 - L",0.645161290322581,0.649865534052351,0.00470424372977052,0
"363",2013,218,"Temple","Quarterfinals - L",0.431178135842787,0.330980225236979,0.726185078254647,38.0683333333333,11.5566666666667,23.34,15.13,8.22333333333333,3.8,11.2266666666667,16.1666666666667,73.0316666666667,67.665,0.433272496182324,0.347237100960505,0.495434442113917,5.36666666666667,67.8283,1.07617116636839,0.997289836530941,7,0.428571428571429,0.5,3.49,1.25075457149152,1.35664321908539,1.2,0.689919882959006,0.323333333333333,0.0616666666666667,0.184946048918447,0.571428571428571,3.5,0.660714285714286,6.51174532964473,1,1,3.375,0,0,"Other",0,0,109.342883403345,96.566442053963,0.80616567365739,0.783245635344025,"R32","R32 - L",0.71875,0.638494054511461,-0.0802559454885392,0
"364",2013,221,"Pitt","Quarterfinals - L",0.476327149277086,0.353329484327923,0.668589370505316,38.7839285714286,13.1278571428571,22.8635714285714,16.9107142857143,6.58571428571429,4.11214285714286,10.7921428571429,16.8467857142857,70.1717857142857,54.905,0.388335054288307,0.309025927444148,0.522667661655592,15.2667857142857,61.0181714285714,1.15158439000643,0.899769297891798,9.5,0.366666666666667,0.633333333333333,6.38071428571429,1.28632242806464,1.63099538593522,1,0.423239123296021,0.115714285714286,0.416428571428571,0.173636779162866,0.527777777777778,6.6,0.75055863216017,5.75574221358691,1.68114970798567,1.75,2.8,0,0,"Big East",0,1,114.475184055135,91.6220469697925,0.92830868694623,1.55564728502792,"R64","R64 - L",0.75,0.876077603202944,0.126077603202944,0
"365",2013,222,"Villanova","Quarterfinals - L",0.414371940757677,0.343258509734718,0.718292773612863,39.7319347319347,11.0613053613054,25.2955710955711,12.2911421911422,7.96456876456876,3.38368298368298,15.5876456876457,18.9172494172494,68.4480186480186,64.6305361305361,0.400875809260902,0.361490235329539,0.47988095770947,3.81748251748252,68.2947482517482,1.00208792258478,0.946304008840462,8,0.436507936507937,0.391666666666667,0.64965034965035,0.992459802931083,0.789129714540479,4.6,0.504388193768647,0.231468531468531,0.166899766899767,0,0.563492063492063,3.3,0.625435540069686,6.35437004079735,2.27777777777778,2.64285714285714,2.55555555555556,0,1,"Big East",0,1,104.495836986275,92.05639649653,0.791569412860525,0.151697144020755,"R64","R64 - L",0.606060606060606,0.597120458693543,-0.00894014736706283,0
"366",2013,235,"Memphis","Final - W",0.47813380658338,0.367651981831958,0.67811141928789,40.2019230769231,12.4205128205128,24.9653846153846,17.2423076923077,9.3275641025641,6.06217948717949,14.8525641025641,17.9346153846154,75.8307692307692,65.175,0.406568509558706,0.349305113603491,0.52787480296718,10.6557692307692,70.0555032051282,1.08224721065476,0.930427786046204,8,0.5625,0.5,2.69871794871795,1.08037851037851,1.16197802197802,7.1,0.773590718424862,0.121153846153846,0.165384615384615,0.135937198182486,0.75,5.8,0.700480633843442,4.65396035015752,0.776765065296755,1,2.5,0.2,0,"Other",0,0,106.631729045515,90.947631146631,0.858770837947065,2.36952321322483,"R32","R32 - L",0.882352941176471,0.787259394006388,-0.0950935471700829,0
"367",2013,256,"James Madison","Final - W",0.430780693926906,0.339603932197731,0.703345570560727,35.5711538461538,9.7025641025641,22.8108974358974,12.4666666666667,8.06730769230769,4.41089743589744,11.4108974358974,17.0628205128205,66.5057692307692,64.9891025641026,0.427885782845155,0.352461397906604,0.483736746315507,1.51666666666667,64.6999198717949,1.02784960626316,1.00272924758395,7.5,0.507142857142857,0.466666666666667,2.39038461538462,1.22815696623363,1.11617784504532,2.9,0.518494928637471,0.382692307692308,0.207051282051282,0.34172636099596,0.803571428571429,6.6,0.550880210966764,5.55295958492162,0,0,2.22222222222222,0.2,0,"Other",0,0,98.7290649053605,101.091533413779,0.435413980873315,-4.32480144295065,"R64","R64 - L",0.588235294117647,0.527311938402727,-0.0609233557149205,0
"368",2013,269,"Marquette","Quarterfinals - L",0.472512860620316,0.302690720132581,0.725298837305895,37.9466666666667,11.2216666666667,23.5616666666667,14.89,7.01333333333333,3.55,13.4266666666667,16.8266666666667,69.8616666666667,62.7433333333333,0.406093964651451,0.319602479289588,0.513009180892009,7.11833333333333,64.8089,1.07839678478571,0.969013698535205,8.5,0.298611111111111,0.316666666666667,-0.711666666666667,0.976610644257703,1.13661032069594,1.5,0.55144969773026,0.251666666666667,0.248333333333333,0.0974339456989255,0.590277777777778,3.4,0.637997658317704,5.15329159449778,1.72021099481769,2,2.90909090909091,0.4,0,"Big East",0,1,112.56189556981,94.2813290640245,0.87981637760802,2.23078176801394,"E8","E8 - L",0.741935483870968,0.693738865415802,-0.048196618455166,1
"369",2013,275,"Wisconsin","Final - L",0.430962512891799,0.344253833122464,0.630159838506033,39.4897435897436,12.0417249417249,25.1398601398601,13.8004662004662,6.15617715617716,4.45314685314685,9.68508158508159,13.8918414918415,67.6547785547785,55.9386946386946,0.394770063090533,0.309892770667589,0.499458901172477,11.7160839160839,62.2873706293706,1.08500043624619,0.898331144098637,7,0.614285714285714,0.605,5.04988344988345,1.23278388278388,1.43612637362637,2.2,0.609800660085209,0.206060606060606,0.387412587412587,0.0564625850340136,0.428571428571429,7.7,0.699530516431925,6.05678401322862,1.90909090909091,1.90909090909091,2.625,0,0,"Big Ten",0,1,109.11025746659,87.4267253044955,0.92394186136738,2.28596889322678,"R64","R64 - L",0.696969696969697,0.806379159464683,0.109409462494986,0
"370",2013,279,"Pacific","Final - W",0.459451269176899,0.390338566506768,0.694529838695367,34.8671328671329,9.19251748251748,23.1917482517483,15.0034265734266,5.55524475524476,1.34356643356643,11.1243356643357,17.5873426573427,68.0706993006993,63.8109090909091,0.42087122631582,0.33733189974077,0.52210082184577,4.25979020979021,63.2742839160839,1.07607911861162,1.0081998573199,9,0.225,0.9,1.32671328671329,1.15450058366746,1.35909950261382,3,0.520923714757131,0.343216783216783,0.213846153846154,0.0148033126293996,0.5,5,0.572614107883817,6.58479139238572,1,1,2,0.2,0,"Other",0,0,105.82492128517,101.373260642915,0.620958817432975,-2.48369724201795,"R64","R64 - L",0.647058823529412,0.627468470800031,-0.0195903527293808,0
"371",2013,314,"Iona","Final - W",0.464390437393514,0.388278074199022,0.774966399541624,39.6358974358974,11.4355769230769,24.4144230769231,16.350641025641,6.65544871794872,2.93365384615385,12.3711538461538,17.3022435897436,82.438782051282,76.548717948718,0.455751320424738,0.37181143560078,0.539112219177394,5.8900641025641,72.4860336538461,1.13708753751925,1.05632637282227,8,0.534920634920635,0.6,1.69679487179487,1.18103407141478,1.34277028587875,4.8,0.410282551192698,0.395512820512821,0.0769230769230769,0.295773639590507,0.69047619047619,7,0.68954639167689,4.26267987704132,0.711458749947685,1,2.3,0,0,"Other",0,0,113.77821897608,104.182645137235,0.72682180159765,-2.8361677726923,"R64","R64 - L",0.606060606060606,0.632556073562164,0.0264954675015578,0
"372",2013,356,"Illinois","Quarterfinals - L",0.422208538587849,0.325579181041284,0.726354385531249,37.3950216450217,11.8720779220779,22.269696969697,10.5606060606061,7.03225108225108,4.05822510822511,11.7411255411255,17.9551948051948,70.8642857142857,65.595670995671,0.426684061427231,0.351848619079841,0.492616686551804,5.26861471861472,66.7719794372294,1.05894930920477,0.983934858995338,7,0.571428571428571,0.35,3.85779220779221,1.24540224346619,0.897705458330121,4.6,0.841835076321916,0.228354978354978,0.230735930735931,0.0229508196721312,0.571428571428571,2.6,0.607280828952661,4.95582705760126,0.827147856527564,0,3.25,0.2,0,"Big Ten",0,1,110.641980089645,94.0025667987815,0.86513628044921,1.18949325006591,"R32","R32 - L",0.647058823529412,0.619104633091612,-0.0279541904378001,0
"373",2013,399,"Albany","Final - W",0.437605897504547,0.372884336650884,0.736962751682378,37.5580086580087,9.75844155844156,23.5989177489177,11.2876623376623,5.41861471861472,2.0461038961039,13.3112554112554,15.9374458874459,64.8928571428571,60.25,0.423178002819774,0.326250059977378,0.50191998738499,4.64285714285714,62.6232727272727,1.03610115194837,0.961899561789379,7.5,0.376785714285714,0.533333333333333,-0.277705627705628,0.952153220702079,0.849416962851161,1.6,0.639816828713698,0.371212121212121,0.174458874458874,0.0811478153709463,0.473214285714286,4,0.457002886703102,5.79605775076537,0.967385804454617,1,2.7,0.2,1,"Other",0,0,101.352115933173,99.982965473717,0.53930812458917,-2.17175495160805,"R64","R64 - L",0.705882352941177,0.638331814291752,-0.067550538649425,0
"374",2013,526,"FGCU","Final - W",0.462252078133775,0.33286926678231,0.675185604583496,39.8422077922078,11.3125541125541,25.4034632034632,14.0829004329004,9.31168831168831,3.74307359307359,15.0707792207792,17.5160173160173,72.7666666666667,65.7248917748918,0.402395594638591,0.298887482529372,0.519880049673791,7.04177489177489,69.9595216450216,1.04077198124231,0.939283160135422,9,0.533333333333333,0.47,0.281385281385282,1.08962814061251,0.952415716475044,5.1,0.856146482013559,0.174458874458874,0.311904761904762,0.0307692307692308,0.555555555555556,4.7,0.535292194470127,3.49650756146648,0,0,2.55555555555556,0,0,"Other",0,0,101.26484012913,96.7289524733375,0.62878644397992,-1.93521786709765,"S16","S16 - L",0.705882352941177,0.688418822257768,-0.0174635306834081,0
"375",2013,2006,"Akron","Final - W",0.460665466595112,0.338944869224059,0.658950088120049,40.425,12.895,24.65,15.1366666666667,7.185,5.84,13.6416666666667,17.6216666666667,73.7383333333333,62.5133333333333,0.391930808265083,0.328555305075634,0.528645778517383,11.225,67.5111333333333,1.09172431248341,0.925645702187186,8.5,0.578571428571429,0.61,2.35,1.0306490290942,1.11342631727247,3.2,0.590610417575105,0.286666666666667,0.226666666666667,0.287130342626929,0.292857142857143,6.8,0.627721469797431,5.78689738136671,0.965856901241281,1,2.45454545454545,0.2,0,"Other",0,0,106.534715188525,94.2707529549145,0.79965794986443,0.278904964266985,"R64","R64 - L",0.8125,0.798304939547186,-0.0141950604528136,0
"376",2013,2057,"Belmont","Final - W",0.490580213816906,0.385778817133377,0.727053652230123,35.5625641025641,9.63076923076923,23.3164102564103,15.6394871794872,9.67948717948718,2.9825641025641,13.4061538461538,18.3133333333333,77.085641025641,63.574358974359,0.404073931546541,0.325230373557736,0.57078504634094,13.5112820512821,68.4518333333333,1.12579416240607,0.928915101132092,7,0.457142857142857,0.633333333333333,1.53641025641026,1.29169492821178,1.17036678778252,1.7,0.531606686199586,0.175384615384615,0.365641025641026,0.033984375,0.571428571428571,5.6,0.609876543209876,6.00635315960173,1,1,3.25,0,0,"Other",0,0,107.81491792176,94.067210044843,0.8270517806063,0.173989208143365,"R64","R64 - L",0.8125,0.833100955939761,0.0206009559397612,0
"377",2013,2083,"Bucknell","Final - W",0.456698559557447,0.356881522770398,0.748684605992298,38.6363492063492,9.02412698412699,27.1611111111111,13.2877777777778,3.56492063492064,4.07603174603175,9.3868253968254,14.5542857142857,67.6663492063492,57.6352380952381,0.375701464499453,0.31153678003008,0.499878395904782,10.0311111111111,62.2324253968254,1.08725616906179,0.926019088361453,6.5,0.309523809523809,0.6,-0.0950793650793651,0.976619975581825,1.4293959814119,1,0.521587992896043,0.226031746031746,0.101428571428571,0.0507880910683012,0.69047619047619,5.5,0.561504372065374,4.87519732320115,0.813690423246243,1,2.8,0,0,"Other",0,0,105.944863554135,93.2951875373235,0.810876242595245,0.624595188399026,"R64","R64 - L",0.848484848484849,0.794382733254053,-0.0541021152307959,0
"378",2013,2086,"Butler","Semifinals - L",0.456243188793851,0.349202599021869,0.689836290389225,39.6643939393939,11.9689393939394,24.7340909090909,13.0901515151515,5.91666666666667,2.44469696969697,13.0969696969697,18.3333333333333,70.5939393939394,63.9204545454545,0.418568526776461,0.336195263070263,0.521900485116194,6.67348484848485,64.6853522727273,1.09112772755542,0.987691016729338,8,0.309523809523809,0.566666666666667,1.59015151515151,0.883147451963241,1.00251531606795,6.3,0.711603398446573,0.246969696969697,0.101515151515152,0.163911683896534,0.436507936507937,3.2,0.756813077241117,5.19295685089021,2.81685882186178,3.25,2.77777777777778,0.2,0,"Other",0,0,110.36799929381,94.0047161737865,0.861987513361065,2.3988921760556,"R32","R32 - L",0.764705882352941,0.669861931490323,-0.0948439508626177,0
"379",2013,2132,"Cincinnati","Quarterfinals - L",0.402294250723425,0.321541473626152,0.645860073759233,44.4638095238095,14.6104761904762,25.952380952381,12.61,7.42285714285714,6.32428571428571,12.8628571428571,17.6361904761905,68.2095238095238,58.4771428571429,0.381379398185576,0.30297571928325,0.462385326744688,9.73238095238095,66.5577142857143,1.02073444938555,0.884692851766248,7,0.471428571428571,0.475,4.63142857142857,1.07360747844619,0.976930155962414,4.1,0.546015793719965,0.231428571428571,0.198571428571429,0.0882553331663924,0.5,2.8,0.619530352904343,5.68697535633982,1.42376925832388,2,2.3,0.2,0,"Big East",0,1,105.690438428265,87.322412200272,0.885388005113575,0.84343852995713,"R64","R64 - L",0.666666666666667,0.746898911857809,0.0802322451911424,0
"380",2013,2166,"Davidson","Final - W",0.459016986480886,0.367701437869597,0.802111728967151,36.8416666666667,9.34166666666667,24.725,14.025,5.90833333333333,2.975,11.1333333333333,17.975,74.025,62.5583333333333,0.410162148664888,0.32560917343526,0.530161763044013,11.4666666666667,65.389875,1.13207751662469,0.957365944853852,7.5,0.641071428571429,0.62,1.01666666666667,1.14576807698301,1.26951554464703,3.2,0.524760319859317,0.2,0.316666666666667,0.0932942286690515,0.669642857142857,5.6,0.611190817790531,6.54821910276237,1.33333333333333,1.33333333333333,3.375,0,0,"Other",0,0,110.91308751769,99.774346624524,0.7710770190501,-0.624807744247735,"R64","R64 - L",0.787878787878788,0.812345581547959,0.0244667936691707,0
"381",2013,2250,"Gonzaga","Final - W",0.508601370154034,0.37286964510882,0.703568535813372,40.9451298701299,11.5350649350649,26.0517857142857,15.5472402597403,8.15892857142857,2.80746753246753,11.5058441558442,15.813961038961,78.6956168831169,59.6149350649351,0.380674829339954,0.321077096374032,0.564928586483815,19.0806818181818,65.7183579545455,1.19752988102163,0.907253725452032,9,0.225,0.75,3.41022727272727,1.23199311171009,1.36506439053609,1,0.809489864164879,0.163474025974026,0.438149350649351,0.203164249076049,0.5625,2.8,0.791666666666667,6.07073772800249,1.46153846153846,1.46153846153846,2.54545454545455,0.2,1,"Other",0,0,119.11786172913,90.5074129033825,0.95800490953892,3.8900618892925,"R32","R32 - L",0.939393939393939,0.908799941398057,-0.0305939979958827,0
"382",2013,2305,"Kansas","Final - W",0.485225160804549,0.373453293020616,0.738503504005228,41.8533333333333,10.8316666666667,28.545,16.2916666666667,7.33333333333333,7.215,13.4766666666667,16.7933333333333,76.5616666666667,60.5066666666667,0.352855060671088,0.303690477552188,0.542257437947569,16.055,68.4825,1.11762678518381,0.884036876227249,7.5,0.535714285714286,0.7,-1.17666666666667,0.979649312945867,1.21490659371749,3,0.413413128166324,0.138333333333333,0.391666666666667,0.0493572084481175,0.535714285714286,1,0.750788643533123,6.45362499889269,3.14285714285714,3.66666666666667,2.625,0,1,"Big12",1,1,113.33841598137,85.3029915906775,0.95673384731794,3.76253395829015,"S16","S16 - L",0.852941176470588,0.852522462292292,-0.000418714178295865,0
"383",2013,2306,"Kansas St","Final - L",0.436740219769684,0.353579238630785,0.692260375850477,38.7282051282051,14.0628205128205,22.2025641025641,16.4666666666667,7.11538461538462,3.75384615384615,11.8115384615385,17.7141025641026,70.0025641025641,59.3884615384615,0.41431939148066,0.307500319072283,0.496162812664599,10.6141025641026,64.0802948717949,1.09304356050549,0.928642481594351,8,0.579365079365079,0.53,6.29871794871795,1.25237439973981,1.41248273355144,2.1,0.690759314791025,0.16025641025641,0.27051282051282,0.301773115773116,0.634920634920635,5.8,0.668803418803419,6.15060276844628,2.1875,0,2.81818181818182,0.2,0,"Big12",1,1,109.56541500013,92.503382671077,0.86916053483851,2.7033626979476,"R64","R64 - L",0.794117647058823,0.764432308593779,-0.0296853384650441,0
"384",2013,2325,"La Salle","Quarterfinals - L",0.45555765740292,0.380773812976066,0.742872948344213,34.7397727272727,9.93522727272727,21.9431818181818,14.7875,8.13977272727273,3.67386363636364,11.4522727272727,14.6170454545455,73.8375,64.9170454545455,0.449281927084534,0.297807414197718,0.528263074045368,8.92045454545454,67.4037102272727,1.09532369519078,0.96313638392109,7,0.671428571428571,0.565,2.88068181818182,1.31789368770764,1.30471760797342,3,0.769664332317942,0.221590909090909,0.229545454545455,0.161385524153634,0.714285714285714,5.9,0.505175983436853,6.18208490671663,0,0,2.5,0.4,0,"Other",0,0,109.84950158843,95.6473402900165,0.830698448999055,0.236639742056925,"S16","S16 - L",0.7,0.690882114655309,-0.00911788534469105,0
"385",2013,2335,"Liberty","Final - W",0.42532091818298,0.373039872537816,0.707030494763109,38.9285714285714,10.5071428571429,25.0333333333333,12.6333333333333,5.7452380952381,3.03571428571429,13.902380952381,19.0333333333333,68.1428571428571,69.4428571428572,0.422355160837289,0.296134119732991,0.492477485183478,-1.3,67.0851904761905,1.01529171369639,1.03504779658823,8.5,0.447222222222222,0.591666666666667,-4.42380952380952,0.81920702298903,0.920328632069013,1.6,0.423302045566107,0.307142857142857,0.14047619047619,0.0808332182002395,0.583333333333333,3.4,0.502676958738627,5.72031177660741,0.954743490782825,0,1.88888888888889,0,1,"Other",0,0,96.2577218916495,107.45065680955,0.226034983371435,-7.6684144968531,"First Four","First Four - L",0.428571428571429,0.474379547252549,0.0458081186811206,0
"386",2013,2390,"Miami","Final - W",0.457953146387527,0.353462437186911,0.673463498962192,38.97,9.90727272727273,25.9736363636364,11.4572727272727,6.52636363636364,4.67090909090909,11.0072727272727,14.3727272727273,69.4118181818182,59.6136363636364,0.389662893583429,0.310986138071773,0.522769260442895,9.79818181818182,64.1950090909091,1.08144129398815,0.92851052148066,7,0.714285714285714,0.68,0.528181818181818,1.10529989262157,1.04392544868845,1.7,0.449121690344792,0.178181818181818,0.210909090909091,0.157700796998553,0.571428571428571,1,0.589285714285714,6.66568371778241,2.1,0,3.57142857142857,0.2,1,"ACC",1,1,109.7341741637,90.0799043369715,0.900916221372065,3.17730326393377,"S16","S16 - L",0.8125,0.773152541242752,-0.0393474587572475,0
"387",2013,2393,"MTSU","Semifinals - L",0.466818805241109,0.378796897546898,0.691198458073458,39.7792207792208,12.3288961038961,24.5548701298701,14.7176948051948,7.41948051948052,3.60616883116883,13.6706168831169,20.6209415584416,72.1785714285714,57.1136363636364,0.392176983076422,0.285705548741137,0.519494896081874,15.0649350649351,66.1336663961039,1.091619898537,0.863507029306131,9,0.255555555555556,1,5.02694805194805,1.19822425726774,1.09289402354568,1.9,0.704866742074276,0.215584415584416,0.366071428571429,0.0551660325512577,0.666666666666667,7.8,0.578341013824885,6.07534603108868,1,0,2.6,0.2,1,"Other",0,0,105.017743201535,90.1984944810805,0.85173569711262,0.47735561886644,"First Four","First Four - L",0.848484848484849,0.858156385901568,0.00967153741671944,0
"388",2013,2439,"UNLV","Final - L",0.439956794280918,0.333622183961501,0.704932797698755,44.4238461538462,12.4165034965035,28.3641258741259,16.7067832167832,7.77244755244755,5.78475524475524,14.1338461538462,16.9853846153846,73.1000699300699,62.9783916083916,0.384700505070486,0.304720819656224,0.498464163255697,10.1216783216783,69.4401486013986,1.05112188421924,0.907474592665586,7.5,0.775,0.296666666666667,1.23006993006993,0.955039414849402,1.17946245829587,3.4,0.645190810120088,0.28993006993007,0.193566433566434,0.0906421923627192,0.535714285714286,7.8,0.696916121854648,3.58351893845611,0.598104004501844,1,2.5,0.2,0,"Other",0,0,106.3287945239,89.2157383562615,0.881006335933395,0.9157470246016,"R64","R64 - L",0.735294117647059,0.752061822869743,0.0167677052226837,0
"389",2013,2448,"NC A&T","Final - W",0.400130042143287,0.298768328445748,0.656307576583518,39.4230769230769,10.8943681318681,24.8282967032967,11.4263736263736,7.20054945054945,4.78818681318681,14.9313186813187,19.2017857142857,63.1520604395604,62.2409340659341,0.384393411685797,0.319778806584362,0.457683707402155,0.911126373626373,67.4261112637363,0.936999083701654,0.920377304225283,7.5,0.564285714285714,0.315,-0.389972527472527,1.07552790346908,0.773453996983409,4.7,0.521272156510265,0.318681318681319,0.233241758241758,0.173162843616384,0.464285714285714,1.2,0.528505392912173,6.47697236288968,1,0,3,0.2,0,"Other",0,0,91.3063151474025,96.921590260565,0.33894832014372,-5.63517466566685,"R64","R64 - L",0.542857142857143,0.537770478340479,-0.00508666451666395,0
"390",2013,2466,"N'Western St","Final - W",0.461637276196222,0.314456696054151,0.676472018429894,44.5444444444444,14.3722222222222,26.6833333333333,15.4666666666667,9.90555555555556,5.20555555555556,14.7444444444444,19.6277777777778,81.9944444444444,70.8944444444444,0.415205294672988,0.315606890781472,0.503852095423094,11.1,75.8094166666667,1.08197097464946,0.936708276657099,10,0.4,0.375,2.22777777777778,1.17662233985436,1.05916685242111,4.2,0.666535188667343,0.227777777777778,0.283333333333333,0.0662491339491197,0.5,3.5,0.495049504950495,6.00388706710654,1,1,2.6,0.8,0,"Other",0,0,103.924495090865,101.29839701899,0.57261945286436,-1.4855852461211,"R64","R64 - L",0.733333333333333,0.749352693338325,0.0160193600049914,0
"391",2013,2483,"Oregon","Final - W",0.449716775100668,0.321124745004547,0.720686832779772,40.9487179487179,12.5512820512821,25.4038461538462,13.4076923076923,8.93461538461538,4.30897435897436,15.1423076923077,17.5974358974359,72.825641025641,62.6423076923077,0.406611973600011,0.335607481347046,0.495424851964004,10.1833333333333,70.11875,1.03762651120845,0.895010415513819,8,0.536507936507936,0.28,3.76923076923077,1.06125384456217,0.885461678931096,3,0.712625883917106,0.271794871794872,0.264102564102564,0.116902988558878,0.380952380952381,8.1,0.626721763085399,6.58892647753352,1,0,2.33333333333333,0.2,0,"Other",0,0,103.76371141027,88.29804426658,0.860441072985875,1.44945796418971,"S16","S16 - L",0.764705882352941,0.73745662403428,-0.027249258318661,0
"392",2013,2571,"S Dakota St","Final - W",0.466535234644669,0.396970642625982,0.757053517172273,37.2761904761905,9.84761904761905,25.047619047619,14.4952380952381,5.34761904761905,2.3547619047619,10.2642857142857,14.0809523809524,73.802380952381,64.3785714285714,0.438694324997252,0.347804251834029,0.539044515109974,9.42380952380952,64.6259523809524,1.14278716215817,0.99529293002843,6.5,0.65,0.675,2.86904761904762,1.15455109453225,1.42781592225385,3.7,0.537246721257722,0.283333333333333,0.261904761904762,0.153584777437988,0.6125,4.4,0.461254379615564,5.38449506278909,0.898694304281268,1,2.88888888888889,0,1,"Other",0,0,109.588797335215,104.546202796325,0.628443506953305,-1.5135017791523,"R64","R64 - L",0.735294117647059,0.736513468511186,0.0012193508641275,0
"393",2013,2582,"Southern","Final - W",0.43362861211983,0.358468657922717,0.710443060966683,39.1795454545455,9.0219696969697,26.4598484848485,11.9159090909091,7.58636363636364,4.00454545454545,11.0856060606061,17.4469696969697,67.3174242424242,56.8522727272727,0.367262207802652,0.275751507252826,0.495374023815473,10.4651515151515,64.9334848484849,1.03832082839988,0.87453072169304,8.5,0.366666666666667,0.516666666666667,0.692424242424242,1.24563466412206,1.08263572095505,3.8,0.617972812362641,0.272727272727273,0.378030303030303,0.134954533616176,0.708333333333333,2.9,0.582178618353077,3.46573590279973,0,0,2.55555555555556,0.2,0,"Other",0,0,95.508942150421,97.146725367421,0.45106650965594,-2.7633764270639,"R64","R64 - L",0.71875,0.812222441388807,0.0934724413888069,0
"394",2013,2608,"Saint Mary's","Final - L",0.4787683208559,0.377666169943182,0.737481029399619,39.2585714285714,11.8542857142857,24.9371428571429,14.7685714285714,6.29142857142857,3.0452380952381,12.0333333333333,17.4704761904762,76.3485714285714,63.9133333333333,0.420503569295738,0.381406479786308,0.550827174687772,12.4352380952381,64.9882166666667,1.17425584780505,0.983252057416755,8,0.5625,0.725,3.24428571428571,0.981210349933754,1.22953549996103,3.2,0.739678959536951,0.115714285714286,0.269523809523809,0.0892119500784433,0.5625,6.5,0.664964351451874,5.86929691313377,1.4694145814399,1.5,2.88888888888889,0.4,0,"Other",0,0,115.11202626757,97.3390847477115,0.869113949511225,1.34483723349535,"R64","R64 - L",0.818181818181818,0.815916696864777,-0.00226512131704115,0
"395",2013,2670,"VCU","Final - L",0.449934188358084,0.355244896282845,0.700897546262003,37.2776223776224,13.9258741258741,20.9783216783217,15.3200466200466,12.5456876456876,3.36689976689977,11.6965034965035,19.3780885780886,78.0825174825175,63.6946386946387,0.440352585732645,0.320144767513189,0.515657252532681,14.3878787878788,69.2806608391608,1.12708316187207,0.919640574744202,7,0.528571428571429,0.625,11.2685314685315,1.77699911574865,1.31807038397207,0.6,0.510711440589566,0.146620046620047,0.333799533799534,0.141003645995204,0.857142857142857,6.8,0.724375773991069,4.72738781871234,2.16980612991093,2.75,2.6,0,0,"Other",0,0,113.23353503288,90.456317431375,0.920753156192435,1.35471471212763,"R32","R32 - L",0.787878787878788,0.829300221132408,0.0414214332536204,0
"396",2013,2674,"Valparaiso","Final - W",0.485481404240528,0.373055156195191,0.731448367886274,36.1165584415584,9.02305194805195,24.0964285714286,13.7155844155844,6.7237012987013,3.24123376623377,14.7295454545455,17.4,71.248051948052,61.7633116883117,0.411354862963169,0.342778038204617,0.562944537119268,9.48474025974026,65.0858587662338,1.09473356809097,0.948949514683015,9,0.5,0.575,-1.75032467532468,0.886618936618937,0.945241217116217,6.1,0.671526575160323,0.22012987012987,0.312662337662338,0.221962760109437,0.666666666666667,8.9,0.639531721184478,3.55534806148941,0,0,3.4,0.2,0,"Other",0,0,106.342643749557,96.875021758498,0.73954446585042,-0.29822515708559,"R64","R64 - L",0.787878787878788,0.771383587504985,-0.0164952003738024,0
"397",2013,2724,"Wichita St","Final - L",0.4448985807832,0.331855576421208,0.682117835050697,42.7358974358974,13.5551282051282,25.5064102564103,14.2217948717949,7.7525641025641,4.59102564102564,12.9935897435897,17.5871794871795,70.0333333333333,59.8102564102564,0.394604559795824,0.322275388773517,0.505795350360236,10.2230769230769,64.458608974359,1.08676504080662,0.928828703678044,8.5,0.502777777777778,0.408333333333333,5.70641025641026,1.05583435715423,1.10738857415876,2.6,0.671986533265472,0.243589743589744,0.182051282051282,0.254207726151952,0.645833333333333,6.8,0.677852348993289,6.10479323241498,1,1,2,0.4,1,"Other",0,0,107.29097830597,90.1849940701095,0.874708213590125,1.16637745658421,"F4","F4 - L",0.764705882352941,0.760637713375129,-0.00406816897781215,1
"398",2013,112358,"Long Island","Final - W",0.476845681863166,0.381622959922403,0.690541264737406,38.15,11.575,23.375,15.4333333333333,6.94166666666667,3.675,13.775,17.7333333333333,78.925,76.4416666666667,0.474338307682648,0.384524427081666,0.54477991711845,2.48333333333333,70.4110416666667,1.12169685820564,1.08530718571822,7.5,0.476785714285714,0.746666666666667,-0.525,0.960273391200781,1.1355909753541,5.7,0.428177129024241,0.3,0.266666666666667,0.166108454080737,0.535714285714286,2.3,0.628546421881807,0,0,0,3,0.2,0,"Other",0,0,107.9983923162,111.84764991773,0.402416117787835,-4.21850997441725,"First Four","First Four - L",0.606060606060606,0.583661592141413,-0.022399013919193,0
"399",2014,9,"Arizona St","Quarterfinals - L",0.460164653870637,0.390070537906887,0.690851029200635,36.2082051282051,8.55897435897436,27.6492307692308,14.7897435897436,5.22205128205128,6.10205128205128,11.1953846153846,18.8220512820513,75.9205128205128,67.3097435897436,0.40733863124794,0.316948769186851,0.534169449072997,8.61076923076923,69.3875487179487,1.09589566131429,0.968749323813841,6.5,0.561904761904762,0.755,-2.53487179487179,1.07802995861747,1.35099376347846,3,0.633180512903375,0.23025641025641,0.362564102564103,0.118614044491563,0.464285714285714,6.3,0.583463338533541,6.46458830368996,1.28571428571429,1,2.33333333333333,0,1,"Other",0,0,110.69431092827,95.6339991626325,0.838553013486015,0.60678087853667,"R64","R64 - L",0.65625,0.676177100128671,0.0199271001286715,0
"400",2014,12,"Arizona","Final - L",0.474683296288561,0.357286763686764,0.658673214285714,39.1935897435897,12.9820512820513,26.2115384615385,15.2525641025641,5.70897435897436,4.45,10.4820512820513,16.2333333333333,74.1038461538461,57.5461538461538,0.378681276484963,0.310561207238969,0.521871912687208,16.5576923076923,64.3700897435897,1.15139747345929,0.893903568246676,7,0.357142857142857,0.733333333333333,5.92692307692308,1.20986332806765,1.46517917724387,3.4,0.80730601227331,0.265384615384615,0.469230769230769,0.287055534887039,0.428571428571429,4.2,0.701940319202001,5.7268477475872,2.23028019932458,3,1.875,0,0,"Other",0,0,115.3350233129,87.064988527515,0.962078668452295,4.73809301671865,"E8","E8 - L",0.882352941176471,0.8768886439562,-0.00546429722027031,1
"401",2014,13,"Cal Poly","Final - W",0.409679058747009,0.334894040214089,0.682749285643906,32.8125,11.3166666666667,21.4958333333333,11.7041666666667,6.14583333333333,2.80833333333333,9.45833333333333,18.575,63.2666666666667,63.5666666666667,0.43354153752544,0.342997676962273,0.468833824294307,-0.3,60.816375,1.0408233719051,1.04618752660127,8.5,0.376388888888889,0.45,3.62083333333333,1.21982223812932,1.26338284418993,1.8,0.3854989084859,0.2625,0.225,0.100908378536438,0.645833333333333,3,0.522332292725565,4.84418708645859,0,0,2.25,0.2,0,"Other",0,0,102.38647893151,102.990286393522,0.484253652589595,-5.2997381752713,"R64","R64 - L",0.40625,0.492573941132615,0.0863239411326153,0
"402",2014,21,"San Diego St","Final - L",0.442362578100236,0.360325456193272,0.654111737422835,38.532634032634,12.8018648018648,25.7307692307692,10.7447552447552,7.96946386946387,5.53333333333333,9.96480186480186,16.3375291375291,72.1986013986014,55.2284382284382,0.369226771593928,0.276135084427767,0.489557310065947,16.9701631701632,65.1532552447552,1.10686197021993,0.85001592088891,9,0.3875,0.633333333333333,6.55617715617716,1.46223236935566,1.08475646879756,3.3,0.823875126832039,0.158275058275058,0.336829836829837,0.319034039210367,0.275,12.8,0.647632311977716,6.57786135772105,2.96153846153846,1.33333333333333,2.4,0,0,"Other",0,0,108.806960699435,90.154092306709,0.89536966782739,3.0308536363994,"S16","S16 - L",0.878787878787879,0.869437766171133,-0.00935011261674601,0
"403",2014,24,"Stanford","Semifinals - L",0.471038224390327,0.379059473453066,0.692590945037564,35.4666666666667,9.73333333333333,25.7333333333333,12.2666666666667,4.95833333333333,4.64166666666667,11.325,17.8416666666667,74.35,67.8583333333333,0.414416355187146,0.347532781228433,0.530776401585021,6.49166666666667,67.3752916666667,1.10298252850291,1.00703304276607,6.5,0.492857142857143,0.7,-0.175,1.01831357048748,1.08248454444107,4.8,0.558951853108561,0.258333333333333,0.266666666666667,0.0343511450381679,0.464285714285714,2,0.567735135127022,5.12989871492307,0,0,3.5,0.2,1,"Other",0,0,112.23672162152,97.525046842048,0.834203203366335,0.579019369430535,"S16","S16 - L",0.636363636363636,0.64349221305212,0.00712857668848355,0
"404",2014,26,"UCLA","Final - W",0.497444017614668,0.402175852774421,0.751292109450761,36.1141025641026,10.1615384615385,25.9525641025641,17.6423076923077,9.62948717948718,3.07564102564103,10.3961538461538,17.7089743589744,83.3525641025641,70.8782051282051,0.42322981678909,0.340029598561218,0.552820824330679,12.474358974359,70.5851666666667,1.18039863297972,1.00415548288731,8,0.4,0.683333333333333,3.88846153846154,1.41667770545468,1.7087863042899,4,0.619525148183038,0.205128205128205,0.297435897435897,0.128896183688516,0.625,12,0.651438240270728,6.38350663488401,1.28571428571429,0,2.375,0.2,0,"Other",0,0,118.23189486914,97.1665193118325,0.904258824530765,2.28716131849514,"S16","S16 - L",0.764705882352941,0.777084876412374,0.0123789940594327,0
"405",2014,38,"Colorado","Semifinals - L",0.443270951781219,0.322920242602647,0.720329929685421,38.3948717948718,11.874358974359,26.5205128205128,12,6.28846153846154,3.51153846153846,13.05,16.7782051282051,73.1474358974359,67.7794871794872,0.424825633506641,0.358147147147147,0.49578163226532,5.36794871794872,67.6394423076923,1.08031937986099,1.00245215227045,7.5,0.358928571428571,0.616666666666667,2.43717948717949,0.965348007446384,0.9229929521488,2.5,0.773792202223247,0.303846153846154,0.287179487179487,0.187291982687958,0.598214285714286,5.8,0.552388480013245,5.4380793089232,0.907637734675089,1,1.8,0,0,"Other",0,0,108.603658776795,95.6334762433165,0.808596439590815,1.22381467995741,"R64","R64 - L",0.676470588235294,0.589256372111056,-0.0872142161242382,0
"406",2014,41,"UConn","Final - L",0.451251552953109,0.397023833837792,0.760818557707558,35.6602097902098,10.1355244755245,25.5246853146853,12.8113986013986,7.12363636363636,6.36377622377622,11.4502797202797,18.0842657342657,73.0193706293706,63.1458041958042,0.385952869889755,0.32293201525449,0.517847565620303,9.87356643356643,65.8445657342657,1.1084259242391,0.959357489493634,7.5,0.598214285714286,0.8,-0.919020979020979,1.15499857251618,1.12628314934653,2.8,0.724050358311106,0.345314685314685,0.233286713286713,0.121092879634418,0.598214285714286,8.8,0.645306917598018,3.43398720448515,0,0,2.8,0.2,1,"Other",0,0,112.07472475831,93.48550159439,0.88877878094778,2.39988880178055,"Final","Final - W",0.764705882352941,0.753012085906609,-0.0116937964463321,1
"407",2014,44,"American","Final - W",0.490774847540954,0.371682123557763,0.691537470336834,30.2436363636364,7.40363636363636,22.84,14.8981818181818,6.08909090909091,3.32,14.1181818181818,17.9327272727273,63.5454545454545,59.0690909090909,0.412641412208615,0.307745386938661,0.560350265615063,4.47636363636364,61.0441636363636,1.04133427578349,0.967455252424344,7,0.4375,0.633333333333333,-4.48727272727273,0.876829653956091,1.06046402724564,3.2,0.439590006080304,0.330909090909091,0.172727272727273,0.179189322787939,0.5,5.4,0.616626661561993,0,0,0,2.57142857142857,0,0,"Other",0,0,102.942752924065,99.372319489437,0.595137237380065,-2.6688367853189,"R64","R64 - L",0.625,0.67830767917192,0.0533076791719201,0
"408",2014,45,"G Washington","Semifinals - L",0.466075091730264,0.371994949494949,0.655509096406422,37.5835897435897,11.8451282051282,25.7384615384615,14.3010256410256,7.24820512820513,4.48769230769231,13.0374358974359,17.8994871794872,73.9215384615385,66.0041025641026,0.409410338730127,0.310485834343716,0.52007046318662,7.9174358974359,67.8646564102564,1.08913116593618,0.972872488771102,7.5,0.296428571428571,0.7,0.839487179487179,1.05590346128609,1.10055607198406,3.1,0.750190150275985,0.111794871794872,0.182051282051282,0.11409124320231,0.535714285714286,3.5,0.586720623921041,5.54517744447956,0.925512852639037,0,2.875,0.2,0,"Other",0,0,109.727755691165,96.4806674209505,0.811013546519065,1.6232849510664,"R64","R64 - L",0.75,0.69026988539497,-0.0597301146050304,0
"409",2014,48,"Delaware","Final - W",0.444241922988337,0.347651763936948,0.710229903295666,36.3991608391608,11.3178321678322,25.0813286713287,10.8953146853147,5.9948951048951,3.47174825174825,10.0751748251748,19.2218881118881,79.6368531468531,75.8858741258741,0.445984284289065,0.314174566923042,0.505443248817895,3.75097902097902,71.2345646853147,1.11826568468058,1.06427955914327,7,0.542857142857143,0.533333333333333,1.19622377622378,1.23948281187944,1.11137019549005,5.1,0.588683771214639,0.441678321678322,0,0.134411993167102,0.571428571428571,3.7,0.42781647175741,5.40267738187228,0,0,2.5,0.2,0,"Other",0,0,111.147793851735,106.139835210505,0.62944413699714,-0.60798418781305,"R64","R64 - L",0.735294117647059,0.619504929629692,-0.115789188017367,0
"410",2014,57,"Florida","Final - W",0.466908868709682,0.369161241571727,0.663156252487388,35.74,11.5516666666667,24.1883333333333,13.3183333333333,6.99166666666667,2.96833333333333,11.3083333333333,16.1066666666667,71.4283333333333,57.9766666666667,0.396683874299684,0.334920147420147,0.530417969534837,13.4516666666667,63.35095,1.12754055213493,0.915297411425498,8,0.380952380952381,0.666666666666667,4.62166666666667,1.2412551090082,1.18008020541819,2.6,0.749017533714255,0.221666666666667,0.29,0.300410934315338,0.380952380952381,8,0.707547169811321,6.45676965557216,3.65384615384615,3.65384615384615,2.88888888888889,0.2,1,"SEC",1,1,115.526540378095,89.0238244231625,0.95167312658276,5.884740155883,"F4","F4 - L",0.941176470588235,0.847592316532253,-0.0935841540559826,1
"411",2014,66,"Iowa State","Final - W",0.478327688754509,0.355137101638446,0.689351019603593,39.425,9.85833333333333,29.5666666666667,18.9916666666667,5.96666666666667,3.10833333333333,10.2333333333333,17.1166666666667,84.1333333333333,71.8416666666667,0.403999262011863,0.324468332172124,0.548300799020867,12.2916666666667,73.1297083333333,1.15021583847392,0.982891919344059,7,0.785714285714286,0.613333333333333,0.141666666666667,1.19060486952724,1.87558548968228,5.2,0.80185308129625,0.191666666666667,0.266666666666667,0.0716604823747681,0.571428571428571,7.6,0.614492071003405,4.62497281328427,0.77192692653363,1,2.14285714285714,0.2,1,"Big12",1,1,116.800108252465,95.992939272205,0.90078782383,3.74752694706045,"S16","S16 - L",0.787878787878788,0.728113555482722,-0.0597652323960657,0
"412",2014,96,"Kentucky","Final - L",0.456302934795304,0.312459451527531,0.683016748039003,41.5551282051282,14.8692307692308,26.6858974358974,11.6538461538462,4.63333333333333,6.61025641025641,12.3730769230769,18.5128205128205,76.6564102564103,65.9205128205128,0.396618899853952,0.311705738416607,0.503585416473703,10.7358974358974,67.2375833333333,1.13926392995993,0.980539882697917,7,0.4,0.2,1.72564102564103,0.901402962670791,0.941447037941805,3.7,0.323055054486242,0.265384615384615,0.220512820512821,0,0.5,5.6,0.773841961852861,6.59987049921284,3.78571428571429,7,1.55555555555556,0,1,"SEC",1,1,115.93030521011,95.2384862598755,0.904149439833755,1.97788352706265,"Final","Final - L",0.705882352941177,0.753874162272898,0.0479918093317218,1
"413",2014,97,"Louisville","Final - W",0.475419911678188,0.373164460958974,0.652824009755796,38.1071428571429,13.8761904761905,24.2309523809524,15.8989177489178,9.93961038961039,4.67987012987013,10.1978354978355,19.4541125541126,82.7333333333333,61.087012987013,0.394408098085964,0.289688089252043,0.543921428914518,21.6463203463203,68.9198506493506,1.20047396520041,0.886379684627564,8,0.634920634920635,0.62,9.33614718614719,1.73076480275895,1.5638520472697,3.1,0.548586516195327,0.0515151515151515,0.596536796536797,0.238740236968807,0.507936507936508,14.3,0.735326688815061,6.80682936039218,4.13888888888889,3.55,2.66666666666667,0,1,"Other",0,0,119.318081473495,88.9077715781495,0.96584623324902,2.69241121698519,"S16","S16 - L",0.852941176470588,0.928292239728111,0.0753510632575229,0
"414",2014,108,"Harvard","Did Not Play in Conference Tournament",0.468271525453393,0.383562618595825,0.728928337091822,34.4491666666667,10.7958333333333,23.6533333333333,14.5741666666667,7.94583333333333,5.07083333333333,11.4816666666667,17.7875,74.0141666666667,60.3066666666667,0.405959522375961,0.308934347271061,0.529047601959165,13.7075,65.5503833333333,1.12927300523697,0.919510291325466,6,0.416666666666667,0.833333333333333,4.09833333333333,1.28428406629626,1.27218782371221,3.2,0.633264933394345,0.06,0.2975,0.0890841461528581,0.583333333333333,5.7,0.584178498985801,6.20253551718792,1,1,3,0.2,0,"Other",0,0,111.722682843385,95.274593794628,0.861594725111415,1.18698643647229,"R32","R32 - L",0.866666666666667,0.844159489255446,-0.0225071774112208,0
"415",2014,113,"UMass","Quarterfinals - L",0.461608410545174,0.353851217906517,0.682210211511989,39.1166666666667,12.4712121212121,26.6454545454545,15.7848484848485,6.6780303030303,5.625,13.6560606060606,19.194696969697,77.0856060606061,70.3363636363636,0.419864164206929,0.298343269892227,0.510228382275119,6.74924242424242,71.9040265151515,1.07161768528742,0.978901151687622,7,0.571428571428571,0.625,-0.0189393939393939,0.996100164203612,1.16392651888342,4.3,0.688073158386423,0.400757575757576,0.075,0.0272893772893773,0.428571428571429,3,0.538466227302159,5.09375020080676,0,0,3.28571428571429,0,0,"Other",0,0,110.33467425978,95.4227603663285,0.82636628693038,1.82962926332026,"R64","R64 - L",0.75,0.651626627654143,-0.0983733723458574,0
"416",2014,116,"Mount St Mary","Final - W",0.432927506776352,0.350348710755264,0.735384147448256,31.7242424242424,9.84924242424242,21.875,11.6704545454545,7.20909090909091,2.72424242424242,12.0151515151515,19.0712121212121,75.2840909090909,79.0477272727273,0.499581198208888,0.343286261827764,0.511773039147147,-3.76363636363636,70.2137765151515,1.07193367365819,1.12614275984812,8.5,0.590277777777778,0.62,0.410606060606061,1.12270875644886,0.971073731042479,4.4,0.67424310337794,0.297727272727273,0.218181818181818,0.102846054333765,0.590277777777778,3.9,0.585039345983234,3.49650756146648,0,0,2.375,0,0,"Other",0,0,106.65141085225,112.015405817765,0.36768197697005,-4.6788902776964,"First Four","First Four - L",0.5,0.452221245095164,-0.047778754904836,0
"417",2014,127,"Michigan St","Final - W",0.474938645847755,0.396111966186534,0.699281458100282,37.9192307692308,11.1730769230769,26.7461538461538,17.6153846153846,7.21410256410256,4.7474358974359,11.4692307692308,18.4538461538462,77.5538461538462,65.7269230769231,0.397790429548039,0.33062020985769,0.542725943735194,11.8269230769231,67.6888782051282,1.14454388650179,0.974327928131835,7.5,0.732142857142857,0.633333333333333,2.23846153846154,1.10670378831144,1.53487530934704,1.7,0.695918865542017,0.243589743589744,0.153846153846154,0.445274693625174,0.535714285714286,6.5,0.711507293354943,6.42648845745769,4,4,2.5,0.2,1,"Big Ten",0,1,117.189485461375,94.432826562175,0.921174160267205,3.47495873864245,"E8","E8 - L",0.764705882352941,0.785029085077626,0.0203232027246848,1
"418",2014,130,"Michigan","Final - L",0.477786885245902,0.38929320917043,0.763537762036824,32.75,9.2,23.55,14.6416666666667,5.35,2.48333333333333,9.28333333333333,14.6833333333333,75.875,64.7,0.440574639387046,0.32398767063865,0.557541546862679,11.175,63.8604166666667,1.18775352764528,1.01524034511617,8,0.6625,0.713333333333333,2.15833333333333,1.219322409711,1.58108346799955,1.7,0.69485684994792,0.3,0.333333333333333,0.130930656934307,0.5,7.1,0.614814814814815,6.51619307604296,2.1875,2.375,2.22222222222222,0.2,0,"Big Ten",0,1,121.44351631798,99.071118422199,0.910872539899175,3.87138886511624,"E8","E8 - L",0.757575757575758,0.752671634389741,-0.00490412318601685,1
"419",2014,139,"Saint Louis","Quarterfinals - L",0.442363771062877,0.314799222101137,0.709661768906044,36.5849206349206,10.4857142857143,26.0992063492063,14.3238095238095,7.52222222222222,4.28174603174603,12.5230158730159,17.0912698412698,70.2690476190476,60.7126984126984,0.396896229730367,0.278256320868043,0.494988546084166,9.55634920634921,67.331496031746,1.04372066351642,0.9016029349072,6.5,0.619047619047619,0.3,1.87857142857143,1.16525289361027,1.15690238359495,3.3,0.592900923274776,0.271428571428571,0.278571428571429,0,0.464285714285714,5.3,0.516960651289009,6.60394382460047,1,1,3,0,0,"Other",0,0,105.23576138109,89.9065529153335,0.85942032022166,1.95114973789255,"R32","R32 - L",0.8125,0.760014471580245,-0.052485528419755,0
"420",2014,150,"Duke","Final - L",0.470160123187585,0.396261981482994,0.727701743255083,34.7371794871795,11.7923076923077,22.9448717948718,14.9576923076923,7.26538461538462,3.07564102564103,9.88589743589744,19.0730769230769,80.3487179487179,66.8064102564103,0.450447622723002,0.298248792270531,0.548879587603683,13.5423076923077,66.3564615384615,1.21000568564477,1.00831431670309,7.5,0.607142857142857,0.775,4.59102564102564,1.30051715959774,1.52052079387667,4.5,0.744697150298302,0.155128205128205,0.358974358974359,0.0486293402865403,0.535714285714286,5.1,0.763157894736842,7.13489085156588,4.46551724137931,4.46551724137931,2.7,0.2,1,"ACC",1,1,125.57807599917,97.30939620908,0.94942951654873,3.2573531227536,"R64","R64 - L",0.764705882352941,0.796906226706536,0.0322003443535944,0
"421",2014,152,"NC State","Semifinals - L",0.464041129930025,0.307005336014229,0.660483855881473,34.7653846153846,11.9435897435897,22.8217948717949,13.3320512820513,4.81666666666667,4.33974358974359,10.4705128205128,18.6358974358974,72.1205128205128,69.3769230769231,0.419926740572254,0.31757197618465,0.501107273316073,2.74358974358974,65.9211730769231,1.09331790957117,1.05347685341878,8.5,0.298611111111111,0.466666666666667,0.437179487179487,1.11865260474487,1.27432054603018,4.2,0.631447647871437,0.282051282051282,0.165384615384615,0.109089212759422,0.472222222222222,2.8,0.645544554455446,6.22653666928747,1.44444444444444,2,1.88888888888889,0.4,1,"ACC",1,1,112.883780291125,101.2884168868,0.7766774804629,0.33197628738888,"R64","R64 - L",0.617647058823529,0.540486910801791,-0.0771601480217384,0
"422",2014,153,"North Carolina","Quarterfinals - L",0.466218850112552,0.344296381076957,0.625407390045765,40.0420512820513,14.0564102564103,25.985641025641,15.7794871794872,7.45538461538461,5.03641025641026,12.1861538461538,20.1620512820513,77.3251282051282,68.6225641025641,0.405484434296102,0.314423520096435,0.504044926360535,8.7025641025641,70.5640871794872,1.0956561380794,0.974041021816424,7.5,0.267857142857143,0.75,4.14153846153846,1.15209235209235,1.2959595959596,6.2,0.565586639964662,0.280512820512821,0.148717948717949,0.0492063492063492,0.401785714285714,7.6,0.795454545454545,6.78105762593618,3.71739130434783,4.38888888888889,2,0,1,"ACC",1,1,111.326984996705,93.550349385824,0.880840962807605,2.13577573767604,"R32","R32 - L",0.71875,0.70234586942002,-0.0164041305799797,0
"423",2014,156,"Creighton","Final - L",0.502141253184782,0.426288357278082,0.753523270356998,34.8227564102564,8.44070512820513,26.3820512820513,18.0272435897436,4.16570512820513,1.52371794871795,10.0605769230769,17.3310897435897,80.6669871794872,66.8378205128205,0.416124693976555,0.336676610003269,0.597013712292095,13.8291666666667,65.8956201923077,1.22396917689187,1.01585821223654,8,0.5375,0.95,-1.27275641025641,1.02382917363359,1.7973691880532,2.1,0.766496452981127,0.146794871794872,0.300641025641026,0.0964574952650774,0.6875,9.7,0.587291334452045,5.96870755998537,0.996201765537676,1,3.11111111111111,0,0,"Big East",0,1,125.761683996355,99.300655896315,0.93723250845318,2.82746677344135,"R32","R32 - L",0.787878787878788,0.80561828846138,0.017739500582592,0
"424",2014,158,"Nebraska","Quarterfinals - L",0.431811439632024,0.344219159008633,0.716989556264481,33.4692307692308,8.95897435897436,24.5102564102564,9.72649572649573,7.0991452991453,3.03247863247863,10.8692307692308,20.5871794871795,68.1888888888889,65.0076923076923,0.420988678647672,0.316112747752765,0.490319945254903,3.18119658119658,65.2471068376068,1.04416133407889,0.996473404632353,8.5,0.354166666666667,0.766666666666667,0.656410256410257,1.17379982738506,0.896839368350747,6.5,0.676915799502688,0.205128205128205,0.121367521367521,0.172882635969284,0.409722222222222,5.6,0.501800362565194,5.51745289646471,0.920885511895072,0,2,0,1,"Big Ten",0,1,108.433994060305,96.508434877611,0.78520918261307,0.64416625628555,"R64","R64 - L",0.612903225806452,0.568985920593523,-0.0439173052129284,0
"425",2014,166,"New Mexico St","Final - W",0.490020618177947,0.371165961009711,0.693110048332724,37.5301136363636,11.8965909090909,25.6335227272727,13.0903409090909,4.70852272727273,6.27159090909091,12.6403409090909,16.8943181818182,77.9232954545455,66.7818181818182,0.399262296717948,0.333588441821748,0.545162935052571,11.1414772727273,67.2096079545454,1.15954692472498,0.993840314804124,8,0.253968253968254,1,-2.35568181818182,0.896355885435764,1.04213676448257,4.1,0.597057953419595,0.172727272727273,0.348863636363636,0.234266940258165,0.563492063492063,6.3,0.614854828602632,5.32787616878958,0.8892443787156,1,2.3,0,0,"Other",0,0,112.016223645295,101.787014797456,0.74882332134331,-1.10503719456292,"R64","R64 - L",0.742857142857143,0.774320534743088,0.0314633918859447,0
"426",2014,167,"New Mexico","Final - W",0.45752080568697,0.332208027821918,0.728551243871573,38.8166666666667,11.2,27.6166666666667,15.675,5.04166666666667,5.41666666666667,10.8666666666667,16.6416666666667,75.5166666666667,67.075,0.391150635562088,0.348502958472459,0.513782568505967,8.44166666666667,66.8884583333333,1.12938443681709,1.00211057967672,7.5,0.464285714285714,0.516666666666667,-0.383333333333333,0.956865342042914,1.47789471028004,2.4,0.684799794128941,0.208333333333333,0.15,0.0919828585238008,0.669642857142857,5.4,0.616626661561993,0,0,0,2.5,0.2,0,"Other",0,0,113.390603388215,97.5353760025555,0.84598781957597,2.2714875955765,"R64","R64 - L",0.818181818181818,0.733081937018864,-0.0850998811629542,0
"427",2014,183,"Syracuse","Quarterfinals - L",0.442614734209271,0.337464506852407,0.702978059681084,35.1158974358974,13.1189743589744,21.9969230769231,12.4902564102564,8.33179487179487,5.07487179487179,9.12051282051282,15.7379487179487,69.2435897435898,59.5866666666667,0.412602933448095,0.345567915627665,0.492000019604644,9.65692307692308,61.0745487179487,1.13089421977786,0.97721826326808,7.5,0.267857142857143,0.35,7.66307692307692,1.52030218625184,1.36963054446079,2.3,0.716362058708984,0.298461538461538,0.173846153846154,0.150670459042123,0.267857142857143,7.7,0.745542949756888,7.11882624906208,2.7,2.7,2.33333333333333,0,1,"ACC",1,1,115.6778126641,93.607627024508,0.91909263437969,3.94815645497315,"R32","R32 - L",0.84375,0.762802918616361,-0.0809470813836389,0
"428",2014,194,"Ohio State","Semifinals - L",0.453966790370062,0.331259654740525,0.693536575715155,34.495670995671,10.1787878787879,24.3168831168831,12.3233766233766,7.57857142857143,4.43095238095238,10.8675324675325,15.9519480519481,71.0569264069264,58.8720779220779,0.399773270093782,0.286397523354384,0.511801893667177,12.1848484848485,65.0410422077922,1.09289546361769,0.905848783619565,7.5,0.6,0.391666666666667,3.19199134199134,1.33550818424058,1.14851541682528,2.3,0.659960966622689,0.211471861471861,0.176190476190476,0.5,0.472222222222222,6.4,0.771929824561403,6.12468339089421,2.72727272727273,3.42857142857143,2.88888888888889,0.2,0,"Big Ten",0,1,109.61725498856,87.6888089844025,0.921262040442995,2.2545136944797,"R64","R64 - L",0.735294117647059,0.791527296329759,0.0562331786827006,0
"429",2014,197,"Oklahoma St","Quarterfinals - L",0.475803619454536,0.367843181033538,0.722282690209981,35.8202797202797,9.57156177156177,26.2487179487179,14.0202797202797,7.84685314685315,5.24265734265734,10.4370629370629,19.2827505827506,82.0655011655012,67.9128205128205,0.399414653977307,0.316597033294468,0.538268273400155,14.1526806526807,70.9002132867133,1.1567493589963,0.958796725561081,7,0.5,0.641666666666667,1.35571095571096,1.39449692419977,1.34286205817954,5.4,0.452717588129968,0.272960372960373,0.392540792540793,0.163896139105377,0.354166666666667,7.9,0.559113300492611,6.00881318544259,1,1,2.75,0.2,1,"Big12",1,1,117.642880349885,93.8200920785885,0.917777633872045,0.69137918300547,"R64","R64 - L",0.636363636363636,0.785253572924422,0.148889936560786,0
"430",2014,201,"Oklahoma","Quarterfinals - L",0.455654909326687,0.379235720627405,0.748747171927262,37.8353846153846,11.8984615384615,25.9369230769231,14.5287179487179,7.05282051282051,3.45692307692308,11.5825641025641,19.0835897435897,83.0887179487179,75.9846153846154,0.433824060772278,0.335662113605786,0.525035661775479,7.10410256410256,72.3963948717949,1.14738641524723,1.05011362357845,7.5,0.675,0.623333333333333,1.94358974358974,1.13681903696669,1.25655189096688,3.9,0.696141663512378,0.248717948717949,0.135384615384615,0.112777321281841,0.732142857142857,5.2,0.607565011820331,6.74170069465205,1.67857142857143,1,2.11111111111111,0,1,"Big12",1,1,118.34695100203,100.134275621231,0.870719466791525,2.0517406874437,"R64","R64 - L",0.71875,0.664632382552382,-0.0541176174476176,0
"431",2014,202,"Tulsa","Final - W",0.441845281472713,0.330233066415723,0.671749516281389,35.781351981352,10.8167832167832,24.9645687645688,13.1543123543124,6.99137529137529,3.83682983682984,11.4165501165501,21.641958041958,73.2608391608392,68.7473193473193,0.410552886821895,0.35894076558852,0.496042420505035,4.51351981351981,68.6739731934732,1.06808366730737,0.999364634285105,8.5,0.316666666666667,0.4,2.68111888111888,1.22459911367678,1.15242583082389,7.7,0.688838299191088,0.26993006993007,0.195104895104895,0.109103241190636,0.583333333333333,4.6,0.556902040358271,3.52636052461616,0,0,2.2,0.2,0,"Other",0,0,105.868821266085,98.329201132866,0.682520488566265,-1.7250270380881,"R64","R64 - L",0.636363636363636,0.668575287027947,0.0322116506643102,0
"432",2014,221,"Pitt","Semifinals - L",0.462241835293439,0.357251249597996,0.71779355429743,36.1974358974359,11.9897435897436,24.2076923076923,16.1538461538462,6.81153846153846,3.2974358974359,10.2282051282051,17.0564102564103,72.7948717948718,61.1910256410256,0.405691297041108,0.331097935880545,0.51026396413459,11.6038461538462,63.3252756410256,1.14868018533213,0.96719134621896,8,0.225396825396825,0.75,4.17051282051282,1.18821059431525,1.59941860465116,2.8,0.396630499917999,0.305128205128205,0.275641025641026,0.0633718612993224,0.507936507936508,4.7,0.749771972212376,5.85507192220243,1.41156240571101,1.44444444444444,2.4,0,0,"ACC",1,1,117.13031009204,93.8031816737865,0.926466952506285,2.08496627731455,"R32","R32 - L",0.735294117647059,0.784685226212543,0.0493911085654842,0
"433",2014,222,"Villanova","Quarterfinals - L",0.458627884125592,0.354756598240469,0.698706106605728,37.5851282051282,11.6015384615385,25.9835897435897,15.8871794871795,7.19179487179487,4.13179487179487,11.9133333333333,19.7194871794872,78.5307692307692,65.6979487179487,0.402938598979907,0.353464052287582,0.53713145869206,12.8328205128205,68.2220358974359,1.15147429605173,0.963138060885547,8,0.575,0.64,3.53128205128205,1.20371935756551,1.35042514047039,4.9,0.830923710239829,0.247179487179487,0.404102564102564,0.0365503080082136,0.75,7.3,0.623355263157895,6.4118182677099,1.95,2.1875,2.55555555555556,0,0,"Big East",0,1,115.318456569975,92.217736634737,0.92892479447911,4.1816522847918,"R32","R32 - L",0.875,0.805027636785713,-0.0699723632142871,0
"434",2014,235,"Memphis","Quarterfinals - L",0.48026486568068,0.330057565455094,0.649673817553758,37.9507575757576,12.9659090909091,24.9848484848485,17.3684343434343,9.03181818181818,4.9489898989899,13.3247474747475,18.1164141414141,78.7638888888889,70.0941919191919,0.433631908109156,0.301725623759472,0.524559468636303,8.66969696969697,71.3966300505051,1.10257445546759,0.982532072713375,6.5,0.569047619047619,0.425,2.32676767676768,1.16144916325285,1.30579812385601,2.4,0.633452451915568,0.155050505050505,0.317424242424242,0.0337573385518591,0.619047619047619,7.2,0.732688587184964,4.94875989037817,0.825968317340187,1,2.55555555555556,0.2,0,"Other",0,0,112.535362127485,96.2395546060215,0.85775428522819,1.4214555254317,"R32","R32 - L",0.71875,0.697614015481435,-0.0211359845185649,0
"435",2014,239,"Baylor","Final - L",0.462660015060241,0.392993556626226,0.673238723490438,39.4866666666667,14.2533333333333,25.2333333333333,15.4673076923077,5.13474358974359,5.73128205128205,12.275641025641,16.9319230769231,75.5303846153846,66.8180769230769,0.412058798214094,0.350082681972446,0.527891484133568,8.71230769230769,65.099307051282,1.16037642766149,1.02713293620999,8.5,0.379166666666667,0.483333333333333,0.653717948717949,0.865798585256887,1.26194154877141,1.9,0.644221857374259,0.272820512820513,0.200384615384615,0.0284475965327029,0.409722222222222,2.1,0.571674883317299,5.85220247977447,2.279098709858,2.33333333333333,2.44444444444444,0.2,1,"Big12",1,1,117.101477762895,100.67275968481,0.84940804322052,1.56479476645305,"S16","S16 - L",0.685714285714286,0.693957631840557,0.00824334612627087,0
"436",2014,251,"Texas","Semifinals - L",0.438077426410803,0.333067051629692,0.663880110664368,41.7347319347319,14.7531468531469,26.9815850815851,12.6417249417249,5.99207459207459,6.31911421911422,12.3048951048951,19.2391608391608,75.7386946386946,69.7701631701632,0.394927664864477,0.343982478003097,0.484628099265913,5.96853146853147,69.8674988344988,1.08434206207964,1.00102111763124,8,0.3375,0.483333333333333,3.2013986013986,0.992206368313309,1.03316056746941,3.9,0.746530602552952,0.343822843822844,0.133566433566434,0.137387554771694,0.5,6.3,0.659599528857479,6.74523634948436,1.675,1.82142857142857,1.7,0,1,"Big12",1,1,110.005199439645,94.9457267259295,0.841304575603285,1.82596476372345,"R32","R32 - L",0.696969696969697,0.619695002878307,-0.0772746940913895,0
"437",2014,252,"BYU","Final - L",0.467683946195492,0.360469228627123,0.686940648410243,41.7333333333333,13.3533333333333,28.38,16.0666666666667,7.27333333333333,3.11333333333333,11.28,19.3533333333333,84.7533333333333,76.6733333333333,0.425167826804806,0.336399104523699,0.509643691234997,8.08,74.6822333333333,1.13836591194192,1.02754069358378,7.5,0.339285714285714,0.516666666666667,3.92,1.12737587813583,1.43218250825422,4.9,0.58847615545121,0.193333333333333,0.2,0.112210277149896,0.732142857142857,6.3,0.751120595247488,5.62040086571715,1.25075726678103,1.33333333333333,2.1,0,1,"Other",0,0,113.52842623979,100.156294924258,0.80508861511432,0.32264419142545,"R64","R64 - L",0.676470588235294,0.682669311685395,0.00619872345010042,0
"438",2014,258,"Virginia","Final - W",0.456982191717827,0.366592853823232,0.660669678463113,36.0025641025641,10.7705128205128,25.2320512820513,13.4358974358974,5.3948717948718,4.02564102564103,10.6564102564103,15.9782051282051,66.4012820512821,55.5294871794872,0.383494534092043,0.315231647979691,0.512660351055841,10.8717948717949,60.6039102564103,1.09666343574643,0.916450125722652,7.5,0.430357142857143,0.633333333333333,2.70641025641026,1.1060765770855,1.34085414077505,0.3,0.558483364450479,0.198717948717949,0.380769230769231,0,0.535714285714286,8.7,0.626698359134348,5.44673737166631,1.5151380014133,1,2.44444444444444,0.2,0,"ACC",1,1,111.19808450097,89.0048431274075,0.902167144547345,4.11649523438573,"S16","S16 - L",0.823529411764706,0.819716850870551,-0.00381256089415472,0
"439",2014,270,"Milwaukee","Final - W",0.440913797680307,0.330580165658634,0.739552655453975,33.8186813186813,9.55549450549451,24.2631868131868,13.6269230769231,5.89340659340659,2.61428571428571,13.6978021978022,17.7065934065934,71.8813186813187,70.6637362637363,0.436369461353094,0.325330114326427,0.50783760317964,1.21758241758242,68.5182912087912,1.04902211863042,1.03112721499989,6.5,0.535714285714286,0.516666666666667,-2.29505494505494,0.945683724126838,1.00502548017518,4.1,0.662767702785744,0.252197802197802,0.187912087912088,0.057697303533878,0.380952380952381,2.6,0.512229124839503,5.54907608489522,0.926163551710191,1,2.22222222222222,0,0,"Other",0,0,104.68675771116,104.523986397475,0.504377665075035,-2.97490768625265,"R64","R64 - L",0.617647058823529,0.514305631545972,-0.103341427277557,0
"440",2014,275,"Wisconsin","Semifinals - L",0.455043350715085,0.37578811444643,0.743247502280993,33.4291375291375,8.81282051282051,24.616317016317,12.0130536130536,5.08088578088578,3.4965034965035,8.17832167832168,14.7559440559441,73.5717948717949,63.7864801864802,0.427804309485469,0.343141719547095,0.530309804346816,9.78531468531468,62.9311107226107,1.16963239501216,1.01367999994122,7,0.642857142857143,0.875,1.67738927738928,1.25860197546945,1.47041137523065,1.2,0.716504787769557,0.193006993006993,0.223543123543124,0.0417540914813261,0.571428571428571,6.9,0.696312364425163,6.13556489108174,1.83333333333333,1.83333333333333,2.5,0,0,"Big Ten",0,1,121.388927054505,95.784037959273,0.93780137937531,3.97945503865775,"F4","F4 - L",0.787878787878788,0.753720647275882,-0.0341581406029055,1
"441",2014,309,"Louisiana","Final - W",0.473987329776874,0.368819386688845,0.669985853123717,38.2884615384615,13.7602564102564,24.5282051282051,13.7384615384615,7.4474358974359,4.20128205128205,13.7179487179487,20.85,82.1782051282051,74.424358974359,0.437157709170453,0.322982202075886,0.534252176685726,7.75384615384615,72.5905256410256,1.13263806326605,1.02519877965267,8,0.623809523809524,0.55,2.38589743589744,1.03944423207611,1.00712088713331,3.3,0.649684902193049,0.248717948717949,0.330769230769231,0.137047265849678,0.69047619047619,4.6,0.595555555555556,6.11146733950268,1,0,2.44444444444444,0,0,"Other",0,0,110.503216810975,104.112460853835,0.6647615753122,-1.82959021116082,"R64","R64 - L",0.676470588235294,0.666352236147814,-0.0101183520874804,0
"442",2014,324,"Coast Car","Final - W",0.436968333106401,0.331179807800722,0.695202148279251,39.8032634032634,13.1680652680653,26.6351981351981,10.6543123543124,6.55034965034965,2.81771561771562,14.3841491841492,19.5480186480186,72.6713286713287,68.0522144522145,0.400994569842899,0.315994988494107,0.495704428411132,4.61911421911422,69.8619195804196,1.04087056082232,0.974458414759831,7,0.529166666666667,0.5,0.966666666666667,0.94008014540789,0.7434240421968,5.2,0.525861160938196,0.393240093240093,0.153846153846154,0.178071978095133,0.5625,2.4,0.611111111111111,6.96885037834195,1.75,0,2,0.2,0,"Other",0,0,95.973122986816,102.6395481913,0.324518427732545,-3.7737623665069,"R64","R64 - L",0.636363636363636,0.629143550549904,-0.00722008581373201,0
"443",2014,399,"Albany","Final - W",0.442318419271814,0.363220664545168,0.75718787515006,34.1890734265734,10.2098776223776,23.9791958041958,11.3280594405594,5.38732517482517,3.11748251748252,12.6524475524476,17.1917832167832,66.2355769230769,63.7399475524475,0.417349257079102,0.349430006616827,0.494033861683705,2.49562937062937,63.0879326923077,1.05033597765304,1.01011007767987,6.5,0.352380952380952,0.65,-0.540034965034965,0.944677335261865,0.895941883346228,6.6,0.465776226768426,0.148688811188811,0.0738636363636364,0.151065036028354,0.309523809523809,5.8,0.476076952952393,5.89715386763674,0.984259160889675,1,2.44444444444444,0,1,"Other",0,0,102.13271453054,103.98716897743,0.44845148596169,-4.26245012024565,"R64","R64 - L",0.5625,0.571929795180565,0.0094297951805653,0
"444",2014,2132,"Cincinnati","Semifinals - L",0.427242523129662,0.33183667100499,0.71143194715072,36.4885780885781,13.8170163170163,22.6715617715618,12.7251748251748,7.97925407925408,5.53706293706294,10.7918414918415,17.5724941724942,69.8051282051282,57.8247086247086,0.393830722975085,0.322778370403067,0.476235434966323,11.9804195804196,63.4387226107226,1.09998695911206,0.912442162274399,8,0.380952380952381,0.466666666666667,6.98834498834499,1.36713103537916,1.19275411505176,2.9,0.743361348624936,0.247552447552448,0.3004662004662,0,0.69047619047619,7.6,0.621777563338014,5.79605775076537,1.35434012623646,1.66666666666667,2.33333333333333,0.2,0,"Other",0,0,108.61443954633,91.1322392334355,0.8826771789219,2.67953084226845,"R64","R64 - L",0.818181818181818,0.803791619548593,-0.0143901986332257,0
"445",2014,2168,"Dayton","Quarterfinals - L",0.464404597011108,0.380702470864605,0.684111583672987,35.4519813519814,11.7268065268065,23.7251748251748,13.0974358974359,6.03846153846154,2.68787878787879,11.9545454545455,19.6524475524476,73.8263403263403,66.932634032634,0.440475951152898,0.337452295766249,0.526203735718383,6.89370629370629,66.0368041958042,1.1174669017184,1.01385191100998,8.5,0.354166666666667,0.766666666666667,3.53613053613054,1.09241758241758,1.09560643060643,1.1,0.510194957015431,0.278088578088578,0.166899766899767,0.108856342661429,0.472222222222222,5,0.589801693370903,4.17438726989564,0,0,2.5,0.2,1,"Other",0,0,113.177255660885,100.372505668757,0.79862751608751,0.35068444070582,"E8","E8 - L",0.696969696969697,0.668760022607859,-0.0282096743618375,1
"446",2014,2198,"E Kentucky","Final - W",0.482995153442239,0.380372535625452,0.745177401737281,26.6806526806527,7.25477855477855,19.4258741258741,14.5780885780886,8.92750582750583,1.97995337995338,10.3191142191142,20.5643356643357,78.1083916083916,69.4899766899767,0.477216555591775,0.356100399269678,0.565443414344662,8.61841491841492,67.1974557109557,1.16190101733879,1.03456381843426,7,0.741666666666667,0.718333333333333,4.38951048951049,1.65527923951791,1.42065580263679,5.8,0.559585970432777,0.174825174825175,0.262004662004662,0.0336134453781513,0.854166666666667,6.7,0.56494385091777,5.54517744447956,0.925512852639037,1,2.77777777777778,0,0,"Other",0,0,110.39752217144,106.77077666372,0.595249166182635,-1.59723133389239,"R64","R64 - L",0.727272727272727,0.724254006997675,-0.00301872027505257,0
"447",2014,2250,"Gonzaga","Final - W",0.506472964146089,0.408728524291728,0.708987748089877,35.8747252747253,9.43241758241758,26.4423076923077,15.0626373626374,6.52252747252747,3.95934065934066,10.7978021978022,17.5884615384615,78.8456043956044,65.4642857142857,0.39842428510876,0.315474838204991,0.579628028267765,13.3813186813187,66.1920384615385,1.19092737095315,0.988872932589973,7.5,0.507142857142857,0.858333333333333,-0.240659340659341,1.08024367930805,1.4125499001996,3.6,0.667548440204753,0.203296703296703,0.27967032967033,0.181294149414881,0.732142857142857,6.1,0.800856531049251,6.14846829591765,1.42857142857143,1.42857142857143,3.125,0,1,"Other",0,0,115.495676876385,94.525730657209,0.909074170048265,2.02263624361085,"R32","R32 - L",0.823529411764706,0.808956668114674,-0.0145727436500321,0
"448",2014,2294,"Iowa","Early Round - L",0.467238450562804,0.359375072229851,0.729617826092624,41.1364285714286,13.6517857142857,27.4846428571429,16.4778571428571,7.20714285714286,5.16214285714286,11.2367857142857,17.6742857142857,82.6764285714286,69.2067857142857,0.410121232525457,0.313769613471106,0.518484631679332,13.4696428571429,70.5893285714286,1.17089884093026,0.984606117551486,9.5,0.422222222222222,0.5,4.61285714285714,1.21317852100677,1.48202930723918,4.3,0.372851539493077,0.295357142857143,0.345,0.0186192468619247,0.366666666666667,11.1,0.573308270676692,6.27852142416584,1,0,2.63636363636364,0.4,1,"Big Ten",0,1,119.87377371329,96.664146214848,0.921452037318245,0.599729619488159,"First Four","First Four - L",0.625,0.794001472271469,0.169001472271469,0
"449",2014,2305,"Kansas","Semifinals - L",0.501704623878537,0.343752008225692,0.707809679564359,37.9656060606061,11.4489393939394,26.5166666666667,15.5433333333333,5.90939393939394,5.82409090909091,13.155,21.0292424242424,79.8474242424242,69.5657575757576,0.413092298983829,0.356049714868593,0.553699775466181,10.2816666666667,68.9990856060606,1.15773073125124,1.00797482985818,7.5,0.401785714285714,0.6,-1.17909090909091,0.884669353634871,1.19255859083445,2.6,0.485488694786953,0.221363636363636,0.263181818181818,0.182813354360789,0.535714285714286,6.3,0.755588673621461,6.51025834052315,3,3.4,1.875,0,0,"Big12",1,1,119.628956447135,95.239140061312,0.931969242765795,3.46055502046545,"R32","R32 - L",0.727272727272727,0.740823528379688,0.0135508011069612,0
"450",2014,2306,"Kansas St","Quarterfinals - L",0.433568054371993,0.33365636458879,0.655957107328406,36.5035897435897,12.7687179487179,23.7348717948718,15.5953846153846,6.45333333333333,2.9174358974359,12.1682051282051,21.4738461538462,69.6989743589744,63.8364102564103,0.400452528734649,0.283511844126445,0.490576898611236,5.8625641025641,65.7687,1.05973107335083,0.968879867715486,8.5,0.409722222222222,0.433333333333333,1.75794871794872,1.06276984496761,1.285863458218,4.8,0.634794727491237,0.255384615384615,0.207179487179487,0.138734031974574,0.527777777777778,6.4,0.675944333996024,6.22257626807137,2.05555555555556,1,2.5,0,0,"Big12",1,1,107.111609551755,92.3575869155775,0.84448210890331,0.277446923369395,"R64","R64 - L",0.625,0.624368272918735,-0.000631727081264688,0
"451",2014,2363,"Manhattan","Final - W",0.445347733674895,0.362779779954285,0.675425299378746,37.4757575757576,12.8833333333333,24.5924242424242,13.4727272727273,8.55606060606061,6.1530303030303,14.1439393939394,24.5681818181818,77.8090909090909,70.2909090909091,0.409158994562928,0.319796984624571,0.506932319027598,7.51818181818182,71.7468257575758,1.08446764596613,0.979733036115319,8.5,0.354166666666667,0.566666666666667,2.15151515151515,1.12069925401408,0.954862158302605,5.6,0.649288628910795,0.365151515151515,0.0666666666666667,0.141089199572792,0.527777777777778,3.4,0.556046425731542,4.20469261939097,0,0,2.8,0.2,0,"Other",0,0,106.77678360723,97.9415824631515,0.72972982091537,-0.18871045934916,"R64","R64 - L",0.78125,0.702963304092004,-0.0782866959079961,0
"452",2014,2382,"Mercer","Final - W",0.478177273225197,0.382638732235506,0.733377357560739,38.4082972582973,11.7033910533911,26.7049062049062,16.7565656565657,5.87878787878788,4.22799422799423,12.1294372294372,18.5061327561328,80.0164502164502,66.5590187590188,0.398159940466094,0.295573775036385,0.553435009171918,13.4574314574315,68.5316901154401,1.16727167098939,0.970906789828936,7,0.4375,0.766666666666667,1.41010101010101,1.065562892828,1.39374416081628,5.3,0.677649740169215,0.224675324675325,0.395093795093795,0.0337748344370861,0.5,8.1,0.530252811329776,5.76205138278018,0,0,3.25,0,0,"Other",0,0,108.60844444991,100.80892192741,0.701258703555755,-1.32199186606309,"R32","R32 - L",0.764705882352941,0.821877799653478,0.0571719173005369,0
"453",2014,2428,"NC Central","Final - W",0.462177926929873,0.332125606037069,0.727516910670398,35.6424242424242,11.8090909090909,23.8333333333333,14.9212121212121,8.23333333333333,4.03030303030303,11.4106060606061,19.3015151515152,74.1287878787879,59.2787878787879,0.37738924293857,0.293314636432724,0.512059153671093,14.85,65.4775909090909,1.13265968539642,0.904389370814713,7.5,0.267857142857143,0.35,4.88181818181818,1.41701485023911,1.32919708029197,8.2,0.665911352416079,0.0666666666666667,0.290909090909091,0.074443413729128,0.598214285714286,6.2,0.522955240864221,4.81218435537242,0,0,3.11111111111111,0,0,"Other",0,0,105.901128166735,100.58004774119,0.6380321330647,-0.250427198939055,"R64","R64 - L",0.84375,0.882941331948671,0.0391913319486711,0
"454",2014,2449,"N Dakota St","Final - W",0.512205930500159,0.36238941711451,0.743737026831277,32.828373015873,9.52242063492063,23.3059523809524,12.0529761904762,6.50079365079365,4.50912698412698,9.74444444444444,17.8240079365079,76.9644841269841,65.5105158730159,0.422995539825716,0.367250519378179,0.563973208877406,11.4539682539683,64.0841091269841,1.2008465347321,1.02111521191177,7.5,0.510714285714286,0.658333333333333,2.95555555555556,1.22292960662526,1.24567805383023,5,0.698517134979613,0.231746031746032,0.228373015873016,0.0483355525965379,0.535714285714286,7.1,0.587981151277285,5.2257466737132,0.872198547220915,1,3.22222222222222,0,0,"Other",0,0,115.099747995315,105.5152799635,0.72871720667069,0.1606137537632,"R32","R32 - L",0.806451612903226,0.792727943331979,-0.0137236695712468,0
"455",2014,2483,"Oregon","Quarterfinals - L",0.48039122476516,0.406979207025701,0.767417523747938,34.2265151515152,10.3378787878788,23.8886363636364,14.9825757575758,8.06439393939394,3.58106060606061,11.8348484848485,20.9386363636364,83.7621212121212,74.0598484848485,0.438294911480174,0.319861135943739,0.554083052506921,9.70227272727273,71.4848106060606,1.16971617098261,1.03711673977501,8,0.5625,0.9,0.884090909090909,1.17257912676514,1.26218092301033,2.6,0.544999074082664,0.199242424242424,0.226515151515152,0.3,0.5625,7.6,0.63302752293578,6.63856778916652,1,1,2.5,0.2,0,"Other",0,0,118.05036564031,100.630881842265,0.859912030217065,1.3324131672356,"R32","R32 - L",0.71875,0.704000832555673,-0.0147491674443267,0
"456",2014,2507,"Providence","Final - W",0.425601351651772,0.350806451612903,0.789566766652291,37.160119047619,12.7142857142857,24.4458333333333,13.925,5.66726190476191,5.08035714285714,11.697619047619,17.3345238095238,73.7279761904762,68.4136904761905,0.436929428773298,0.32963867815353,0.483298516126048,5.31428571428571,67.0805208333333,1.09934246600635,1.0207333312439,6.5,0.569047619047619,0.475,2.02738095238095,0.976538718817522,1.19058705819082,7.6,0.62810670099534,0.391666666666667,0.161309523809524,0.0364567328015085,0.380952380952381,6.3,0.560841690188394,5.42934562895444,0,0,3,0,0,"Big East",0,1,112.248170118585,98.941573811964,0.80837584282768,0.63765475491015,"R64","R64 - L",0.676470588235294,0.609002913932908,-0.0674676743023858,0
"457",2014,2603,"Saint Joseph's","Final - W",0.466486649466445,0.38051185647977,0.642491703941048,36.3416666666667,10.175,26.1666666666667,14,4.45833333333333,4.65833333333333,12.4583333333333,16.0083333333333,71.825,67.45,0.420947247825861,0.330913351939834,0.538696993295319,4.375,65.9606666666667,1.08855311894775,1.0221766932651,6.5,0.464285714285714,0.766666666666667,-2.125,0.821179545092589,1.12932719454459,3.9,0.685367993952878,0.3,0.158333333333333,0.108805759304537,0.30952380952381,7.8,0.587826086956522,6.35610766069589,1.8,1.8,3.125,0,1,"Other",0,0,113.242892255065,98.8515056190455,0.82370886933699,1.11211108774701,"R64","R64 - L",0.727272727272727,0.631683186714292,-0.0955895405584355,0
"458",2014,2617,"SF Austin","Final - W",0.459626696749947,0.345325312726194,0.709705740245816,33.5629370629371,12.9741258741259,20.5888111888112,16.293006993007,7.60862470862471,2.97505827505828,10.9592074592075,20.9848484848485,76.3354312354312,62.8885780885781,0.452491466990425,0.345122369379795,0.521051096287208,13.4468531468531,66.048944055944,1.15609092553894,0.952175763584014,8,0.380952380952381,0.666666666666667,10.295337995338,1.53564766915046,1.48690209387206,2.8,0.836179696788757,0.161771561771562,0.323543123543124,0.0331072995612286,0.492063492063492,7.1,0.616626661561993,0,0,0,2,0,0,"Other",0,0,110.070386215015,100.691736895485,0.730727208103995,0.916166423371555,"R32","R32 - L",0.939393939393939,0.84784799444765,-0.0915459449462895,0
"459",2014,2633,"Tennessee","Semifinals - L",0.450685244626009,0.3445563148202,0.704484563072923,38.9968181818182,14.004696969697,24.9921212121212,12.7718181818182,5.40469696969697,5.14515151515152,10.4610606060606,17.3169696969697,72.7056060606061,61.3621212121212,0.409279201308437,0.344511985189951,0.505684748581272,11.3434848484848,63.0256068181818,1.15294303610307,0.973631915436005,7.5,0.401785714285714,0.533333333333333,5.00181818181818,1.10455154104364,1.22485779676533,4,0.320420035014974,0.126212121212121,0.293030303030303,0.0375483128263715,0.598214285714286,7.1,0.595273575473036,5.13579843705026,0,0,2.5,0,1,"SEC",1,1,116.203795336985,94.5671920489115,0.910821006660275,0.20428700161903,"S16","S16 - L",0.636363636363636,0.792041062971848,0.155677426608211,0
"460",2014,2640,"Texas Southern","Final - W",0.457343352868584,0.357127561083605,0.722611464968153,37.3166666666667,11.9333333333333,25.3833333333333,14.9333333333333,4.61666666666667,3.61666666666667,13.3166666666667,16,76.85,75.4833333333333,0.453906622557241,0.366071199746561,0.517527484979645,1.36666666666667,69.4045833333333,1.10708188879656,1.08744295748372,7,0.5,0.65,-2.09166666666667,0.830748609233649,1.12345715919725,7.3,0.549195942047181,0.341666666666667,0.2,0.0952522670188157,0.5,2,0.604761904761905,6.04263283368238,2.1,0,3.25,0.2,0,"Other",0,0,107.55401985456,113.35397355386,0.35342117711873,-4.82074330320505,"First Four","First Four - L",0.575757575757576,0.572520676711505,-0.00323689904607105,0
"461",2014,2670,"VCU","Final - L",0.419771819105504,0.34953270683211,0.67467755822768,37.4316017316017,14.1515151515152,23.2800865800866,12.9770562770563,11.7945887445887,4.32554112554113,12.2584415584416,19.5264069264069,75.5311688311688,64.5534632034632,0.43066255464648,0.299652519057718,0.481583253702072,10.9777056277056,71.0407229437229,1.06331579752116,0.908678942421525,8,0.520634920634921,0.6,10.0575757575758,1.53670168067227,1.05922077922078,2.3,0.574445380026237,0.161688311688312,0.142857142857143,0.0860412375800647,0.761904761904762,5.5,0.72801729384248,5.00394630594546,2.36634094308193,2.83333333333333,2.7,0.2,0,"Other",0,0,107.473027430245,89.8054869381755,0.88544080536546,1.8498452557166,"R64","R64 - L",0.764705882352941,0.776740769859198,0.0120348875062565,0
"462",2014,2692,"Weber St","Final - W",0.476925877159128,0.366013824884793,0.719642857142857,35.4175,8.63916666666667,26.7783333333333,13.6258333333333,4.52166666666667,4.17,11.9458333333333,17.53,73.3041666666667,66.1408333333333,0.41475887413593,0.325283425433566,0.544401322626097,7.16333333333333,65.7402666666667,1.11600485890346,1.00675875564161,7.5,0.464285714285714,0.75,-4.55416666666667,0.808899217749964,1.145907893614,2,0.446673289440559,0.189166666666667,0.313333333333333,0.0656167979002625,0.598214285714286,6.9,0.661898330433767,5.42053499927229,0.904709517456583,1,2.25,0,0,"Other",0,0,103.95081029151,107.07683388811,0.417240596792075,-3.40362890552115,"R64","R64 - L",0.633333333333333,0.696408347746539,0.0630750144132062,0
"463",2014,2711,"W Michigan","Final - W",0.456610623146306,0.319807559937,0.720585837971582,34.9327272727273,9.75272727272727,25.18,11.0318181818182,5.75818181818182,3.41181818181818,13.5654545454545,18.6445454545455,72.1236363636364,66.9409090909091,0.407100663434208,0.30590944846293,0.513639451481921,5.18272727272727,67.2842590909091,1.07196039095847,0.994870377829846,6.5,0.342857142857143,0.6,-2.38272727272727,0.944954147648758,0.81886706108263,1.9,0.659468710015825,0.265454545454545,0.111818181818182,0.163134484907754,0.69047619047619,5.9,0.557280124478759,5.78996017089725,0.966368093372431,1,2.44444444444444,0,0,"Other",0,0,104.23300464238,101.77822460288,0.56681803440852,-1.38503498802884,"R64","R64 - L",0.71875,0.650790043852596,-0.0679599561474038,0
"464",2014,2724,"Wichita St","Final - W",0.455016106228227,0.336521895410006,0.724249804403592,39.1794871794872,12.1935897435897,26.9858974358974,13.5205128205128,7.07564102564103,5.06410256410256,10.3397435897436,16.8884615384615,75.3589743589744,59.2884615384615,0.392197856258315,0.304332531491684,0.517679694175349,16.0705128205128,64.7608141025641,1.16350298111571,0.914878380591296,8,0.606349206349206,0.4,5.31923076923077,1.23339375,1.30998125,1.2,0.769437289477837,0.0935897435897436,0.26025641025641,0.0466903073286052,0.563492063492063,7.7,0.685185185185185,6.18826412308259,1.38888888888889,2.75,2.22222222222222,0.2,1,"Other",0,0,115.1818953083,93.8426462214225,0.911072953629745,4.116346871109,"R32","R32 - L",1,0.884121247040424,-0.115878752959576,0
"465",2014,2747,"Wofford","Final - W",0.448014260743574,0.364487938754875,0.667143931505264,33.5348484848485,10.869696969697,22.6651515151515,12.9742424242424,6.46742424242424,1.61515151515152,11.505303030303,17.8143939393939,67.4015151515152,63.294696969697,0.442016577073129,0.315064819897808,0.501612929864123,4.10681818181818,63.7937386363636,1.05793063085905,0.991960404561388,7.5,0.422222222222222,0.533333333333333,3.54621212121212,1.19142794778474,1.19491560811035,2.4,0.566044362419397,0.204545454545455,0.353030303030303,0.0838665447897623,0.583333333333333,6.8,0.498765525199124,5.8348107370626,0.973853836768342,1,2.3,0,0,"Other",0,0,98.846348449979,102.227090532226,0.40382442498628,-3.2162599485249,"R64","R64 - L",0.625,0.667002550816335,0.0420025508163346,0
"466",2014,2752,"Xavier","Semifinals - L",0.472302991021998,0.360481818441685,0.68233247790134,36.4548701298701,11.2641233766234,25.1907467532468,15.1162337662338,6.06152597402597,3.28961038961039,12.2457792207792,19.8711038961039,72.7694805194805,66.8258116883117,0.419686743014283,0.345656789366135,0.526324092030517,5.94366883116883,66.2142938311688,1.09957202629536,1.01122666745856,7.5,0.401785714285714,0.433333333333333,0.579383116883117,0.953029027990107,1.255315876333,4.2,0.704901777678392,0.161038961038961,0.179220779220779,0.258109814567968,0.464285714285714,5.6,0.661668124289947,4.90527477843843,1.91032443899119,2.33333333333333,2.22222222222222,0,0,"Big East",0,1,112.228385427595,98.3734079661295,0.818235741068785,0.731129828398135,"First Four","First Four - L",0.636363636363636,0.628206446363603,-0.00815719000003357,0
"467",2015,5,"UAB","Final - W",0.427476533088534,0.33267669023483,0.734029168580957,36.5051282051282,11.9705128205128,24.5346153846154,14.3564102564103,6.67564102564103,5.35,13.5435897435897,17.5487179487179,69.4102564102564,68.8307692307692,0.423264678892125,0.33029631349075,0.478995723376721,0.57948717948718,67.6151153846154,1.0276216969948,1.01723439134772,9,0.277777777777778,0.316666666666667,-0.453846153846154,1.00125720272394,1.06633655656704,2.6,0.458141437554605,0.293589743589744,0.11025641025641,0.188194684879854,0.555555555555556,6.1,0.560798382088733,4.17438726989564,0,0,1.8,0,0,"Other",0,0,100.517972364878,100.498630878785,0.497431209817535,-3.6183975322082,"R32","R32 - L",0.558823529411765,0.536986227230342,-0.0218373021814224,0
"468",2015,8,"Arkansas","Final - L",0.452672661942685,0.361285435551482,0.72089008125332,36.5233333333333,13.37,23.1533333333333,17.1716666666667,8.09833333333333,4.69,11.8183333333333,18.6283333333333,80.145,70.3233333333333,0.432718151080696,0.347555202879771,0.511100065951064,9.82166666666667,71.1546166666667,1.12509594916864,0.988864138062967,9,0.4,0.625,6.63666666666667,1.3893537414966,1.44914115646258,2.5,0.498824800594453,0.248333333333333,0.215,0.5,0.6125,5.7,0.654008538899035,5.98393628068719,1.33165800195448,0,2.5,0.2,1,"SEC",1,1,113.36193642355,97.193196171476,0.85426481695078,1.90172470634225,"R32","R32 - L",0.764705882352941,0.714191836695325,-0.0505140456576164,0
"469",2015,12,"Arizona","Final - W",0.492299103224589,0.36491597022602,0.691397780720581,37.3961538461539,10.8012820512821,26.5948717948718,14.7371794871795,7.45897435897436,3.58589743589744,11.5102564102564,17.85,76.4538461538461,58.2538461538462,0.387895718241625,0.326006998991213,0.537038903964937,18.2,66.7688782051282,1.14530073031781,0.872074436987336,7,0.4,0.733333333333333,6.02948717948718,1.25696161566507,1.27875978042686,3.4,0.629423535045874,0.225641025641026,0.492307692307692,0.0330097087378641,0.428571428571429,9.5,0.721487926125222,5.84354441703136,2.36861370057518,3,2.22222222222222,0,0,"Other",0,0,114.15713717451,87.1128593301825,0.94766354797312,4.4713349251648,"E8","E8 - L",0.911764705882353,0.907474160759107,-0.00429054512324634,1
"470",2015,21,"San Diego St","Final - L",0.413383016127674,0.308416971692265,0.633814321962489,35.5255952380952,12.2559523809524,23.2696428571429,10.5416666666667,7.34047619047619,5.18630952380952,11.65,14.1660714285714,61.7803571428571,52.435119047619,0.369993368039126,0.285385433987363,0.46140383618025,9.34523809523809,61.9090119047619,0.99950784056225,0.84884295410237,9.5,0.344444444444444,0.3,4.31190476190476,1.20025641025641,0.922710622710623,1.2,0.685338440609945,0.261904761904762,0.27202380952381,0.249217209994188,0.366666666666667,7.7,0.657824933687003,6.62671774924902,2.82142857142857,1.28571428571429,2.63636363636364,0,0,"Other",0,0,101.864184961423,85.906639999085,0.87474436541035,0.755723867758525,"R32","R32 - L",0.764705882352941,0.78523026101862,0.0205243786656792,0
"471",2015,26,"UCLA","Semifinals - L",0.444664522573065,0.370112396423004,0.67507445043079,38.960372960373,12.6885780885781,26.2717948717949,14.5121212121212,6.97016317016317,3.83682983682984,12.1104895104895,17.6550116550117,73.6198135198135,68.2937062937063,0.414102363096327,0.352994167718479,0.498133735352587,5.32610722610723,68.3174067599068,1.07923598129509,1.0004229981093,7,0.428571428571429,0.7,3.095337995338,1.05792644149237,1.21003745053703,4.3,0.632014399734555,0.121212121212121,0.262004662004662,0.0196577017114914,0.5,6.7,0.657643312101911,6.44413125670044,1.5,3,2,0,0,"Other",0,0,109.136624173315,96.8956214665595,0.78911645192644,-0.02451890693763,"S16","S16 - L",0.606060606060606,0.619571714387212,0.0135111083266056,0
"472",2015,46,"Georgetown","Semifinals - L",0.459547724129315,0.348188554576676,0.695049825755711,35.3516666666667,11.445,23.9066666666667,13.265,7.78833333333333,5.01666666666667,12.9566666666667,19.9783333333333,71.205,64.76,0.40214966169288,0.348870005963029,0.514239056737949,6.445,65.6672916666667,1.08412095178675,0.986200194204631,8.5,0.236111111111111,0.4,1.305,1.06403999456472,1.02827588549687,5.1,0.583017878125991,0.368333333333333,0.211666666666667,0.0483870967741935,0.409722222222222,3.8,0.668934240362812,6.0913098820777,1.61111111111111,1.78571428571429,2.77777777777778,0,0,"Big East",0,1,111.365150686445,93.3189507037935,0.88371297449242,1.80084891702955,"R32","R32 - L",0.67741935483871,0.68377069011321,0.00635133527450049,0
"473",2015,61,"Georgia","Semifinals - L",0.443010840171676,0.332610837438424,0.678776668280547,38.3909090909091,10.9863636363636,27.4045454545455,12.9,5.92181818181818,4.88909090909091,12.9318181818182,18.5463636363636,69.3745454545455,63.9309090909091,0.384313551715126,0.301730796608405,0.500525806855176,5.44363636363636,66.1720454545455,1.04844588511967,0.967415792576039,7.5,0.401785714285714,0.4,-1.54363636363636,0.886158758758759,0.997185185185185,4.2,0.569454974897256,0.301818181818182,0.120909090909091,0.1315953014076,0.473214285714286,2.6,0.633968065524089,5.79605775076537,0.967385804454617,1,2.66666666666667,0,0,"SEC",1,1,107.297261019455,92.7045472353,0.843027889010745,0.76233623108842,"R64","R64 - L",0.65625,0.631714248885766,-0.0245357511142339,0
"474",2015,66,"Iowa State","Final - W",0.492662171747547,0.364665868380407,0.709277204159078,36.2328671328671,9.21445221445222,27.0184149184149,17.4750582750583,6.31468531468532,3.62377622377622,11.2254079254079,14.9006993006993,80.2657342657343,67.7261072261072,0.413935841670343,0.342605080488197,0.564444338489035,12.539627039627,69.6495920745921,1.15172012693152,0.973278434721308,7,0.7,0.65,1.07016317016317,1.18205698005698,1.55173361823362,1.7,0.664981145972234,0.238461538461538,0.248484848484848,0.166050686378036,0.5,7,0.651915767869503,4.92725368515721,1.37063140584315,1.66666666666667,2.75,0.2,1,"Big12",1,1,117.951837275605,96.117810278858,0.91272276929848,3.3958683476507,"R64","R64 - L",0.757575757575758,0.742777477010159,-0.014798280565599,0
"475",2015,68,"Boise St","Semifinals - L",0.4604632554402,0.392951526130874,0.733149112898888,33.16,8.63,24.53,12.1642857142857,5.96380952380952,2.35380952380952,10.1361904761905,17.1538095238095,71.5190476190476,60.2752380952381,0.411377325860323,0.311293307312593,0.544065885236872,11.2438095238095,63.5073857142857,1.12585737678957,0.949108258070148,8,0.492063492063492,0.8,2.84142857142857,1.2778366848934,1.21144971460777,3.1,0.609214552507363,0.233809523809524,0.242857142857143,0.420846100759404,0.634920634920635,10.2,0.595353276003372,4.88280192258637,0.814959662065137,1,2.41666666666667,0.2,1,"Other",0,0,109.04358568381,97.2174922329895,0.785274208665055,0.234304296824108,"First Four","First Four - L",0.757575757575758,0.798873261839373,0.0412975042636158,0
"476",2015,84,"Indiana","Quarterfinals - L",0.473893806302894,0.409483705020028,0.716257378874201,36.4261904761905,11.7942857142857,24.6319047619048,14.2785714285714,5.17285714285714,3.27952380952381,11.8161904761905,17.392380952381,78.7404761904762,71.272380952381,0.450947336043824,0.321358463227106,0.557956764931718,7.46809523809524,67.3290976190476,1.16745993678838,1.06101248050573,7,0.571428571428571,0.95,-0.467142857142857,0.93587462082912,1.21760869565217,1.9,0.468239803576923,0.293809523809524,0.218571428571429,0.149943725185755,0.571428571428571,5.8,0.601239669421488,6.18414889093748,2.35714285714286,3,1.9,0.2,0,"Big Ten",0,1,118.788184586545,103.13028254081,0.83533083716276,-0.18649354150921,"R64","R64 - L",0.606060606060606,0.668282574706946,0.0622219686463403,0
"477",2015,87,"Notre Dame","Final - W",0.512925020189868,0.391417680664201,0.737460158455514,33.5470238095238,8.41369047619048,25.1333333333333,15.3160714285714,7.10476190476191,3.55238095238095,9.31369047619048,13.9434523809524,79.9505952380952,64.9077380952381,0.419724574222781,0.332486213708752,0.590083878456446,15.0428571428571,65.2850892857143,1.22394913487764,0.995493295082763,6.5,0.773809523809524,0.84,-0.388690476190476,1.2523563823989,1.64593401402565,1.3,0.607776758801911,0.267261904761905,0.39047619047619,0.0849494753053413,0.619047619047619,10.3,0.654098360655738,6.4150969591716,1.18181818181818,1.22222222222222,2.375,0,1,"ACC",1,1,124.529084410315,99.891055153292,0.92655784553051,4.2211402930866,"E8","E8 - L",0.852941176470588,0.828225266660184,-0.0247159098104042,1
"478",2015,96,"Kentucky","Final - W",0.473823023472513,0.351063798870667,0.703166864015231,38.7782051282051,13.3102564102564,25.4679487179487,15.3730769230769,6.97051282051282,7.16538461538461,10.8179487179487,16.8551282051282,75.7371794871795,52.9397435897436,0.343344022201777,0.27959845597938,0.525166179741605,22.7974358974359,64.5897435897436,1.17225851457231,0.820400311928315,9,0.3375,0.6,5.27820512820513,1.35743166963755,1.42098930481283,3,0.667275158322791,0.05,0.441025641025641,0.177078384104399,0.45,10,0.771317829457364,6.65286302935335,3.96666666666667,6.875,1.81818181818182,0.2,1,"SEC",1,1,117.92345724144,81.604383432074,0.98426076640181,6.47926749578915,"F4","F4 - L",1,0.943730964874546,-0.0562690351254542,1
"479",2015,97,"Louisville","Quarterfinals - L",0.424466739145638,0.301077640679212,0.663361584489365,39.1276923076923,13.5184615384615,25.6092307692308,11.6287179487179,8.70974358974359,5.72102564102564,11.9846153846154,17.6466666666667,69.7184615384615,58.5235897435897,0.383079481976249,0.295696326154841,0.476072259882249,11.1948717948718,66.462341025641,1.04811867641937,0.885648371628944,7,0.428571428571429,0.133333333333333,5.46564102564103,1.26059804295777,0.984786252125334,2.8,0.632014399734555,0.126666666666667,0.212307692307692,0.246118517083117,0.5,12,0.73936170212766,6.84694313958538,4.07894736842105,3.5,1.9,0,1,"ACC",1,1,106.79445482535,85.058532282461,0.93001561892348,2.8304357734344,"E8","E8 - L",0.75,0.78526649495299,0.0352664949529902,1
"480",2015,99,"LSU","Quarterfinals - L",0.457437257555515,0.335512739926013,0.699928180894412,39.4033333333333,12.1433333333333,27.26,15.7916666666667,7.5,6.245,14.6,15.4233333333333,73.9633333333333,67.3833333333333,0.40012220612899,0.317737423834985,0.504947582118692,6.58,71.1416833333333,1.03954327102355,0.947804184468597,6,0.666666666666667,0.533333333333333,-1.89333333333333,0.950367211561241,1.08500624582714,3.1,0.556733376210834,0.325,0.145,0.265568395813361,0.5,5.5,0.564814814814815,6.07073772800249,1,0,2.14285714285714,0,1,"SEC",1,1,106.493516423185,93.677927574305,0.810820896340735,0.2245802669462,"R64","R64 - L",0.6875,0.674024159219567,-0.0134758407804334,0
"481",2015,108,"Harvard","Final - W",0.438844756871805,0.355986967146348,0.719866610796843,34.1479545454545,10.1520454545455,23.9959090909091,13.0234090909091,7.28886363636364,5.03045454545455,12.0075,15.5559090909091,64.3577272727273,57.2084090909091,0.398922089653797,0.331536376048512,0.489099890757237,7.14931818181818,62.2706136363636,1.03417412900196,0.918683587472334,7.5,0.361111111111111,0.516666666666667,1.55,1.08844806309309,1.10264911559029,1.2,0.67515231333181,0.208409090909091,0.314318181818182,0.0965963566634708,0.611111111111111,5.2,0.6,6.26530121273771,1.5,1,3,0.2,0,"Other",0,0,99.9169235874725,93.4340251293725,0.68065176539613,-0.541338059629135,"R64","R64 - L",0.758620689655172,0.727692936162155,-0.0309277534930176,0
"482",2015,111,"Northeastern","Final - W",0.481799354249802,0.387378886692045,0.729747700451232,33.3066666666667,8.45833333333333,24.8483333333333,14.4783333333333,5.28666666666667,3.76,13.7033333333333,14.0466666666667,68.42,64.89,0.447205260125242,0.339529929346863,0.548835451492578,3.53,64.0372416666667,1.06741152294505,1.01274534384016,7,0.4,0.9,-3.615,0.743849260634486,1.05821005146245,2.6,0.530323236290753,0.293333333333333,0.113333333333333,0.043816631130064,0.571428571428571,3.8,0.489622974229191,5.54517744447956,0,0,2.875,0,0,"Other",0,0,106.12285786598,99.9141333030795,0.666350779474135,-2.12253280398828,"R64","R64 - L",0.676470588235294,0.613514672582155,-0.062955915653139,0
"483",2015,120,"Maryland","Semifinals - L",0.44301813435735,0.373371391249719,0.757109961953381,35.6261904761905,9.19666666666667,26.4295238095238,11.0680952380952,4.84904761904762,4.30095238095238,12.1057142857143,16.1319047619048,70.3785714285714,62.5633333333333,0.392792826093996,0.30813436629415,0.514994600371626,7.8152380952381,64.8320380952381,1.08466661696529,0.966109748866298,8.5,0.614285714285714,0.63,-2.73714285714286,0.938963278101209,0.913757836990596,1.5,0.827656231248388,0.267142857142857,0.127142857142857,0.0562098501070664,0.535714285714286,5.2,0.604696673189824,6.23832462503951,1,0,2.3,0.2,1,"Big Ten",0,1,109.980713557515,93.560468306325,0.862914545639965,3.4137921432436,"R32","R32 - L",0.818181818181818,0.692012971107164,-0.126168847074655,0
"484",2015,127,"Michigan St","Final - L",0.470618539140836,0.388445350307155,0.631161606191021,38.0761904761905,11.5130952380952,26.5630952380952,17.477380952381,5.53690476190476,4.62559523809524,11.7613095238095,18.2815476190476,72.4577380952381,63.1845238095238,0.398267711526956,0.317144970907775,0.541066527397927,9.27321428571429,65.2115357142857,1.11123338674423,0.970736307784329,8,0.436507936507937,0.833333333333333,1.87380952380952,0.965288700932768,1.4930536354104,4.5,0.457649318124521,0.267857142857143,0.320833333333333,0.105496646290149,0.563492063492063,8.2,0.714503816793893,6.48616078894409,3.94117647058824,3.94117647058824,2.55555555555556,0.2,0,"Big Ten",0,1,113.939165801025,91.65853191171,0.92416156572472,1.4867425619329,"F4","F4 - L",0.676470588235294,0.746168339785606,0.0696977515503114,1
"485",2015,145,"Ole Miss","Early Round - L",0.424497503914012,0.334577456687682,0.77830990814026,37.8433333333333,12.5716666666667,25.2716666666667,12.7833333333333,6.65333333333333,3.835,11.42,19.4683333333333,72.4383333333333,66.9216666666667,0.3971423465292,0.349109080938271,0.484137630066237,5.51666666666667,66.7143083333333,1.08586065751836,1.00325182894494,9,0.366666666666667,0.375,2.355,1.17154756554307,1.15857677902622,4.2,0.411916997990869,0.355,0.133333333333333,0.128406115711854,0.555555555555556,6.4,0.627505266760996,5.7268477475872,0.955834371139104,1,3.2,0.2,0,"SEC",1,1,111.845898718325,98.582682074261,0.808387754230605,-0.276825344878515,"R64","R64 - L",0.625,0.652344762858755,0.0273447628587548,0
"486",2015,150,"Duke","Semifinals - L",0.509870259689454,0.390553908977145,0.689467477754154,37.775,12.2083333333333,25.5666666666667,16.1083333333333,7.59166666666667,3.81666666666667,11.3166666666667,15.9583333333333,82.2166666666667,64.1166666666667,0.42265925154141,0.305675438596491,0.5779159159619,18.1,66.9061666666667,1.22826564216162,0.959312897535533,7,0.6,0.84,3.375,1.16595489781536,1.42643058491896,1,0.651155254749294,0.0833333333333333,0.4,0.0516409884668638,0.571428571428571,5,0.762606671838635,7.16239749735572,4.35,4.35,2.22222222222222,0,1,"ACC",1,1,124.180342278695,91.9933374151815,0.968574466313605,5.27846092960205,"Final","Final - W",0.878787878787879,0.855048966362501,-0.0237389124253773,1
"487",2015,152,"NC State","Quarterfinals - L",0.443015910343091,0.360376159785183,0.69323572066755,38.0225649350649,12.0430194805195,25.9795454545455,11.674512987013,4.06623376623377,5.63977272727273,10.5946428571429,17.5131493506493,70.9305194805195,64.7915584415584,0.400702799226213,0.327363165691236,0.505276917346523,6.13896103896104,64.6008912337662,1.09792844497757,1.00368228239423,8.5,0.354166666666667,0.733333333333333,0.360064935064935,0.971502596968684,1.12524299122194,3.2,0.363410856828956,0.29237012987013,0.125324675324675,0.205351637822552,0.354166666666667,7.8,0.643253234750462,6.29526600143965,1.4,1.66666666666667,2.1,0.2,0,"ACC",1,1,112.879116314925,97.327962941793,0.843403899574205,0.51686796574816,"S16","S16 - L",0.606060606060606,0.652408508984025,0.0463479029234187,0
"488",2015,153,"North Carolina","Final - L",0.469002317353346,0.34267099357181,0.703316136576822,41.8692307692308,14.6384615384615,27.2307692307692,17.6974358974359,6.86666666666667,4.64615384615385,12.9128205128205,19.1846153846154,78.1384615384615,67.6205128205128,0.389807300190814,0.294100241299122,0.508805592763241,10.5179487179487,70.012141025641,1.11563686811181,0.968171148526818,7.5,0.330357142857143,0.25,2.26410256410256,0.98229773971347,1.37337602472434,3.6,0.488856305133567,0.184615384615385,0.294871794871795,0.0250559284116331,0.267857142857143,6.5,0.792122538293217,6.81892406527552,3.6875,4.25,2.1,0,1,"ACC",1,1,117.76920861826,90.461523378296,0.952039911983915,3.19087932263185,"S16","S16 - L",0.685714285714286,0.753994999276749,0.0682807135624631,0
"489",2015,166,"New Mexico St","Final - W",0.464836143832792,0.369502700848838,0.688953526616126,35.6222222222222,12.7666666666667,22.8555555555556,12,6.26666666666667,3.66666666666667,13.9111111111111,16.0666666666667,68.7,59.8111111111111,0.422594169333767,0.295921272209679,0.512698863933708,8.88888888888889,63.3155,1.08723651074265,0.943121483042835,8.5,0.335714285714286,0.466666666666667,1.96666666666667,0.956335983690112,0.871818960244648,5.7,0.533541236646541,0.322222222222222,0.255555555555556,0.174445700805027,0.514285714285714,2.5,0.630535527999963,5.48893772615669,0.916126213048551,1,2.18181818181818,0.2,1,"Other",0,0,104.13757144687,98.3152581455565,0.652411701619575,-2.12879110731053,"R64","R64 - L",0.696969696969697,0.774447149041067,0.0774774520713701,0
"490",2015,194,"Ohio State","Quarterfinals - L",0.493351113193967,0.38098907420984,0.688036103591193,35.8926948051948,10.9808441558442,24.9118506493507,15.7011363636364,8.07775974025974,5.06672077922078,11.3220779220779,15.4743506493506,77.2592532467532,61.3733766233766,0.399775160008828,0.320988883682183,0.55746438789856,15.8858766233766,66.5884886363636,1.15822459258616,0.923633642346181,7.5,0.421428571428571,0.741666666666667,3.72938311688312,1.34288173058498,1.38288679477704,1.2,0.616525079900126,0.128409090909091,0.435714285714286,0.173089930100905,0.401785714285714,9.9,0.767820773930754,6.19847871649231,2.41666666666667,2.875,2.7,0.2,1,"Big Ten",0,1,114.344961243005,92.3481777054925,0.918728019208625,1.19762034302562,"R32","R32 - L",0.696969696969697,0.84235845145522,0.145388754485523,0
"491",2015,197,"Oklahoma St","Quarterfinals - L",0.444262558523035,0.354094638601343,0.725903614457831,33.5916666666667,9.19166666666667,24.4,11.43,8.275,5.19833333333333,12.2983333333333,18.8533333333333,68.76,61.245,0.389113408720327,0.335594796462522,0.516344806974962,7.515,64.8224333333333,1.06016612902656,0.947591034162319,6.5,0.547619047619048,0.441666666666667,-0.506666666666666,1.13509122067581,0.928832044578962,2.6,0.627861665268817,0.168333333333333,0.283333333333333,0.193086003372681,0.619047619047619,5.4,0.563636363636364,6.08904487544685,1,1,2.4,0,1,"Big12",1,1,109.4025780847,94.4721126122275,0.84389031758903,0.022678940669875,"R64","R64 - L",0.580645161290323,0.660086176961962,0.079441015671639,0
"492",2015,201,"Oklahoma","Semifinals - L",0.442972452279712,0.348308724006398,0.727341652279749,38.6901515151515,10.9015151515152,27.7886363636364,12.7575757575758,6.9469696969697,5.13257575757576,11.9712121212121,16.2810606060606,72.9666666666667,61.844696969697,0.378490782137271,0.301546299341575,0.502081612581993,11.1219696969697,68.739696969697,1.0624324507453,0.901371273333492,6.5,0.569047619047619,0.6,0.374242424242424,1.17934087750645,1.07767520349414,1,0.402786872158444,0.237878787878788,0.236363636363636,0.0550275952443958,0.69047619047619,8.4,0.610921501706485,6.77992190747225,1.63333333333333,1,2.33333333333333,0,1,"Big12",1,1,108.81273999476,86.1015255828215,0.93654590434298,2.12466145222014,"S16","S16 - L",0.6875,0.764064966131459,0.0765649661314594,0
"493",2015,222,"Villanova","Final - W",0.475030650078127,0.384092947411333,0.729373932134668,34.6230769230769,10.2615384615385,24.3615384615385,16.3009615384615,8.14903846153846,4.3125,10.725,16.1788461538462,77.4567307692308,60.0721153846154,0.401148517901668,0.299127991373232,0.560340552194459,17.3846153846154,65.3862644230769,1.18482179876906,0.919745611918278,8,0.625,0.8,3.33173076923077,1.39240144775859,1.53582875457875,1.5,0.740585428120519,0.138461538461538,0.411538461538462,0.0677728908436625,0.625,9.9,0.635514018691589,6.46614472423762,1.86363636363636,2.05555555555556,2.875,0.2,0,"Big East",0,1,119.8381349178,91.0505660116105,0.95875900418882,5.613712870345,"R32","R32 - L",0.941176470588235,0.874054706604876,-0.067121763983359,0
"494",2015,239,"Baylor","Semifinals - L",0.440969160941917,0.384537185660781,0.663139161899824,39.825303030303,14.9468181818182,24.8784848484848,15.4066666666667,7.77909090909091,4.14636363636364,12.4263636363636,16.5295454545455,70.1862121212121,58.9451515151515,0.395256534990737,0.293207647745102,0.504799356493053,11.2410606060606,62.8363265151515,1.11798220507028,0.938042378717307,7.5,0.598214285714286,0.65,3.84954545454545,0.998240794856809,1.2503117085525,2.9,0.717901881406581,0.269545454545455,0.286666666666667,0.241990433831921,0.464285714285714,4.8,0.58209683808053,5.95583736946483,2.48513419491886,2.5,2.44444444444444,0.2,1,"Big12",1,1,114.81608755446,92.1129944955925,0.92632413827636,2.3907834481885,"R64","R64 - L",0.727272727272727,0.771098831138261,0.0438261038655338,0
"495",2015,251,"Texas","Quarterfinals - L",0.438299273861859,0.339989678918062,0.727166056348886,40.3675990675991,12.4631701631702,27.9044289044289,13.0643356643357,3.75874125874126,7.7044289044289,12.9130536130536,15.665034965035,68.4881118881119,58.893006993007,0.358740510001657,0.337923617896476,0.498644656912446,9.59510489510489,63.7569125874126,1.07366931911989,0.924752813813888,7.5,0.464285714285714,0.416666666666667,-2.39277389277389,0.718065216726796,1.01347465923226,2.3,0.493393691310433,0.234498834498835,0.310489510489511,0.183418351815954,0.464285714285714,8,0.660633484162896,6.78558764500793,1.73809523809524,1.9,2.5,0.4,1,"Big12",1,1,110.253534449595,90.2035999633775,0.904911857942115,0.3868843400852,"R64","R64 - L",0.606060606060606,0.733500250881725,0.127439644821119,0
"496",2015,252,"BYU","Final - L",0.464141848573966,0.388600531606774,0.766273635299583,38.8142857142857,12.4333333333333,26.3809523809524,17.1047619047619,7.57857142857143,3.19761904761905,11.8285714285714,20.2428571428571,83.5880952380952,71.9119047619048,0.431777101462307,0.324103200553713,0.539090443266774,11.6761904761905,70.8798095238095,1.17978757154167,1.01429688450204,7.5,0.535714285714286,0.9,3.48333333333333,1.13359055667125,1.45196377649647,3.4,0.56648328458439,0.276190476190476,0.295238095238095,0.366681110873871,0.669642857142857,10.1,0.743358802499188,5.73979291217923,1.2317078213861,1.28571428571429,2.5,0.4,1,"Other",0,0,117.73509527118,100.75727148219,0.85437455685241,0.465683427907117,"First Four","First Four - L",0.735294117647059,0.770991474169384,0.0356973565223251,0
"497",2015,254,"Utah","Semifinals - L",0.490146900705362,0.402452948706351,0.696174304418985,35.6916666666667,9.51136363636364,26.180303030303,14.5295454545455,6.25075757575758,5.24318181818182,11.4310606060606,16.6272727272727,73.6598484848485,56.5462121212121,0.377298737589315,0.322883564522909,0.56610225130466,17.1136363636364,63.6721212121212,1.1565953971613,0.88996738527109,8.5,0.434722222222222,0.85,0.416666666666667,1.10894117647059,1.32567362428843,2.4,0.532539758203085,0.184848484848485,0.462878787878788,0.0989844354825038,0.347222222222222,10,0.54365300127048,5.07517381523383,0.847067319739639,0,2,0.2,0,"Other",0,0,113.574932980675,88.5894481434595,0.943268455911925,1.8273183918705,"S16","S16 - L",0.75,0.883881660989698,0.133881660989698,0
"498",2015,258,"Virginia","Semifinals - L",0.467525183682038,0.362215463861033,0.721661495441661,36.8356060606061,10.3659090909091,26.469696969697,13.0537878787879,5.61742424242424,4.4,9.14545454545454,14.15,66.0916666666667,49.8757575757576,0.353800000327509,0.302901021962156,0.519515494490485,16.2159090909091,58.4306098484848,1.1304062024164,0.853674520584043,8,0.4125,0.3,3.46136363636364,1.19917542214309,1.47431609874999,0.7,0.649544540336571,0.139393939393939,0.293181818181818,0.25022528747404,0.5,8.5,0.651375608049313,5.59471137960184,1.40067040427595,1,2.5,0,0,"ACC",1,1,114.406116787385,82.961338450984,0.972573428829395,4.96077072136115,"R32","R32 - L",0.90625,0.897858331275665,-0.00839166872433539,0
"499",2015,275,"Wisconsin","Final - W",0.484681186849501,0.357573288273876,0.764450853714813,33.6071428571429,9.31845238095238,24.2886904761905,12.5642857142857,4.69285714285714,3.71130952380952,7.46309523809524,12.3279761904762,72.5130952380952,55.5386904761905,0.416662505281635,0.364976356396217,0.549011390548498,16.9744047619048,59.4704196428571,1.2206586554224,0.937304282364057,6.5,0.757142857142857,0.55,4.81845238095238,1.39550083490097,1.72205153135634,0.6,0.674758650130282,0.0690476190476191,0.3375,0.0813326060836021,0.380952380952381,10.4,0.703406813627255,6.21460809842219,2.19230769230769,2.19230769230769,3.25,0,0,"Big Ten",0,1,125.5343312883,91.2131035097865,0.9750525597581,5.629075692177,"Final","Final - L",0.911764705882353,0.893708280341534,-0.0180564255408185,1
"500",2015,277,"West Virginia","Quarterfinals - L",0.415474637167494,0.318070155456433,0.663026146929213,36.9482051282051,17.0569230769231,19.8912820512821,14.9646153846154,11.4041025641026,2.93589743589744,12.6717948717949,22.6076923076923,75.3282051282051,65.7605128205128,0.466653630851523,0.367486586002629,0.471274915387568,9.56769230769231,69.5048102564103,1.08315173348895,0.947414240832662,9.5,0.444444444444444,0.43,15.8194871794872,1.63390306686154,1.20547123290858,5.8,0.653016806098371,0.248717948717949,0.342564102564103,0.212915390197343,0.577777777777778,5.4,0.706878306878307,6.85224256905188,1.95,2.5,2.1,0.2,0,"Big12",1,1,110.0132401693,91.9131000013515,0.88446610089071,1.97413394412335,"S16","S16 - L",0.71875,0.704207754720606,-0.0145422452793937,0
"501",2015,300,"UC Irvine","Final - W",0.46490045921295,0.388113524979884,0.69657289693346,35.1849358974359,9.78974358974359,25.3951923076923,14.425,5.9400641025641,5.2676282051282,11.9070512820513,17.3076923076923,68.5272435897436,62.4801282051282,0.397820258187261,0.346303191446788,0.528040542022629,6.04711538461538,64.0217884615385,1.07066073301213,0.976347874543889,9.5,0.4,0.808333333333333,-1.18301282051282,0.99576144036009,1.22989497374344,2,0.463853755129433,0.220512820512821,0.131089743589744,0.40449186073595,0.633333333333333,7.5,0.529050491008219,4.91998092582813,0,0,3.09090909090909,0.2,0,"Other",0,0,104.186845136145,97.0133946237085,0.691581693001005,-2.1569259135221,"R64","R64 - L",0.636363636363636,0.676369317380526,0.0400056810168897,0
"502",2015,322,"Lafayette","Final - W",0.491727795766692,0.41665175909362,0.763985763190784,31.5199494949495,8.66818181818182,22.8517676767677,15.7411616161616,5.85858585858586,2.57575757575758,11.3017676767677,15.9401515151515,75.3555555555556,72.9199494949495,0.452247372957678,0.374135304234203,0.568903270070582,2.43560606060606,65.3052638888889,1.1532424193419,1.11711835401657,6.5,0.547619047619048,0.708333333333333,-3.70909090909091,1.00058699578567,1.40366442332502,1,0.682562790602091,0.308585858585859,0.277272727272727,0.0802435751463891,0.69047619047619,3.5,0.475177304964539,6.33682573114644,1,1,2.77777777777778,0,0,"Other",0,0,111.604582686975,112.821597848295,0.47153825089512,-3.39805157423226,"R64","R64 - L",0.625,0.552980058223563,-0.0720199417764374,0
"503",2015,324,"Coast Car","Final - W",0.440079914238221,0.361340088482946,0.688144455760193,40.0501165501165,13.6156177156177,26.4344988344988,11.2715617715618,7.07972027972028,3.17482517482518,11.9314685314685,16.2585081585082,71.8829836829837,60.2776223776224,0.385158609521697,0.328697599623014,0.503842715829528,11.6053613053613,64.6442097902098,1.11338366887241,0.933486104297171,7.5,0.355357142857143,0.55,4.77715617715618,1.01826712374807,0.964975465483632,3.8,0.631929031237115,0.164801864801865,0.220512820512821,0.0877569047660279,0.535714285714286,9.5,0.611313868613139,7.00033446027523,1.66666666666667,1,2.55555555555556,0.2,0,"Other",0,0,104.328166297775,101.063075291308,0.58648106986331,-2.41739223856859,"R64","R64 - L",0.727272727272727,0.785171569398692,0.0578988421259644,0
"504",2015,331,"E Washington","Final - W",0.481820946980211,0.405312669352749,0.721968412744015,34.2166666666667,10.15,24.0666666666667,13.175,6.20833333333333,5.24166666666667,10.825,17.8916666666667,80.7083333333333,72.5833333333333,0.440839538897128,0.368043477400381,0.569026508789011,8.125,68.1032916666667,1.1851928580437,1.06550138740079,6.5,0.69047619047619,0.86,0.716666666666667,1.12093468130304,1.21485046656212,3.1,0.623328337464928,0.341666666666667,0.275,0.413032790659314,0.535714285714286,8.1,0.474275151309559,4.55387689160054,0,0,2.375,0,0,"Other",0,0,111.42010300956,106.427205916655,0.622492327151715,-1.14458157798889,"R64","R64 - L",0.757575757575758,0.689828054953978,-0.0677477026217791,0
"505",2015,399,"Albany","Final - W",0.437279318787161,0.35833688564054,0.757299107142857,33.4027777777778,10.0691919191919,23.3335858585859,10.2492424242424,5.63308080808081,1.64040404040404,11.8719696969697,16.8790404040404,65.3724747474747,61.6527777777778,0.426640490122683,0.375933553849674,0.504176208142381,3.71969696969697,61.318696969697,1.06702601621889,1.00404007267787,7,0.571428571428571,0.693333333333333,2.45025252525252,1.06397437135774,0.872688914646318,3.3,0.591569663853089,0.361868686868687,0.0272727272727273,0.174881003991796,0.571428571428571,2.6,0.481231772963133,5.98645200528444,0.999163386216486,1,1.88888888888889,0.4,1,"Other",0,0,104.2645759421,102.701328573395,0.54115835729613,-1.49627912100925,"R64","R64 - L",0.75,0.673260881050022,-0.0767391189499784,0
"506",2015,2057,"Belmont","Final - W",0.47052919024101,0.386600354427485,0.699272372645256,33.4466783216783,9.06433566433567,24.3823426573427,15.2887237762238,6.3590034965035,2.08015734265734,13.8981643356643,16.4784090909091,74.0738636363636,69.3384615384615,0.444153526389999,0.339796995843597,0.562834258730273,4.7354020979021,67.3936009615385,1.10004133903094,1.02957886399235,6.5,0.59,0.675,-2.02727272727273,0.933572986889661,1.10309236997106,0.5,0.710099795640097,0.490996503496504,0.247027972027972,0.146194926568758,0.6125,6.2,0.630801687763713,6.16331480403464,1,1,2.88888888888889,0,0,"Other",0,0,106.588499185545,105.43838398383,0.532271205545965,-2.2104228427848,"R64","R64 - L",0.6875,0.620124446850197,-0.0673755531498033,0
"507",2015,2084,"Buffalo","Final - W",0.433093929528902,0.344184299709518,0.724611184535491,38.5218181818182,12.7218181818182,25.8,13.6181818181818,7.63181818181818,4.26454545454545,11.5309090909091,18.4281818181818,74.5554545454546,67.3090909090909,0.416235528175278,0.322958206848415,0.485235053803095,7.24636363636364,68.5274,1.08832007850089,0.982547163344295,7.5,0.430357142857143,0.583333333333333,3.65727272727273,1.2545806906272,1.24735876203899,4.5,0.639501118117382,0.238181818181818,0.150909090909091,0.227733876711254,0.535714285714286,6,0.64371910711398,3.40119738166216,0,0,2.25,0,0,"Other",0,0,107.43496058519,95.611284741053,0.791562052895035,-0.48270282912647,"R64","R64 - L",0.71875,0.691498657734891,-0.0272513422651088,0
"508",2015,2086,"Butler","Quarterfinals - L",0.440545992046504,0.35829884401313,0.675337279412714,36.6357142857143,12.3150793650794,24.3206349206349,11.7126984126984,6.61984126984127,2.92857142857143,11.3603174603175,17.6357142857143,69.9492063492063,60.6531746031746,0.415481127442872,0.302503358923954,0.499499558335031,9.29603174603175,64.776119047619,1.08012231215942,0.937027572953379,6.5,0.430952380952381,0.566666666666667,5.76031746031746,1.14070351125013,1.04841211784885,2.1,0.561229250273293,0.233333333333333,0.314285714285714,0.0679973689777986,0.30952380952381,7.7,0.490859819611894,4.59511985013459,0,0,2.875,0,0,"Big East",0,1,107.430333567535,88.871346246281,0.89807404253357,1.67991945337463,"R32","R32 - L",0.6875,0.750865063254864,0.0633650632548639,0
"509",2015,2132,"Cincinnati","Quarterfinals - L",0.451161144550074,0.323148919932766,0.674791017400338,34.5866666666667,11.2233333333333,23.3633333333333,11.8433333333333,6.58666666666667,5.45666666666667,12.71,14.71,63.05,55.23,0.387523092396493,0.326765188834154,0.505266757429699,7.82,60.2576083333333,1.04601069550356,0.91743368171888,7,0.5,0.25,0.178333333333333,0.99561872909699,0.941371237458194,0.7,0.452374546621692,0.213333333333333,0.215,0,0.428571428571429,5.4,0.637968596101378,5.89440283426485,0.983800002139714,1,2,0.2,0,"Other",0,0,106.176693580185,92.018234668988,0.837741320232345,-0.581446031641806,"R32","R32 - L",0.6875,0.738518875053698,0.0510188750536977,0
"510",2015,2166,"Davidson","Semifinals - L",0.478906132294895,0.409606659674968,0.719078703360285,36.7909090909091,10.6636363636364,26.1272727272727,17.6878787878788,5.45151515151515,2.96666666666667,9.57272727272727,19.530303030303,81.9787878787879,68.5909090909091,0.43862875940798,0.289425287356322,0.573545012041776,13.3878787878788,67.6141515151515,1.21238042310694,1.01416566710678,8,0.625,0.82,2.45151515151515,1.26815739570164,1.88299093973873,3.9,0.523648236429426,0.106060606060606,0.460606060606061,0.1470978381189,0.5625,5.4,0.617801047120419,6.63987583382654,1.28571428571429,1.28571428571429,2,0,0,"Other",0,0,119.57625521479,102.23740809852,0.857868513895465,0.91009561321087,"R64","R64 - L",0.774193548387097,0.780010078356362,0.00581652996926496,0
"511",2015,2168,"Dayton","Final - L",0.465426773236702,0.351931760527651,0.677471630860823,32.0083333333333,7.54166666666667,24.4666666666667,14.1,6.79166666666667,2.51666666666667,11.425,16.15,68.9333333333333,60.35,0.416787060549555,0.308540738351487,0.530876339809884,8.58333333333333,64.2917916666667,1.07261374246177,0.939011031597121,8,0.579365079365079,0.45,0.391666666666667,1.19986687444694,1.24132436432548,2.8,0.809196771109312,0.333333333333333,0.15,0.158405172413793,0.507936507936508,5.5,0.624883984503357,4.62497281328427,0.77192692653363,1,2.375,0,1,"Other",0,0,105.65340432449,94.0963690704935,0.791089309698215,0.451412273744895,"R32","R32 - L",0.757575757575758,0.72588873059088,-0.0316870269848771,0
"512",2015,2247,"Georgia St","Final - W",0.483469986795409,0.335081960879015,0.713055751587862,32.825,9.33333333333333,23.4916666666667,14.275,9.39166666666667,4.15833333333333,10.475,18.0083333333333,72.95,62.075,0.38312073491715,0.327325729386951,0.533491150049598,10.875,65.1680416666667,1.11876225805463,0.953198545533512,7.5,0.267857142857143,0.5,2.78333333333333,1.51409868099658,1.37392216251425,3.9,0.574584377658196,0.275,0.341666666666667,0.135809579787539,0.535714285714286,9.7,0.567134268537074,6.21460809842219,1,0,3,0.4,0,"Other",0,0,109.09211366258,98.288884422987,0.768182419433545,-1.30520176105781,"R32","R32 - L",0.727272727272727,0.77781521373284,0.0505424864601127,0
"513",2015,2250,"Gonzaga","Final - W",0.522253019993188,0.403390213512003,0.697212331741207,38.2371428571429,10.37,27.8671428571429,16.5928571428571,6.34285714285714,3.35428571428571,10.6442857142857,16.9528571428571,79.2571428571429,60.1657142857143,0.37953059411281,0.314759510570774,0.586128743227155,19.0914285714286,64.9504142857143,1.21972036375709,0.92625653748106,7.5,0.401785714285714,0.9,0.782857142857143,1.11893724696356,1.55840840080972,2.4,0.410041407687937,0.0857142857142857,0.322857142857143,0.0198975571315997,0.598214285714286,10.9,0.801192842942346,6.22257626807137,1.53333333333333,1.53333333333333,3,0,1,"Other",0,0,120.564221326345,92.1353630879905,0.952207848123355,3.9363108891065,"E8","E8 - L",0.941176470588235,0.904562744993621,-0.0366137255946145,1
"514",2015,2261,"Hampton","Final - W",0.397610738780786,0.294103041865592,0.661297493181903,37.1313186813187,12.5472527472527,24.5840659340659,10.2741758241758,6.56648351648352,4.34120879120879,14.3818681318681,21.4906593406593,65.5791208791209,67.9642857142857,0.41307345988782,0.350500285877644,0.448474210243627,-2.38516483516484,68.6617664835165,0.954838782307425,0.989906626644201,7.5,0.535714285714286,0.275,1.06098901098901,0.999236735313081,0.721161327200126,4.6,0.542137651117164,0.348351648351648,0.11978021978022,0.261494467958524,0.669642857142857,3.3,0.530146923156723,5.08140436498446,0.84810722404044,1,2.76923076923077,0.4,0,"Other",0,0,93.6786021917785,102.753469693025,0.257287942688165,-6.1725820289701,"R64","R64 - L",0.484848484848485,0.473030331041145,-0.01181815380734,0
"515",2015,2294,"Iowa","Early Round - L",0.42909722922928,0.331936784969937,0.747426777595645,37.7873015873016,12.4706349206349,25.3166666666667,14.5793650793651,6.77936507936508,4.72539682539683,11.5642857142857,15.8349206349206,69.5793650793651,61.3428571428571,0.389461220023811,0.321721593175707,0.48159105381645,8.23650793650794,64.6496349206349,1.07755174238304,0.952219061923268,8,0.4,0.558333333333333,2.72698412698413,1.10904874403954,1.27047330270166,1.2,0.472783258668034,0.193650793650794,0.292063492063492,0.0281914893617021,0.5,8.7,0.575221238938053,6.33859407820318,1,1,2.88888888888889,0.2,1,"Big Ten",0,1,111.922025724575,91.777521690373,0.90700449720185,0.986707164011385,"R32","R32 - L",0.65625,0.728653561955624,0.0724035619556236,0
"516",2015,2305,"Kansas","Final - L",0.437847924386334,0.378121057987637,0.721752714394843,38.2883333333333,12.1733333333333,26.115,13.4083333333333,6.65,4.995,12.7866666666667,17.2716666666667,71.88,64.7683333333333,0.399622085244976,0.315559487624837,0.490742357194135,7.11166666666667,66.7674416666667,1.07597571388863,0.97074858435314,9,0.444444444444444,0.625,-0.455,0.927741729603234,1.05594617593873,1.5,0.757608803791308,0.288333333333333,0.213333333333333,0.223753981142727,0.611111111111111,5.3,0.753541076487252,6.56103066589657,2.875,3.18181818181818,1.8,0,0,"Big12",1,1,113.340216769475,91.5972694286765,0.919253782267035,4.3701492726216,"R32","R32 - L",0.764705882352941,0.695747849806384,-0.0689580325465567,0
"517",2015,2363,"Manhattan","Final - W",0.435531073457887,0.336263649342131,0.675332963374029,30.9484848484848,10.1833333333333,20.7651515151515,13.5257575757576,8.11515151515152,2.60454545454545,14.7681818181818,22.6090909090909,68.6409090909091,67.0272727272727,0.439233370725329,0.330856505097674,0.500532987204792,1.61363636363636,67.9845606060606,1.00861942158604,0.985545396254532,8,0.4375,0.625,1.80909090909091,1.174806907116,0.925892605486701,6.3,0.532504456633308,0.257575757575758,0.0454545454545455,0.192445492241841,0.5,4.6,0.61129427215805,4.60517018598809,0.768621786840241,1,2.6,0.2,0,"Other",0,0,98.905683995396,99.123782057686,0.490606312728695,-3.68471940037375,"First Four","First Four - L",0.59375,0.573804569489086,-0.0199454305109145,0
"518",2015,2449,"N Dakota St","Final - W",0.427946164589795,0.382069610116927,0.695086381017747,33.501048951049,8.54117132867133,24.9598776223776,9.82010489510489,4.85148601398601,3.69807692307692,9.65751748251748,14.6201048951049,64.4597902097902,60.8537587412587,0.418813876817492,0.372324156201786,0.499042811851197,3.60603146853147,61.615833041958,1.04712606902015,0.987116910228414,7,0.5,0.808333333333333,2.4381993006993,1.13510296010296,1.01859716859717,4.3,0.676773266734402,0.261013986013986,0.229807692307692,0.249383730484799,0.714285714285714,6,0.628680134606408,0,0,0,2.42857142857143,0.2,0,"Other",0,0,99.9614740489495,100.934182446815,0.472101533779825,-1.846527596239,"R64","R64 - L",0.71875,0.598847928672323,-0.119902071327677,0
"519",2015,2454,"North Florida","Final - W",0.469970372854827,0.388830835854612,0.715623868099819,34.5204545454545,9.51515151515152,25.005303030303,14.5,6.24469696969697,4.13560606060606,12.425,16.1666666666667,75.4651515151515,68.0340909090909,0.43311052590545,0.3156957060722,0.552552394124406,7.43106060606061,67.0925227272727,1.12530028830329,1.01381767593031,7,0.542857142857143,0.733333333333333,-1.85833333333333,1.0061152449126,1.18107948068866,5.3,0.360742410488839,0.193939393939394,0.212878787878788,0.0723325525592789,0.571428571428571,6.7,0.479856353123434,5.08759633523238,0,0,2.44444444444444,0.2,0,"Other",0,0,104.58199097158,104.706305848525,0.495361350340695,-2.45907097513195,"First Four","First Four - L",0.676470588235294,0.721718814949007,0.0452482267137126,0
"520",2015,2460,"Northern Iowa","Final - W",0.483980509234021,0.393425683363764,0.72397072212397,31.0583333333333,7.43333333333333,23.625,11.9083333333333,6.06666666666667,2.525,10.65,15,66.45,55.125,0.392949319778396,0.312130153266126,0.569058209647162,11.325,58.7135833333333,1.13245751230104,0.938653512524424,9,0.444444444444444,0.75,-0.591666666666667,1.10180058211942,1.12547017337643,1.4,0.712054854722107,0.116666666666667,0.075,0,0.666666666666667,6.3,0.622187880961022,5.59098698051086,0.933158652037684,1,3.22222222222222,0.2,0,"Other",0,0,113.4621611454,92.0518088832145,0.915974010751395,2.781213098616,"R32","R32 - L",0.909090909090909,0.831223036652689,-0.0778678724382204,0
"521",2015,2483,"Oregon","Final - L",0.461595254276293,0.360200936415217,0.756760423400129,37.8666666666667,11.1205128205128,26.7461538461538,15.0115384615385,5.77307692307692,4.77307692307692,12.1871794871795,18.2653846153846,76.375641025641,69.2705128205128,0.407553238004812,0.323472467267156,0.520927713388332,7.1051282051282,69.435358974359,1.10011785536241,0.999722358542071,8,0.5625,0.733333333333333,-1.24230769230769,0.971130179721453,1.2206808760883,4.6,0.845095386645935,0.226923076923077,0.220512820512821,0.130790493847969,0.5,6,0.636135508155583,6.68210859744981,1,1,1.625,0.2,0,"Other",0,0,110.82718223833,98.823965681605,0.78150282872479,1.4772420607736,"R32","R32 - L",0.735294117647059,0.638143303724205,-0.097150813922854,0
"522",2015,2507,"Providence","Semifinals - L",0.440988982378418,0.304610308320069,0.704798785664474,36.1308441558442,12.1228896103896,24.0079545454545,14.2155844155844,7.50438311688312,4.57353896103896,11.7581168831169,18.313961038961,70.1798701298701,64.8675324675325,0.420565132639398,0.323621491411814,0.486373813275015,5.31233766233766,65.8487045454546,1.06587304562671,0.984966618134256,7.5,0.376785714285714,0.266666666666667,3.75081168831169,1.14717536813922,1.20902275769746,2.3,0.735173333017596,0.238474025974026,0.214935064935065,0.205433916348594,0.464285714285714,7.4,0.572899818189299,5.57215403217776,0.930015355739255,1,2.33333333333333,0.2,0,"Big East",0,1,111.4183610332,93.6293071366525,0.880813550050475,1.7762291567737,"R64","R64 - L",0.666666666666667,0.64552786635762,-0.0211388003090461,0
"523",2015,2509,"Purdue","Semifinals - L",0.455614073628711,0.331739791552051,0.68542557418862,36.7238636363636,11.9508116883117,24.7730519480519,15.2538961038961,5.61655844155844,5.52451298701299,13.126461038961,18.8910714285714,71.3586038961039,64.524512987013,0.399430292874037,0.346467859351322,0.511371221674452,6.83409090909091,65.9652824675325,1.08043593404627,0.979553871231897,8.5,0.442857142857143,0.425,-0.18538961038961,0.924706074283539,1.16127249986405,4.7,0.672718001564064,0.363798701298701,0.268181818181818,0.0689029268354382,0.585714285714286,11.1,0.648047661461876,5.8111409929767,1.52413369338407,1.66666666666667,1.9,0,0,"Big Ten",0,1,109.88267364827,94.8407823385505,0.84095865204448,0.4508594756506,"R64","R64 - L",0.636363636363636,0.668568607340097,0.0322049709764602,0
"524",2015,2523,"Robert Morris","Final - W",0.434628857623291,0.368712131190727,0.710512632368882,33.745,10.7228787878788,23.0221212121212,11.9451515151515,8.65636363636364,3.10409090909091,13.9545454545455,19.1171212121212,68.1574242424242,68.8348484848485,0.428426861694391,0.331407544554179,0.495282054610221,-0.677424242424242,67.1897878787879,1.01654012225096,1.02319635947681,8.5,0.329166666666667,0.833333333333333,-1.27560606060606,1.05728974176735,0.877865434731106,2.6,0.653686530875802,0.278030303030303,0.261363636363636,0.442209628241181,0.645833333333333,5.1,0.640389894256185,4.94875989037817,0,0,1.9,0,0,"Other",0,0,98.356073811775,102.460017968875,0.3878980620997,-4.14850789917435,"R64","R64 - L",0.575757575757576,0.539942459460919,-0.0358151162966563,0
"525",2015,2567,"SMU","Final - W",0.482199360351082,0.363467742847247,0.711329976913322,36.8951923076923,11.3977564102564,25.4974358974359,15.6176282051282,7.01410256410256,4.54935897435897,13.0929487179487,16.3112179487179,70.2224358974359,59.7503205128205,0.379556859090328,0.323016457696456,0.52728353662296,10.4721153846154,63.5140961538462,1.10631714690229,0.94158402141944,8.5,0.229166666666667,0.833333333333333,0.796474358974359,1.01757721563532,1.21760360835905,2.2,0.667275158322791,0.0541666666666667,0.190384615384615,0.5,0.527777777777778,7.7,0.70966128770722,5.73009978297357,4.1670718642824,0,2.66666666666667,0.2,0,"Other",0,0,110.30453310556,93.628932434405,0.86823940029811,1.64809687384679,"R64","R64 - L",0.818181818181818,0.784060052483788,-0.0341217656980299,0
"526",2015,2599,"St John's","Quarterfinals - L",0.444407113341125,0.347343370568237,0.690828879226269,36.0011111111111,10.3930769230769,25.6080341880342,12.5823076923077,7.72102564102564,6.69752136752137,10.6208547008547,17.6137606837607,71.4545299145299,66.1817094017094,0.398635182623306,0.321351193090324,0.497057756249151,5.27282051282051,67.111955982906,1.06551277394033,0.986377426381662,6.5,0.464285714285714,0.366666666666667,-0.128803418803419,1.27121031351495,1.19725922980049,7.1,0.543770752969927,0.134444444444444,0.182051282051282,0.221744534020296,0.845238095238095,5.4,0.610538213599307,5.87211778947542,2.3801955893421,1,3.125,0,0,"Big East",0,1,108.101585485165,92.3837769861435,0.8592190580261,1.10802176236966,"R64","R64 - L",0.65625,0.609519794652809,-0.0467302053471914,0
"527",2015,2617,"SF Austin","Final - W",0.482649987781036,0.376385629965596,0.731361819566045,34.8750582750583,12.2515151515152,22.6235431235431,17.286013986014,7.76200466200466,3.6979020979021,14.3708624708625,21.6011655011655,77.6839160839161,62.9776223776224,0.435387332346905,0.325567591694492,0.553001129436446,14.7062937062937,67.5854522144522,1.1479125510819,0.931440987993801,8.5,0.372222222222222,0.933333333333333,6.32097902097902,1.23282822029179,1.21716501798561,2.8,0.597719756921836,0.0951048951048951,0.377156177156177,0.0933066585956416,0.527777777777778,6.3,0.799501975520672,3.58351893845611,0.598104004501844,1,2.1,0.2,0,"Other",0,0,110.11831025496,97.700021572304,0.79816718583671,0.73840418540322,"R64","R64 - L",0.878787878787879,0.856088579562695,-0.0226992992251842,0
"528",2015,2640,"Texas Southern","Final - W",0.439119896768525,0.309133699007117,0.642981504151681,33.9141025641026,11.2987179487179,22.6153846153846,10.9371794871795,6.22692307692308,3.2,13.1166666666667,17.3282051282051,66.3525641025641,67.8269230769231,0.44742506909628,0.359881714025886,0.490813834635129,-1.47435897435897,64.8269871794872,1.02218467645421,1.04747717000804,8.5,0.440277777777778,0.2,-1.90769230769231,0.924703676826318,0.845556880226692,2.9,0.526798541516662,0.298717948717949,0.220512820512821,0.279353747734893,0.409722222222222,1.3,0.601321585903084,6.12029741895095,1.91666666666667,1,1.9,0.2,0,"Other",0,0,100.742496052676,105.312121407875,0.378362467491045,-2.1504878414646,"R64","R64 - L",0.647058823529412,0.523297161624371,-0.12376166190504,0
"529",2015,2670,"VCU","Final - W",0.422752727010809,0.340342480776315,0.657852891283889,35.5641025641026,12.5230769230769,23.0410256410256,13.1051282051282,10.0358974358974,4.38461538461538,10.3384615384615,19.2102564102564,73.325641025641,65.5846153846154,0.434123232543682,0.351187315734877,0.490474475575274,7.74102564102564,67.834782051282,1.08082670987365,0.96678939178354,8,0.65,0.46,8.74871794871795,1.60787158676663,1.27475204622051,2.5,0.563101827917057,0.182051282051282,0.28974358974359,0.287699479747306,0.8125,6.6,0.733087173996174,5.21493575760899,2.06718613236219,2.375,2.2,0,0,"Other",0,0,110.19373501531,93.8898254198745,0.85072844208073,1.57443806449447,"R64","R64 - L",0.742857142857143,0.704671404127416,-0.0381857387297264,0
"530",2015,2674,"Valparaiso","Final - W",0.462134320073767,0.377027417027417,0.676331098280251,37.8,11.6444444444444,26.1555555555556,13.1666666666667,6.12222222222222,4.81111111111111,12.5555555555556,16.4777777777778,70.4,59.1,0.378550872909647,0.326182307098045,0.527563189441071,11.3,64.0747777777778,1.09802485999943,0.92322336538384,8,0.4375,0.641666666666667,1.9,0.990981323722149,1.04756989951944,3,0.790460739085752,0.244444444444444,0.3,0.115347795489317,0.5,6.4,0.64289706631774,4.63472898822964,0.77355527213572,1,2,0,0,"Other",0,0,105.15706477598,94.2096178663995,0.779143452292635,0.19792583377813,"R64","R64 - L",0.848484848484849,0.80348321893274,-0.0450016295521086,0
"531",2015,2724,"Wichita St","Semifinals - L",0.446585481984188,0.367337805129341,0.677493221547268,36.0117948717949,12.2374358974359,23.774358974359,14.1287179487179,7.12358974358974,3.70153846153846,9.32871794871795,16.8605128205128,70.5728205128205,56.0317948717949,0.399803953612823,0.340814611872146,0.51328483266423,14.5410256410256,61.8837923076923,1.14041384068807,0.904161680192877,6.5,0.619047619047619,0.4,8.17948717948718,1.50262706043956,1.57145026026605,0.7,0.618527170363078,0.155384615384615,0.313846153846154,0.131769825918762,0.619047619047619,9.9,0.704980842911877,6.25958146406492,1.55,2.83333333333333,2.4,0,1,"Other",0,0,114.0782917379,91.9254442886315,0.92243175986982,2.2108894170369,"S16","S16 - L",0.875,0.871384312951539,-0.00361568704846094,0
"532",2015,2747,"Wofford","Final - W",0.454729816835499,0.376180961895248,0.689737940630798,32.6461538461538,9.26538461538462,23.3807692307692,13.6525641025641,6.63333333333333,2.32051282051282,11.125641025641,17.2064102564103,66.5974358974359,59.6974358974359,0.417525338618296,0.299716694306247,0.517532250947358,6.9,62.494141025641,1.06697281960354,0.955165798921121,7.5,0.473214285714286,0.833333333333333,3.11153846153846,1.18593701220336,1.24815924478014,1.7,0.735670494558861,0.298717948717949,0.275641025641026,0.0934721315755123,0.598214285714286,4.9,0.506676100118012,5.92692602597041,0.989228256191765,1,2.7,0,0,"Other",0,0,101.533841673118,96.2752599906955,0.648334018321585,0.235571959601815,"R64","R64 - L",0.823529411764706,0.726821172611334,-0.0967082391533718,0
"533",2015,2751,"Wyoming","Final - W",0.475099174768517,0.332917460844715,0.722432595094262,30.2464285714286,6.33273809523809,23.9136904761905,15.0119047619048,5.68571428571429,3.15297619047619,11.0517857142857,13.8279761904762,62.8202380952381,54.9309523809524,0.398160513937008,0.343004969110932,0.540332064975974,7.88928571428571,59.0635535714286,1.06562068827059,0.929107002580492,7.5,0.492857142857143,0.625,-2.23214285714286,0.996226687100222,1.36750343954394,2.3,0.635615276013639,0.282142857142857,0.249404761904762,0.338492983491297,0.598214285714286,6,0.530820645425923,5.64544689764324,0,0,2.9,0,0,"Other",0,0,103.476048794795,97.258813922533,0.66195318403291,-0.673815653003524,"R64","R64 - L",0.735294117647059,0.697380515815812,-0.0379136018312473,0
"534",2015,2752,"Xavier","Final - L",0.481157257365374,0.358462460178296,0.728841489636192,34.9673076923077,10.2076923076923,24.7596153846154,17.0394230769231,6.57115384615385,3.12884615384615,11.9826923076923,17.6298076923077,75.5355769230769,67.5307692307692,0.436397860572968,0.351740349847019,0.545611542780083,8.00480769230769,67.0488990384615,1.12527105071681,1.00852739007551,8.5,0.565277777777778,0.57,2.37403846153846,1.14024458420685,1.4270976007454,3.8,0.436452860283715,0.245192307692308,0.169230769230769,0.0973812810040217,0.645833333333333,6.7,0.656107810980004,5.12989871492307,1.71240225977778,2,2.55555555555556,0.2,0,"Big East",0,1,115.7014504844,96.025526521226,0.88991665530293,0.633618262734679,"S16","S16 - L",0.617647058823529,0.672721767318785,0.0550747084952551,0
"535",2016,12,"Arizona","Semifinals - L",0.486967688295122,0.374239684048629,0.718731329528353,40.2377622377622,11.4585081585082,28.7792540792541,15.037296037296,5.01212121212121,4.48787878787879,12.851048951049,17.8645687645688,81.1706293706294,67.0382284382284,0.410224873719144,0.310776677869287,0.546981561517277,14.1324009324009,70.825458041958,1.14656016590409,0.945940181094296,8.5,0.440277777777778,0.5,1.5981351981352,0.924910142674227,1.18143817450155,3.5,0.652425862381942,0.257808857808858,0.248717948717949,0.172198629361653,0.527777777777778,6.2,0.739916912560135,5.94803498918065,2.4818785717641,3,2.77777777777778,0,0,"Other",0,0,115.06481222102,94.885371484527,0.9011547651542,1.73691102767005,"R64","R64 - L",0.757575757575758,0.802412115271283,0.0448363576955259,0
"536",2016,25,"California","Semifinals - L",0.46998202901369,0.379695942043944,0.658047651848319,40.0469696969697,11.1257575757576,28.9212121212121,13.3583333333333,4.08333333333333,4.94166666666667,11.8401515151515,20.1416666666667,76.3393939393939,66.3333333333333,0.391402798132938,0.345878040463742,0.535820098092361,10.0060606060606,68.4409431818182,1.11582341944335,0.969109101604124,7.5,0.492857142857143,0.7,-0.948484848484848,0.807649627367937,1.14117666371187,5.5,0.557366906217359,0.282575757575758,0.233333333333333,0.140825257189064,0.598214285714286,8.8,0.59581893906746,5.48063892334199,2.7442233264924,0,2.88888888888889,0,0,"Other",0,0,112.06404684396,93.1768314355885,0.89078661509647,1.14705546377917,"R64","R64 - L",0.6875,0.726750390905122,0.0392503909051216,0
"537",2016,30,"USC","Quarterfinals - L",0.460379566492912,0.387697121958269,0.680947904426165,39.5065268065268,12.0547785547786,27.4517482517482,15.1960372960373,6.5951048951049,5.7034965034965,12.2389277389277,17.2016317016317,81.5020979020979,73.2265734265734,0.409925304921173,0.319442105597943,0.52431118961345,8.27552447552448,73.4810034965035,1.10920111757949,0.996507653209344,7,0.642857142857143,0.7,-0.442890442890443,1.05342856846685,1.24124509988546,4.7,0.702336654520124,0.08997668997669,0.16993006993007,0.135283363802559,0.571428571428571,5.3,0.50540745796343,4.89783979995091,2.45240863637341,0,2.75,0.2,0,"Other",0,0,113.71083118323,97.5278030981925,0.85245435960423,0.113258878583505,"R64","R64 - L",0.636363636363636,0.66231015408732,0.0259465177236832,0
"538",2016,38,"Colorado","Quarterfinals - L",0.436765485575674,0.406246399251044,0.739579629176249,42.6166666666667,12.8848484848485,29.7318181818182,14.2765151515152,4.99469696969697,4.95606060606061,13.2090909090909,18.2295454545455,78.0462121212121,70.8242424242424,0.419406101441072,0.358955184170995,0.506195708859044,7.2219696969697,71.0530643939394,1.09748944712771,0.997094087711482,9,0.4,0.795,0.729545454545455,0.814894587102422,1.08095947621827,2.9,0.624853572655865,0.349242424242424,0.179545454545455,0.068384287453412,0.666666666666667,6.3,0.553418591244399,5.70044357339069,0.951427406199413,1,2.88888888888889,0,0,"Other",0,0,108.148929429335,95.7507320491145,0.80223859266546,0.363852315233557,"R64","R64 - L",0.65625,0.637492520155411,-0.018757479844589,0
"539",2016,41,"UConn","Final - W",0.469433798667058,0.362746365339225,0.774606180856181,36.7183333333333,9.625,27.0933333333333,14.1016666666667,5.68,5.22666666666667,11.1316666666667,17.9033333333333,74.9183333333333,63.215,0.383333097730891,0.326042522527691,0.530728176634912,11.7033333333333,67.3523166666667,1.11086237811744,0.939422375686133,8,0.4375,0.583333333333333,-0.106666666666667,1.13044043271679,1.26546897957101,1,0.398753797002277,0.278333333333333,0.305,0.110408686665665,0.625,6.5,0.669776050510718,4.66343909411207,8.95099172508251,11.5,3.33333333333333,0.2,1,"Other",0,0,111.07356358689,94.0498349596165,0.871394951385325,0.61642413926648,"R32","R32 - L",0.705882352941177,0.786394735975646,0.0805123830344692,0
"540",2016,43,"Yale","Did Not Play in Conference Tournament",0.463318508405875,0.366503982029814,0.665113043981928,40.7333333333333,14.0212121212121,26.7121212121212,15.0212121212121,5.7969696969697,4.63333333333333,13.6643939393939,17.8810606060606,74.2765151515152,63.4840909090909,0.409459748646216,0.316696784231109,0.523474901929908,10.7924242424242,66.9272651515152,1.10970765168976,0.948600094897988,7.5,0.3875,0.566666666666667,4.23636363636364,0.913260730653975,1.10996000793231,3.3,0.482947073042041,0.157575757575758,0.381818181818182,0.186006397669087,0.598214285714286,8.1,0.498920086393089,6.13988455222626,0,0,3.5,0,0,"Other",0,0,106.95810732098,95.2961121428315,0.77007291968431,0.0484243749001001,"R32","R32 - L",0.785714285714286,0.81763590532436,0.0319216196100746,0
"541",2016,62,"Hawai'i","Final - W",0.463296989152596,0.324617176446193,0.670235495234148,37.5174242424242,11.0575757575758,26.4598484848485,15.9787878787879,8.18409090909091,3.86287878787879,13.0348484848485,20.3636363636364,78.2280303030303,66.6348484848485,0.397675070380926,0.322855935783692,0.526762907952986,11.5931818181818,71.6633939393939,1.09160343444243,0.92999812316184,8.5,0.516666666666667,0.533333333333333,3.64545454545455,1.17551870879545,1.22960642074394,5.2,0.606956538591921,0.156060606060606,0.209848484848485,0.235632660804031,0.645833333333333,8.2,0.609678693380175,1.79175946922805,0,0,2.66666666666667,0.2,1,"Other",0,0,107.84558103643,95.5960733824865,0.797389570661285,0.47643389049257,"R32","R32 - L",0.84375,0.790319183637168,-0.053430816362832,0
"542",2016,66,"Iowa State","Quarterfinals - L",0.501707801902189,0.376210367187811,0.702298410242016,36.644696969697,9.24393939393939,27.4007575757576,17.1181818181818,6.4780303030303,4.30378787878788,11.2901515151515,15.1583333333333,82.8325757575758,73.7515151515152,0.431145013063356,0.33923825928009,0.569449918323701,9.08106060606061,72.2227348484848,1.14660500938346,1.02258327682905,6.5,0.761904761904762,0.616666666666667,-0.691666666666667,1.16940590913904,1.53169331780155,2.9,0.492356097173167,0.315909090909091,0.25,0.125401403822678,0.535714285714286,9.7,0.751262960356755,4.89783979995091,0.817469545457804,0,3.22222222222222,0.2,0,"Big12",1,1,119.58706369924,98.608266340813,0.900902455051645,1.7611614698166,"S16","S16 - L",0.65625,0.680173445815195,0.023923445815195,0
"543",2016,84,"Indiana","Quarterfinals - L",0.506514251731022,0.420410816572634,0.724673339948571,37.4746031746032,12.1,25.3746031746032,16.2134920634921,7.09523809523809,3.98809523809524,13.6714285714286,18.0690476190476,83.334126984127,68.7936507936508,0.441031907818223,0.340978107344633,0.593442126047653,14.5404761904762,68.856123015873,1.2098223533306,0.999363753247384,8,0.5875,0.84,1.20952380952381,0.977628713006071,1.20754648915026,2.1,0.439230431395601,0.226984126984127,0.443650793650794,0.125427021610824,0.4375,11,0.6003861003861,6.25190388316589,2.1875,2.33333333333333,2.5,0.2,1,"Big Ten",0,1,119.77674617696,98.362062162329,0.902559227770045,1.65009592025946,"S16","S16 - L",0.78125,0.821362919927139,0.0401129199271387,0
"544",2016,87,"Notre Dame","Semifinals - L",0.475526666150064,0.369372252976522,0.727946169772257,36.4924242424242,10.9030303030303,25.5893939393939,13.8575757575758,5.75530303030303,4.05606060606061,9.52651515151515,15.3015151515152,76.7659090909091,69.6424242424243,0.424771318998561,0.378977001717783,0.54134309511402,7.12348484848485,65.2249166666667,1.17678724288265,1.0679122479144,7,0.571428571428571,0.725,0.161363636363636,1.06597902404425,1.46909672689019,1.3,0.543627662281367,0.312878787878788,0.287878787878788,0.0520992366412214,0.571428571428571,6.6,0.665123456790123,6.47543271670409,1.33333333333333,1.4,2.375,0,1,"ACC",1,1,118.698296031595,103.49087437895,0.828366252500625,1.16101835446152,"E8","E8 - L",0.65625,0.646279302922248,-0.00997069707775156,1
"545",2016,96,"Kentucky","Final - W",0.477579098889092,0.360982905982906,0.677369958165601,39.3102564102564,13.6874125874126,25.6228438228438,14.7531468531469,6.00792540792541,5.94638694638695,11.4916083916084,19.8426573426573,79.606993006993,66.7111888111888,0.398165183217184,0.313392966763132,0.535944325915572,12.8958041958042,68.3308869463869,1.16631007546215,0.976180645124673,7.5,0.401785714285714,0.566666666666667,3.54009324009324,1.15400390343675,1.32009747789013,7.7,0.667444603586653,0.0916083916083916,0.345920745920746,0.288905497255762,0.464285714285714,8.9,0.781057810578106,6.70196036600254,4.125,6.8,2,0,1,"SEC",1,1,119.816829209995,95.494778154337,0.920035195760985,2.5112131396637,"R32","R32 - L",0.757575757575758,0.788316431264921,0.0307406736891633,0
"546",2016,107,"Holy Cross","Final - W",0.416823052156161,0.324536914897869,0.701436337060105,30.4195512820513,8.28557692307692,22.1339743589744,14.1503205128205,6.34551282051282,2.6349358974359,11.3070512820513,16.5576923076923,66.2051282051282,69.9855769230769,0.461315739147064,0.36870464852249,0.483201102935482,-3.78044871794872,66.0769118589744,1.00178519813145,1.05914306129908,7,0.785714285714286,0.473333333333333,0.952884615384615,1.18689064000809,1.26074939335726,1.8,0.598097030971644,0.413141025641026,0.189102564102564,0.0357401259014253,0.5,3.8,0.547206165703276,6.25382881157547,1,0,2.44444444444444,0.2,0,"Other",0,0,98.2619205611845,107.26039960874,0.278216804195595,-7.1266162676116,"R64","R64 - L",0.424242424242424,0.365333623240643,-0.0589088010017811,0
"547",2016,120,"Maryland","Semifinals - L",0.499476447496171,0.386294862772695,0.765025611838361,35.5393939393939,8.95909090909091,26.580303030303,14.6454545454545,6.05151515151515,5.34924242424242,13.119696969697,16.2492424242424,77.9674242424242,65.775,0.406597366532956,0.320092561277031,0.57278288372046,12.1924242424242,67.9376931818182,1.14707836403339,0.969208245208528,7,0.671428571428571,0.63,-3.31439393939394,0.880860137479583,1.1146258662744,1.7,0.72903821637764,0.202272727272727,0.383333333333333,0.0268410852713178,0.428571428571429,6.7,0.617216117216117,6.30444880242198,1.33333333333333,1,2.55555555555556,0,1,"Big Ten",0,1,115.540660192425,96.8766881300285,0.88351338340754,2.00803239519145,"S16","S16 - L",0.75,0.766772815314526,0.0167728153145262,0
"548",2016,127,"Michigan St","Final - W",0.480674116391123,0.425084519202166,0.730261251663466,42.3034965034965,12.1722610722611,30.1312354312354,20.8333333333333,4.15780885780886,5.43006993006993,11.9358974358974,19.0428904428904,79.418648018648,63.741958041958,0.374826006497348,0.299947478991597,0.556339686567026,15.67668997669,67.6462272727273,1.17439910146046,0.942753624603986,8,0.375,1,-0.114452214452214,0.776879541261861,1.74738834784847,1.2,0.568632772480582,0.144522144522145,0.403496503496504,0.225714932239973,0.6875,7.8,0.713256484149856,6.54391184556479,4.08333333333333,4.08333333333333,2.66666666666667,0,1,"Big Ten",0,1,120.5839181786,94.7446253784385,0.93949487770933,3.6758110367136,"R64","R64 - L",0.848484848484849,0.865978469053143,0.017493620568295,0
"549",2016,130,"Michigan","Semifinals - L",0.474229284961058,0.387189091309263,0.734333022280593,32.6151515151515,7.82610722610723,24.7890442890443,15.3237762237762,5.52424242424242,2.19044289044289,9.65221445221445,15.1275058275058,75.2151515151515,65.0135198135198,0.436743875101076,0.341619492908247,0.56152361588558,10.2016317016317,65.8059195804196,1.14268619563809,0.98807964945443,6.5,0.773809523809524,0.68,2.22144522144522,1.29018583042973,1.58364508833058,0.6,0.678532048581407,0.154545454545455,0.341025641025641,0.153071253071253,0.773809523809524,7.7,0.616935483870968,6.61338421837956,2.27777777777778,2.5,2.44444444444444,0.2,0,"Big Ten",0,1,115.18719514128,99.028310988845,0.842455701114905,0.440370457990505,"R64","R64 - L",0.666666666666667,0.714112713939108,0.0474460472724416,0
"550",2016,150,"Duke","Quarterfinals - L",0.458385318422492,0.389580062018735,0.728414872604195,37.4484848484849,12.8310606060606,24.6174242424242,13.575,6.64393939393939,4.50530303030303,9.53712121212121,16.6931818181818,83.1689393939394,71.3560606060606,0.437782268828128,0.343112409152008,0.537607875378615,11.8128787878788,68.7996287878788,1.20705502242101,1.03871730646185,6.5,0.723809523809524,0.82,2.98484848484848,1.3188370522861,1.4302487089908,3.9,0.455593116355855,0.289393939393939,0.325,0.0809855957541927,0.619047619047619,8.6,0.766566265060241,7.19218205871325,4.58064516129032,4.58064516129032,2.25,0.2,0,"ACC",1,1,121.82245808721,97.9230068646025,0.921085846871335,2.1055624763615,"S16","S16 - L",0.6875,0.742301200427034,0.0548012004270336,0
"551",2016,153,"North Carolina","Final - W",0.482663998712947,0.31818607086957,0.73365156277283,40.9589285714286,13.9303571428571,27.0285714285714,18.55,6.95773809523809,4.44047619047619,10.752380952381,17.5875,83.3273809523809,69.375,0.413181780268909,0.359948248954871,0.527686803985436,13.952380952381,71.061125,1.17221683164143,0.976592248341012,8,0.5,0.566666666666667,5.45714285714286,1.27165773172967,1.73144426543707,1.2,0.393255230207015,0.246428571428571,0.379166666666667,0.15080725815953,0.375,9,0.78781512605042,6.8596149036542,3.66,4.13636363636364,3,0,0,"ACC",1,1,120.454629756435,94.8223977601745,0.939582092265685,4.26630659720045,"Final","Final - L",0.823529411764706,0.808890466016499,-0.0146389457482071,1
"552",2016,161,"Fair Dickinson","Final - W",0.45638530626843,0.350825843290684,0.685425797267208,33.4963636363636,10.76,22.7363636363636,14.1418181818182,7.99090909090909,2.65090909090909,12.8327272727273,22.1672727272727,77.1836363636364,78.9454545454546,0.457719079891822,0.355807978363759,0.51215521126668,-1.76181818181818,73.2304454545455,1.05510384849608,1.07798529745754,6.5,0.619047619047619,0.45,0.952727272727273,1.2244705332806,1.10207904223923,6.8,0.635459312714739,0.34,0.209090909090909,0.102931744245209,0.535714285714286,5.3,0.39849752186388,4.11087386417331,0,0,1.77777777777778,0,0,"Other",0,0,102.133148446622,113.015158258045,0.23776380504542,-4.8673343897604,"First Four","First Four - L",0.5625,0.490535435967701,-0.0719645640322989,0
"553",2016,183,"Syracuse","Early Round - L",0.428474017926546,0.357897475027747,0.682601520726972,35.6436507936508,11.7936507936508,23.85,14.1809523809524,8.14206349206349,4.31190476190476,12.0388888888889,16.4722222222222,70.5222222222222,65.4571428571429,0.411486894227406,0.306812224656345,0.507462365418008,5.06507936507936,65.5228253968254,1.07620625824096,0.999170772014353,6,0.666666666666667,0.8,0.307142857142857,1.13387953579601,1.18099460608042,3.3,0.608660504593841,0.191269841269841,0.162698412698413,0,0.333333333333333,7.2,0.74364896073903,7.17011954344963,2.70967741935484,2.70967741935484,2.57142857142857,0.2,1,"ACC",1,1,110.4915329195,94.831692906764,0.846381318311725,-0.147706639046494,"F4","F4 - L",0.59375,0.638667971267878,0.0449179712678784,1
"554",2016,201,"Oklahoma","Semifinals - L",0.465052420979811,0.436610106428333,0.741362093302292,40.2166666666667,10.9166666666667,29.3,15.0166666666667,6.63333333333333,5.48333333333333,12.8,16.7333333333333,82.3333333333333,69.3666666666667,0.393216943742362,0.327098856203282,0.55061049952592,12.9666666666667,72.1368333333333,1.1403927319519,0.96286285943509,6,0.75,0.925,-1.96666666666667,0.93951724137931,1.17627671878347,1.1,0.703259930746518,0.333333333333333,0.35,0.0215557020435069,0.583333333333333,7,0.613785557986871,6.81892406527552,1.71875,1.66666666666667,2.55555555555556,0,1,"Big12",1,1,117.891311577295,92.133110899313,0.94283480735896,3.9375003629397,"F4","F4 - L",0.774193548387097,0.743799152090273,-0.0303943962968242,1
"555",2016,202,"Tulsa","Quarterfinals - L",0.442442655740547,0.328375150114012,0.673543462585444,35.6358333333333,10.1175,25.5183333333333,13.62,6.97583333333333,2.81416666666667,10.8866666666667,17.4466666666667,73.3491666666667,67.595,0.407176773996861,0.356540661492203,0.503781896874079,5.75416666666667,68.8894333333333,1.06446998792447,0.980413284558349,8,0.375,0.4,2.975,1.31182057821165,1.25180447828655,3.8,0.416420968203497,0.2225,0.0616666666666667,0.127929209287004,0.625,6.3,0.619487703411811,5.91079664404053,0.986536196211594,0,3.44444444444444,0.2,0,"Other",0,0,109.09019862926,99.3761912546315,0.744845807793285,-0.535860096727695,"First Four","First Four - L",0.633333333333333,0.629747158460743,-0.00358617487259016,0
"556",2016,204,"Oregon St","Quarterfinals - L",0.44554650883998,0.368404438698556,0.676678547890298,35.5666666666667,11.1878787878788,24.3787878787879,14.0454545454545,7.42121212121212,3.64848484848485,11.7606060606061,19.6818181818182,73.0757575757576,68.6606060606061,0.419097366159379,0.321277431088749,0.505393601045559,4.41515151515152,68.2538636363636,1.07060123806411,1.00610430863434,8.5,0.556944444444444,0.6,1.36060606060606,1.17679487179487,1.20613705738706,1.4,0.846139287323192,0.209090909090909,0.16969696969697,0.0924113523434709,0.527777777777778,4.8,0.624340394323548,5.63835466933375,0.941064513526216,0,2.33333333333333,0.4,1,"Other",0,0,109.90613877462,98.234629780399,0.784329502748705,0.16187430742415,"R64","R64 - L",0.612903225806452,0.563145103357138,-0.0497581224493137,0
"557",2016,218,"Temple","Semifinals - L",0.405786848724609,0.334661561594174,0.693520670858679,36.7309090909091,11.1863636363636,25.5445454545455,13.7354545454545,5.25909090909091,2.85909090909091,9,16.5318181818182,69.82,68.4136363636364,0.421416220711995,0.325611608779926,0.473693790565914,1.40636363636364,66.8833772727273,1.04364881192278,1.02267416878949,7,0.758333333333333,0.57,2.81818181818182,1.2538548273432,1.53276250880902,1.7,0.719653228620956,0.360909090909091,0.08,0.131388854695898,0.5625,3.6,0.649870801033592,6.65286302935335,1,1,2.88888888888889,0.2,0,"Other",0,0,106.895180700845,99.15026891173,0.703120399592485,-0.02186188894288,"R64","R64 - L",0.67741935483871,0.544800440741982,-0.132618914096727,0
"558",2016,221,"Pitt","Quarterfinals - L",0.469930406760558,0.349244016020853,0.767079058042766,39.2818181818182,12.8454545454545,26.4363636363636,18.169696969697,4.98181818181818,4.04242424242424,11.6878787878788,17.5545454545455,78.1969696969697,66.2757575757576,0.423165211623075,0.348061413570525,0.522234484956015,11.9212121212121,67.308,1.16018398085987,0.985826053784654,7.5,0.573214285714286,0.555,3.15151515151515,1.01780210283739,1.55775476574718,0.8,0.648066561270387,0.175757575757576,0.357575757575758,0.0520225294418843,0.464285714285714,9.1,0.73444976076555,6.03787091992214,1.6,1.6,3,0.4,0,"ACC",1,1,115.97153166268,97.9352553040165,0.870565223860215,0.8858997171128,"R64","R64 - L",0.645161290322581,0.720690612914143,0.0755293225915629,0
"559",2016,222,"Villanova","Final - L",0.463822041047277,0.33551796222805,0.770433089782723,35.2551282051282,9.49839743589744,25.7567307692308,16.5326923076923,6.93333333333333,3.26762820512821,10.5685897435897,17.5817307692308,77.1516025641026,63.3237179487179,0.397908468776732,0.339447211536437,0.542470438970595,13.8278846153846,67.3835641025641,1.14522296494511,0.939227238367574,8,0.6875,0.466666666666667,1.94391025641026,1.36754658385093,1.58596837944664,3.1,0.620056681965115,0.0615384615384615,0.382051282051282,0.0504631064728709,0.625,9.8,0.650442477876106,6.5206211275587,1.95833333333333,2.15,2.75,0.2,0,"Big East",0,1,119.09905585948,89.795084252449,0.96124477995397,4.4771016064825,"Final","Final - W",0.848484848484849,0.824076359375703,-0.0244084891091453,1
"560",2016,236,"Chattanooga","Final - W",0.466138179233406,0.370859936151585,0.723953061489323,35.95,10.5833333333333,25.3666666666667,15.575,7.96666666666667,4.89166666666667,12.1916666666667,17.0416666666667,77.8666666666667,67.425,0.434056995962874,0.330177670940171,0.538435705448024,10.4416666666667,68.8020833333333,1.13142511097184,0.980159771701393,8.5,0.447222222222222,0.608333333333333,2.94166666666667,1.19240493050092,1.30470495672699,2.5,0.830409709490703,0.216666666666667,0.275,0.152243116375768,0.527777777777778,5.3,0.613808004889458,0,0,0,3.11111111111111,0.2,1,"Other",0,0,106.362131615435,99.940104405866,0.66900616920906,0.276118884022845,"R64","R64 - L",0.848484848484849,0.750927106927024,-0.0975577415578242,0
"561",2016,238,"Vanderbilt","Early Round - L",0.465569481266773,0.393861744323328,0.700547159044591,38.6477272727273,9.50227272727273,29.1454545454545,14.8643939393939,4.58787878787879,5.58787878787879,11.3212121212121,19.0015151515152,77.5522727272727,65.6681818181818,0.379575992720951,0.288404161049902,0.539893714940749,11.8840909090909,69.3471401515152,1.11852452202665,0.946648869500677,7.5,0.75,0.713333333333333,-3.47424242424242,0.940063784246575,1.32072559931507,6.4,0.388042172495738,0.189393939393939,0.309848484848485,0.422537792029317,0.527777777777778,9.3,0.618439716312057,6.55961523749324,1.5,1.66666666666667,2.5,0,0,"SEC",1,1,114.606335219875,91.719640409875,0.92261788072902,-0.18831864167259,"First Four","First Four - L",0.59375,0.754802527483355,0.161052527483355,0
"562",2016,239,"Baylor","Semifinals - L",0.468733547773708,0.366711178082415,0.740187647901876,37.6718181818182,14.1445454545455,23.5272727272727,19.41,8.13454545454545,4.06909090909091,12.4227272727273,18.9390909090909,78.2672727272727,68.0909090909091,0.44188232633523,0.359815599330758,0.523048760537608,10.1763636363636,67.7626272727273,1.15521933615109,1.00764140819547,7.5,0.526785714285714,0.566666666666667,6.58818181818182,1.1519951417004,1.58714817813765,4.2,0.705194558066277,0.136363636363636,0.275454545454545,0.0637161587014132,0.598214285714286,9.8,0.591885441527446,6.04025471127741,2.2,2.2,2.55555555555556,0,1,"Big12",1,1,116.681430186305,98.804386655475,0.87044085550094,1.74022310223856,"R64","R64 - L",0.65625,0.708303184707738,0.0520531847077385,0
"563",2016,245,"Texas A&M","Final - L",0.457013845991323,0.355653175464251,0.659604391470308,38.9333333333333,12.81,26.1233333333333,17.7533333333333,7.05666666666667,3.88166666666667,11.915,18.3466666666667,76.8366666666667,65.155,0.403793207003675,0.329242360290184,0.525400871360643,11.6816666666667,68.7246166666667,1.1177671566064,0.948403499969848,8,0.4625,0.563333333333333,4.56166666666667,1.26243881201377,1.51010035809106,1,0.674768560474496,0.261666666666667,0.23,0.112046278874723,0.625,6.6,0.540229885057471,6.25958146406492,1,0,2.88888888888889,0,1,"SEC",1,1,113.716202997695,91.8593402636105,0.920455567652045,2.5726011149061,"S16","S16 - L",0.764705882352941,0.779855474485918,0.0151495921329771,0
"564",2016,251,"Texas","Quarterfinals - L",0.434371083977067,0.343329449223992,0.658114267819887,35.3283333333333,11.595,23.7333333333333,11.5033333333333,5.15833333333333,4.69833333333333,10.79,20.8516666666667,72.63,68.2133333333333,0.414623450438936,0.344299293169511,0.499148353653624,4.41666666666667,67.4373916666667,1.07608510846211,1.01222159971166,7.5,0.555357142857143,0.4,2.415,1.20365275398185,1.08291246271972,2.6,0.678170706250051,0.275,0.0716666666666667,0.0683229813664596,0.660714285714286,6.5,0.73127233193863,5.39362754635236,1.89045896179211,0,3,0.4,1,"Big12",1,1,111.15484674758,95.5897041005925,0.846324483976425,1.53677173952836,"R64","R64 - L",0.625,0.599868386868368,-0.0251316131316323,0
"565",2016,254,"Utah","Final - L",0.492570184309511,0.36275040748725,0.714168602169547,39.1666666666667,10.15,29.0166666666667,16.2833333333333,5.7,4.79166666666667,12.1833333333333,15.2833333333333,80.025,67.825,0.400699745547074,0.357201732403362,0.559030129679385,12.2,69.0340416666667,1.1573658412159,0.983064103226828,7.5,0.401785714285714,0.733333333333333,-1.55,0.896512474012474,1.33582467082467,1.4,0.807259701417601,0.216666666666667,0.3,0.0435704192180876,0.330357142857143,7.6,0.572622043367199,5.27299955856375,1.46680874575955,3,2.55555555555556,0,0,"Other",0,0,115.228268490325,98.177062960033,0.859913556499395,2.83732903965935,"R32","R32 - L",0.787878787878788,0.752442541081959,-0.0354362467968289,0
"566",2016,258,"Virginia","Final - L",0.491462943203681,0.404879849644248,0.757947297210231,32.4348484848485,9.17727272727273,23.2575757575758,14.3030303030303,5.62424242424242,2.86818181818182,9.40909090909091,16.1181818181818,71.4060606060606,59.530303030303,0.419829857020388,0.341856826657773,0.549908867104347,11.8757575757576,61.2943939393939,1.1644634114315,0.971379836676011,8,0.25,1,4.06060606060606,1.33567080813462,1.52508382164008,1.5,0.584994532893879,0.240909090909091,0.21969696969697,0.0993824161910035,0.625,5.8,0.675794902881869,5.71373280550937,1.71656178035489,1.66666666666667,3.22222222222222,0,0,"ACC",1,1,119.926940977955,92.4670312706945,0.952069567350415,4.3253780339852,"E8","E8 - L",0.78125,0.789169389665202,0.00791938966520234,1
"567",2016,275,"Wisconsin","Early Round - L",0.437759013282732,0.362208799533914,0.707266619519095,35.3692307692308,11.4371153846154,23.9321153846154,11.6215384615385,5.77096153846154,3.38038461538462,10.8723076923077,16.5513461538462,69.9334615384615,64.4328846153846,0.42906378600823,0.37484380084227,0.502538235362808,5.50057692307692,64.1355461538461,1.09039900329053,1.00490758626203,7,0.542857142857143,0.506666666666667,3.22326923076923,1.10044724770642,1.07016241011654,2.2,0.459223295120665,0.344807692307692,0.0759615384615385,0,0.428571428571429,4.3,0.613808004889458,0,0,0,2.33333333333333,0,0,"Big Ten",0,1,109.8519909759,95.6916364184845,0.825227844413805,0.24364232117235,"S16","S16 - L",0.645161290322581,0.649180494727298,0.00401920440471726,0
"568",2016,277,"West Virginia","Final - L",0.449052022785399,0.325584238962452,0.658192873784818,40.0333333333333,16.7403263403263,23.293006993007,15.0573426573427,10.3435897435897,2.27179487179487,13.4596736596737,23.1431235431235,79.8125874125874,64.0468531468532,0.427574996580502,0.3043752151463,0.496598330345939,15.7657342657343,70.9555,1.12406080242686,0.903572016740495,8.5,0.416666666666667,0.583333333333333,14.0424242424242,1.43099074613344,1.13373454992558,4.3,0.629563127777666,0.0769230769230769,0.4002331002331,0.137412838523242,0.472222222222222,9.3,0.707142857142857,6.88857245956536,2,2.58333333333333,2.3,0.2,1,"Big12",1,1,115.4688001147,88.73803668565,0.949101369484685,3.65785171955655,"R64","R64 - L",0.757575757575758,0.80088026836008,0.0433045107843222,0
"569",2016,278,"Fresno St","Final - W",0.437056033386815,0.335442285556938,0.693571598712342,38.2155844155844,12.1893939393939,26.0261904761905,13.6902597402597,8.11601731601732,4.09177489177489,11.0205627705628,21.7794372294372,75.7508658008658,70.0935064935065,0.415516642455799,0.331274714476675,0.490587694252481,5.65735930735931,70.6358528138528,1.07231138925784,0.992573520637422,8,0.4,0.533333333333333,6.07229437229437,1.38971846776705,1.2507349735285,6.7,0.740866123013034,0.264718614718615,0.104761904761905,0.304775742624574,0.625,6.7,0.477863741688748,4.90527477843843,0,0,2.63636363636364,0.2,0,"Other",0,0,104.92944262265,99.599716877954,0.64451029420843,-0.35777141826735,"R64","R64 - L",0.735294117647059,0.64022143337084,-0.095072684276219,0
"570",2016,314,"Iona","Final - W",0.453740965463336,0.367113593964512,0.708368341022139,36.55,10.1166666666667,26.4333333333333,16.8,7.41666666666667,3.83333333333333,12.8666666666667,19.75,78.85,74.8333333333333,0.423281486657926,0.367027149321267,0.535472746317841,4.01666666666667,72.5135833333333,1.08791346904828,1.03124686284343,7.5,0.598214285714286,0.75,-0.8,1.09488805970149,1.31111407249467,5.7,0.290728707776105,0.166666666666667,0.2,0.160326420761794,0.669642857142857,6.9,0.675940741659804,5.15329159449778,0.860105497408846,1,2.55555555555556,0.2,1,"Other",0,0,108.57119663398,103.20637077088,0.639561804076105,-1.67421667679135,"R64","R64 - L",0.67741935483871,0.653844472312932,-0.0235748825257773,0
"571",2016,350,"UNC Wilmington","Final - W",0.455334020012894,0.332936893752227,0.701388208700562,38.375,12.3416666666667,26.0333333333333,13.4833333333333,7.93333333333333,4.53333333333333,11.5041666666667,23.525,80.6291666666667,71.4166666666667,0.417048136757027,0.337302868144625,0.511372043527068,9.2125,72.4047083333333,1.11336065823484,0.989494753048334,8,0.479365079365079,0.475,5,1.3561867024353,1.17109877804167,6.8,0.497033619349516,0.4,0.25,0.184408370811794,0.634920634920635,7.9,0.583865605055624,3.49650756146648,0,0,2.81818181818182,0,0,"Other",0,0,107.70438195157,99.6462963025265,0.709932940192935,-0.30066028308113,"R64","R64 - L",0.78125,0.708715684257779,-0.0725343157422207,0
"572",2016,526,"FGCU","Final - W",0.47358626231274,0.355313864628821,0.64801610106265,40.5019480519481,12.1025974025974,28.3993506493507,13.5230519480519,6.71103896103896,4.02824675324675,12.6094155844156,19.4873376623377,76.8779220779221,70.5675324675325,0.413301901219577,0.292913977732076,0.517453051406694,6.31038961038961,71.1934772727273,1.08255686647649,0.992786772153474,9.5,0.338888888888889,0.633333333333333,0.783116883116883,1.00940786428405,1.11389399107846,4.1,0.598988304744185,0.31038961038961,0.213961038961039,0.280643009565388,0.527777777777778,8.5,0.576457657593371,5.18178355029209,0,0,2.8,0.2,0,"Other",0,0,101.669109041277,102.7381959593,0.46882511267008,-4.1341872612909,"R64","R64 - L",0.606060606060606,0.681488058448498,0.0754274523878921,0
"573",2016,2031,"Little Rock","Final - W",0.453614604856841,0.379479887319276,0.749298941798942,33.7678787878788,9.30242424242424,24.4654545454545,13.4037878787879,6.6319696969697,3.26136363636364,10.4028787878788,17.8328787878788,70.789696969697,58.289696969697,0.382574363124061,0.309127180258587,0.522364347768749,12.5,64.5359393939394,1.09702852302628,0.90305728738503,8.5,0.472222222222222,0.675,3.13560606060606,1.41792363396972,1.30011849901251,1.1,0.755706895641012,0.174393939393939,0.304848484848485,0.0757575757575758,0.472222222222222,6.9,0.613808004889458,0,0,0,2.7,0.4,0,"Other",0,0,105.44911642868,94.1437261814805,0.786738568455975,1.10169689685197,"R32","R32 - L",0.878787878787879,0.816471097667388,-0.0623167811204911,0
"574",2016,2046,"Austin Peay","Final - W",0.462260612213294,0.341628836379156,0.662986511623559,37.3166666666667,11.9083333333333,25.4083333333333,13.2833333333333,6.8375,2.94583333333333,13.9375,17.6666666666667,75.9333333333333,75.9916666666667,0.454356231099233,0.368726766720527,0.519371542438227,-0.0583333333333333,70.9905,1.06966285536079,1.07046542353122,7,0.379166666666667,0.2,1.10833333333333,0.965979934545845,0.952821656587953,3.6,0.493661697835574,0.279166666666667,0.15,0.0724938700982523,0.645833333333333,3.6,0.511780104712042,6.63987583382654,1,1,1.66666666666667,0,0,"Other",0,0,101.376501638392,108.009137694005,0.32539939936242,-5.57395023974985,"R64","R64 - L",0.514285714285714,0.500808118080519,-0.0134775962051954,0
"575",2016,2084,"Buffalo","Final - W",0.435032168642716,0.332400302397765,0.710800593720432,38.7871794871795,12.2525641025641,26.5346153846154,12.9794871794872,7.09615384615385,3.64102564102564,13.5025641025641,20.8884615384615,77.1269230769231,74.7525641025641,0.432779447562382,0.336183349172724,0.497614554934403,2.37435897435897,72.6709358974359,1.06153047948632,1.02859090394801,8.5,0.577777777777778,0.45,1.30512820512821,1.0185779837354,0.966501124437781,5.5,0.485191975073971,0.193589743589744,0.247435897435897,0.154612204777037,0.472222222222222,6.3,0.613808004889458,0,0,0,1.9,0.2,1,"Other",0,0,103.302576518807,102.30488482842,0.52542479166135,-2.8237524255428,"R64","R64 - L",0.588235294117647,0.567503155660074,-0.020732138457573,0
"576",2016,2086,"Butler","Quarterfinals - L",0.477241925913895,0.387130959155677,0.72990306560512,36.5916666666667,11.1016666666667,25.49,14.6225,6.72416666666667,3.32,10.3191666666667,20.0908333333333,82.5466666666667,70.5733333333333,0.425633597359223,0.334080932419903,0.539008295074977,11.9733333333333,70.4204333333333,1.17024564636927,1.00308300445295,7,0.542857142857143,0.5,4.68166666666667,1.28131878936185,1.4303284956603,5,0.592034817992947,0.139166666666667,0.303333333333333,0.0442249876058055,0.357142857142857,7.1,0.527099192051643,4.89034912822175,0.81621932163185,1,3.75,0.2,0,"Big East",0,1,118.512661143305,99.9630994071385,0.87627223640522,1.0376129186863,"R32","R32 - L",0.666666666666667,0.747200786818255,0.0805341201515886,0
"577",2016,2132,"Cincinnati","Quarterfinals - L",0.43750807048285,0.34915171902401,0.70541206056231,39.0592857142857,13.395,25.6642857142857,15.9064285714286,8.1175,5.79785714285714,10.9485714285714,15.4857142857143,74.5457142857143,62.5721428571429,0.389170698126152,0.356643587508031,0.499293884468901,11.9735714285714,66.8513160714286,1.11523102200944,0.936060907990457,8,0.5,0.425,5.01928571428571,1.31309375432766,1.48083021742141,1.9,0.604908043200645,0.337857142857143,0.253571428571429,0.0617570234083145,0.5,9.5,0.641379454344065,5.98393628068719,1.28409878759896,1.4,2.44444444444444,0.2,0,"Other",0,0,109.892563494825,93.2294266285655,0.868794942851225,0.180469298064695,"R64","R64 - L",0.6875,0.786865466699799,0.0993654666997994,0
"578",2016,2168,"Dayton","Semifinals - L",0.462472535559223,0.347065043140526,0.671682035150185,38.6219696969697,10.1015151515152,28.5204545454545,14.8166666666667,5.8780303030303,4.52121212121212,13.1356060606061,19.1378787878788,73.4265151515151,65.8416666666667,0.405868629451682,0.359692314337547,0.52410032233791,7.58484848484848,68.8882537878788,1.06633718466908,0.955936023557506,7,0.5,0.633333333333333,0.298484848484848,0.98222238778171,1.16310324703545,3.1,0.799828243767562,0.449242424242424,0.251515151515152,0.147552716643626,0.571428571428571,8.7,0.649274162989648,4.92725368515721,1.64475768701178,2,2.27272727272727,0,0,"Other",0,0,107.061193817855,92.934297215104,0.83579003395801,1.2775357901259,"R64","R64 - L",0.78125,0.713705155013868,-0.0675448449861321,0
"579",2016,2250,"Gonzaga","Final - W",0.480130484774304,0.382587664089193,0.758178293745728,40.4190476190476,10.9309523809524,29.4880952380952,13.7857142857143,5.09761904761905,2.91428571428571,11.4595238095238,17.4071428571429,79.4261904761905,65.1642857142857,0.395461560740471,0.282687451295302,0.55005199844011,14.2619047619048,68.1382619047619,1.16584899694976,0.956869355130002,7.5,0.7125,0.61,-0.140476190476191,0.907577475293679,1.21182957300019,2.9,0.44906503509478,0.366666666666667,0.373809523809524,0.0553410210599417,0.669642857142857,9.1,0.809611829944547,6.29526600143965,1.625,1.625,3,0,0,"Other",0,0,116.785057700115,96.1901213074585,0.90300357269911,1.10040480330305,"S16","S16 - L",0.787878787878788,0.830648449491607,0.0427696616128193,0
"580",2016,2261,"Hampton","Final - W",0.412693128977959,0.2986067226385,0.649219176313679,40.84,13.73,27.11,11.99,5.56,3.58,13.61,20.38,73.84,75.89,0.432265713036236,0.34537237389316,0.465806943451821,-2.05,73.35585,1.00683848337361,1.03427903814651,8,0.475,0.208333333333333,1.92,0.910928669828006,0.880756675411118,2.7,0.687673343765198,0.37,0.2,0.327603697773317,0.6875,4.2,0.520326550973304,5.27811465923052,0.880938978730703,1,3,0.2,0,"Other",0,0,97.9699999205935,106.803543730855,0.27036687147154,-3.0729967201523,"R64","R64 - L",0.666666666666667,0.50770549133894,-0.158961175327727,0
"581",2016,2294,"Iowa","Early Round - L",0.452769292272063,0.388649742457689,0.723274620810494,38.6267307692308,11.8846153846154,26.7421153846154,16.3457692307692,6.82653846153846,5.16038461538462,10.3386538461538,16.3611538461538,78.9576923076923,68.5109615384615,0.411874846178396,0.312167252057234,0.52045879381367,10.4467307692308,69.2088528846154,1.14037831423075,0.990617605203549,8,0.547619047619048,0.733333333333333,2.4075,1.27970378192859,1.57985981123358,0.7,0.395448677505728,0.250384615384615,0.268269230769231,0.0749679624092268,0.436507936507937,10.1,0.579298831385643,6.39692965521615,1,1,2.77777777777778,0,0,"Big Ten",0,1,116.295363423905,94.4543382333355,0.91365710940145,1.00663596616166,"R32","R32 - L",0.67741935483871,0.750504506874984,0.0730851520362742,0
"582",2016,2305,"Kansas","Final - W",0.497532760463034,0.43457818218977,0.708638638435573,37.925,10.8033333333333,27.1216666666667,16.53,7.17666666666667,4.24333333333333,12.0383333333333,18.3433333333333,83.6333333333333,67.2716666666667,0.39830142247147,0.323992024523939,0.571310021318459,16.3616666666667,70.8914166666667,1.17864868245631,0.949607081599878,6.5,0.6725,0.758333333333333,2.44333333333333,1.19936454702878,1.39814690603012,1.1,0.69544233383874,0.0633333333333333,0.343333333333333,0.102354145342886,0.6125,6.8,0.753369272237197,6.61069604471776,2.88235294117647,3.16666666666667,2.81818181818182,0,0,"Big12",1,1,120.248514654465,90.701175845127,0.962251618775345,5.7231018128805,"E8","E8 - L",0.882352941176471,0.831622125340957,-0.0507308158355133,1
"583",2016,2390,"Miami","Semifinals - L",0.482816910609581,0.370337316486282,0.757996474735605,35.9515151515152,9.67878787878788,26.2727272727273,13.2666666666667,5.98484848484849,3.77878787878788,10.869696969697,16.5727272727273,77.4909090909091,65.9424242424242,0.417778185919337,0.330454797580551,0.548902246573532,11.5484848484848,66.5251666666667,1.1626276246767,0.992733553991447,7.5,0.472222222222222,0.733333333333333,-0.384848484848485,1.06587773620543,1.22129555830922,1.3,0.636876000468174,0.193939393939394,0.245454545454545,0.13142330250413,0.666666666666667,7.2,0.598204264870932,6.79346613258001,2.25,3,3.11111111111111,0,1,"ACC",1,1,119.91877558361,95.228791864713,0.928374181333395,3.4339923139179,"S16","S16 - L",0.774193548387097,0.73287215540587,-0.0413213929812269,0
"584",2016,2393,"MTSU","Final - W",0.450083015024192,0.382441241493932,0.61714925602464,37.0583333333333,10.1416666666667,26.9166666666667,13.2166666666667,6.33333333333333,3.60833333333333,12.25,20.4833333333333,72.9666666666667,68.3916666666667,0.427316184636221,0.346202994449839,0.520299802457261,4.575,69.3792916666667,1.05229004234854,0.986317719073228,8,0.5125,0.563333333333333,2.65833333333333,1.13694743130227,1.10066706491438,3.6,0.73685576591323,0.325,0.0916666666666667,0.189134886050089,0.625,4.5,0.599627560521415,6.28785856016178,1,1,2.1,0.2,1,"Other",0,0,101.323667722886,96.78675861326,0.6286737616476,-1.49378387187115,"R32","R32 - L",0.727272727272727,0.63092145256869,-0.0963512747040368,0
"585",2016,2427,"UNC Asheville","Final - W",0.461146209664574,0.323124045230518,0.689106689106689,37.9321428571429,11.773538961039,26.1586038961039,12.5128246753247,9.03652597402597,3.23506493506494,13.1863636363636,17.5383116883117,75.3271103896104,66.9366883116883,0.424169106786861,0.286914641375222,0.509996532926919,8.39042207792208,69.9136728896104,1.07865263536646,0.958931142849661,7,0.471428571428571,0.45,3.40178571428571,1.18543649101432,0.949446238196771,4.4,0.306633961972787,0.328084415584416,0.196753246753247,0.27967933333615,0.571428571428571,7,0.540318931520891,4.15888308335967,0,0,2.22222222222222,0,1,"Other",0,0,101.192619604575,98.968468755838,0.5628704075215,-3.0723110117201,"R64","R64 - L",0.666666666666667,0.727245688190378,0.0605790215237115,0
"586",2016,2460,"Northern Iowa","Final - W",0.460197225638429,0.373270994758495,0.754364984166965,30.4202380952381,5.49583333333333,24.9244047619048,12.2297619047619,5.65892857142857,2.60059523809524,9.87142857142857,15.235119047619,69.2160714285714,63.3666666666667,0.423735797606423,0.322603797766166,0.539002948587792,5.84940476190476,64.2009553571429,1.07658021706729,0.985839327826976,7.5,0.598214285714286,0.7,-1.39761904761905,1.20831224696356,1.25492999325236,4.5,0.812010832393444,0.261309523809524,0.217857142857143,0.0674436377531525,0.732142857142857,6.9,0.65053277219232,5.71373280550937,1.58940905588415,1.66666666666667,3.375,0.2,0,"Other",0,0,109.18905779536,97.9119929091045,0.777741993080885,-0.989982611829155,"R32","R32 - L",0.647058823529412,0.661248043847164,0.0141892203177517,0
"587",2016,2483,"Oregon","Final - W",0.463603382574691,0.343926756608958,0.72433156752382,36.7833333333333,11.8,24.9833333333333,13.6916666666667,7.66666666666667,6.2,11.925,17.65,78.7666666666667,68.2166666666667,0.414782849417982,0.355261469658416,0.521608198241091,10.55,69.8285,1.12844764434151,0.977630448421311,7,0.642857142857143,0.53,3.14166666666667,1.22335610507569,1.16853782668145,2.8,0.622089368944321,0.191666666666667,0.275,0.0963066853669939,0.285714285714286,7.1,0.639855942376951,6.72623340235875,1.18181818181818,1.66666666666667,1.85714285714286,0,0,"Other",0,0,116.312337228335,96.449198756046,0.89270813720426,3.3572322824307,"E8","E8 - L",0.818181818181818,0.749888088028964,-0.0682937301528538,1
"588",2016,2507,"Providence","Semifinals - L",0.424989007341919,0.318589956791176,0.725571020193009,36.602380952381,11.6904761904762,24.9119047619048,15.8633333333333,6.72142857142857,3.63333333333333,11.2533333333333,16.6861904761905,74.2538095238095,69.16,0.435508425534101,0.318700462797151,0.486144720294573,5.09380952380952,69.6523166666667,1.06723839871997,0.992703781508926,7,0.742857142857143,0.293333333333333,4.65142857142857,1.31927080727942,1.43317984452693,1.8,0.784986553654054,0.30047619047619,0.14047619047619,0.234152371535504,0.571428571428571,5.6,0.579496874810062,5.6937321388027,0.950307240247463,1,2.375,0,0,"Big East",0,1,109.308688536755,95.419506393482,0.826745703743085,1.67402853582505,"R32","R32 - L",0.696969696969697,0.624325837992549,-0.072643858977148,0
"589",2016,2509,"Purdue","Final - L",0.471515905058342,0.372318355768459,0.744053815654338,41.4623376623377,11.9012987012987,29.561038961039,17.79329004329,4.37878787878788,4.93160173160173,12.1915584415584,16.9950216450216,78.4190476190476,63.8876623376623,0.385023660190215,0.308921275754514,0.540203722105599,14.5313852813853,68.0601093073593,1.15232545700587,0.94076172051473,9,0.5375,0.626666666666667,0.083982683982684,0.7903869764367,1.46385229258157,0.4,0.611403744300434,0.139393939393939,0.322077922077922,0.120504431638872,0.6125,12.2,0.645331668835947,5.90808293816893,1.47912490136173,1.57142857142857,2.6,0,1,"Big Ten",0,1,115.34024351554,91.1211176364865,0.93620435167891,2.22511825462035,"R64","R64 - L",0.764705882352941,0.831091558126564,0.0663856757736233,0
"590",2016,2550,"Seton Hall","Final - W",0.451293962671407,0.351584655953032,0.668010663366972,40.1318181818182,13.1113636363636,27.0204545454545,13.9030303030303,7.35606060606061,4.79166666666667,13.9431818181818,18.3537878787879,75.1234848484848,66.9416666666667,0.401049609619961,0.331186266271844,0.505521790505168,8.18181818181818,70.5498181818182,1.06487058863551,0.94859361069321,7,0.385714285714286,0.683333333333333,1.05,0.998513959630258,0.999935389549142,3.5,0.59497653062384,0.204545454545455,0.125,0.0695150115473441,0.428571428571429,4.7,0.502920004748772,5.55295958492162,0,0,2.125,0,1,"Big East",0,1,110.55904128804,92.7168530920305,0.877913514246365,2.6496431705428,"R64","R64 - L",0.75,0.699616853296877,-0.050383146703123,0
"591",2016,2571,"S Dakota St","Final - W",0.45511166119693,0.360991378026182,0.736343121612426,38.1801948051948,11.3691558441558,26.811038961039,11.4133116883117,5.14464285714286,2.62581168831169,11.8188311688312,19.5780844155844,76.8319805194805,67.0935064935065,0.410164202067308,0.322937062937063,0.519254494839638,9.73847402597402,68.4941266233766,1.12219408469494,0.980002050962682,8,0.465079365079365,0.625,2.33181818181818,1.05437001047574,0.984415525773941,5.3,0.717433253797923,0.21737012987013,0.162824675324675,0.255116190094813,0.746031746031746,5.9,0.517819820321604,5.76832099579377,0.962756426319518,1,2.6,0.2,1,"Other",0,0,111.05814069349,100.256290552052,0.754656037264785,-0.511220733791541,"R64","R64 - L",0.787878787878788,0.733844316496527,-0.0540344713822606,0
"592",2016,2582,"Southern","Final - W",0.451651683768835,0.359243128366268,0.656920577219652,35.9038461538462,10.5884615384615,25.3153846153846,11.2769230769231,7.67948717948718,3.52307692307692,11.4307692307692,19.4320512820513,73.6871794871795,69.1653846153846,0.4181689874113,0.322433378819248,0.502612568323435,4.52179487179487,69.5701923076923,1.05941381933789,0.993989788687943,7.5,0.401785714285714,0.833333333333333,1.30512820512821,1.25071876677402,0.997530864197531,4,0.73764418341033,0.287179487179487,0.215384615384615,0.0639459172304206,0.607142857142857,2.2,0.592601332094736,4.88280192258637,0.814959662065137,1,2.33333333333333,0.2,0,"Other",0,0,99.8909540285,104.96670869406,0.36484890935363,-3.9787362701082,"First Four","First Four - L",0.647058823529412,0.615518443794446,-0.0315403797349658,0
"593",2016,2603,"Saint Joseph's","Final - W",0.443576801208334,0.317700063132797,0.709463608936988,39.2974358974359,10.5358974358974,28.7615384615385,15.0666666666667,4.99807692307692,3.77692307692308,10.1711538461538,15.8608974358974,76.4955128205128,69.5346153846154,0.408026115397633,0.307861887201794,0.501067751037712,6.96089743589744,70.2760961538461,1.08856532838369,0.989471604440531,8,0.6,0.42,1.13461538461538,1.10545449979912,1.50097163232509,2.1,0.778003414965152,0.264102564102564,0.139102564102564,0.0526554624826272,0.375,6.9,0.5859375,6.46302945692067,1.66666666666667,1.66666666666667,2.875,0.2,0,"Other",0,0,112.066803767755,96.5026325479575,0.846221288805475,1.78191278109675,"R32","R32 - L",0.794117647058823,0.710119407418227,-0.0839982396405966,0
"594",2016,2617,"SF Austin","Final - W",0.477928264536328,0.358924860395167,0.718631374560519,34.7825757575758,11.6969696969697,23.0856060606061,18.9181818181818,9.29469696969697,3.67651515151515,12.3371212121212,20.6848484848485,79.6363636363636,64.0651515151515,0.447982208732653,0.330108494477787,0.543249011100389,15.5712121212121,70.0292765151515,1.13823347124584,0.914220146953403,7.5,0.421428571428571,0.6,9.01893939393939,1.55365851539765,1.53163141206619,6,0.614730961190324,0.101515151515152,0.571969696969697,0.0645843118835134,0.598214285714286,9.6,0.805439898263577,4.24849524204936,0.709091276205592,1,2.44444444444444,0.2,0,"Other",0,0,106.74915713345,98.9284756658855,0.663157030472735,-0.5321490690944,"R32","R32 - L",0.84375,0.891879824302286,0.0481298243022859,0
"595",2016,2619,"Stony Brook","Final - W",0.475775723525064,0.369843902182211,0.671310227523283,39.9833333333333,12.7583333333333,27.225,16.875,6.23333333333333,4.7,11.6166666666667,15.825,77.0666666666667,63.75,0.404645485337591,0.325170965782629,0.537754050361016,13.3166666666667,67.9479583333333,1.13485193563914,0.939096837001689,7,0.470833333333333,0.9,4.94166666666667,1.10020703933747,1.45716244194505,2.3,0.628093819171119,0.108333333333333,0.316666666666667,0.244136542413328,0.645833333333333,9.6,0.53040004089704,5.75574221358691,0,0,2.9,0.2,0,"Other",0,0,106.53110212418,98.5720897008675,0.70729598878545,-0.48023568758452,"R64","R64 - L",0.8125,0.838252796272605,0.025752796272605,0
"596",2016,2641,"Texas Tech","Early Round - L",0.453844220030381,0.342451500507756,0.741956305858987,34.8181818181818,10.15,24.6681818181818,13.3939393939394,5.71363636363636,4.3469696969697,11.9909090909091,18.5469696969697,73.6893939393939,68.05,0.414245403227683,0.335839752710858,0.512866095025661,5.63939393939394,67.8348712121212,1.08603545244488,1.00577985446253,8,0.3375,0.8,0.163636363636364,1.11240523970747,1.11723986232042,0.9,0.641480515742415,0.268181818181818,0.0863636363636364,0.0199321244863016,0.5625,6.1,0.671660424469413,6.68710860786651,2.55882352941176,0,2.33333333333333,0.2,0,"Big12",1,1,111.2498198605,96.8811510688625,0.829672602221305,0.626457677661034,"R64","R64 - L",0.6,0.57705782905403,-0.0229421709459703,0
"597",2016,2670,"VCU","Final - L",0.448794441080971,0.370535014458931,0.69350241187384,37.4,12.875,24.525,14.8916666666667,9.49166666666667,3.88333333333333,11.5083333333333,18.9916666666667,77.3083333333333,65.8916666666667,0.436064091285826,0.343095968830264,0.51311135641916,11.4166666666667,69.9599583333333,1.10615230740375,0.941609196592677,8.5,0.497222222222222,0.63,7.71666666666667,1.3991619626574,1.30538202988051,3.4,0.326679979229774,0.183333333333333,0.316666666666667,0.0911194784232854,0.652777777777778,5.8,0.614910482186191,4.18965474202643,0,0,2.7,0.2,0,"Other",0,0,110.28389019379,93.9662558674055,0.855093932049925,0.01447270469825,"R32","R32 - L",0.727272727272727,0.776960246745705,0.0496875194729776,0
"598",2016,2692,"Weber St","Final - W",0.485968262409601,0.366110120619772,0.680696345105087,38.2833333333333,8.77692307692308,29.5064102564103,13.9923076923077,5.09230769230769,3.72820512820513,12.8282051282051,17.2794871794872,77.6371794871795,66.325641025641,0.408247483041591,0.338288365073122,0.563435158790959,11.3115384615385,69.5215192307692,1.11637476683371,0.953819344756107,9,0.433333333333333,0.6,-2.66923076923077,0.87349190664408,1.09688499905891,1.5,0.537263945249001,0.364102564102564,0.182051282051282,0.190817820226979,0.666666666666667,4.5,0.635113846589708,5.65948221575962,0.944590787654981,1,2.1,0.2,0,"Other",0,0,103.65529176281,100.183028539138,0.59633299948052,-1.75088760807808,"R64","R64 - L",0.764705882352941,0.765962448559061,0.00125656620612025,0
"599",2016,2724,"Wichita St","Semifinals - L",0.429196781540591,0.327277371225745,0.709734991331492,37.1151515151515,12.0333333333333,25.0818181818182,14.2689393939394,7.41666666666667,3.42727272727273,9.95757575757576,20.0575757575758,73.0416666666667,60.1037878787879,0.397675330526912,0.337388023883567,0.496870268581598,12.9378787878788,66.0515113636364,1.10625514285535,0.909675633636651,9.5,0.577777777777778,0.39,9.89848484848485,1.63696876913656,1.47119718309859,2.2,0.284872345424326,0.228030303030303,0.499242424242424,0.222876779577811,0.472222222222222,8.3,0.714542190305206,6.32435896238131,1.68181818181818,2.875,3,0.2,0,"Other",0,0,110.79820660727,91.149390543015,0.891321156642305,0.1412638530614,"R32","R32 - L",0.75,0.860625812259561,0.110625812259561,0
"600",2016,2739,"Green Bay","Final - W",0.447310048999874,0.350922054998142,0.648183370013766,39.2238095238095,13.3797619047619,25.8440476190476,13.8869047619048,10.1452380952381,4.47142857142857,11.8202380952381,20.05,84.6535714285714,79.5416666666667,0.450847696687371,0.365924474607357,0.501059031949579,5.11190476190476,77.7652916666667,1.08926104569139,1.0232746990476,9,0.4,0.583333333333333,7.11666666666667,1.47102188701568,1.19460218870157,5.2,0.504830807391741,0.317857142857143,0.153571428571429,0.0610687022900763,0.725,8,0.613808004889458,0,0,0,2.4,0,1,"Other",0,0,106.31328407277,103.745807835655,0.569894456050795,-2.1832594657388,"R64","R64 - L",0.657142857142857,0.617724577444269,-0.0394182796985881,0
"601",2016,2752,"Xavier","Semifinals - L",0.454099077144691,0.366627438565922,0.725397355420389,40.7966666666667,12.97,27.8266666666667,16.7683333333333,7.38833333333333,3.19166666666667,12.825,19.8616666666667,81.445,70.5116666666667,0.418356464688295,0.319118606192978,0.521299890342021,10.9333333333333,71.8959333333333,1.13264660963709,0.97959450970334,7.5,0.626785714285714,0.565,5.03,1.12111011280823,1.32449835280024,3.6,0.595295338676847,0.0533333333333333,0.261666666666667,0.0646966923800794,0.732142857142857,8.8,0.649244866188872,5.32787616878958,1.95633763317432,2.2,2.66666666666667,0.2,0,"Big East",0,1,116.981701209545,94.0581412199275,0.92353836286509,3.86410838049295,"R32","R32 - L",0.838709677419355,0.758766688774636,-0.0799429886447185,0
"602",2016,2934,"Bakersfield","Final - W",0.456585897305322,0.343594464903471,0.644227349210366,38.4775224775225,12.5631368631369,25.9143856143856,15.5949050949051,8.05604395604396,5.18501498501498,12.4567432567433,21.4023976023976,73.5643356643357,63.9148851148851,0.398164312180055,0.325102859278744,0.505345962052393,9.64945054945055,69.0402867132867,1.06494470260699,0.9259885249564,8.5,0.316666666666667,0.766666666666667,5.10549450549451,1.24565454855777,1.2615719406042,4,0.350121321176038,0.156143856143856,0.336963036963037,0.184732031689806,0.472222222222222,7.3,0.48502994011976,6.21860011969173,1.66666666666667,0,2.11111111111111,0,0,"Other",0,0,102.773620542225,96.0635245691445,0.67647469779085,-1.69338896238068,"R64","R64 - L",0.741935483870968,0.774857761979718,0.0329222781087499,0
"603",2017,8,"Arkansas","Final - L",0.465286728118117,0.367952389650891,0.762418774649709,36.9461538461538,11.9310897435897,25.0150641025641,15.0945512820513,7.79038461538461,4.89711538461538,11.7772435897436,20.3894230769231,81.5794871794872,73.3663461538462,0.417936093083001,0.333070294916711,0.520031571598086,8.21314102564103,71.6016746794872,1.13922271801326,1.02574824164232,8,0.475,0.666666666666667,1.05961538461538,1.16536407600467,1.29533897831834,2.7,0.731063961185644,0.16025641025641,0.148717948717949,0,0.625,9.2,0.650862068965517,6.14203740558736,1.57142857142857,1,2.88888888888889,0.2,0,"SEC",1,1,114.937363804345,100.631791264595,0.82177208498629,1.94361237477162,"R32","R32 - L",0.727272727272727,0.652443488407497,-0.0748292388652301,0
"604",2017,12,"Arizona","Final - W",0.475183978456736,0.388342702074045,0.757291708291708,36.7411255411255,10.2582251082251,26.4829004329004,13.8872294372294,5.55692640692641,3.33268398268398,11.5253246753247,16.7982683982684,75.5811688311688,64.6521645021645,0.413034249829339,0.302221441152728,0.535094908046233,10.9290043290043,66.2963852813853,1.14000922615137,0.97519433789334,8,0.5875,0.585,1.13744588744589,1.03759017591794,1.21490329306874,2.7,0.663693653905041,0.227705627705628,0.179220779220779,0.21723215929247,0.5625,7,0.740384615384615,6.0330862217988,2.33333333333333,2.6,1.88888888888889,0.4,0,"Other",0,0,115.7120645258,93.795841111382,0.91797187800781,3.9522366917234,"S16","S16 - L",0.882352941176471,0.788566111539511,-0.0937868296369595,0
"605",2017,26,"UCLA","Semifinals - L",0.521405741223924,0.410991870461924,0.740358121330724,39.4222222222222,9.7,29.7222222222222,21.7333333333333,6.18888888888889,5.53333333333333,11.5222222222222,16.3333333333333,90.7333333333333,75.0111111111111,0.41612439400825,0.360050958991182,0.598398461417221,15.7222222222222,74.7534444444445,1.21347223410125,1.00363783104016,7,0.645833333333333,0.9,-1.52222222222222,1.05261771205167,1.89714601393847,3.8,0.672448414422851,0.166666666666667,0.322222222222222,0.144458937603994,0.583333333333333,9.4,0.646551724137931,6.54678541076052,1.66666666666667,3,2.375,0.2,1,"Other",0,0,121.808602826875,99.3515503697105,0.912379987531655,3.34177193283745,"S16","S16 - L",0.878787878787879,0.826998886827347,-0.0517889919605321,0
"606",2017,30,"USC","Quarterfinals - L",0.454847882183871,0.364710766703285,0.743715127445061,36.4444444444444,10.8777777777778,25.5666666666667,15.3777777777778,7.25555555555556,5.72222222222222,11.2444444444444,15.9777777777778,78.9666666666667,72.4,0.425681422418691,0.359005459637165,0.524682881559448,6.56666666666667,70.4282777777778,1.12114387372001,1.0280662761908,8,0.6375,0.45,0.955555555555556,1.14540599909105,1.36838452507196,4.5,0.702529575947401,0.288888888888889,0.277777777777778,0.0927298865630641,0.625,6.1,0.525377067423927,5.12396397940326,1.71042119639231,1,2.55555555555556,0.2,0,"Other",0,0,111.165872626025,99.4825904153475,0.78158931377566,0.6781262693909,"R32","R32 - L",0.727272727272727,0.651322106416268,-0.0759506208564598,0
"607",2017,52,"Florida St","Semifinals - L",0.490885596476354,0.364536149825784,0.696182728410513,37.9408333333333,11.6866666666667,26.2541666666667,15.2075,7.35666666666667,5.20916666666667,11.82,19.145,84.1025,70.4491666666667,0.40839058682657,0.342204460274975,0.547250480578734,13.6533333333333,72.5548166666667,1.15783356009867,0.972355989091958,7,0.346666666666667,0.8,3.1275,1.23899239896181,1.29358504398827,1.5,0.650862431148934,0.235,0.299166666666667,0.128718762395875,0.633333333333333,9,0.546285714285714,6.77536609093639,1.57142857142857,1.5,2.25,0.2,1,"ACC",1,1,115.846997098415,94.204889452692,0.915129643440435,2.94329124259895,"R32","R32 - L",0.757575757575758,0.777871879402829,0.0202961218270712,0
"608",2017,55,"J'Ville St","Final - W",0.45664933154546,0.372486772486772,0.7042213885173,35.7888888888889,10.2486111111111,25.5402777777778,14.2201388888889,4.57777777777778,3.73958333333333,13.6729166666667,18.2236111111111,69.6465277777778,67.9916666666667,0.417390074355338,0.382575363629987,0.530257298161132,1.65486111111111,65.59834375,1.06192832295471,1.03617785572634,6,0.5,0.5,-2.24861111111111,0.811011362493715,1.03923097033685,6.8,0.495439331216674,0.311805555555556,0.147222222222222,0.0828,0.583333333333333,4.5,0.588154082714072,5.03695260241363,0.840688042599687,0,1.77777777777778,0,0,"Other",0,0,104.12466900542,105.03939951288,0.475492920136355,-3.93798015089605,"R64","R64 - L",0.588235294117647,0.564995916103924,-0.0232393780137231,0
"609",2017,57,"Florida","Quarterfinals - L",0.452247047404104,0.359937507057925,0.726930751014536,37.271282051282,11.8912820512821,25.38,12.6789743589744,7.66153846153846,4.99641025641026,11.8338461538462,18.2835897435897,78.5820512820513,66.4358974358974,0.411272855165817,0.315034709535988,0.518874330593008,12.1461538461538,69.9324769230769,1.12424316577447,0.950167871069149,8.5,0.590277777777778,0.66,4.64666666666667,1.29884601613925,1.07272026219395,3.3,0.487470039966468,0.242051282051282,0.298974358974359,0.117102448696387,0.472222222222222,8.1,0.6802044807954,5.18178355029209,0,0,2.88888888888889,0.2,0,"SEC",1,1,115.711175363255,89.490852802024,0.95026527954741,3.16089399077655,"E8","E8 - L",0.75,0.801331019030541,0.051331019030541,1
"610",2017,66,"Iowa State","Final - W",0.466445816003906,0.395929983808994,0.683926563723048,36.3894230769231,9.93173076923077,26.4576923076923,16.1467948717949,7.6426282051282,3.46923076923077,10.0589743589744,15.3583333333333,80.6817307692308,69.5528846153846,0.417793587536369,0.352546169600452,0.543887794499638,11.1288461538462,71.4897435897436,1.12866003778221,0.975639453839993,8.5,0.590277777777778,0.9,2.90064102564103,1.47158296249205,1.60860008974982,2.1,0.561391389322828,0.351923076923077,0.182051282051282,0.0567158146279428,0.708333333333333,12,0.73672119437023,5.12989871492307,1.71240225977778,3,3.33333333333333,0.2,1,"Big12",1,1,115.260499267325,94.0661204575415,0.908683759068955,3.19771169406826,"R32","R32 - L",0.696969696969697,0.731069398583678,0.0340997016139812,0
"611",2017,77,"Northwestern","Semifinals - L",0.436105254338304,0.341446470936585,0.741649234434469,36.8285714285714,10.83,25.9985714285714,15.8933333333333,4.95761904761905,5.20095238095238,10.7852380952381,19.29,71.4447619047619,64.5638095238095,0.397293365910001,0.326048235314375,0.501587788068099,6.88095238095238,66.3486333333333,1.07601960766768,0.974392392693361,7.5,0.526785714285714,0.466666666666667,0.671428571428571,1.10728779616851,1.4672610143319,7.4,0.543789369379897,0.316190476190476,0.236190476190476,0.115352089220778,0.401785714285714,10.3,0.53263473332351,4.58496747867057,0,0,2.77777777777778,0,0,"Big Ten",0,1,111.11720356445,94.3095032753735,0.86481229690396,0.976682848619735,"R32","R32 - L",0.666666666666667,0.675951288584047,0.00928462191738,0
"612",2017,87,"Notre Dame","Final - L",0.463260211309659,0.386185711893702,0.8071983797258,34.5478354978355,9.45974025974026,25.0880952380952,16.375974025974,7.20151515151515,3.99805194805195,9.40108225108225,14.9266233766234,78.9768398268398,68.7313852813853,0.423532512177434,0.336736447739442,0.542024541505713,10.2454545454545,67.7827965367965,1.16467947034628,1.0144097728993,6.5,0.497619047619048,0.85,1.87142857142857,1.35216469211643,1.74738920579201,2,0.683102714798569,0.264718614718615,0.178571428571429,0.0513392857142857,0.619047619047619,6.3,0.665204678362573,6.52941883826223,1.46153846153846,1.54545454545455,2.75,0.2,1,"ACC",1,1,119.67004514904,96.384776881973,0.92323252109605,2.9620090942294,"R32","R32 - L",0.735294117647059,0.736674936159524,0.00138081851246463,0
"613",2017,94,"N Kentucky","Final - W",0.463333832571994,0.352865351921115,0.674651467766706,37.7390476190476,11.3761904761905,26.3628571428571,13.8638095238095,5.69142857142857,2.90952380952381,13.812380952381,18.0561904761905,77.0219047619048,72.4038095238095,0.444446896515616,0.331249634564521,0.539313469611237,4.61809523809524,70.3512904761905,1.09454835324297,1.02915379034989,8,0.536507936507936,0.68,0.62952380952381,0.884002673440428,1.00660049705608,3.6,0.743446157587649,0.182380952380952,0.142857142857143,0.18032848977192,0.492063492063492,6,0.441471354448119,3.49650756146648,0,0,1.90909090909091,0,0,"Other",0,0,105.59926724358,104.003706154255,0.543757093008155,-2.3977040805008,"R64","R64 - L",0.696969696969697,0.619670283273883,-0.0772994136958141,0
"614",2017,96,"Kentucky","Final - W",0.480560910426072,0.355781656034976,0.698548527909353,40.6804195804196,13.1309090909091,27.5495104895105,16.4916783216783,6.30174825174825,5.60608391608392,11.8981118881119,18.9454545454545,87.9628671328671,71.6002797202797,0.41930717157972,0.309780105823713,0.537066306333728,16.3625874125874,75.4456066433566,1.1650252292685,0.950398065951859,7.5,0.435714285714286,0.55,5.69328671328671,1.28714984106036,1.40370097774845,2.6,0.547155466737983,0.16993006993007,0.522797202797203,0.138813967076457,0.598214285714286,7.4,0.779740871613663,6.74523634948436,3.94117647058824,5.83333333333333,2,0.2,1,"SEC",1,1,119.25208768589,90.830723810233,0.956693430812845,4.4981760174704,"E8","E8 - L",0.852941176470588,0.827997046812041,-0.0249441296585474,1
"615",2017,97,"Louisville","Quarterfinals - L",0.456866462254256,0.363525724753392,0.692898351008235,40.0807142857143,13.5975,26.4832142857143,13.7592857142857,6.73321428571429,5.42,11.2921428571429,19.2789285714286,77.9914285714286,65.1817857142857,0.395581218612831,0.307753997771359,0.51561718961909,12.8096428571429,68.6360982142857,1.13726201473087,0.950245267409962,8,0.375,0.333333333333333,5.63107142857143,1.23709369326703,1.21917238929671,4.3,0.621685887045113,0.243928571428571,0.366785714285714,0.183647625111949,0.25,10.4,0.739821251241311,6.91572344863131,4.025,3.45833333333333,2.9,0,1,"ACC",1,1,115.35211052831,89.0651405449525,0.95134769460949,3.424728179771,"R32","R32 - L",0.75,0.803009414698043,0.0530094146980427,0
"616",2017,116,"Mount St Mary","Final - W",0.440175001275834,0.356358235942804,0.677083987106976,30.1045454545455,7.58787878787879,22.5166666666667,11.0984848484848,6.14848484848485,3.99318181818182,13.1871212121212,18.1840909090909,67.9515151515152,69.0765151515152,0.449212226941339,0.343260905760906,0.509809741853597,-1.125,68.9867954545455,0.98632524659606,1.00068320727951,6.5,0.69047619047619,0.625,-2.78939393939394,1.13112657381582,0.842905783216634,2.4,0.681929245498689,0.309090909090909,0.1,0.121914704557609,0.619047619047619,4.8,0.516746882205647,4.85981240436167,0.811122617208417,1,3,0.2,0,"Other",0,0,98.054725621173,101.37198237409,0.405422141643595,-3.87826909417185,"R64","R64 - L",0.558823529411765,0.491687114461033,-0.0671364149507316,0
"617",2017,120,"Maryland","Quarterfinals - L",0.446640858016054,0.356885688568857,0.700566856963642,36.2517857142857,10.985,25.2667857142857,14.2010714285714,5.23357142857143,4.87428571428571,12.99,18.5196428571429,74.3628571428571,67.7328571428571,0.411244246143907,0.340710448725716,0.522623148297911,6.63,68.5076089285714,1.08535246216902,0.990127047002863,9,0.603896103896104,0.489285714285714,-0.883928571428571,0.983875909144897,1.10602917647716,2.3,0.706272103918745,0.292857142857143,0.162857142857143,0.146687723381265,0.558441558441558,8.5,0.625429553264605,6.36818718635049,1.57142857142857,2,2.54545454545455,0,1,"Big Ten",0,1,112.26816263251,97.012752323347,0.840296374406195,1.83811640496425,"R64","R64 - L",0.75,0.683321665012567,-0.0666783349874333,0
"618",2017,127,"Michigan St","Quarterfinals - L",0.47154416749323,0.377165513614112,0.665759904450791,37.1766666666667,9.55,27.6266666666667,17.575,4.63416666666667,4.9925,14.1083333333333,20.2583333333333,72.66,68.06,0.401230998400654,0.342224449229003,0.543962932019641,4.6,68.4681625,1.06085522957398,0.994477319352367,9,0.522222222222222,0.875,-4.0125,0.793641242590599,1.25110410189219,5.7,0.599208690044113,0.246666666666667,0.1775,0.146471110094878,0.777777777777778,5.2,0.718792866941015,6.59304453414244,3.92105263157895,3.92105263157895,2.36363636363636,0.2,1,"Big Ten",0,1,109.10247317997,94.3803821034855,0.83673289153102,0.18970665545803,"R32","R32 - L",0.575757575757576,0.601820896317304,0.026063320559728,0
"619",2017,130,"Michigan","Final - W",0.482936220978615,0.384572510822511,0.781592907858783,29.3153846153846,7.57692307692308,21.7384615384615,13.7897435897436,5.83076923076923,2.78461538461538,9.42820512820513,14.7307692307692,74.9923076923077,64.3461538461538,0.458671870743041,0.376578282828283,0.570307451222117,10.6461538461538,63.7161025641026,1.17704826683367,1.00956715913771,6.5,0.857142857142857,0.75,2.48974358974359,1.39692515143185,1.4612803693136,2.7,0.531236140937125,0.235897435897436,0.251282051282051,0,0.619047619047619,7.6,0.617948717948718,6.66057514983969,2.15,2.25,3,0,0,"Big Ten",0,1,119.955187423045,96.8991086685045,0.92026616468153,1.88087742947397,"S16","S16 - L",0.685714285714286,0.756977110137621,0.0712628244233352,0
"620",2017,135,"Minnesota","Semifinals - L",0.437546108973536,0.352221810301436,0.705905865498395,40.5790584415584,11.4493506493506,29.1297077922078,15.7160714285714,5.79237012987013,7.19788961038961,11.9209415584416,16.9237012987013,76.7785714285714,69.4142857142857,0.395630794495653,0.309232036164512,0.490846367790949,7.36428571428571,72.1284910714286,1.06332222169581,0.962309456761768,7,0.528571428571429,0.675,0.190746753246753,1.08629186602871,1.31348883572568,4.8,0.60333492269048,0.238474025974026,0.107142857142857,0.152340062064232,0.571428571428571,6.3,0.534375981909124,4.90527477843843,0,0,2.5,0.2,0,"Big Ten",0,1,107.795291768275,91.420771822623,0.86930916091578,1.846224456997,"R64","R64 - L",0.727272727272727,0.676333930940829,-0.0509387963318987,0
"621",2017,150,"Duke","Final - W",0.480555265608217,0.375030361213383,0.752264627347104,36.9285714285714,10.6642857142857,26.2642857142857,13.5619047619048,6.11428571428571,4.65238095238095,11.1357142857143,17.75,81.6809523809524,68.5595238095238,0.428909895704785,0.295554250753242,0.552852770596113,13.1214285714286,69.3615357142857,1.17751858751487,0.989756237248935,6.5,0.773809523809524,0.56,1.51428571428571,1.12998431899642,1.22614247311828,2.4,0.536002194406731,0.235714285714286,0.247619047619048,0.232994820055294,0.619047619047619,7,0.76466275659824,7.21890970761906,4.53125,4.53125,2.375,0,1,"ACC",1,1,120.173168009085,94.1205671094135,0.943245988695915,4.2628203767607,"R32","R32 - L",0.771428571428571,0.775531171551569,0.00410260012299735,0
"622",2017,153,"North Carolina","Semifinals - L",0.472220127441313,0.367206330768114,0.702575743155357,43.8733333333333,15.8466666666667,28.0266666666667,18.2466666666667,7.10666666666667,3.25333333333333,11.98,17.7333333333333,85.5933333333333,69.94,0.414839962156989,0.335708249013535,0.527736059732035,15.6533333333333,72.4479666666667,1.18175851402865,0.967789196104345,9,0.4,0.675,8.74666666666667,1.16168111725676,1.54378164660066,3.6,0.6501233336322,0.12,0.373333333333333,0.213729547720168,0.388888888888889,8.3,0.789314516129032,6.90073066404517,3.76923076923077,4.33333333333333,2.54545454545455,0,0,"ACC",1,1,120.283130591825,92.8545563491255,0.95055499225197,4.1552084424413,"Final","Final - W",0.794117647058823,0.829948203516096,0.0358305564572726,1
"623",2017,155,"North Dakota","Final - W",0.481602823641718,0.376544242582213,0.704422343036977,36.4875,9.46833333333333,27.0191666666667,15.3141666666667,7.86083333333333,2.99583333333333,13.4608333333333,20.6183333333333,79.7391666666667,71.8891666666667,0.436108746360008,0.357108928276993,0.537902439814661,7.85,73.6085791666667,1.08375895198244,0.976248381233432,7.5,0.472222222222222,0.65,2.035,1.14191930507042,1.14031165242658,8.2,0.554712245470504,0.32,0.299166666666667,0.295393169433572,0.611111111111111,6.4,0.465558469437956,5.42934562895444,0,0,2.55555555555556,0.2,0,"Other",0,0,101.243141533567,102.96769698522,0.452838661090755,-2.61924533392585,"R64","R64 - L",0.7,0.703912255448083,0.00391225544808338,0
"624",2017,156,"Creighton","Final - L",0.513265561356393,0.405011941076599,0.681621024478167,35.6642857142857,8.47321428571429,27.1910714285714,17.4285714285714,6.32321428571429,2.95833333333333,12.3970238095238,16.077380952381,84.0119047619048,72.7065476190476,0.43620591243428,0.338121591315654,0.585726741359446,11.3053571428571,73.3983303571429,1.14373628759449,0.990785819948798,7.5,0.598214285714286,0.7,-0.470833333333333,1.14597402597403,1.41307359307359,1.6,0.618481872603016,0.144047619047619,0.213690476190476,0.0135356849876948,0.535714285714286,10,0.588235294117647,6.20253551718792,1,1,3.5,0,1,"Big East",0,1,116.129444463025,95.6745231944055,0.902686092393535,2.12466245405605,"R64","R64 - L",0.735294117647059,0.744838520402631,0.00954440275557189,0
"625",2017,163,"Princeton","Final - W",0.452842392477346,0.379260435045269,0.738323155440187,33.780463980464,8.34590964590965,25.4345543345543,14.3358974358974,6.66898656898657,2.91147741147741,9.91758241758242,16.4153846153846,72.7838827838828,62.268253968254,0.415887030538341,0.332725060827251,0.540941961826024,10.5156288156288,65.823561050061,1.10626730942129,0.944547177889587,7,0.666666666666667,0.775,3.70915750915751,1.35715027977618,1.44828537170264,2.1,0.793621492239299,0.207081807081807,0.201098901098901,0.0598690364826941,0.4375,6.9,0.640680770102404,5.01063529409626,0,0,3,0.2,0,"Other",0,0,108.218974167505,97.2048875213915,0.769222627880385,-0.1425800499535,"R64","R64 - L",0.793103448275862,0.797439554776034,0.00433610650017158,0
"626",2017,166,"New Mexico St","Final - W",0.468566302118934,0.339725046933667,0.704908511203325,40.221645021645,13.4800865800866,26.7415584415584,14.9437229437229,4.62251082251082,3.8034632034632,13.6073593073593,18.3549783549784,79.6549783549784,66.9748917748918,0.416921796792037,0.296595543974219,0.538221660614146,12.6800865800866,69.5584805194805,1.14537574128027,0.962863856422969,8,0.380952380952381,0.6,3.06147186147186,1.03218635850682,1.12156271344995,5.3,0.6501233336322,0.127705627705628,0.256277056277056,0.199853854585312,0.619047619047619,10.4,0.622215679354576,0,0,0,2.44444444444444,0.4,1,"Other",0,0,108.75386711272,101.662826827705,0.683781022456585,-0.062928125214565,"R64","R64 - L",0.848484848484849,0.798867928034759,-0.049616920450089,0
"627",2017,197,"Oklahoma St","Quarterfinals - L",0.465830402576072,0.399072658941434,0.793372935625211,37.0825641025641,13.9548717948718,23.1276923076923,14.8907692307692,8.31230769230769,3.17846153846154,13.3979487179487,22.2558974358974,87.1482051282051,78.4825641025641,0.470647437002677,0.35634055174191,0.541955858657915,8.66564102564103,73.6445076923077,1.18310869969662,1.06917047409771,8.5,0.583333333333333,0.625,5.45846153846154,1.18886057009535,1.12905381416109,7,0.509271728958072,0.276923076923077,0.264102564102564,0.155733564710804,0.645833333333333,8.3,0.809699326953412,4.64439089914137,0.775167884684083,0,2.4,0,0,"Big12",1,1,124.127136367105,100.806812450444,0.916115887119585,1.6349490002134,"R64","R64 - L",0.625,0.687668722229016,0.0626687222290162,0
"628",2017,222,"Villanova","Final - W",0.499923201400679,0.375039491389687,0.795708506643708,33.7010822510823,8.58701298701299,25.1140692640693,14.4688311688312,7.11601731601732,3.03939393939394,11.274025974026,14.2253246753247,78.2103896103896,62.962987012987,0.417939519043497,0.309231485598374,0.582656438092192,15.2474025974026,65.4796222943723,1.19428057964387,0.961646939991219,7,0.742857142857143,0.796666666666667,1.2538961038961,1.17070183475179,1.28490428430214,1.3,0.726181457985516,0.141125541125541,0.29978354978355,0.0442966439501093,0.571428571428571,8.4,0.662952646239554,6.57786135772105,2.69230769230769,3,3.14285714285714,0.2,0,"Big East",0,1,121.93085784301,92.4025454441035,0.95963280319824,5.5193948159272,"R32","R32 - L",0.911764705882353,0.861659540705272,-0.0501051651770813,0
"629",2017,227,"Rhode Island","Final - W",0.45494342450313,0.340075861866246,0.660767910254877,37.4086247086247,12.0006993006993,25.4079254079254,13.2899766899767,6.51538461538462,6.28671328671329,11.1622377622378,20.9128205128205,73.6188811188811,65.1337995337995,0.40735036818816,0.301857258960343,0.510123894980077,8.48508158508158,67.0993438228438,1.09772327561025,0.970810755091251,8,0.352380952380952,0.566666666666667,3.52540792540793,1.1894615864111,1.19371980676329,4,0.498437097252367,0.29020979020979,0.185081585081585,0.104215740436024,0.634920634920635,4.7,0.545780285980719,5.23644196282995,0,0,2.8,0,0,"Other",0,0,110.51122652802,95.049450938751,0.849559155609855,0.24234116791057,"R32","R32 - L",0.727272727272727,0.742117962409453,0.0148452351367261,0
"630",2017,238,"Vanderbilt","Semifinals - L",0.434687554293089,0.383454385214872,0.777673138476189,34.765034965035,8.41643356643357,26.3486013986014,13.3637762237762,4.13356643356643,3.78188811188811,12.5207692307692,16.668951048951,72.2260839160839,69.0081818181818,0.429955918008507,0.343481730349319,0.530728484612343,3.2179020979021,67.1805758741259,1.07448030309696,1.02673937050099,7,0.814285714285714,0.664285714285714,-2.62433566433566,0.871533157108378,1.06770179672835,3.2,0.498437097252367,0.28020979020979,0.258671328671329,0.0241662638956017,0.714285714285714,5.8,0.703627307778361,5.15905529921453,0.861067483359265,0,2.66666666666667,0,0,"SEC",1,1,112.21108858319,96.103282025835,0.840383892623505,0.03906570080615,"R64","R64 - L",0.558823529411765,0.595007506460991,0.0361839770492267,0
"631",2017,239,"Baylor","Quarterfinals - L",0.474059464556764,0.358099543328341,0.721044222002914,38.1707692307692,12.5764102564103,25.594358974359,15.9682051282051,5.12512820512821,5.19692307692308,13.0897435897436,17.2112820512821,73.3738461538462,61.2066666666667,0.391346339867533,0.307934003769492,0.532743908520985,12.1671794871795,64.8171307692308,1.13051315264511,0.944979855672329,8,0.422222222222222,0.45,0.510769230769231,0.900448484848485,1.24529350649351,2.2,0.650134769222967,0.285128205128205,0.250769230769231,0.304789968637982,0.634920634920635,6.2,0.596026490066225,6.11809719804135,2,2,2.9,0,1,"Big12",1,1,116.139969260185,92.0107289561575,0.934289942168825,3.91380215440825,"S16","S16 - L",0.78125,0.781131737308736,-0.000118262691263804,0
"632",2017,258,"Virginia","Quarterfinals - L",0.465369407356304,0.385510779010884,0.715096888699228,33.659965034965,9.14108391608392,24.5188811188811,14.2815559440559,5.78548951048951,4.31451048951049,9.49160839160839,16.0247377622378,66.5085664335664,53.2554195804196,0.381697844370913,0.303173351704429,0.531143313337738,13.2531468531469,60.195486013986,1.10507781821652,0.883050727261896,9,0.411111111111111,0.85,5.07744755244755,1.37541536863967,1.50131100726895,2.8,0.584363876707147,0.188111888111888,0.362412587412587,0.0678403181582147,0.611111111111111,9.1,0.688419630548176,5.82894561761021,1.94574984856542,2,2.7,0.2,0,"ACC",1,1,114.6836740587,86.379234369637,0.960564354320535,2.48088483953075,"R32","R32 - L",0.6875,0.824597304489652,0.137097304489652,0
"633",2017,259,"Virginia Tech","Quarterfinals - L",0.490695280329427,0.40134126984127,0.728537517100656,33.4569055944056,7.49659090909091,25.9603146853147,15.4852272727273,3.96809440559441,2.95288461538462,11.8756993006993,16.4536713286713,79.9246503496503,72.5579545454545,0.435730640214948,0.351740090336002,0.571917770078686,7.3666958041958,70.3684020979021,1.13503968629319,1.03381064450255,7,0.642857142857143,0.84,-2.79064685314685,1.02232816630618,1.31167688055756,2,0.644741816233138,0.39493006993007,0.19020979020979,0.0763792117566836,0.785714285714286,4.8,0.600346064263636,5.73009978297357,2.10402972819505,0,3,0.4,0,"ACC",1,1,115.6534587971,99.9937839127895,0.839699340808755,1.6518968743925,"R64","R64 - L",0.6875,0.63236594690137,-0.0551340530986296,0
"634",2017,261,"Vermont","Final - W",0.491204229008554,0.365281987247625,0.708252427184466,34.2857142857143,9.50357142857143,24.7821428571429,13.3357142857143,5.75714285714286,4.2,11.4285714285714,16.0464285714286,73.2285714285714,62.1107142857143,0.422001619198786,0.333552980348731,0.549229438464993,11.1178571428571,65.0244642857143,1.12710999117183,0.954392215955631,8.5,0.427777777777778,0.475,2.02857142857143,1.17026291730565,1.18923336675711,4,0.671333430890389,0.228571428571429,0.257142857142857,0.177832866260458,0.590277777777778,9.1,0.63394554611923,5.15905529921453,0.861067483359265,1,3.4,0,0,"Other",0,0,109.056516854005,98.7294026765655,0.750326699746195,0.42865892308145,"R64","R64 - L",0.852941176470588,0.821638047402202,-0.0313031290683861,0
"635",2017,269,"Marquette","Quarterfinals - L",0.489396737615007,0.425555953824258,0.77867756104297,33.6828846153846,8.86211538461538,24.8207692307692,17.0573076923077,7.59596153846154,3.56076923076923,12.1744230769231,19.3625,83.0769230769231,73.5811538461539,0.44775415627396,0.363156908665105,0.578462205452098,9.49576923076923,71.2426605769231,1.16600253629041,1.03439719870885,9,0.555555555555556,0.9,0.324615384615385,1.11634843387453,1.40187162683319,4.5,0.503591519750022,0.266923076923077,0.343269230769231,0.166782784633498,0.722222222222222,9.7,0.542132857636257,4.18965474202643,0,0,3,0.2,1,"Big East",0,1,120.63519824125,100.90300690657,0.886392686995635,0.287607764589696,"R64","R64 - L",0.612903225806452,0.694522559081764,0.0816193332753125,0
"636",2017,275,"Wisconsin","Final - L",0.45823190273042,0.358277915632754,0.647813542367192,38.1303571428571,12.4946428571429,25.6357142857143,13.8380952380952,6.9125,3.54702380952381,11.0696428571429,15.5797619047619,73.0565476190476,60.4553571428571,0.403375654652451,0.37311649265193,0.523795404281419,12.6011904761905,65.1123601190476,1.12151736080942,0.928709254964712,6.5,0.64047619047619,0.55,6.3125,1.17986218975787,1.24482960879523,1.6,0.659335604278494,0.145833333333333,0.305952380952381,0.0371638141809291,0.535714285714286,10.8,0.638106431703504,3.17805383034795,1.59129064623204,3,3.1,0,0,"Big Ten",0,1,114.074630650885,91.546510431358,0.92521225223021,2.5599351630747,"S16","S16 - L",0.735294117647059,0.795910376399901,0.0606162587528419,0
"637",2017,277,"West Virginia","Final - L",0.465204208234162,0.363052006295433,0.677678644435255,37.8087412587413,14.7981818181818,23.0105594405594,17.5442657342657,11.0071328671329,4.74937062937063,11.8374125874126,20.2525174825175,84.7076223776224,65.3592307692308,0.418710625107876,0.344208487951905,0.525075403714015,19.3483916083916,72.8773643356643,1.16001241787052,0.898734404734033,7,0.583333333333333,0.5,13.3,1.88674584412526,1.52209408994584,0.6,0.492963313760133,0.207552447552448,0.414615384615385,0.221785799552082,0.5,13.3,0.708374384236453,6.92362862813843,1.95454545454545,2.35714285714286,2.8,0.2,1,"Big12",1,1,117.16759267291,88.74578887201,0.954533180470605,3.17364211468695,"S16","S16 - L",0.764705882352941,0.8607598816705,0.0960539993175591,0
"638",2017,302,"UC Davis","Final - W",0.445291112377,0.362640410941081,0.672720987016094,35.2473484848485,9.975,25.2723484848485,13.5670454545455,5.78522727272727,3.23371212121212,14.1526515151515,19.2992424242424,71.6147727272727,69.0655303030303,0.423835130907019,0.327577644425215,0.504385549407234,2.54924242424242,70.3348390151515,1.01821067514793,0.98156788347042,8,0.40952380952381,0.75,-0.342424242424242,1.00513773222293,0.956984838778561,5.9,0.620217258015804,0.265909090909091,0.155681818181818,0.15618667485599,0.563492063492063,6.2,0.485523385300668,6.10924758276437,3,0,2.7,0.2,0,"Other",0,0,98.277962519997,101.282570141414,0.414104216613185,-3.68314367909595,"R64","R64 - L",0.647058823529412,0.547944557891538,-0.0991142656378734,0
"639",2017,314,"Iona","Final - W",0.454251895474585,0.392142210144928,0.765059104814518,35.7642857142857,9.41309523809524,26.3511904761905,15.8130952380952,6.93988095238095,2.84107142857143,12.2952380952381,19.0958333333333,79.4190476190476,75.4369047619048,0.431139465702229,0.356026605216761,0.536820421097299,3.98214285714286,72.3697916666667,1.0967457094289,1.04195391057191,8,0.65,0.58,-1.48869047619048,1.09438586755457,1.2969956753033,3.5,0.707628299441051,0.163095238095238,0.146428571428571,0.154015073353958,0.75,10.9,0.676202728140709,5.32787616878958,0.8892443787156,1,2.77777777777778,0.2,0,"Other",0,0,108.13881612396,104.850088441805,0.587540136679915,-2.7834213665026,"R64","R64 - L",0.647058823529412,0.611047323777111,-0.0360114997523007,0
"640",2017,350,"UNC Wilmington","Final - W",0.485061594768563,0.36401507271407,0.69066894138613,35.6536796536797,11.9839826839827,23.669696969697,16.0686147186147,7.08008658008658,3.32121212121212,10.6298701298701,20.0582251082251,85.6406926406926,74.5952380952381,0.477876862585044,0.330694444444444,0.563823118134459,11.0454545454545,71.8907857142857,1.19184753545769,1.03850791257299,6.5,0.619047619047619,0.625,7.09112554112554,1.42892636383679,1.53062682191937,6.7,0.628009887721887,0.245887445887446,0.20952380952381,0.0263900080580177,0.845238095238095,8.7,0.649712943095527,4.18965474202643,0.699270555485258,1,3.1,0,0,"Other",0,0,116.874505303015,104.01950513916,0.79150780580819,0.84552190774013,"R64","R64 - L",0.852941176470588,0.75044498210852,-0.102496194362068,0
"641",2017,526,"FGCU","Final - W",0.502400066731751,0.351867733767074,0.699712134098227,37.6891071428571,11.2558928571429,26.4332142857143,15.4908928571429,6.09160714285714,3.48732142857143,12.4808928571429,18.5432142857143,79.41375,68.6978571428571,0.420405562040563,0.306953979150775,0.556448335426904,10.7158928571429,69.1059964285714,1.14878936719917,0.993426733214516,9.5,0.369318181818182,0.5,1.32125,1.05266797634639,1.24114081041394,3.3,0.596369669680365,0.361785714285714,0.185,0.311110673481955,0.585227272727273,8.1,0.580388153137404,5.36129216570943,0.894821645618727,1,2.90909090909091,0.2,1,"Other",0,0,108.820466788785,103.749658453225,0.62882392936027,-0.816141609356175,"R64","R64 - L",0.787878787878788,0.774949736144315,-0.012929051734473,0
"642",2017,2083,"Bucknell","Final - W",0.477651193458694,0.3749773015507,0.677286251420795,34.2571428571429,8.63214285714286,25.625,14.375,7.225,3.80714285714286,13.3321428571429,18.525,75.6321428571429,67.7178571428571,0.427473156123942,0.345784762890026,0.552903721416256,7.91428571428571,70.0513392857143,1.07993987742321,0.967006572016757,6.5,0.607142857142857,0.8,-0.553571428571428,1.04778891509434,1.08346628745838,1.7,0.605348606371306,0.228571428571429,0.257142857142857,0.114369697051493,0.535714285714286,7.5,0.579509865560659,3.46573590279973,0,0,2.45454545454545,0,1,"Other",0,0,107.10051358054,99.654743242263,0.68905672721141,-0.980165504636075,"R64","R64 - L",0.764705882352941,0.741808773808826,-0.0228971085441152,0
"643",2017,2086,"Butler","Quarterfinals - L",0.48357140486256,0.36632818028998,0.735926624327502,31.7316239316239,8.63076923076923,23.1008547008547,13.3794871794872,6.1042735042735,2.76068376068376,10.0880341880342,18.8965811965812,77.0111111111111,68.134188034188,0.444041357072254,0.33045878870674,0.553221246239597,8.87692307692308,66.8377008547009,1.15220817052505,1.01986464485701,8,0.5,0.7,3.46495726495727,1.3511453672378,1.32766251955328,2.2,0.599668058454498,0.325641025641026,0.187179487179487,0.0245119305856833,0.5625,8.1,0.551551199917144,5.11198778835654,0.853211722803909,1,3.11111111111111,0,0,"Big East",0,1,117.51907753196,96.4327277732855,0.9043330349477,2.7537305818663,"S16","S16 - L",0.741935483870968,0.719203193855751,-0.0227322900152164,0
"644",2017,2132,"Cincinnati","Final - L",0.464838284644775,0.342653883494149,0.671838430386817,37.5216783216783,12.2516783216783,25.27,16.4362937062937,7.6220979020979,5.32664335664336,10.0643356643357,15.7234265734266,76.2962937062937,61.3402797202797,0.38306627070672,0.342842061767725,0.525930956362687,14.956013986014,66.656686013986,1.14365222483207,0.921374270491699,7,0.583333333333333,0.525,5.53496503496504,1.38618834662,1.65601983278242,0.7,0.654536087530457,0.181748251748252,0.377412587412587,0.0722577413717693,0.645833333333333,9.8,0.643356643356643,6.06378520868761,1.25,1.33333333333333,2.6,0,0,"Other",0,0,112.53513603794,90.6403484718045,0.922510966602245,2.8498999321549,"R32","R32 - L",0.852941176470588,0.850798415042299,-0.00214276142828873,0
"645",2017,2168,"Dayton","Quarterfinals - L",0.472173297250563,0.382274138244288,0.687487128788569,34.5190384615385,8.6025,25.9165384615385,15.6569230769231,7.76480769230769,4.09096153846154,11.7073076923077,18.3319230769231,76.5142307692308,65.6026923076923,0.408382814632815,0.321992112118194,0.544649369840618,10.9115384615385,69.0956615384615,1.10772676668352,0.949162615463661,8.5,0.545833333333333,0.75,2.55403846153846,1.30938165438165,1.34069205569206,0.7,0.586580985577617,0.307307692307692,0.210384615384615,0.319725904288297,0.527777777777778,8.7,0.668775328595597,5.14166355650266,1.4302745503141,1.66666666666667,3.1,0.2,1,"Other",0,0,109.867300101725,96.084440775799,0.82342621548958,0.776822802337145,"R64","R64 - L",0.774193548387097,0.768032842747591,-0.0061607056395061,0
"646",2017,2193,"ETSU","Final - W",0.493500167446549,0.385349743170858,0.700624273639845,36.4809523809524,10.4,26.0809523809524,15.1958333333333,8.37380952380952,4.68333333333333,14.6416666666667,19.8011904761905,80.5172619047619,69.4904761904762,0.421368777575065,0.367030737451905,0.564383693624162,11.0267857142857,71.6863720238095,1.12346245252983,0.969558733347819,8.5,0.358333333333333,0.933333333333333,2.15892857142857,1.08039805373325,1.0438117299664,1.8,0.62517612429701,0.25297619047619,0.305952380952381,0.0301507537688442,0.527777777777778,7.4,0.649005267285531,3.61091791264422,0,0,2.5,0,0,"Other",0,0,106.87330055052,96.455851132934,0.76437859287188,-0.301295696291105,"R64","R64 - L",0.794117647058823,0.77184260740541,-0.0222750396534138,0
"647",2017,2250,"Gonzaga","Final - W",0.51286092422828,0.383520490865313,0.733058706243064,40.2251623376623,9.77386363636364,30.4512987012987,16.251461038961,7.3961038961039,4.53603896103896,11.4394480519481,16.5793831168831,84.3819805194805,61.3074675324675,0.368537853237558,0.298925700981881,0.576982001547333,23.074512987013,70.8954439935065,1.1903468274302,0.864399441988585,7.5,0.507142857142857,0.733333333333333,0.165909090909091,1.1384386055946,1.42534412000566,4.7,0.699909414105646,0.0714285714285714,0.674837662337662,0.12574497988925,0.535714285714286,12.5,0.807625649913345,6.35957386867238,1.70588235294118,1.70588235294118,3.125,0.2,1,"Other",0,0,119.36810619546,88.053373793905,0.96962495380399,3.89730117556365,"Final","Final - L",0.96969696969697,0.942074141156138,-0.0276228285408322,1
"648",2017,2305,"Kansas","Quarterfinals - L",0.489520099805493,0.409070781760922,0.656591046020846,39.5317948717949,12.2241025641026,27.3076923076923,16.5153846153846,7.10564102564103,4.87282051282051,13.1338461538462,18.5425641025641,83.6692307692308,71.7374358974359,0.413634521195744,0.358689930994467,0.562970314296249,11.9317948717949,72.3412333333333,1.15618571228395,0.992514604772961,7.5,0.578571428571429,0.83,1.06307692307692,1.04279345878136,1.27729166666667,5.5,0.647627703908146,0.33025641025641,0.192307692307692,0.173857973845715,0.669642857142857,6.7,0.758974358974359,6.66057514983969,2.88888888888889,3.15384615384615,2.71428571428571,0,0,"Big12",1,1,120.14144048218,93.9385174341895,0.94383131656988,5.46725025503235,"E8","E8 - L",0.875,0.759297900948274,-0.115702099051726,1
"649",2017,2306,"Kansas St","Semifinals - L",0.462396095215136,0.362348540156612,0.687010828267477,33.3435897435897,9.96634615384615,23.3772435897436,15.5669871794872,8.09423076923077,4.03782051282051,13.1157051282051,17.4775641025641,72.9567307692308,65.7804487179487,0.418902744693949,0.377274509803922,0.530439748234535,7.17628205128205,67.8417115384615,1.07517734190038,0.969670818294199,6.5,0.723809523809524,0.455,1.40192307692308,1.19747954644744,1.18727262798364,2.6,0.544613287299761,0.268589743589744,0.170512820512821,0.0291501976284585,0.380952380952381,8.1,0.652246256239601,6.40025744530882,1.95,1,2.5,0,1,"Big12",1,1,111.15009001453,92.710686904451,0.889234188156415,0.79240721995839,"R64","R64 - L",0.606060606060606,0.644309285122279,0.0382486790616731,0
"650",2017,2309,"Kent State","Final - W",0.427077547286536,0.315708157611144,0.723825293461293,41.5858974358974,15.7217948717949,25.8641025641026,12.8087179487179,6.56538461538462,3.85512820512821,13.1205128205128,19.0092307692308,78.0707692307692,72.0792307692308,0.423481137464227,0.348286173422537,0.481986155076055,5.99153846153846,72.0772461538462,1.0826290714402,0.999246823964351,8,0.5625,0.2,5.87153846153846,1.10475940244726,0.975751185230954,2.7,0.525560993280812,0.450769230769231,0.200512820512821,0.168743282915958,0.6875,5.8,0.602192390615198,5.12396397940326,0,0,2.5,0,0,"Other",0,0,103.74716522578,101.875643542977,0.552219436259515,-3.50401920023615,"R64","R64 - L",0.628571428571429,0.629567398808367,0.000995970236938093,0
"651",2017,2390,"Miami","Quarterfinals - L",0.456954472968621,0.351816609231498,0.722092709002684,37.0949300699301,11.4255244755245,25.6694055944056,11.7696678321678,6.72132867132867,4.12333916083916,12.7426573426573,15.2818181818182,70.6454545454545,62.7308566433566,0.406462245430851,0.318496716841138,0.51343861450623,7.9145979020979,65.3186866258741,1.08041775707403,0.9627837769831,7.5,0.535714285714286,0.55,0.640122377622378,0.950598126150243,0.924360569683788,1.9,0.607014935910899,0.185227272727273,0.19020979020979,0.111040279867499,0.669642857142857,6.3,0.60475161987041,6.83195356556585,2.35714285714286,3,2.375,0,1,"ACC",1,1,110.559965037295,91.711541697463,0.89420218121618,1.43829417942732,"R64","R64 - L",0.65625,0.676039310295815,0.0197893102958154,0
"652",2017,2393,"MTSU","Final - W",0.487162551436394,0.364496716098547,0.689622550298947,35.5692307692308,9.97564102564102,25.5935897435897,15.0217948717949,6.98076923076923,2.90641025641026,10.5435897435897,18.1692307692308,74.5705128205128,63.3025641025641,0.418488872260705,0.312107095903066,0.543013618030374,11.2679487179487,66.3036730769231,1.12489088319825,0.954428121805383,7,0.385714285714286,0.7,5.12692307692308,1.31700084777508,1.43806510124012,1,0.672791406005337,0.198717948717949,0.16025641025641,0.0212806026365348,0.642857142857143,7.7,0.606643356643357,6.35088571671474,1,1,2.55555555555556,0,0,"Other",0,0,110.161357663355,96.2084619845235,0.825804745016275,1.09069113416513,"R32","R32 - L",0.882352941176471,0.811342900630908,-0.0710100405455625,0
"653",2017,2428,"NC Central","Final - W",0.456501443583022,0.336728143627467,0.684292211280353,38.8894480519481,11.8777597402597,27.0116883116883,14.2623376623377,6.1762987012987,3.54935064935065,12.4918831168831,17.738474025974,75.2079545454545,63.5813311688312,0.393283906973699,0.296484486470163,0.523618283395739,11.6266233766234,68.8131347402597,1.09377287938022,0.924157376888756,7.5,0.507142857142857,0.391666666666667,1.14204545454545,1.14494060168822,1.154301633789,4.5,0.384932162489645,0.20211038961039,0.291720779220779,0.10894716544543,0.535714285714286,8,0.579333915021681,5.40267738187228,0.901729007890082,1,3.125,0,0,"Other",0,0,101.44532359638,100.519016374609,0.52633577411514,-2.4973740864194,"First Four","First Four - L",0.757575757575758,0.81148961309366,0.0539138555179022,0
"654",2017,2440,"Nevada","Final - W",0.453428840293704,0.391126655283478,0.703030599434664,38.4655303030303,11.0128787878788,27.4526515151515,16.4420454545455,5.34621212121212,4.31856060606061,11.3181818181818,16.4003787878788,80.0363636363636,71.0867424242424,0.426158655321925,0.310550654572036,0.535289231929322,8.94962121212121,70.4471382575758,1.13613214432248,1.00921845851664,6.5,0.497619047619048,0.85,0.962121212121212,1.01939666939667,1.45750409500409,2.8,0.640496108766085,0.293181818181818,0.155681818181818,0.108187912010324,0.464285714285714,5.8,0.627940975616992,3.66356164612965,0,0,2.77777777777778,0.2,0,"Other",0,0,113.334481517125,101.249094878315,0.782303549292715,0.91606929662424,"R64","R64 - L",0.823529411764706,0.736983323670176,-0.08654608809453,0
"655",2017,2483,"Oregon","Final - L",0.488574459595556,0.380907250355717,0.720535714285714,36.9190476190476,10.4785714285714,26.4404761904762,17.3404761904762,6.48333333333333,7.2452380952381,12.25,15.8142857142857,79.752380952381,64,0.39341676555508,0.306285586297047,0.56328565089932,15.752380952381,68.9144761904762,1.15821788399213,0.929222507347869,7,0.757142857142857,0.7,1.39047619047619,1.1626529026529,1.42306471306471,2.3,0.679541624693173,0.242857142857143,0.388095238095238,0.169958206013004,0.571428571428571,11.6,0.647531572904707,6.77078942390898,1.33333333333333,2,2.66666666666667,0,1,"Other",0,0,114.93462596797,93.4034032687755,0.91056740014819,2.9993212766514,"F4","F4 - L",0.852941176470588,0.843331827335029,-0.00960934913555889,1
"656",2017,2507,"Providence","Quarterfinals - L",0.447492651823914,0.36444627776595,0.698778153555111,33.5253968253968,9.06111111111111,24.4642857142857,14.1849206349206,6.82698412698413,3.12936507936508,12.531746031746,16.8261904761905,70.302380952381,66.0555555555556,0.44006396006396,0.327000847688535,0.514381410343416,4.2468253968254,67.4233968253968,1.04299018561181,0.979677145691329,7,0.420833333333333,0.633333333333333,0.975396825396825,1.13558659276339,1.1332553430468,2.1,0.582374416459268,0.26031746031746,0.178571428571429,0.109468388941411,0.583333333333333,6.3,0.59015299498574,5.80513496891649,0.968900829383789,1,2.22222222222222,0,0,"Big East",0,1,106.83755750355,94.416016485216,0.802679972622515,0.290832571141945,"First Four","First Four - L",0.625,0.611977374563937,-0.0130226254360629,0
"657",2017,2509,"Purdue","Quarterfinals - L",0.486396344192992,0.406306885279932,0.762375644804716,38.3142857142857,9.77535714285714,28.5389285714286,18.6282142857143,5.09607142857143,2.66785714285714,13.2032142857143,15.5692857142857,81.0314285714286,66.0307142857143,0.407059611330001,0.320538984824699,0.564439537153737,15.0007142857143,70.8427928571429,1.14316482693734,0.933401842127431,8,0.706349206349206,0.85,-0.474642857142857,0.915525103080281,1.4067887460587,2.6,0.595193362549151,0.231428571428571,0.433928571428571,0.0919077261076529,0.563492063492063,13.1,0.654228855721393,5.99893656194668,1.44444444444444,1.5,2.88888888888889,0,1,"Big Ten",0,1,115.77742103196,91.833900860272,0.934676279781385,2.78793722571505,"S16","S16 - L",0.78125,0.820312616415655,0.0390626164156554,0
"658",2017,2550,"Seton Hall","Semifinals - L",0.456403140028599,0.343527613894004,0.638879246713348,39.6471794871795,12.9364102564103,26.7107692307692,12.2153846153846,6.99692307692308,2.4774358974359,13.5266666666667,18.6517948717949,74.1548717948718,69.9025641025641,0.429204090172294,0.335340369824906,0.508551289102374,4.25230769230769,69.6596,1.06424665612798,1.00436343524165,7,0.428571428571429,0.5,2.90461538461538,0.929175070152369,0.908806993955128,2.7,0.654314115366262,0.335384615384615,0.202051282051282,0.104987586140242,0.428571428571429,3.7,0.527583060676357,5.67675380226828,0.947473486262786,1,2.85714285714286,0.2,0,"Big East",0,1,108.425502724015,96.0790250190335,0.798618279208645,1.30495485887448,"R64","R64 - L",0.65625,0.592575750135528,-0.0636742498644721,0
"659",2017,2567,"SMU","Final - W",0.47484669695326,0.404157363104731,0.693333351710602,38.68,12.1866666666667,26.4933333333333,16.6133333333333,5.75333333333333,3.48666666666667,10.94,14.4666666666667,74.8933333333333,59.64,0.382844102968216,0.320697463768116,0.550133814834038,15.2533333333333,63.4116666666667,1.18094839242005,0.940569316919841,6.5,0.702380952380952,0.835,3.65333333333333,1.09887495981999,1.55908986545438,1.6,0.632694885923927,0.16,0.42,0.0565627030539311,0.619047619047619,12.2,0.580799721052571,5.66296048013595,0,0,3,0,0,"Other",0,0,117.705925875435,93.396295321196,0.92791604606282,3.24653438609,"R64","R64 - L",0.882352941176471,0.868782339289672,-0.0135706018867986,0
"660",2017,2571,"S Dakota St","Final - W",0.458596730423839,0.362850588495004,0.770815084426726,35.6344919786096,9.1379679144385,26.4965240641711,13.5098930481283,5.27513368983957,2.27673796791444,12.6810160427807,16.6090909090909,77.95,75.9355614973262,0.444959089250597,0.371696649454281,0.546067221056498,2.0144385026738,69.3832085561497,1.12269660030152,1.09421529130297,9,0.6125,0.506666666666667,-1.85935828877005,0.934338190649666,1.10292956891318,3.7,0.722304047513349,0.179144385026738,0.247058823529412,0.328499218177483,0.8375,4,0.622215679354576,0,0,0,2.83333333333333,0,0,"Other",0,0,108.39112373622,111.615389018795,0.41651310558434,-4.8471660383036,"R64","R64 - L",0.529411764705882,0.504897339803935,-0.0245144249019474,0
"661",2017,2579,"South Carolina","Quarterfinals - L",0.416565609407133,0.342763220738858,0.690460667332829,36.7779487179487,12.7676923076923,24.0102564102564,13.0220512820513,7.92153846153846,4.07487179487179,13.425641025641,20.6589743589744,72.5333333333333,63.5738461538461,0.389872992865358,0.283850318969053,0.477179020070123,8.95948717948718,70.8090051282051,1.02486847224588,0.897591909937478,8.5,0.558333333333333,0.475,5.57025641025641,1.27799135791906,0.969177433615698,5.9,0.533845211484683,0.255384615384615,0.202051282051282,0.217240547136575,0.590277777777778,5.9,0.615452180602743,5.72031177660741,1.43211523617424,0,2.22222222222222,0,1,"SEC",1,1,104.729403249985,87.6831663808615,0.885020906367275,0.831444320762105,"F4","F4 - L",0.6875,0.722648526924056,0.0351485269240557,1
"662",2017,2608,"Saint Mary's","Final - L",0.498021973031163,0.397041690401212,0.745413105413105,35.2332167832168,9.55096153846154,25.6822552447552,16.9211538461538,4.31013986013986,3.16223776223776,10.4780594405594,14.7453671328671,72.3398601398601,56.7776223776224,0.416220924651526,0.305635616819827,0.582771443634498,15.5622377622378,60.4471341783217,1.1965588488394,0.939382490627544,7,0.685714285714286,0.79,1.89230769230769,0.92544190089829,1.62314834294606,1.9,0.696543534817636,0.0566433566433567,0.413898601398601,0.5,0.357142857142857,12.2,0.68801652892562,6.18414889093748,1.4,1.4,3.25,0.2,0,"Other",0,0,118.025468181545,94.6343399751985,0.923854456094745,1.98396842815515,"R32","R32 - L",0.875,0.889422833633137,0.0144228336331369,0
"663",2017,2640,"Texas Southern","Final - W",0.428211351383044,0.299331677902323,0.717969172704119,35.5539160839161,12.2965034965035,23.2574125874126,12.0258741258741,6.7693006993007,3.15447552447552,11.556013986014,17.2348951048951,73.9921678321678,73.1094405594406,0.44959802957683,0.327001472525769,0.485711929924822,0.882727272727273,69.0615846153846,1.0709266685634,1.06001241072745,8,0.563492063492063,0.35,1.21503496503496,1.14331899067727,1.06296009072564,6.2,0.718154892998028,0.218111888111888,0.342307692307692,0.113006265383755,0.507936507936508,5.3,0.599616858237548,6.25958146406492,1.78571428571429,1,1.9,0.2,1,"Other",0,0,102.859996128194,107.202829153165,0.38332798694234,-2.15660604698415,"R64","R64 - L",0.676470588235294,0.575561536365973,-0.100909051869321,0
"664",2017,2653,"Troy","Final - W",0.453354750122987,0.363375618601207,0.714437501269085,37.8465201465201,11.2967032967033,26.5498168498168,13.3051282051282,6.37234432234432,3.83644688644689,12.696336996337,17.9410256410256,78.8619047619048,71.3932234432234,0.419313698046635,0.335682548167642,0.5260890147875,7.46868131868132,70.9710045787546,1.11184655665301,1.00794645957636,8,0.5625,0.775,1.14285714285714,1.01778567543254,1.05044326241135,2.5,0.488590978596351,0.335164835164835,0.206959706959707,0.240531127557684,0.5,13.2,0.401430225302351,4.52178857704904,0,0,2.33333333333333,0.2,1,"Other",0,0,107.006431003865,106.426624600085,0.51141075248402,-3.94947258169165,"R64","R64 - L",0.611111111111111,0.68506302847601,0.0739519173648991,0
"665",2017,2670,"VCU","Final - L",0.466091071943109,0.337352941176471,0.705048578431857,36.2974025974026,10.7863636363636,25.511038961039,15.4601731601732,7.8461038961039,4.00584415584416,12.5525974025974,20.3495670995671,75.0123376623377,65.5720779220779,0.41969037488038,0.331343443395677,0.518222587015881,9.44025974025974,69.4701482683983,1.08038041910753,0.943698591719187,9,0.366666666666667,0.475,3.57900432900433,1.22567245092457,1.26872441022848,4.6,0.682246812449505,0.212554112554113,0.138095238095238,0.139894419306184,0.666666666666667,7.3,0.638695298039323,4.62497281328427,0.77192692653363,1,2.8,0.4,0,"Other",0,0,107.543482937855,95.7314996068065,0.79092625409946,0.704486263294985,"R64","R64 - L",0.764705882352941,0.73276589471354,-0.0319399876394008,0
"666",2017,2724,"Wichita St","Final - W",0.474690402979369,0.401905033040958,0.731902154892255,41.0246753246753,12.0320346320346,28.9926406926407,16.9601731601732,7.12272727272727,3.8012987012987,11.2151515151515,19.0474025974026,82.8450216450216,62.361038961039,0.375181740274428,0.31366195739997,0.548991955418865,20.4839826839827,69.573487012987,1.19058872233024,0.896985412337628,9,0.525,0.775,6.05151515151515,1.2965293040293,1.52675824175824,1,0.588167523569177,0.0714285714285714,0.555411255411255,0.0725028924026224,0.3875,14.5,0.716216216216216,6.38519439899773,1.625,2.5,2.3,0,0,"Other",0,0,115.306589956645,92.565408614232,0.918620741704355,2.09202044597638,"R32","R32 - L",0.882352941176471,0.912903871522506,0.0305509303460354,0
"667",2017,2737,"Winthrop","Final - W",0.455855566939096,0.368508416613003,0.721858018166158,37.3412587412587,9.69737762237762,27.6438811188811,12.7377622377622,6.54003496503497,5.25174825174825,13.2951048951049,18.2041958041958,79.5575174825175,70.5826923076923,0.406343668929643,0.312630366238176,0.533602054765244,8.97482517482517,73.0931713286713,1.08933837251063,0.965531330215915,8,0.625,0.74,-0.288636363636364,1.07671703553908,0.962047803617571,3.6,0.606289701473788,0.324125874125874,0.115734265734266,0.0876139188069594,0.5,7.4,0.599126523015877,4.85981240436167,0,0,3.2,0.4,0,"Other",0,0,104.90897753108,101.92585948844,0.579729615603705,-0.83496450772715,"R64","R64 - L",0.8125,0.749336625163524,-0.0631633748364756,0
"668",2017,2752,"Xavier","Semifinals - L",0.454465337470319,0.341296560642515,0.687554257065718,38.1842948717949,12.3403846153846,25.8439102564103,15.1448717948718,6.34871794871795,2.80160256410256,12.7951923076923,18.674358974359,75.1916666666667,71.0551282051282,0.450887648741815,0.33989343986886,0.516749147144984,4.13653846153846,68.466125,1.09810770014136,1.03907612595567,7.5,0.564285714285714,0.555,3.96602564102564,0.983121286383381,1.18678183536511,2.9,0.659048046377348,0.350641025641026,0.187179487179487,0.0954004358387138,0.669642857142857,5.2,0.673083141193584,5.48063892334199,1.8294822176616,2,2.88888888888889,0.2,0,"Big East",0,1,114.33335469348,96.3568940802875,0.86598177937788,0.77514778231934,"E8","E8 - L",0.606060606060606,0.572613188747947,-0.0334474173126595,1
"669",2018,2,"Auburn","Quarterfinals - L",0.447274601172696,0.372781229918133,0.785389382778766,38.46,12.065641025641,26.394358974359,14.8994871794872,7.58358974358974,5.68461538461538,12.4758974358974,19.534358974359,84.3846153846154,72.8615384615385,0.420940715414637,0.354289697644128,0.529319969473086,11.5230769230769,73.3719769230769,1.14988389415204,0.993596307658699,9,0.577777777777778,0.613333333333333,4.7148717948718,1.23952297702298,1.1963036963037,3.2,0.574588016567956,0.13025641025641,0.225641025641026,0.164327819740554,0.555555555555556,11.6,0.642523364485981,6.06145691892802,2,0,2.33333333333333,0.2,0,"SEC",1,1,116.68051339747,96.772654901085,0.89580495691425,2.1361285939786,"R32","R32 - L",0.78125,0.751403081259512,-0.0298469187404879,0
"670",2018,8,"Arkansas","Semifinals - L",0.481327147373011,0.404141039236479,0.67833214915397,35.0076923076923,10.0089743589744,24.9987179487179,15.0794871794872,6.47692307692308,4.97051282051282,10.9525641025641,20.1448717948718,83.0923076923077,74.924358974359,0.4243309344068,0.33960613544781,0.547106527621796,8.16794871794872,72.8617628205128,1.1382148544012,1.03137132574051,9,0.422222222222222,0.658333333333333,2.25,1.32859934437441,1.38363505971554,3.2,0.831147428672483,0.205128205128205,0.341025641025641,0.117743493233126,0.5,11.4,0.656,6.21660610108486,1.5,1,2.5,0,0,"SEC",1,1,117.195691000905,99.3578231530265,0.861636762753915,1.4004518710195,"R64","R64 - L",0.676470588235294,0.648108542483443,-0.0283620457518513,0
"671",2018,9,"Arizona St","Early Round - L",0.468674710169556,0.367293428274737,0.737012571072076,35.6675213675214,10.0444444444444,25.6230769230769,14.434188034188,6.77350427350427,3.59145299145299,10.8119658119658,18.5735042735043,84.5794871794872,74.6410256410256,0.43449051203499,0.339818962299365,0.546115384670172,9.93846153846154,72.8186196581197,1.16046862320658,1.0259555689719,7.5,0.430357142857143,0.8,3.07179487179487,1.42704476374689,1.33782812931749,5,0.618112311378755,0.271794871794872,0.264102564102564,0.0843444227005871,0.535714285714286,12,0.575255118183534,4.85203026391962,0.809823746059157,0,2.55555555555556,0.2,1,"Other",0,0,118.387984337105,101.519676837886,0.81791815192538,-0.6018341688007,"First Four","First Four - L",0.645161290322581,0.708484367592991,0.0633230772704106,0
"672",2018,12,"Arizona","Final - W",0.507483039846712,0.382987450327794,0.768530494310266,36.0952380952381,9.56547619047619,26.5297619047619,15.4220238095238,4.81130952380952,4.53154761904762,12.2446428571429,17.4595238095238,80.6416666666667,70.8583333333333,0.432119098904356,0.354426645957816,0.573029524140002,9.78333333333333,68.7733273809524,1.1720749053365,1.03065614331992,7.5,0.611111111111111,0.825,0.116666666666667,0.962447217700609,1.25994453487671,3.2,0.763188397173764,0.175595238095238,0.247619047619048,0.249675701594162,0.666666666666667,8.4,0.750551876379691,6.11809719804135,2.4,2.66666666666667,2.09090909090909,0,0,"Other",0,0,117.291290351915,99.9788517007705,0.862543804443945,1.89331675833475,"R64","R64 - L",0.794117647058823,0.750141480733603,-0.0439761663252209,0
"673",2018,21,"San Diego St","Final - W",0.463581768335105,0.336694582524441,0.723633724569079,38.101048951049,11.1636363636364,26.9374125874126,15.3386363636364,6.59807692307692,3.24527972027972,11.8563811188811,16.7729020979021,78.4576923076923,66.9497377622378,0.411984973652637,0.319265118706149,0.524528253795454,11.5079545454545,70.4913653846154,1.1137619688177,0.950862490676986,9,0.65,0.526666666666667,4.49641608391608,1.19787581699346,1.32923846306199,1.7,0.476692452603194,0.188286713286713,0.399912587412587,0.279235691789759,0.45,9.8,0.610709491041327,0,0,0,3.1,0,0,"Other",0,0,109.70980426026,94.8748257522,0.84179073822805,-0.784327408997875,"R64","R64 - L",0.6875,0.757034392855017,0.0695343928550166,0
"674",2018,26,"UCLA","Semifinals - L",0.460887810560603,0.376660343281049,0.721419235448355,39.2188311688312,10.5363636363636,28.6824675324675,15.3038961038961,5.87467532467532,3.92727272727273,12.0909090909091,17.2597402597403,81.4857142857143,74.7909090909091,0.421192700047938,0.346233209329381,0.535410914253485,6.69480519480519,72.7354415584416,1.1209374477107,1.02872216603866,7.5,0.669642857142857,0.7,-0.996753246753247,0.919239130434783,1.27483695652174,3.6,0.76701695265199,0.222077922077922,0.161038961038961,0.0823160915352312,0.598214285714286,12.8,0.657103825136612,6.59714570188665,1.8,3,2.5,0.2,1,"Other",0,0,114.085958256715,101.455360164303,0.79349124300494,-0.0151281556352999,"First Four","First Four - L",0.65625,0.647564669499696,-0.00868533050030396,0
"675",2018,52,"Florida St","Early Round - L",0.480189936032959,0.356470694500201,0.681819049345523,38.1094017094017,11.617094017094,26.4923076923077,15.7615384615385,6.90940170940171,5.1957264957265,13.1564102564103,18.0376068376068,82.7683760683761,73.3641025641026,0.414006987683719,0.354103525867808,0.549020829167481,9.4042735042735,73.3707521367521,1.12748834927916,1.00146514375237,8,0.5625,0.7,1.18803418803419,1.09924315619968,1.19157004830918,3.6,0.532025120582112,0.254700854700855,0.214529914529915,0.196509845164816,0.6875,6.9,0.553846153846154,6.81454289725996,1.5,1.4,2.2,0.2,1,"ACC",1,1,114.068935074845,96.761500947068,0.85709576811288,0.475535644631315,"E8","E8 - L",0.645161290322581,0.690628731806904,0.0454674414843232,1
"676",2018,57,"Florida","Quarterfinals - L",0.437179376483192,0.37881613729215,0.721865075038425,35.4405128205128,10.9235897435897,24.5169230769231,12.9953846153846,7.15948717948718,4.67128205128205,10.0871794871795,17.2953846153846,77.4574358974359,70.1764102564103,0.432167623783869,0.35797015047341,0.510552758846408,7.28102564102564,69.3726205128205,1.11480424976569,1.01125834891739,6.5,0.702380952380952,0.55,4.42205128205128,1.421,1.30629104477612,1.2,0.250896702218861,0.223589743589744,0.188717948717949,0.0625543006081668,0.619047619047619,7,0.690257903308183,5.36597601502185,2.68681019782314,3,2.88888888888889,0.2,0,"SEC",1,1,115.98400810789,95.7411738202485,0.897634024010445,0.70329511154459,"R32","R32 - L",0.625,0.686477733929012,0.0614777339290121,0
"677",2018,93,"Murray St","Final - W",0.492229102167183,0.38527637516244,0.732963195676229,37.0548451548452,10.5896103896104,26.4652347652348,15.2647352647353,6.83616383616384,3.28491508491508,11.9492507492507,17.5391608391608,80.3088911088911,66.1825174825175,0.411258864769625,0.306771724210749,0.569200282149924,14.1263736263736,67.9639875124875,1.1811143187921,0.973688467899266,8,0.5625,0.625,1.74055944055944,1.07565969380162,1.27966215399211,2.3,0.355311241725344,0.0951048951048951,0.291808191808192,0.104210525035731,0.5,12.5,0.544462000824764,4.17438726989564,0,0,2.375,0.2,0,"Other",0,0,111.30210818789,101.31940541934,0.746546994684375,-0.18937002244969,"R64","R64 - L",0.838709677419355,0.831772731562807,-0.00693694585654836,0
"678",2018,96,"Kentucky","Final - W",0.472416068700506,0.363317244886329,0.700623661739287,39.0211538461539,12.2096153846154,26.8115384615385,13.7788461538462,5.94134615384615,5.08269230769231,13.2519230769231,18.4625,77.9865384615385,69.8759615384615,0.405873551727615,0.293034879490049,0.521839041117612,8.11057692307692,70.5870721153846,1.10468705030595,0.9914810457411,8,0.475,0.658333333333333,-0.449038461538462,0.942302813017099,1.03515375068946,4,0.647899266239906,0.296153846153846,0.129807692307692,0.131917731910063,0.375,7.1,0.782412626832018,6.78897174299217,3.88888888888889,5.42857142857143,1.33333333333333,0.2,0,"SEC",1,1,114.47510130287,95.196888057584,0.89284486984543,2.15026129399245,"S16","S16 - L",0.705882352941177,0.680048197226628,-0.0258341557145483,0
"679",2018,127,"Michigan St","Semifinals - L",0.506960723020808,0.416161321664591,0.749194597747566,41.09,10.9666666666667,30.1233333333333,19.9858333333333,4.1025,7.6425,13.2116666666667,18.0358333333333,81.9241666666667,64.2625,0.360670656609188,0.330286917026698,0.581300525112547,17.6616666666667,68.6000875,1.19259931396876,0.940174383252861,7.5,0.669642857142857,0.86,-2.9475,0.768499407019941,1.5163367969652,3.4,0.773335915063203,0.175,0.465833333333333,0.083195706028076,0.669642857142857,9.5,0.712041884816754,6.63987583382654,3.775,3.775,2.6,0.2,0,"Big Ten",0,1,119.060271765815,92.97285356904,0.943599797926315,3.98442749220805,"R32","R32 - L",0.878787878787879,0.87185105833149,-0.00693682045638877,0
"680",2018,130,"Michigan","Final - W",0.469524616541869,0.36466667441212,0.6417004048583,33.4833333333333,8.56666666666667,24.9166666666667,15.0208333333333,6.37916666666667,3.19166666666667,9.1125,15.0708333333333,74.3166666666667,62.525,0.427490819113077,0.339484078150088,0.550036986022746,11.7916666666667,65.93675,1.12687014042293,0.94917010293521,7.5,0.7125,0.57,4.5875,1.45706315752187,1.65474537447015,1.3,0.420719194066403,0.1625,0.233333333333333,0.0852097902097902,0.669642857142857,10,0.621026894865526,6.70808408385307,2.22727272727273,2.35714285714286,2.6,0,1,"Big Ten",0,1,112.94703931112,92.3937443202955,0.901914275352665,3.43802520011808,"Final","Final - L",0.8,0.796275765932727,-0.00372423406727351,1
"681",2018,142,"Missouri","Early Round - L",0.457952016997669,0.381754689356181,0.736663535409837,37.5748717948718,10.5769230769231,26.9979487179487,13.9697435897436,5.38512820512821,4.43179487179487,14.3923076923077,17.6148717948718,74.6282051282051,68.0692307692308,0.404423189157218,0.322998178877238,0.548191900358221,6.55897435897436,67.4775871794872,1.10491167193274,1.0093457875712,7.5,0.598214285714286,0.675,-3.20871794871795,0.787021575984991,0.966369606003752,6.4,0.579883039236548,0.380512820512821,0.173846153846154,0.0168937329700272,0.464285714285714,6.5,0.606074601554564,5.73009978297357,1.91275429835913,0,2.5,0.4,1,"SEC",1,1,113.687902671185,96.284933723924,0.86782915515251,0.223074930354335,"R64","R64 - L",0.625,0.652808285038446,0.0278082850384459,0
"682",2018,149,"Montana","Final - W",0.467698266822956,0.340123326089783,0.705418850155692,37.4147619047619,12.2295238095238,25.1852380952381,12.8514285714286,7.78190476190476,3.63619047619048,12.5457142857143,21.2138095238095,77.7961904761905,68.0461904761905,0.424638507917476,0.361034144643306,0.514999145647227,9.75,70.7189857142857,1.10020462214973,0.962392532467174,7,0.471428571428571,0.525,6.56857142857143,1.25389882982631,1.03729863042452,5.2,0.660598117696426,0.256190476190476,0.169047619047619,0.0367362722351121,0.714285714285714,7.1,0.588409174594323,4.59511985013459,0,0,2.75,0,0,"Other",0,0,106.929917327845,98.6420707428255,0.715796837752165,-0.559439087196125,"R64","R64 - L",0.787878787878788,0.750595995206865,-0.0372827926719226,0
"683",2018,150,"Duke","Semifinals - L",0.49407953917778,0.37829760707162,0.705872240769346,42.6371753246753,13.8915584415584,28.7456168831169,18.0662337662338,7.64431818181818,5.43392857142857,12.4920454545455,15.4441558441558,85.8345779220779,69.0279220779221,0.399431142271065,0.324852515905147,0.560943932231787,16.8066558441558,71.1826038961039,1.20271656267462,0.968183614347233,6.5,0.464285714285714,0.6,2.37402597402597,0.981330318161984,1.47209277818585,3.8,0.371024154089337,0.181655844155844,0.346753246753247,0.14459599378848,0.535714285714286,11.5,0.764453961456103,7.24565506759454,4.42424242424242,4.42424242424242,1.625,0,1,"ACC",1,1,124.146921968705,94.7000673512765,0.957477395691295,3.31794150059925,"E8","E8 - L",0.787878787878788,0.843903319149917,0.0560245312711291,1
"684",2018,152,"NC State","Early Round - L",0.472862442754352,0.371013872020391,0.700383474403288,36.1246031746032,12.268253968254,23.8563492063492,16.2126984126984,7.64047619047619,3.91349206349206,12.0809523809524,17.9944444444444,81.9206349206349,73.7523809523809,0.458709518636703,0.312569388312535,0.535780922225468,8.16825396825397,72.0267380952381,1.13713808415226,1.0248591927011,8,0.436507936507937,0.808333333333333,4.23968253968254,1.26742097701149,1.35760057471264,3.8,0.381487940216103,0.249206349206349,0.234126984126984,0.252897802631086,0.619047619047619,6.7,0.694894061645965,4.61512051684126,0.770282537859451,0,3.55555555555556,0,1,"ACC",1,1,114.128107037485,101.198827497035,0.79322006368055,0.43495536407844,"R64","R64 - L",0.65625,0.678348475668742,0.0220984756687416,0
"685",2018,153,"North Carolina","Final - L",0.468770550876612,0.373318137871368,0.737176976053579,43.070467032967,13.8842032967033,29.1862637362637,18.4787087912088,5.44766483516483,4.45054945054945,12.1326923076923,15.6171703296703,83.9388736263736,73.1821428571428,0.422093497359593,0.380924498094282,0.533626262758991,10.7567307692308,72.441926510989,1.15979885830171,1.01315824514774,5.5,0.65,0.9,3.98447802197802,0.968904374758033,1.5543788875984,0.4,0.562106494922427,0.296565934065934,0.217857142857143,0.0940808469682387,0.466666666666667,9.2,0.790697674418605,6.94022246911964,4.05555555555556,4.88461538461539,2.4,0,0,"ACC",1,1,120.20273870047,95.9058827083825,0.93071699814856,3.55795075899375,"R32","R32 - L",0.714285714285714,0.72777916486897,0.0134934505832559,0
"686",2018,156,"Creighton","Quarterfinals - L",0.501415319661814,0.377377901893888,0.748947710883783,36.7738095238095,7.33253968253968,29.4412698412698,18.4079365079365,5.62063492063492,2.71746031746032,11.1198412698413,14.9253968253968,85.4690476190476,73.4785714285714,0.428671719974326,0.320246033047312,0.586963159445804,11.9904761904762,73.6132817460317,1.15977170783029,0.999294745776127,8,0.6375,0.8,-1.24920634920635,1.07273848361529,1.66191997668135,1.4,0.55591154057231,0.191269841269841,0.334126984126984,0.123600409922314,0.75,6,0.596590909090909,6.2709884318583,1,1,3,0.2,1,"Big East",0,1,117.261467908585,96.8503149940455,0.899902582035655,1.02573705513091,"R64","R64 - L",0.65625,0.749026389058402,0.0927763890584024,0
"687",2018,166,"New Mexico St","Final - W",0.459699921632141,0.326938274491466,0.639602067709571,41.4225,12.785,28.6375,13.7641666666667,5.4875,3.18666666666667,12.6216666666667,17.7958333333333,75.5775,63.3358333333333,0.391766304516572,0.312527348490635,0.522604126508142,12.2416666666667,69.7121125,1.08389022751843,0.908686495845989,9,0.422222222222222,0.458333333333333,5.44666666666667,1.10991447108492,1.08984855600587,1.8,0.736554176964295,0.2575,0.3475,0.192472648319423,0.555555555555556,9,0.62580859822056,3.52636052461616,0,0,2.3,0.2,0,"Other",0,0,106.70473644888,94.120321404617,0.80870850642645,0.673402936314155,"R64","R64 - L",0.848484848484849,0.817100124179362,-0.0313847243054861,0
"688",2018,179,"St Bonaventure","Semifinals - L",0.454733480975491,0.394201190470744,0.763912745058757,35.9087412587413,10.438548951049,25.4701923076923,14.1978146853147,7.15,3.7743006993007,11.4716783216783,20.1630244755245,78.4381118881119,69.9358391608392,0.413120150249262,0.310228103090747,0.52270454843953,8.50227272727273,69.8527993881119,1.12267551208075,1.00176133548745,7.5,0.333333333333333,0.833333333333333,2.65428321678322,1.2857969624967,1.23754162787574,7.3,0.80833382762482,0.30270979020979,0.152884615384615,0.209896348303026,0.527777777777778,4.9,0.514522821576763,6.18001665365257,1,1,3,0.2,0,"Other",0,0,110.045479542145,99.718042452935,0.7544808140852,0.715906077292955,"R64","R64 - L",0.78125,0.689612046843687,-0.0916379531563125,0
"689",2018,183,"Syracuse","Early Round - L",0.423370761646304,0.320749453034374,0.735397436935934,37.3842532467532,12.1694805194805,25.2147727272727,11.2938311688312,7.51185064935065,5.67678571428571,12.337987012987,15.9972402597403,67.9821428571429,63.5025974025974,0.398391608637583,0.335464910941247,0.480314199660772,4.47954545454545,64.6005941558441,1.05243756583958,0.984534486357927,7,0.5,0.266666666666667,3.19350649350649,1.10273970411835,0.926043982407037,6.1,0.488488072606951,0.275974025974026,0.0714285714285714,0.0775153320661452,0.354166666666667,7.1,0.737692872887583,7.21670948670946,2.828125,2.828125,2,0.2,1,"ACC",1,1,106.092958735495,92.5557862670045,0.826353804141405,-0.21148921713895,"S16","S16 - L",0.606060606060606,0.596452941874993,-0.00960766418561299,0
"690",2018,194,"Ohio State","Quarterfinals - L",0.491751791814053,0.357647579156211,0.730707823421112,36.4777777777778,9.56388888888889,26.9138888888889,14.9027777777778,5.94444444444444,3.90972222222222,11.9125,17.2361111111111,76.4763888888889,66.5597222222222,0.414366020587016,0.34488540066152,0.551930925190607,9.91666666666667,67.908125,1.12789028246307,0.98117651658742,7.5,0.401785714285714,0.866666666666667,1.11805555555556,1.03156054431716,1.27224272368939,5,0.442769507378225,0.175,0.319444444444444,0.112509273561905,0.464285714285714,12.7,0.577242595448141,5.29831736654804,1.47385148903353,0,2.7,0,1,"Big Ten",0,1,115.774848308445,93.475312050558,0.920157750665895,2.25672834614299,"R32","R32 - L",0.75,0.750805451647223,0.000805451647222566,0
"691",2018,201,"Oklahoma","Early Round - L",0.472969113817464,0.376214271749756,0.748400587759813,38.68,10.09,28.59,15.875,6.705,5.03166666666667,13.09,17.1583333333333,87.7466666666667,80.945,0.437202875184737,0.356580257502267,0.55332421897903,6.80166666666667,77.594225,1.12893172271809,1.04435623789645,8.5,0.527777777777778,0.7,-1.65166666666667,1.02785153041068,1.22617187255043,1.4,0.705924945389426,0.256666666666667,0.273333333333333,0.0877781145993192,0.527777777777778,5.1,0.612016293279022,6.89060912014717,2,2.875,2.5,0,1,"Big12",1,1,116.910622237005,99.0276061585495,0.86053218337248,0.54059258735865,"R64","R64 - L",0.580645161290323,0.58967309749604,0.00902793620571762,0
"692",2018,219,"Penn","Final - W",0.457470690584069,0.346912749788911,0.660519943927616,38.1761904761905,8.96190476190476,29.2142857142857,15.4238095238095,5.95555555555556,2.81269841269841,12.0047619047619,17.3428571428571,76.4920634920635,68.6309523809524,0.413310370858106,0.293876365514379,0.536578505573722,7.86111111111111,71.7582103174603,1.0659620500926,0.956598744775305,7,0.657142857142857,0.393333333333333,0.992857142857143,1.04732972136223,1.29152476780186,3.8,0.763808439016073,0.276190476190476,0.198412698412698,0.0701809835839229,0.214285714285714,9,0.476595744680851,6.15485809401642,1.66666666666667,0,2.66666666666667,0,0,"Other",0,0,102.99169724335,97.5173537671635,0.65192845326608,-1.6473876657392,"R64","R64 - L",0.75,0.714918441538345,-0.0350815584616545,0
"693",2018,222,"Villanova","Final - W",0.508991340086562,0.403028203859476,0.768217468805704,35.3093073593074,9.33831168831169,25.9709956709957,16.8502164502165,6.81190476190476,4.04393939393939,10.0937229437229,15.7424242424242,87.8623376623377,70.7028138528139,0.435964730617816,0.329319672228879,0.600811546244305,17.1595238095238,70.5454004329004,1.24550873524117,1.00237248081461,7.5,0.875,0.9,2.9469696969697,1.34352772890373,1.69960308114324,2.6,0.51490491816969,0.0878787878787879,0.435497835497835,0.144745926825621,0.669642857142857,8.9,0.673740053050398,6.62671774924902,2.57142857142857,2.83333333333333,2.75,0.2,1,"Big East",0,1,127.53258709563,95.30640904553,0.9660691453929,5.3168060958025,"Final","Final - W",0.882352941176471,0.85418855920823,-0.028164381968241,1
"694",2018,227,"Rhode Island","Final - L",0.458114615077833,0.346007475365274,0.71338000273216,34.2875,11.1458333333333,23.1416666666667,15.0625,7.79166666666667,3.60416666666667,10.8333333333333,19.2708333333333,75.7125,67.1166666666667,0.452465599384676,0.329347165313034,0.513638499367822,8.59583333333333,69.2382291666667,1.09347051481851,0.969296965949132,8,0.5625,0.575,7.91666666666667,1.49451782945736,1.3925984496124,3.4,0.631922196497943,0.220833333333333,0.3125,0.0891073740070147,0.75,5,0.56770958369825,5.40717177146012,0.902479139940852,1,3.22222222222222,0.2,0,"Other",0,0,110.138033712705,96.2960925875785,0.82399105898589,0.81223982240329,"R32","R32 - L",0.78125,0.729008164052407,-0.0522418359475929,0
"695",2018,228,"Clemson","Semifinals - L",0.458329364414792,0.371925433107173,0.758134793806436,35.8386363636364,8.95480769230769,26.8838286713287,13.6518356643357,5.9215034965035,5.14956293706294,11.9057692307692,15.8251748251748,74.4296328671329,64.6895104895105,0.405033784866124,0.348242104893775,0.534105437566192,9.74012237762238,67.8390227272727,1.0964161524396,0.954683491823307,6.5,0.619047619047619,0.775,-0.182954545454545,1.06154593674919,1.15891603127375,2,0.800708684835735,0.242832167832168,0.247989510489511,0.13264480313175,0.464285714285714,6.3,0.607515657620042,6.17378610390194,1,1,3.33333333333333,0,0,"ACC",1,1,111.35506680709,93.281997539286,0.88428741460762,1.9780285156223,"S16","S16 - L",0.71875,0.715949358439401,-0.00280064156059889,0
"696",2018,232,"Charleston","Final - W",0.456708274060345,0.367172434791434,0.758692367919015,32.5455128205128,8.12371794871795,24.4217948717949,11.5176282051282,5.10288461538462,3.55320512820513,9.37307692307692,16.0788461538462,74.5471153846154,67.1240384615385,0.429764905941706,0.346146888827824,0.531149981056541,7.42307692307692,66.2811298076923,1.12652342259306,1.01310150641679,6.5,0.795238095238095,0.71,1.37339743589744,1.38112011380505,1.30668913904008,2.2,0.664435843959041,0.23525641025641,0.113461538461538,0.105558995679636,0.619047619047619,5.3,0.537261548866063,4.60517018598809,0,0,3.33333333333333,0,0,"Other",0,0,104.791831539635,103.617883237157,0.52995810112937,-1.05134764067303,"R64","R64 - L",0.787878787878788,0.68086898240843,-0.107009805470358,0
"697",2018,245,"Texas A&M","Early Round - L",0.458914358950155,0.329282769396796,0.674438757183908,42.0148717948718,12.6235897435897,29.3912820512821,16.1297435897436,5.75641025641026,6.01384615384615,13.4589743589744,16.6010256410256,75.9528205128205,68.7958974358974,0.395185217748828,0.318148592230906,0.515610757311137,7.15692307692308,70.8133487179487,1.07195158382177,0.973441236968806,9.5,0.472222222222222,0.375,-1.11692307692308,0.851141507659894,1.21536353229643,1.2,0.442708061111491,0.238461538461538,0.187179487179487,0.46830911072143,0.577777777777778,7.2,0.552542372881356,6.3818160174061,1.66666666666667,3,2.5,0,1,"SEC",1,1,110.030301052155,92.4674538451625,0.87471716723649,0.96436505156401,"S16","S16 - L",0.625,0.64940055291927,0.0244005529192703,0
"698",2018,248,"Houston","Final - L",0.474257481753116,0.395672485879107,0.715865800865801,39.0137987012987,11.7545454545455,27.2592532467532,15.1772727272727,6.4599025974026,3.10779220779221,12.3310064935065,20.8900974025974,78.5543831168831,64.2089285714286,0.392902347433446,0.317421680702501,0.549138826433562,14.3454545454545,68.2893344155844,1.15039163428887,0.939712245783691,7.5,0.472222222222222,0.866666666666667,3.80892857142857,1.10135595863369,1.23727645820486,4.9,0.686435220457845,0.270616883116883,0.364935064935065,0.0742349829996222,0.611111111111111,11.1,0.643048128342246,6.61873898351722,1.67857142857143,0,2.6,0.2,0,"Other",0,0,114.267275732865,95.4955529346385,0.87942228495918,1.23325369115406,"R32","R32 - L",0.787878787878788,0.819990830116172,0.0321120422373843,0
"699",2018,251,"Texas","Quarterfinals - L",0.444431892171463,0.308650808714869,0.667467798645056,36.1018648018648,10.5939393939394,25.5079254079254,11.613986013986,6.17296037296037,5.23076923076923,11.8687645687646,16.0990675990676,72.8275058275058,67.2382284382284,0.413299948849135,0.324794953014465,0.505241772283611,5.58927738927739,69.3730792540793,1.04946835750482,0.970213493214949,8.5,0.763888888888889,0.321428571428571,1.22470862470862,1.10335007349339,0.978522782949535,2.7,0.597216902260026,0.372960372960373,0.133566433566434,0.408462200626494,0.645833333333333,4.6,0.676782763308139,5.65599181081985,1.8093490974541,1,2,0.2,1,"Big12",1,1,107.63887140434,91.3295606605485,0.86756229483003,0.67474945653809,"R64","R64 - L",0.575757575757576,0.606384423905901,0.0306268481483255,0
"700",2018,258,"Virginia","Final - W",0.463302798102272,0.391670721584567,0.756763431753488,32.7705128205128,8.43173076923077,24.3387820512821,13.7647435897436,6.96666666666667,3.83108974358974,8.70705128205128,13.7910256410256,68.1009615384615,53.3387820512821,0.374509430174302,0.302830701559295,0.534702474096028,14.7621794871795,60.6128076923077,1.12311878990032,0.881045541007145,7,0.5,0.708333333333333,4.0323717948718,1.4977936582318,1.5860824742268,0.9,0.740200957280448,0.163461538461538,0.340064102564103,0,0.645833333333333,7.7,0.688129735474686,5.92425579741453,1.83631051332286,1.8,3.375,0.2,1,"ACC",1,1,114.572191371925,84.6240547672825,0.970184963556245,5.62863432148445,"R64","R64 - L",0.939393939393939,0.883076331980087,-0.0563176074138521,0
"701",2018,259,"Virginia Tech","Early Round - L",0.501332940879657,0.384413188680405,0.707013368609447,33.3015873015873,7.4,25.9015873015873,16.5674603174603,5.65238095238095,2.41825396825397,11.9738095238095,15.6698412698413,80.7039682539683,71.6047619047619,0.425139678352141,0.33672052955066,0.576377767260549,9.09920634920635,70.9984404761905,1.1340568108499,1.0110036140782,7.5,0.564285714285714,0.735,-1.98571428571429,1.10871376994972,1.3832754102417,3.6,0.807240051043101,0.157936507936508,0.363492063492063,0.104994101454974,0.803571428571429,10,0.606010923290428,5.83188247728352,1.94673019640866,1,2.77777777777778,0,0,"ACC",1,1,113.963025103045,98.4464233225915,0.84148546167252,0.670400575588075,"R64","R64 - L",0.65625,0.71212474628425,0.0558747462842499,0
"702",2018,276,"Marshall","Final - W",0.470032106651111,0.355620408585926,0.765585758815583,36.7309523809524,8.42619047619048,28.3047619047619,17.9809523809524,6.87142857142857,6.32142857142857,13.6357142857143,17.0333333333333,85.0690476190476,79.0666666666667,0.440584246281003,0.360453143906813,0.553311047166622,6.00238095238095,77.3734404761905,1.09912174359577,1.02221367210801,7.5,0.777777777777778,0.616666666666667,-3.47380952380952,1.06688858283983,1.31637308910618,3.2,0.459365316611187,0.226190476190476,0.185714285714286,0.217932762601474,0.555555555555556,6.4,0.510026252559697,4.61512051684126,0,0,2.55555555555556,0.2,0,"Other",0,0,107.61246733845,103.60080835515,0.605570528762645,-1.25312060967585,"R32","R32 - L",0.705882352941177,0.639700248884744,-0.0661821040564324,0
"703",2018,277,"West Virginia","Final - L",0.43560516623388,0.351593142141087,0.765881302333804,38.5830769230769,14.3025874125874,24.2804895104895,15.2848251748252,8.4865034965035,5.29874125874126,11.2795104895105,21.1384615384615,81.0091608391608,67.7731468531469,0.416460084033613,0.36624151125336,0.506865186656939,13.236013986014,70.960622027972,1.14153774641565,0.958091292911538,7.5,0.598214285714286,0.525,10.0912587412587,1.54145377318531,1.35837625886957,3.2,0.650795965748967,0.183006993006993,0.329230769230769,0.219768054983421,0.598214285714286,10.7,0.710076045627376,6.95939851213398,2,2.4375,2.5,0.2,0,"Big12",1,1,117.61977000009,94.8323801390305,0.9204561600832,2.2889565656466,"S16","S16 - L",0.705882352941177,0.773978092663915,0.068095739722739,0
"704",2018,288,"Lipscomb","Final - W",0.452037548120258,0.329638014435054,0.710221590214643,38.8728571428571,10.66,28.2128571428571,15.6,6.47357142857143,3.14571428571429,15.01,20.0078571428571,81.7164285714286,76.9178571428571,0.445250515246264,0.336679803435022,0.520689795071765,4.79857142857143,77.4210678571429,1.05604257534819,0.992398879648357,7.5,0.535714285714286,0.575,2.38285714285714,1.05147374951938,1.07450758502569,4.9,0.687966435209088,0.175714285714286,0.202857142857143,0.105756069125591,0.598214285714286,7.8,0.474224678795111,5.23644196282995,0,0,2.9,0,0,"Other",0,0,102.097268228983,100.833409121844,0.53812235397894,-1.57436097930179,"R64","R64 - L",0.71875,0.632786057396301,-0.0859639426036986,0
"705",2018,314,"Iona","Final - W",0.458289588657614,0.386980278279594,0.736497330623036,34.0933333333333,8.80142857142857,25.2919047619048,16.0680952380952,6.67857142857143,3.09571428571429,11.8719047619048,17.3533333333333,79.2638095238095,76.1138095238095,0.458467054553174,0.351954690661925,0.542041931586732,3.15,72.5486119047619,1.09243379429099,1.04929152376488,7.5,0.732142857142857,0.84,-0.532857142857143,1.15551650619301,1.35713075054923,4.2,0.586617210553277,0.425238095238095,0.0866666666666667,0.323152638355374,0.866071428571429,8.3,0.669563279395844,5.48479693349065,0.915435097773901,1,3.5,0.2,0,"Other",0,0,108.92488654443,107.22777715621,0.5449204297545,-3.63081310619565,"R64","R64 - L",0.606060606060606,0.600534080919405,-0.00552652514120122,0
"706",2018,333,"Alabama","Semifinals - L",0.463773979187073,0.336956705162685,0.665116745566878,36.6564102564103,10.1089743589744,26.5474358974359,12.9474358974359,6.53589743589744,5.79358974358974,14.1833333333333,18.9192307692308,73.5551282051282,69.674358974359,0.412026160035873,0.321008727929374,0.523824237007886,3.88076923076923,70.1434743589744,1.0480510004088,0.993602388677403,8.5,0.379166666666667,0.583333333333333,-2.28333333333333,0.951878062057703,0.91253297600603,4.5,0.555305647372364,0.364102564102564,0.198717948717949,0.277649713695939,0.590277777777778,4.9,0.56953132763154,4.21950770517611,0,0,2.18181818181818,0.2,0,"SEC",1,1,106.809605165835,95.186280566393,0.78703636612346,-0.564086865167545,"R32","R32 - L",0.558823529411765,0.571491153398524,0.0126676239867595,0
"707",2018,2083,"Bucknell","Final - W",0.473373214705381,0.345070053283954,0.714467940020179,36.3575757575758,9.25310245310245,27.1044733044733,14.6523088023088,5.52720057720058,4.28427128427128,12.451443001443,18.8172438672439,81.3134920634921,74.0484126984127,0.428594653601246,0.333050397626563,0.545480799947573,7.26507936507937,73.2672716450217,1.10984147466141,1.01009631104759,8,0.525,0.52,-1.03593073593074,1.00910536481546,1.18736203926732,2,0.587503034692398,0.291341991341991,0.265728715728716,0.228099189069721,0.5,6.4,0.639346105357351,4.20469261939097,0.701780438877925,1,2.88888888888889,0.2,0,"Other",0,0,108.193230480095,102.89820674012,0.64081053556594,-1.49874049415553,"R64","R64 - L",0.735294117647059,0.716517696269489,-0.0187764213775696,0
"708",2018,2084,"Buffalo","Final - W",0.469358463462133,0.370747474747475,0.697467693810679,38.8192307692308,12.2833333333333,26.5358974358974,17.1820512820513,6.36410256410256,4.07307692307692,12.825641025641,21.4551282051282,84.7384615384615,76.5602564102564,0.431762158866673,0.344282296650718,0.544839084658692,8.17820512820513,74.6948653846154,1.1350790350646,1.0248153322466,7.5,0.689285714285714,0.555,2.91666666666667,1.12355233002292,1.37230965113318,5.9,0.690791301316685,0.242307692307692,0.155128205128205,0.0660311624112367,0.803571428571429,6.3,0.56953132763154,4.21950770517611,0.704253137442467,1,2.2,0.2,1,"Other",0,0,112.87601240196,102.987505565035,0.73355345766181,-0.646032219327371,"R32","R32 - L",0.764705882352941,0.722780375838564,-0.041925506514377,0
"709",2018,2086,"Butler","Semifinals - L",0.476864035346685,0.361165721244481,0.772303499713138,34.0958333333333,9.22166666666667,24.8741666666667,14.2375,6.93083333333333,3.07083333333333,11.155,18.2025,79.9541666666667,72.1133333333333,0.447163063362546,0.372652592618997,0.546613817970391,7.84083333333333,71.23545,1.1225916680793,1.01278093076953,8,0.5,0.575,4.35416666666667,1.29793451338287,1.300543499996,4.6,0.634402406896799,0.2325,0.2325,0.0980357769203788,0.625,6.5,0.433417243134235,3.58351893845611,0,0,2.875,0.2,0,"Big East",0,1,114.897611669305,95.301168823703,0.89514865174176,0.858814944732205,"R32","R32 - L",0.606060606060606,0.67205879017803,0.0659981841174238,0
"710",2018,2132,"Cincinnati","Final - W",0.45864522115682,0.366204785051449,0.685394479943202,39.5267857142857,13.2797619047619,26.2470238095238,16.6244047619048,7.70714285714286,5.65535714285714,11.6958333333333,15.9,76.8017857142857,57.9464285714286,0.372390078602442,0.313418005157593,0.525131035457868,18.8553571428571,67.3290357142857,1.13920056542797,0.861785241949482,8,0.577777777777778,0.74,6.62916666666667,1.31353772011121,1.4275649940421,0.2,0.528558376512993,0.104166666666667,0.523214285714286,0.109042864149093,0.619047619047619,13.1,0.658064516129032,6.14418563412565,1.22222222222222,1.28571428571429,2.8,0.2,0,"Other",0,0,111.02772176977,86.0201935659905,0.94896272539382,2.98743487268535,"R32","R32 - L",0.882352941176471,0.906960644007078,0.0246077028306072,0
"711",2018,2166,"Davidson","Final - W",0.479755981029519,0.383504405884865,0.790107757618952,32.9856060606061,7.07121212121212,25.9143939393939,16.980303030303,4.7469696969697,2.01212121212121,9.74772727272727,15.5257575757576,76.45,68.425,0.440050808897947,0.3500891000891,0.571148750238442,8.025,66.2916212121212,1.15461919270236,1.03068658569908,7,0.671428571428571,0.685,0.152272727272727,1.12881953836015,1.77073607899459,2.1,0.458992190321625,0.229545454545455,0.321212121212121,0.0384078212290503,0.571428571428571,8.3,0.619047619047619,6.75925527066369,1.25,1.25,3.28571428571429,0.2,0,"Other",0,0,115.581023845765,103.16907338743,0.76728240840161,-1.4188758679366,"R64","R64 - L",0.65625,0.742960810201245,0.0867108102012454,0
"712",2018,2239,"Fullerton","Final - W",0.463020390801619,0.334885578997077,0.740522338366241,35.3450757575758,9.18712121212121,26.1579545454545,13.1087121212121,6.43636363636364,3.29734848484848,14.1905303030303,18.2049242424242,73.1204545454545,69.8363636363636,0.412057271777173,0.335171148772213,0.514965313557652,3.28409090909091,70.0591401515152,1.04417605247444,0.99684252505807,7,0.328571428571429,0.7,-1.78333333333333,0.958044195226858,0.941918349967886,3.2,0.685899910738774,0.281439393939394,0.143181818181818,0.0798110392839383,0.571428571428571,2.5,0.424008834164026,4.8283137373023,0,0,2.25,0.2,0,"Other",0,0,101.939570904557,103.530260738995,0.455329952848645,-2.7233757709194,"R64","R64 - L",0.645161290322581,0.594714738065625,-0.0504465522569558,0
"713",2018,2247,"Georgia St","Final - W",0.460441284250755,0.383659632223887,0.67596964745487,33.8,8.88666666666667,24.9133333333333,13.2266666666667,7.41333333333333,4.67333333333333,11.28,18.12,75.2466666666667,67.7866666666667,0.395713700397444,0.347658846454027,0.539381754401221,7.46,69.0851333333333,1.08932859165639,0.980818046362925,6.5,0.773809523809524,0.6,0.453333333333333,1.29724733052287,1.17544408197094,6.2,0.474417958357638,0.253333333333333,0.226666666666667,0.0465031124130355,0.535714285714286,9.5,0.576214405360134,6.39359075395063,1,1,3.25,0,0,"Other",0,0,106.22007631568,100.147304660145,0.659504573271955,-2.52897150396675,"R64","R64 - L",0.705882352941177,0.724997837300426,0.0191154843592496,0
"714",2018,2250,"Gonzaga","Final - W",0.5001484608994,0.370044016675441,0.717949463535998,39.8666666666667,11.3047619047619,28.5619047619048,15.7595238095238,6.65,3.80238095238095,11.15,16.7190476190476,84.8547619047619,67.302380952381,0.406985422432059,0.354006606551912,0.576152325382345,17.552380952381,70.3890714285714,1.20472186399106,0.955638261854392,7,0.642857142857143,0.53,3.98571428571429,1.1572672004827,1.43821305404403,5.7,0.490462138761577,0.126190476190476,0.402380952380952,0.0528089887640449,0.428571428571429,15.2,0.816558441558442,6.42486902390539,1.97222222222222,1.97222222222222,2.75,0,1,"Other",0,0,118.55207958363,95.3490088856315,0.92439600413707,2.4316242023131,"S16","S16 - L",0.882352941176471,0.878747126602779,-0.00360581457369125,0
"715",2018,2305,"Kansas","Final - W",0.501444611117016,0.406180173111642,0.711569647722481,35.8812587412587,9.58545454545455,26.2958041958042,17.5122377622378,6.88706293706294,4.37769230769231,11.6446153846154,15.0297902097902,82.8658041958042,70.2181118881119,0.416561044220581,0.329646795243526,0.584884629041533,12.6476923076923,70.4352073426573,1.17540947713046,0.9993584180536,7,0.571428571428571,0.825,-0.603986013986014,1.13762838468721,1.50305735930736,2.5,0.80012875279825,0.26965034965035,0.299230769230769,0.0155980861244019,0.714285714285714,11.5,0.763480392156863,6.70563909486,2.89473684210526,3.14285714285714,2.71428571428571,0,0,"Big12",1,1,121.59898463566,94.447237128083,0.94315392713799,4.08283205651395,"F4","F4 - L",0.794117647058823,0.767324871091624,-0.0267927759671993,1
"716",2018,2306,"Kansas St","Semifinals - L",0.472597749801381,0.345315001265065,0.743023649859074,31.3130769230769,8.58,22.7330769230769,14.7707692307692,7.81692307692308,2.99307692307692,11.2492307692308,18.4753846153846,73.3130769230769,66.6153846153846,0.419184609508139,0.327037326742371,0.537695687351979,6.69769230769231,66.3762538461538,1.10476899997692,1.00320964096446,7,0.642857142857143,0.55,1.06615384615385,1.29363881198087,1.32954603574125,4.1,0.737026114662978,0.265384615384615,0.212307692307692,0.0862858835528092,0.571428571428571,8.4,0.64937106918239,6.45676965557216,1.86363636363636,1,2.3,0.2,0,"Big12",1,1,112.876670814625,96.0605978044055,0.864240287977045,1.26496461820172,"E8","E8 - L",0.666666666666667,0.634189144861119,-0.0324775218055481,1
"717",2018,2350,"Loyola Chicago","Final - W",0.510605494142388,0.399872855364789,0.727933557420475,32.6683441558442,6.46688311688312,26.201461038961,15.8913961038961,6.41720779220779,2.55568181818182,12.4907467532468,13.8784090909091,73.3214285714286,63.0853896103896,0.412318708320033,0.332106981895959,0.58413785686606,10.236038961039,66.1524910714286,1.10844478215798,0.953213939562395,8.5,0.521428571428571,0.92,-2.03084415584416,1.0604143444238,1.28180093452683,0,0.468525657896688,0.163474025974026,0.307467532467532,0.174365490330357,0.757142857142857,8.8,0.485,5.99396142730657,0,0,2.66666666666667,0,0,"Other",0,0,108.207147023655,97.1896524652295,0.756531358808465,0.99221314044187,"F4","F4 - L",0.848484848484849,0.786328791173557,-0.0621560573112918,1
"718",2018,2378,"UMBC","Final - W",0.444415347654013,0.38702096053652,0.649788109536843,35.1366666666667,10.29,24.8466666666667,15.6266666666667,7.54444444444444,2.41666666666667,12.2566666666667,16.5466666666667,74.7144444444445,69.9633333333333,0.442332488510408,0.354482106415808,0.533243708063881,4.75111111111111,69.2690611111111,1.07737986532177,1.00943713207769,7.5,0.703571428571429,0.723333333333333,3.35888888888889,1.22854840240661,1.27860170419697,2.6,0.758595300584155,0.196666666666667,0.337777777777778,0.348675362887407,0.401785714285714,7.1,0.568406183271358,3.98898404656427,0,0,2.5,0.2,0,"Other",0,0,103.248055942571,106.54220556149,0.412476908733695,-2.41045443191285,"R32","R32 - L",0.705882352941177,0.630166100293108,-0.0757162526480686,0
"719",2018,2390,"Miami","Quarterfinals - L",0.465216483035143,0.359125900881843,0.656712721584984,35.1794871794872,9.91452991452991,25.2649572649573,13.3358974358974,6.52051282051282,4.0025641025641,11.4119658119658,16.0324786324786,74.0230769230769,66.3025641025641,0.420770927971974,0.31719294364322,0.532439303772904,7.72051282051282,68.2917222222222,1.08393564207064,0.970868808297919,8.5,0.590277777777778,0.54,1.82478632478632,1.15502048466997,1.16985125184094,1.4,0.861199082903582,0.265811965811966,0.192307692307692,0.145639577022994,0.708333333333333,9.9,0.605839416058394,6.86693328446188,2.1875,2.33333333333333,2.22222222222222,0.2,1,"ACC",1,1,111.525435825125,94.242279165127,0.87323653804369,1.3451084596168,"R64","R64 - L",0.709677419354839,0.677397855383814,-0.0322795639710252,0
"720",2018,2428,"NC Central","Final - W",0.471218204873145,0.351531360799822,0.695990154855912,37.9547619047619,11.3172619047619,26.6375,15.8970238095238,5.19642857142857,3.47559523809524,13.8559523809524,18.3994047619048,73.6273809523809,68.7714285714286,0.416413011922849,0.333422552290477,0.525536507740718,4.85595238095238,69.0169732142857,1.06710418240605,0.9960024519723,8.5,0.273611111111111,0.45,-0.694642857142857,0.872130376166433,1.17204146730463,3.3,0.587108269898692,0.123214285714286,0.198809523809524,0.272148434325281,0.645833333333333,7.9,0.597168257270144,5.54517744447956,0.925512852639037,1,2.16666666666667,0.4,0,"Other",0,0,97.5509679588655,111.267988620065,0.182403938319075,-5.999947439235,"First Four","First Four - L",0.558823529411765,0.599182193018688,0.0403586636069235,0
"721",2018,2430,"UNC Greensboro","Final - W",0.446444062798142,0.35987626408679,0.696024895041466,36.7565476190476,11.6732142857143,25.0833333333333,14.189880952381,8.10952380952381,4.06309523809524,13.7446428571429,18.1845238095238,73.6494047619048,61.5535714285714,0.404554170868949,0.311227016134079,0.531648569552495,12.0958333333333,68.4152559523809,1.07662001038127,0.900108937107662,7.5,0.535714285714286,0.425,6.1172619047619,1.16221553944004,1.04122313112104,4.4,0.723857784828402,0.24702380952381,0.217857142857143,0.101533723853578,0.464285714285714,10.5,0.474224678795111,5.23644196282995,0,0,2.9,0,0,"Other",0,0,103.21595069173,96.5708352964435,0.679702419701265,-0.77277883394885,"R64","R64 - L",0.794117647058823,0.803289731236574,0.00917208417775073,0
"722",2018,2440,"Nevada","Semifinals - L",0.468681640505135,0.398693181347163,0.744556553324589,36.3225,9.5775,26.745,16.8075,6.38625,4.04,9.8625,17.12375,83.185,72.40875,0.428419723995688,0.314636722613574,0.550811735763566,10.77625,71.11754375,1.16970186056249,1.01773080778563,7,0.5,0.758333333333333,2.08,1.35364705882353,1.72905882352941,5.3,0.492444098087428,0.17375,0.22,0.216759812095685,0.428571428571429,7.6,0.683709335326838,4.30406509320417,0.71836611221904,1,3.71428571428571,0,0,"Other",0,0,118.008104685165,101.287464476742,0.84593651799398,1.24646977976555,"S16","S16 - L",0.794117647058823,0.755300840771584,-0.0388168062872394,0
"723",2018,2507,"Providence","Final - L",0.446382365158367,0.341501000664287,0.700563575612689,35.98,10.7066666666667,25.2733333333333,13.9466666666667,7.00666666666667,3.8,12.7466666666667,17.7133333333333,74.3466666666667,72.5133333333333,0.442880393817427,0.320385346957229,0.505039716223514,1.83333333333333,70.4274333333333,1.05532576685318,1.02990466478442,8.5,0.435714285714286,0.65,1.43333333333333,1.07161371939019,1.09813598048201,3.2,0.861109461635082,0.346666666666667,0.153333333333333,0.308772490035015,0.635714285714286,5.2,0.590965765905757,5.89989735358249,0.984717059943267,1,2.8,0.2,0,"Big East",0,1,108.688004318795,96.907115464673,0.78314444120553,0.98134353709769,"R64","R64 - L",0.617647058823529,0.530202782757332,-0.0874442760661979,0
"724",2018,2509,"Purdue","Final - L",0.498455883726215,0.420875923819797,0.739555491551459,35.3121212121212,8.60189393939394,26.7102272727273,16.9943181818182,6.25492424242424,5.37916666666667,10.8465909090909,15.4772727272727,82.0363636363636,65.1215909090909,0.407305338914484,0.340442707752681,0.582196171819501,16.9147727272727,68.8543333333333,1.19050473485844,0.948813351624662,8,0.625,0.9,0.0655303030303029,1.17036319612591,1.5687525782441,1,0.564104838985483,0.318560606060606,0.415530303030303,0.0769937803324365,0.625,13.6,0.663615560640732,6.08221891037645,1.6,1.66666666666667,3,0,0,"Big Ten",0,1,122.879978124295,93.8082948502715,0.957094456311395,3.8135164324423,"S16","S16 - L",0.823529411764706,0.860919027543372,0.0373896157786662,0
"725",2018,2515,"Radford","Final - W",0.426236606697008,0.349284385999867,0.714977042844806,34.9568542568543,11.6901154401154,23.2667388167388,12.2263347763348,6.11082251082251,2.98932178932179,12.170202020202,16.5604617604618,67.6036075036075,64.8248917748918,0.428330325891301,0.346316889146004,0.49642662128034,2.77871572871573,64.0635014430014,1.05532278737744,1.01153884881337,8.5,0.658333333333333,0.6,3.19365079365079,1.05598179519595,1.00738204804046,2.7,0.540203165865053,0.318903318903319,0.120923520923521,0.046815042210284,0.645833333333333,6.2,0.490592548757399,5.28320372873799,0,0,2.4,0,0,"Other",0,0,101.627882794175,103.192588727665,0.4562848247442,-3.24483155916905,"R64","R64 - L",0.647058823529412,0.596727927306109,-0.0503308962233028,0
"726",2018,2550,"Seton Hall","Quarterfinals - L",0.466918701840112,0.357936432957689,0.688313082965145,38.5314285714286,12.3028571428571,26.2285714285714,15.792380952381,6.54,3.58857142857143,12.8914285714286,17.7238095238095,78.6742857142857,71.927619047619,0.429126949543874,0.32843117245946,0.527773965974743,6.74666666666667,71.2227333333333,1.1044177476839,1.01058762699128,7.5,0.401785714285714,0.8,2.13238095238095,1.00986275250481,1.2350610688396,1.6,0.524851546532206,0.288571428571429,0.186666666666667,0.150336733405009,0.401785714285714,7,0.536610762172193,5.78382518232974,0.965344138624926,1,2.88888888888889,0.2,0,"Big East",0,1,116.331519162815,97.1763375385,0.88747967079532,1.24863726458633,"R32","R32 - L",0.65625,0.655332790884493,-0.000917209115507189,0
"727",2018,2571,"S Dakota St","Final - W",0.468468041124823,0.396488107577705,0.763181433540013,39.1265546218487,9.13109243697479,29.995462184874,13.3668907563025,5.04588235294118,2.38016806722689,10.0860504201681,15.8314285714286,84.441512605042,73.2561344537815,0.429056297769999,0.327075942019551,0.554420663935686,11.1853781512605,72.1529924369748,1.17033216510169,1.0149838710472,8,0.507936507936508,0.85,1.12134453781513,1.05799878288256,1.34351884963581,3.5,0.839430451194069,0.177983193277311,0.43327731092437,0.0747760662760663,0.746031746031746,11.1,0.553038044034603,3.58351893845611,0.598104004501844,1,3.22222222222222,0,1,"Other",0,0,113.64903203415,101.444715608145,0.785826680819205,0.32148575640685,"R64","R64 - L",0.823529411764706,0.7631659271991,-0.0603634845656055,0
"728",2018,2617,"SF Austin","Final - W",0.493495017614341,0.37239289446186,0.708037025545558,35.4718614718615,11.5911255411255,23.8807359307359,14.6404761904762,10.5549783549784,2.87792207792208,15.537012987013,21.9145021645022,81.9766233766234,67.8461038961039,0.431098908377137,0.35862900557496,0.549530862704716,14.1305194805195,73.9904372294372,1.10763122186985,0.917411166353337,8,0.534920634920635,0.658333333333333,7.11623376623377,1.31461547306321,0.944307998926833,6.7,0.564208822817592,0.283982683982684,0.345887445887446,0.186728545285776,0.69047619047619,8.7,0.572302777233052,3.52636052461616,0,0,2.22222222222222,0.2,0,"Other",0,0,103.92894145662,98.5614214744615,0.647162226578315,-0.914923241218115,"R64","R64 - L",0.823529411764706,0.818353205868043,-0.0051762058966629,0
"729",2018,2628,"TCU","Quarterfinals - L",0.502841736961911,0.403685957746263,0.708200205953015,36.8030594405594,11.3222027972028,25.4808566433566,19.3285839160839,6.61293706293706,3.74239510489511,12.5651223776224,16.5620629370629,84.1008741258741,75.0490384615385,0.454167422546584,0.377805633005054,0.577142155060282,9.05183566433566,71.0850358391608,1.18305316875411,1.0569122820351,7.5,0.641071428571429,0.79,2.60847902097902,0.998675119932473,1.54646103286137,3.7,0.475702764470016,0.318618881118881,0.190384615384615,0.173871925589431,0.535714285714286,6.1,0.718367346938775,6.19644412779452,1.54545454545455,0,2.88888888888889,0.2,0,"Big12",1,1,119.78423276328,100.754131098936,0.87935882574949,1.09359946940071,"R64","R64 - L",0.65625,0.68239447592067,0.02614447592067,0
"730",2018,2633,"Tennessee","Final - L",0.442647911923863,0.388223603354234,0.753362620862621,36.5416666666667,11.8166666666667,24.725,16.675,6.475,4.74166666666667,12.4583333333333,19.8583333333333,75.7666666666667,66.825,0.40741003668287,0.325114582736697,0.516014282233746,8.94166666666667,68.626375,1.10405966066879,0.974880902781927,7.5,0.535714285714286,0.675,2.54166666666667,1.17210911483778,1.34997308022094,7.2,0.651610498948118,0.366666666666667,0.241666666666667,0,0.598214285714286,6.4,0.645325203252033,6.89264164117209,1.70454545454545,0,2.4,0.2,1,"SEC",1,1,113.682557546545,91.45832003409,0.924010379633615,3.19580949884035,"R32","R32 - L",0.757575757575758,0.722594278828603,-0.0349814787471542,0
"731",2018,2640,"Texas Southern","Final - W",0.437167384362294,0.362570522164109,0.718532256141606,35.9397202797203,10.3354545454545,25.6042657342657,12.2460839160839,5.56804195804196,4.00615384615385,12.8232167832168,17.9548251748252,76.6756643356643,80.9623776223776,0.456164832847591,0.372968426501035,0.505682558291482,-4.28671328671329,72.4724552447553,1.05771656741889,1.11732069231648,9,0.466666666666667,0.4,-3.20174825174825,0.91061721743295,0.958777623836891,8.7,0.276809607463733,0.216013986013986,0.213846153846154,0.56131972186793,0.611111111111111,2.5,0.603231597845601,6.32435896238131,1.6875,1,2.45454545454545,0.2,0,"Other",0,0,104.901259855115,111.117568602675,0.35716673359086,-5.42786702902255,"R64","R64 - L",0.441176470588235,0.443188291777892,0.00201182118965654,0
"732",2018,2641,"Texas Tech","Semifinals - L",0.474307028219577,0.371504240669051,0.69748839004156,35.9814102564103,10.7378205128205,25.2435897435897,14.8134615384615,7.74358974358974,4.24230769230769,12.5179487179487,17.836858974359,77.1080128205128,63.6445512820513,0.394684695959556,0.32382651740876,0.539196826838468,13.4634615384615,68.9672179487179,1.11683206119576,0.925724422339072,9,0.475,0.76,4.19615384615385,1.26396837349398,1.18018785668992,2.3,0.634165786736248,0.2375,0.384615384615385,0.0851641383416975,0.725,9.8,0.685154977062393,4.21950770517611,0.704253137442467,0,3,0.4,0,"Big12",1,1,112.44235472204,89.585946294007,0.927708438709285,2.33545356589085,"E8","E8 - L",0.727272727272727,0.785600516553348,0.0583277892806202,1
"733",2018,2724,"Wichita St","Semifinals - L",0.481950587981444,0.389995279081859,0.736213701351316,40.7671794871795,12.1338461538462,28.6333333333333,18.6415384615385,4.58871794871795,4.13948717948718,11.5097435897436,17.2753846153846,83.6728205128205,71.0835897435897,0.415763410277938,0.361648643695015,0.558640035766801,12.5892307692308,70.0021974358974,1.19667613894794,1.0168238788344,8.5,0.534722222222222,0.755,3.69076923076923,1.0362219284375,1.69847059128496,2,0.319133234767222,0.205128205128205,0.183589743589744,0.234925790690344,0.409722222222222,10.3,0.724522292993631,6.44413125670044,1.57692307692308,2.25,3.2,0.2,0,"Other",0,0,119.241751387285,100.898796220522,0.87016671257795,1.7044977070021,"R64","R64 - L",0.78125,0.786078146201886,0.00482814620188599,0
"734",2018,2750,"Wright St","Final - W",0.433713965708413,0.33356541179662,0.713335317947586,36.0714285714286,10.1190476190476,25.952380952381,13.1404761904762,6.70952380952381,2.05952380952381,12.997619047619,15.3738095238095,71.4238095238095,64.8166666666667,0.415428864824462,0.35010830668858,0.496495509750398,6.60714285714286,69.704380952381,1.02500996140344,0.929723623176918,8,0.507936507936508,0.425,4.3047619047619,1.20056929510155,1.03430525686977,3.7,0.664416160167677,0.328571428571429,0.192857142857143,0.17574691121552,0.619047619047619,6.9,0.545842572375215,5.95583736946483,0.994053677967543,0,2.88888888888889,0.2,0,"Other",0,0,98.9356558228705,95.89348094027,0.58857714841526,-1.7470576381217,"R64","R64 - L",0.735294117647059,0.690884006357149,-0.04441011128991,0
"735",2018,2752,"Xavier","Semifinals - L",0.496147951934397,0.378414416333486,0.789390604219465,38.3033333333333,9.685,28.6183333333333,17.0558333333333,5.8875,3.03583333333333,12.2558333333333,16.8508333333333,85.4566666666667,74.7791666666667,0.430058106551554,0.334334046645642,0.567162855927091,10.6775,72.42315,1.17957831289394,1.03208334540104,8.5,0.416666666666667,0.825,0.0266666666666667,0.934392014519056,1.40588540316308,2.3,0.870606091972753,0.270833333333333,0.244166666666667,0.172074559889541,0.472222222222222,9.7,0.667789727312357,5.62762111369064,2.01272794088158,2.14285714285714,2.77777777777778,0.2,0,"Big East",0,1,121.333861068065,97.306583730737,0.92673879617237,4.4014196379715,"R32","R32 - L",0.848484848484849,0.743030186571469,-0.105454661913379,0
"736",2018,112358,"Long Island","Final - W",0.458820181419653,0.348109047855273,0.694114383965662,38.1133333333333,10.5466666666667,27.5666666666667,12.7666666666667,5.66,3.31333333333333,14.1666666666667,19.8266666666667,77.74,76.5,0.439322116959779,0.322154884686928,0.529495137935263,1.24,72.8714333333333,1.06773635088889,1.05025171396909,6,0.75,0.525,-3.21333333333333,0.84594188536905,0.902650001598312,4.2,0.628289857888956,0.426666666666667,0.0666666666666667,0.167004048582996,0.833333333333333,4,0.534972548644067,5.68017260901707,0.948044099127454,0,3.22222222222222,0.2,0,"Other",0,0,101.583648010736,110.38391607998,0.27892365322303,-6.56558800130345,"First Four","First Four - L",0.529411764705882,0.5262457499536,-0.00316601475228206,0
"737",2019,2,"Auburn","Final - W",0.455210202246056,0.376565250669728,0.703862331270042,35.5461538461538,12.5794871794872,22.9666666666667,15.2897435897436,9.57435897435897,5.0974358974359,12.4282051282051,18.3461538461538,81.3692307692308,67.0358974358974,0.425930579454026,0.347213250242243,0.547526901361009,14.3333333333333,70.6245769230769,1.15149268821476,0.952016348412101,8,0.761904761904762,0.716666666666667,7.78974358974359,1.46854300871542,1.22652235695339,4.2,0.722049668099041,0.271794871794872,0.361538461538462,0.0903621300903519,0.563492063492063,10.7,0.651515151515151,6.13772705408623,1.88888888888889,1,3.1,0,1,"SEC",1,1,119.10727386823,95.253018541505,0.928452006497055,3.0605655518194,"F4","F4 - L",0.742857142857143,0.79200042103224,0.0491432781750968,1
"738",2019,9,"Arizona St","Semifinals - L",0.448708119473633,0.337554862205772,0.670442846023779,40.7909090909091,12.4575757575758,28.3333333333333,13.8098484848485,6.25,3.36212121212121,13.6734848484848,19.869696969697,78.4212121212121,72.6871212121212,0.405410632674412,0.332302864270683,0.512657447101399,5.73409090909091,73.0233257575758,1.074228064125,0.996156429448568,7.5,0.669642857142857,0.6,2.95909090909091,1.02901581266742,1.00761214454655,5.2,0.71285514303308,0.314393939393939,0.168181818181818,0.131570227599079,0.401785714285714,3.6,0.583660706952607,5.07517381523383,0.847067319739639,1,2.5,0.2,1,"Other",0,0,108.24432263368,97.4043958748375,0.77068940438706,0.11462136945315,"R64","R64 - L",0.6875,0.632204743519816,-0.0552952564801836,0
"739",2019,43,"Yale","Final - W",0.497284628286957,0.371051713308675,0.725865414942001,39.1288888888889,8.9,30.2288888888889,17.5544444444444,5.83111111111111,4.12444444444444,13.8777777777778,17.7233333333333,81.4166666666667,73.7822222222222,0.411702132859365,0.307848612526146,0.561843880051484,7.63444444444444,73.8199222222222,1.10389452744858,0.999425417433464,7,0.714285714285714,0.658333333333333,-2.95666666666667,0.849483949613978,1.28856910663493,3.1,0.685498649875309,0.124444444444444,0.234444444444444,0.185997143172524,0.571428571428571,7.1,0.520795660036166,6.31716468674728,1,1,3.125,0,0,"Other",0,0,109.39570112162,101.13027229387,0.711847604646755,-0.351467094691933,"R64","R64 - L",0.758620689655172,0.707775368016985,-0.0508453216381877,0
"740",2019,52,"Florida St","Final - L",0.450006212862867,0.334231366592775,0.744956129274487,37.2416666666667,11.8383333333333,25.4033333333333,12.83,7.31666666666667,4.005,13.8566666666667,19.1283333333333,76.78,67.345,0.412921608778452,0.328671898218039,0.514461820400148,9.435,70.891325,1.08212553301067,0.950814838600204,8,0.479365079365079,0.4,3.52833333333333,1.0967736534396,0.94408774242139,3.1,0.765901915350921,0.206666666666667,0.171666666666667,0.179812213737903,0.619047619047619,7.9,0.557671957671958,6.85224256905188,1.66666666666667,1.66666666666667,3,0.2,1,"ACC",1,1,111.199672675355,92.2417119892435,0.895269176349855,3.834729863748,"S16","S16 - L",0.794117647058823,0.720074246156642,-0.0740434009021816,0
"741",2019,57,"Florida","Semifinals - L",0.428969576869148,0.341735643592168,0.703944778146484,34.1025641025641,10.7128205128205,23.3897435897436,12.4070512820513,7.56666666666667,3.91282051282051,11.825641025641,17.075641025641,69.3,63.4525641025641,0.417458180411079,0.313315018315018,0.501488580179209,5.8474358974359,65.64275,1.05558057766396,0.966768042835692,7,0.741666666666667,0.563333333333333,3.64358974358974,1.2953603171724,1.05234057163587,0.9,0.313491119248815,0.293589743589744,0.25,0.0441176470588235,0.583333333333333,7.3,0.682142815462725,5.51342874616498,1.84042772941926,2,2.77777777777778,0,0,"SEC",1,1,109.64641295621,90.4203015245295,0.89821274314819,0.321205831095,"R32","R32 - L",0.558823529411765,0.646191933725051,0.087368404313286,0
"742",2019,66,"Iowa State","Final - W",0.478855656604085,0.364712440908567,0.734723966579738,35.4865384615385,9.49679487179487,25.9897435897436,15.6641025641026,7.19230769230769,4.72692307692308,10.9108974358974,14.6794871794872,78.8403846153846,67.1788461538462,0.414899099021646,0.33201895835433,0.552080443948256,11.6615384615385,68.957375,1.1423242959023,0.975633213947078,7,0.714285714285714,0.66,1.65192307692308,1.26401754915831,1.44018502916912,1.2,0.332081279528453,0.233974358974359,0.283333333333333,0.0786017707697302,0.714285714285714,9.7,0.69293135665384,5.45958551414416,1.51871201418231,2,2.66666666666667,0.2,1,"Big12",1,1,117.334005782985,95.484546188011,0.914464550657255,2.14548022525488,"R64","R64 - L",0.676470588235294,0.745977779831858,0.069507191596564,0
"743",2019,71,"Bradley","Final - W",0.438500613673668,0.363617673995322,0.691890000756454,34.3230769230769,9.43333333333333,24.8897435897436,12.5717948717949,5.76282051282051,3.80128205128205,13,17.9423076923077,67.9435897435897,65.5115384615385,0.413138841112717,0.326000978796293,0.502651137065753,2.43205128205128,66.4982628205128,1.02117160634953,0.985260750003225,7.5,0.45,0.7,0.314102564102564,1.00852860374919,0.967610698125404,4,0.528230982545363,0.337179487179487,0.0666666666666667,0.0666666666666667,0.598214285714286,8.8,0.522474976335002,5.55682806169954,0,0,2.9,0.4,0,"Other",0,0,100.147343977596,101.19005940499,0.47022838847944,-3.80800319910495,"R64","R64 - L",0.588235294117647,0.552679228346183,-0.0355560657714638,0
"744",2019,93,"Murray St","Final - W",0.495447087910336,0.34797795992774,0.740472330221893,37.9181818181818,11.0424242424242,26.8757575757576,18.3727272727273,7.85151515151515,4.89393939393939,12.2454545454545,16.8060606060606,83.5272727272727,66.8939393939394,0.406754225992588,0.277803118486235,0.558756840948246,16.6333333333333,71.4820606060606,1.16801401780436,0.935361019981033,7,0.5,0.458333333333333,2.36969696969697,1.21953224776501,1.51634259259259,2.8,0.626345474696818,0.145454545454545,0.387878787878788,0.0235109717868339,0.5,12.3,0.613878007620293,4.57471097850338,0.763538020217703,1,1.9,0.2,0,"Other",0,0,110.19695753071,96.680588049812,0.8084393890346,0.674239898718435,"R32","R32 - L",0.870967741935484,0.854817631883394,-0.0161501100520903,0
"745",2019,94,"N Kentucky","Final - W",0.480348369805422,0.361878224448057,0.668058477639316,37.6136363636364,10.8549242424242,26.7587121212121,17.2439393939394,6.30795454545455,3.88143939393939,12.525,19.1125,79.4454545454545,68.1674242424242,0.411771093862122,0.300140124039099,0.556011486878714,11.2780303030303,69.9686287878788,1.13568132387961,0.974852597488605,8,0.592063492063492,0.495,2.20265151515152,1.07724584783408,1.37630789689613,4.7,0.668685937111479,0.228409090909091,0.226515151515152,0.103903047607402,0.69047619047619,9.8,0.576286992032109,4.60517018598809,0.768621786840241,1,2.5,0.2,0,"Other",0,0,107.91321953116,101.181491743403,0.6771253165851,-1.01679578213058,"R64","R64 - L",0.764705882352941,0.769609906898038,0.00490402454509731,0
"746",2019,96,"Kentucky","Semifinals - L",0.480684069085413,0.361207120090757,0.741007270343501,38.9612121212121,12.0695454545455,26.8916666666667,13.9434848484848,6.18257575757576,5.27121212121212,13.0515151515152,16.2281818181818,78.1607575757576,65.9674242424242,0.406513607922042,0.353442291173944,0.536686686934584,12.1933333333333,68.1618962121212,1.14584368367446,0.967396041246104,7.5,0.464285714285714,0.55,2.86106060606061,0.996909932497589,1.07512555448409,3,0.389056367546075,0.192575757575758,0.293030303030303,0.0933884863308482,0.598214285714286,10.3,0.779220779220779,6.82979373751242,3.84210526315789,5.125,1.8,0,1,"SEC",1,1,116.444434212255,92.810449163055,0.923676452099215,4.38189316146765,"E8","E8 - L",0.818181818181818,0.797466324127613,-0.020715494054205,1
"747",2019,97,"Louisville","Quarterfinals - L",0.436796484039548,0.344169831642197,0.77844021819254,37.8321678321678,10.0039627039627,27.8282051282051,13.2258741258741,4.62750582750583,3.11375291375291,12.1801864801865,16.9554778554779,75.1449883449883,67.9067599067599,0.410685371952795,0.325127261893968,0.513097858677813,7.23822843822844,69.2320792540793,1.08497685703521,0.980858308829041,8,0.634920634920635,0.6,-0.0244755244755245,0.966625031906747,1.09064553730962,2.8,0.512673654217622,0.313519813519814,0.167832167832168,0.0611963793781976,0.436507936507937,7.9,0.685930007504587,5.74620319054015,1.918129747864,0,3.44444444444444,0.2,1,"ACC",1,1,112.99973399702,93.600348613474,0.892507513201905,1.15633155810997,"R64","R64 - L",0.606060606060606,0.692828690298063,0.0867680842374567,0
"748",2019,99,"LSU","Quarterfinals - L",0.465520726622346,0.323524390900462,0.751150278293135,38.4994871794872,13.3312820512821,25.1682051282051,13.3025641025641,9.26,4.38666666666667,13.3138461538462,18.2297435897436,81.3928205128205,72.5,0.433819794427601,0.348684578086095,0.524687492189954,8.89282051282051,71.8728871794872,1.13245257313615,1.00851493578931,8.5,0.527777777777778,0.325,4.3574358974359,1.14932795698925,0.997821460573477,3.6,0.574084219659099,0.33025641025641,0.182051282051282,0.204942068800764,0.527777777777778,5.3,0.428499308218093,5.06259503302697,0,0,1.66666666666667,0.2,0,"SEC",1,1,117.57637939886,96.959908858761,0.899755743036085,3.67014464935697,"S16","S16 - L",0.8125,0.717147048510035,-0.0953529514899651,0
"749",2019,111,"Northeastern","Final - W",0.481601749955338,0.382827894144553,0.751345974776883,31.8047619047619,6.77619047619048,25.0285714285714,14.1071428571429,6.33333333333333,2.03809523809524,11.5642857142857,15.9666666666667,75.3333333333333,69.6452380952381,0.457225026973483,0.328578938932921,0.570679763002454,5.68809523809524,67.1159761904762,1.12253731940532,1.03843413893048,7.5,0.611111111111111,0.7,-1.1,1.01389331149828,1.23318018468817,2.4,0.450112633047776,0.20952380952381,0.121428571428571,0.214813732304559,0.666666666666667,5.8,0.519848673269924,5.96100533962327,0.994916233377462,1,3.3,0.2,0,"Other",0,0,110.279241278925,103.364350518997,0.67707833353454,-1.29062458760941,"R64","R64 - L",0.696969696969697,0.664650304153867,-0.0323193928158304,0
"750",2019,120,"Maryland","Early Round - L",0.458829453404003,0.351589520525169,0.746115306490408,39.5930944055944,11.4434440559441,28.1496503496504,13.4381993006993,4.45104895104895,5.01678321678322,12.9237762237762,15.1962412587413,72.7296328671329,64.8064685314685,0.396506274445893,0.321614403311468,0.524649361569166,7.92316433566434,66.092430506993,1.09992493478243,0.981306037091832,7,0.585714285714286,0.623333333333333,-0.853846153846154,0.750720179502027,1.04526997683845,1.2,0.468623716392849,0.246066433566434,0.153846153846154,0.332741446513642,0.642857142857143,7,0.629057187017002,6.47389069635227,1.5,1.66666666666667,1.5,0,1,"Big Ten",0,1,112.047730858015,93.8291405382785,0.88370505041915,2.08781306711949,"R32","R32 - L",0.6875,0.688386757762612,0.000886757762612045,0
"751",2019,127,"Michigan St","Final - W",0.487790764892132,0.386617340928067,0.735834246655908,42.0166666666667,11.3551282051282,30.6615384615385,19.8371794871795,5.35769230769231,5.69102564102564,12.6397435897436,17.3948717948718,80.824358974359,65.6089743589744,0.374288795701382,0.322465049246137,0.560854230925144,15.2153846153846,69.2336730769231,1.16552672041288,0.948366950574072,7.5,0.569642857142857,0.75,-1.92307692307692,0.839329108772746,1.58442532410906,1.5,0.37138007889848,0.198717948717949,0.374358974358974,0.143429389955775,0.464285714285714,10.3,0.718397997496871,6.68461172766793,3.64285714285714,3.64285714285714,2.88888888888889,0.4,1,"Big Ten",0,1,119.825844192925,92.107637480996,0.953392217705495,5.31990262035245,"F4","F4 - L",0.823529411764706,0.830408798408292,0.00687938664358589,1
"752",2019,130,"Michigan","Final - L",0.45479501082449,0.353237230200162,0.693101782610619,35.1384615384615,8.60769230769231,26.5307692307692,13.8461538461538,6.31410256410256,4.14358974358974,8.81410256410256,13.7371794871795,71.0102564102564,57.4217948717949,0.395524866591096,0.289632119901662,0.525365119107254,13.5884615384615,64.5921346153846,1.09949920954857,0.888828702417914,6.5,0.878571428571429,0.436666666666667,3.29230769230769,1.40252032520325,1.56975609756098,0.6,0.757201150625851,0.0884615384615385,0.308974358974359,0.107684153358384,0.535714285714286,7.2,0.629802095459837,6.75693238924755,2.58333333333333,2.875,2.42857142857143,0,1,"Big Ten",0,1,114.865138443905,85.9825886032815,0.965455671284625,4.59143201291455,"S16","S16 - L",0.823529411764706,0.829435629651469,0.0059062178867636,0
"753",2019,135,"Minnesota","Semifinals - L",0.439240845729095,0.319124142233313,0.679457322551662,37.951282051282,12.1858974358974,25.7653846153846,15.4461538461538,4.93846153846154,4.25641025641026,12.0692307692308,16.6089743589744,72.8153846153846,69.1589743589744,0.430102562421351,0.347027063382996,0.487259704194185,3.65641025641026,68.6318974358974,1.05975204805312,1.00885017830988,7,0.5,0.291666666666667,1.76666666666667,0.983692874105824,1.31949448289843,2.1,0.767050961628346,0.293589743589744,0.16025641025641,0.213144342184383,0.571428571428571,2.9,0.548223795142054,5.30330490805908,0.885143334548967,1,3.11111111111111,0,0,"Big Ten",0,1,108.960705512025,96.7547277478655,0.7917703762664,1.34193624439155,"R32","R32 - L",0.617647058823529,0.549534510815989,-0.0681125480075406,0
"754",2019,139,"Saint Louis","Final - W",0.417047740384936,0.311281198180761,0.5966897760367,39.9794871794872,13.8102564102564,26.1692307692308,13.1589743589744,7.56410256410256,4.38717948717949,12.9615384615385,17.6307692307692,67.7564102564102,63.4794871794872,0.406409643495132,0.307231591893644,0.470469058623872,4.27692307692308,67.251358974359,1.00802686004751,0.945185735597209,7.5,0.598214285714286,0.15,5.58974358974359,1.06351751307356,1.02926678065413,5,0.518165167175442,0.392307692307692,0.107692307692308,0.395308167475655,0.669642857142857,5.9,0.53859649122807,6.34738920965601,1,0,3.25,0.2,0,"Other",0,0,100.220758223359,94.600472429515,0.65989831054759,-1.48139817972243,"R64","R64 - L",0.657142857142857,0.607285659911351,-0.0498571972315065,0
"755",2019,145,"Ole Miss","Early Round - L",0.468886624263509,0.367286961758506,0.780494120185565,34.605,9.875,24.73,14.93,7.55166666666667,3.685,12.7966666666667,17.98,76.4283333333333,69.6716666666667,0.437449188217329,0.368961764074586,0.540111068732668,6.75666666666667,68.8338833333333,1.1104120859221,1.01194088156896,7,0.714285714285714,0.62,2.00666666666667,1.15716963214714,1.16337215113954,4.7,0.5568387855598,0.24,0.27,0.0238174735670562,0.428571428571429,7.4,0.628705148205928,6.46458830368996,1,0,2.375,0.2,0,"SEC",1,1,113.168254689275,96.4078052097675,0.862899273100595,0.47588217267002,"R64","R64 - L",0.625,0.644247534849033,0.0192475348490334,0
"756",2019,149,"Montana","Final - W",0.494212386460822,0.37761554097038,0.682762637048556,33.2552447552448,8.64265734265734,24.6125874125874,14.4766433566434,6.58615384615385,3.10601398601399,12.1352447552448,19.044965034965,76.398041958042,68.3588811188811,0.430766496976835,0.342325220949976,0.56697101122459,8.03916083916084,68.0478982517483,1.12269511745497,1.00458725427691,8,0.6625,0.53,1.79202797202797,1.14748084976839,1.20070676902064,2.3,0.579952712204662,0.233286713286713,0.25020979020979,0.196925410915086,0.875,8.7,0.625629171402797,4.89034912822175,0.81621932163185,1,3.66666666666667,0,0,"Other",0,0,106.489195098265,103.223089989765,0.588334801209335,-1.50565853114728,"R64","R64 - L",0.764705882352941,0.731416379878852,-0.0332895024740889,0
"757",2019,150,"Duke","Final - W",0.479740428259544,0.300330584765861,0.687332625226815,42.8683333333333,13.85,29.0183333333333,16.4116666666667,10.0566666666667,7.16,13.0566666666667,15.8483333333333,85.605,66.675,0.391278193025783,0.288345164152618,0.53669118308828,18.93,74.7949583333333,1.14374012726299,0.893709952364856,8,0.5375,0.475,4.51166666666667,1.1847689549775,1.25975036218333,2.6,0.44329169669218,0.198333333333333,0.498333333333333,0.233952589134154,0.25,11.1,0.764951321279555,7.27170370688737,4.38235294117647,4.38235294117647,1.88888888888889,0.2,0,"ACC",1,1,120.009344553515,87.1613616850265,0.97104649850549,5.6069871011322,"E8","E8 - L",0.852941176470588,0.860793045430466,0.00785186895987755,1
"758",2019,153,"North Carolina","Semifinals - L",0.465971606966981,0.3663528101299,0.743951469717893,43.5209090909091,13.1431818181818,30.3777272727273,18.9986363636364,7.2380303030303,3.62136363636364,13.1930303030303,17.3601515151515,87.184696969697,73.6583333333333,0.415626444584544,0.335321766165132,0.531150720922792,13.5263636363636,76.7895803030303,1.13492347809885,0.960439070252217,7.5,0.535714285714286,0.575,5.12348484848485,1.09527808332919,1.4462803116861,1.8,0.463694805287231,0.108030303030303,0.352878787878788,0.104300543746911,0.535714285714286,10.2,0.787652011225444,6.97541392745595,3.94642857142857,4.60714285714286,2.66666666666667,0,1,"ACC",1,1,118.930675950915,91.6431216281035,0.95142739651806,4.9897270185135,"S16","S16 - L",0.818181818181818,0.805751463672244,-0.0124303545095737,0
"759",2019,161,"Fair Dickinson","Final - W",0.473498777778221,0.398741367159972,0.721161480819084,33.0862121212121,9.50181818181818,23.5843939393939,13.7983333333333,7.86606060606061,3.7380303030303,13.5184848484848,17.1772727272727,75.3190909090909,71.7736363636364,0.447028727390595,0.346308372478585,0.544735897978389,3.54545454545455,69.1649553030303,1.0893803816162,1.03760017296615,6,0.633333333333333,0.733333333333333,-0.20030303030303,1.10274073392808,1.02300048253245,3.5,0.423141562400424,0.212424242424242,0.179545454545455,0.108232603003996,0.5,7.5,0.424736255742917,5.04342511691925,0.841768331810234,1,2.71428571428571,0,0,"Other",0,0,104.454147791475,110.41290026501,0.34635319100061,-4.5763399414097,"R64","R64 - L",0.606060606060606,0.619373273411246,0.0133126673506397,0
"760",2019,166,"New Mexico St","Final - W",0.45820343279012,0.332471559058234,0.671173123683826,38.2054112554113,12.7186147186147,25.4867965367965,14.7090909090909,5.48852813852814,2.66969696969697,11.6850649350649,18.0244588744589,78.0341991341991,64.219696969697,0.416747283367855,0.334549874899684,0.535036558116445,13.8145021645022,68.3770183982684,1.14139705199213,0.93883498691907,11,0.590909090909091,0.514285714285714,7.1487012987013,1.1228532551728,1.2645409848386,1,0.723731733260991,0.284632034632035,0.336147186147186,0.311321201751316,0.590909090909091,9,0.69592973222737,4.21950770517611,0.704253137442467,1,2,0.6,1,"Other",0,0,111.525583523685,98.8035831746215,0.801022675067965,0.81612616575122,"R64","R64 - L",0.882352941176471,0.845242205868785,-0.0371107353076854,0
"761",2019,183,"Syracuse","Quarterfinals - L",0.421468832790493,0.31999670646787,0.684498713721512,35.1825174825175,10.862703962704,24.3198135198135,12.2177156177156,8.3967365967366,4.94289044289044,12.2773892773893,17.2305361305361,69.5501165501165,64.4247086247086,0.395783276530162,0.323713715698721,0.494517322173809,5.12540792540793,67.083372960373,1.03645084466938,0.960091582195734,7.5,0.669642857142857,0.28,2.71468531468531,1.30093727970452,1.00003494941271,6.2,0.773287952301763,0.0566433566433567,0.328671328671329,0.185926834081557,0.464285714285714,8.8,0.734620886981402,7.24351297466548,2.83333333333333,2.83333333333333,2.55555555555556,0.2,1,"ACC",1,1,109.001616924675,93.311135055713,0.856059644606255,0.2544333907058,"R64","R64 - L",0.606060606060606,0.625282949258671,0.0192223431980646,0
"762",2019,194,"Ohio State","Quarterfinals - L",0.45004848244539,0.352233629300777,0.735586089949003,34.8109557109557,9.09044289044289,25.7205128205128,14.6578088578089,5.71724941724942,2.63356643356643,12.3174825174825,18.0221445221445,71.9060606060606,65.5524475524475,0.414810229965124,0.322631533111882,0.519987573010606,6.35361305361305,67.4307972027972,1.06450331875474,0.973754687680855,8,0.725,0.563333333333333,0.376923076923077,1.03730650154799,1.1968363003096,4.1,0.805622973808287,0.126340326340326,0.205361305361305,0.44177643207856,0.625,6.7,0.597911832388292,5.4553211153577,1.36577319429961,1,2.22222222222222,0.2,0,"Big Ten",0,1,108.734880267695,93.487610188819,0.840632782165975,0.4263292303678,"R32","R32 - L",0.575757575757576,0.606742726094084,0.0309851503365081,0
"763",2019,201,"Oklahoma","Early Round - L",0.449702291993519,0.347822934504167,0.68803567112124,38.71,9.39833333333333,29.3116666666667,12.93,5.895,3.395,12.49,15.84,72.5916666666667,67.8416666666667,0.39755279119398,0.332056735727703,0.508421390978549,4.75,70.372575,1.0304703344321,0.966216282470906,8,0.465079365079365,0.675,-1.60333333333333,0.99909433316213,1.037781201849,2,0.715097561061832,0.213333333333333,0.185,0.0487494701144553,0.634920634920635,7.3,0.610453648915187,6.92264389147589,1.94444444444444,2.5,3.66666666666667,0,0,"Big12",1,1,109.022295978005,91.986641536039,0.868217317480405,1.2664719370935,"R32","R32 - L",0.59375,0.589661182354767,-0.00408881764523328,0
"764",2019,218,"Temple","Quarterfinals - L",0.440730389476731,0.322948139579719,0.731873660754176,34.3766666666667,9.76,24.6166666666667,14.7,8.68333333333333,2.20333333333333,10.9866666666667,17.3183333333333,74.8166666666667,70.2833333333333,0.439711135134194,0.335035672730263,0.502664066309397,4.53333333333333,70.5888583333333,1.05990852458495,0.995492533363862,7.5,0.669642857142857,0.4,3.74166666666667,1.35722975740201,1.34891589775711,1.3,0.823772834283763,0.346666666666667,0,0.0901172836929755,0.535714285714286,6.7,0.638761467889908,6.7719355558396,1,1,2.77777777777778,0.2,0,"Other",0,0,108.225629712665,97.19500122999,0.771001046956425,0.98119984828076,"First Four","First Four - L",0.71875,0.606950150631407,-0.111799849368593,0
"765",2019,222,"Villanova","Final - W",0.443574077379525,0.353122660155796,0.721329089331191,35.5615384615385,10.5884615384615,24.9730769230769,14.3397435897436,5.35384615384615,3.12051282051282,11.4064102564103,16.3653846153846,74.8935897435897,66.25,0.432284367821353,0.330465240419278,0.539906603725014,8.64358974358974,66.1044423076923,1.13326379660884,1.00220824818915,7,0.814285714285714,0.673333333333333,2.15384615384615,1.08587718122953,1.29306655282604,5,0.436484151221789,0.21025641025641,0.258974358974359,0.113085741985828,0.428571428571429,9.2,0.685138539042821,6.67834211465433,3.16666666666667,3.5,2.55555555555556,0,0,"Big East",0,1,114.735629081605,98.519738377145,0.851926739235655,1.8647203305988,"R32","R32 - L",0.735294117647059,0.710497567486625,-0.024796550160434,0
"766",2019,239,"Baylor","Quarterfinals - L",0.440797627961972,0.328999007947323,0.675043231178249,38.1316666666667,13.4,24.7316666666667,13.7733333333333,6.29166666666667,5.17833333333333,13.3183333333333,18.5133333333333,71.48,65.5583333333333,0.414563600497333,0.334100840336134,0.508780221960015,5.92166666666667,66.4514083333333,1.07632999791371,0.987629821712042,8.5,0.707142857142857,0.391428571428571,3.1,0.98350827241649,1.05828843773784,3.2,0.37425473398565,0.293333333333333,0.195,0.320635933306473,0.778571428571428,7.8,0.60536398467433,6.25958146406492,2.14285714285714,2.14285714285714,2.3,0.2,1,"Big12",1,1,109.232744667241,96.8931632380735,0.781465283361825,0.4735826652037,"R32","R32 - L",0.59375,0.635012410446613,0.0412624104466131,0
"767",2019,248,"Houston","Final - L",0.445838620059534,0.354593161940101,0.702907939620236,41.2025641025641,12.4641025641026,28.7384615384615,14.8230769230769,6.57820512820513,4.56153846153846,11.4346153846154,18.4435897435897,75.6141025641026,60.8884615384615,0.366461285529145,0.277785490315408,0.521883032865115,14.725641025641,67.2715961538461,1.12408184089236,0.905263774305971,9,0.444444444444444,0.466666666666667,3.28076923076923,1.08532517568431,1.2973806083837,3.2,0.67601203124929,0.182051282051282,0.275641025641026,0.0684260450673286,0.555555555555556,11.7,0.648786717752235,6.66440902035041,1.63333333333333,1,2.3,0.4,0,"Other",0,0,112.085928194325,90.5318900308105,0.913448614243445,3.96636048077655,"S16","S16 - L",0.911764705882353,0.859881637797614,-0.0518830680847389,0
"768",2019,258,"Virginia","Semifinals - L",0.474915832743451,0.407405625091228,0.7575606723425,34.5795454545455,9.1,25.4795454545455,14.6719696969697,5.94772727272727,3.57727272727273,8.96136363636364,14.5992424242424,72.3575757575758,54.1780303030303,0.379798230483553,0.270130814009559,0.553331359917051,18.1795454545455,61.2333636363636,1.18138695137845,0.88551533537056,7,0.542857142857143,0.8,3.03106060606061,1.30475959988917,1.6419838168854,0.9,0.787562160867779,0.111363636363636,0.474242424242424,0.101761871500727,0.714285714285714,9.3,0.707616707616708,6.01126717440416,1.75,1.66666666666667,3.125,0.4,0,"ACC",1,1,121.68042973419,88.451504391277,0.97492216999694,5.54625196634235,"Final","Final - W",0.90625,0.90786263954145,0.00161263954144975,1
"769",2019,259,"Virginia Tech","Quarterfinals - L",0.486802627950518,0.405957455489484,0.750787779354679,32.5719696969697,8.96969696969697,23.6022727272727,16.1431818181818,6.81439393939394,2.4469696969697,11.2795454545455,15.0984848484848,76.3560606060606,61.2401515151515,0.404456051666761,0.329471984530605,0.580860090280061,15.1159090909091,64.873446969697,1.17550332227238,0.946561803025976,7.5,0.598214285714286,0.7,3.2719696969697,1.30047162140185,1.44762249808761,3.8,0.463694805287231,0.111363636363636,0.421212121212121,0.14568137637247,0.803571428571429,9.1,0.608612980947226,5.92425579741453,1.83631051332286,1,3.125,0.2,0,"ACC",1,1,118.393556350015,93.3287873734325,0.936034120930935,2.50340855031595,"S16","S16 - L",0.75,0.818855099710051,0.0688550997100507,0
"770",2019,261,"Vermont","Final - W",0.456915224722009,0.349826226976073,0.751001108789287,35.0153846153846,9.39807692307692,25.6173076923077,11.8769230769231,5.65961538461538,3.98461538461538,10.9096153846154,16.5788461538462,74.3288461538462,64.1,0.424897467483958,0.347630848131922,0.527692525551711,10.2288461538462,66.8960480769231,1.11167751000743,0.955563953646462,8,0.5625,0.725,4.28269230769231,1.21401382981433,1.09129587652497,1.9,0.802067948915215,0.101923076923077,0.251923076923077,0.285208651974214,0.625,6.3,0.677226582981423,5.4971682252932,0.917499917102343,1,2.63636363636364,0.2,0,"Other",0,0,107.384229484435,98.6844272283615,0.723554121390775,-0.37621995025949,"R64","R64 - L",0.818181818181818,0.805841558539974,-0.0123402596418443,0
"771",2019,264,"Washington","Final - L",0.450184824866255,0.336688103466705,0.699656399062172,32.705,9.79666666666667,22.9083333333333,11.43,8.785,6.07833333333333,13.3183333333333,18.545,70.165,64.2766666666667,0.406933057406499,0.329490065974271,0.519980878009046,5.88833333333333,66.93215,1.04828362716565,0.960331471523278,7,0.6,0.395,0.466666666666667,1.19096178928554,0.857755663977586,4.1,0.704941544111011,0.338333333333333,0.1,0.0361334728231317,0.571428571428571,6.6,0.592523025696412,3.78418963391826,0,0,3.25,0.2,0,"Other",0,0,105.66195566814,93.564586179974,0.80040893997809,1.64531664485135,"R32","R32 - L",0.764705882352941,0.667684448979791,-0.0970214333731506,0
"772",2019,269,"Marquette","Semifinals - L",0.454798551691386,0.388041187739464,0.762035123306926,38.5146853146853,9.72890442890443,28.7857808857809,13.9997668997669,5.14405594405594,4.38368298368298,14.0594405594406,18.4407925407925,77.6463869463869,68.1324009324009,0.398588150889317,0.310117162946681,0.53853842089282,9.51398601398601,71.4140571095571,1.08710473747922,0.955176487558696,8,0.452380952380952,0.925,-2.05547785547786,0.864611845631588,0.995598981597284,3.1,0.755738585457288,0.282983682983683,0.267132867132867,0.0174962292609351,0.309523809523809,6.9,0.563794374309475,4.89034912822175,0.81621932163185,1,2.77777777777778,0,1,"Big East",0,1,112.0746088571,95.3066258211965,0.86539074015038,1.40261323141605,"R64","R64 - L",0.727272727272727,0.733593965899778,0.00632123862705081,0
"773",2019,275,"Wisconsin","Semifinals - L",0.460731079842212,0.371238656592791,0.653205090660614,35.0268065268065,7.96456876456876,27.0622377622378,12.9820512820513,5.32564102564103,4.14731934731935,9.54662004662005,14.8692307692308,70.3216783216783,61.5699300699301,0.396332190160833,0.316746174746175,0.524124130792566,8.75174825174825,65.8851876456877,1.06628154869039,0.934394390017579,8,0.5,0.45,0.632167832167832,1.2217596075717,1.37061195660063,2.9,0.613151644030624,0.272960372960373,0.225641025641026,0.0875671210243701,0.625,4,0.6125883508345,4.54329478227,2.27488358474707,3,3.125,0,0,"Big Ten",0,1,109.634843028085,89.6980920134755,0.90931460340499,3.11600122265515,"R64","R64 - L",0.696969696969697,0.732579000536022,0.0356093035663253,0
"774",2019,295,"Old Dominion","Final - W",0.41467624101436,0.35818212137149,0.651739167374681,39.0935897435897,11.9051282051282,27.1884615384615,13.1230769230769,5.6525641025641,4.54102564102564,11.5487179487179,16.2679487179487,66.7089743589744,60.1025641025641,0.386642847126013,0.319574166359314,0.483526217958794,6.60641025641026,65.0282692307692,1.02597674220291,0.924238304516899,7.5,0.598214285714286,0.675,3.76923076923077,1.06211561821164,1.14087573702177,0.6,0.456393070188724,0.36025641025641,0.115384615384615,0.0201356506994489,0.732142857142857,6.1,0.577205882352941,6.70563909486,1.57142857142857,0,2.9,0.2,0,"Other",0,0,100.029888403133,94.5277408143105,0.655805281808925,-0.786563556187565,"R64","R64 - L",0.764705882352941,0.676382327685247,-0.0883235546676945,0
"775",2019,300,"UC Irvine","Final - W",0.454470196605028,0.357037066018071,0.696305423589723,40.169696969697,11.6878787878788,28.4818181818182,13.2454545454545,5.69393939393939,4.3030303030303,11.9757575757576,18.7090909090909,72.4272727272727,63.6848484848485,0.38021295639031,0.334512458682939,0.512696553430381,8.74242424242424,66.8945909090909,1.08295685044929,0.951899123170444,9,0.333333333333333,0.9,0.933333333333334,0.960565441960645,1.12277660442065,3.4,0.894473021249525,0.221212121212121,0.187878787878788,0.116456660609098,0.444444444444444,7.9,0.565633656728737,5.63478960316925,0.940469489365351,1,3.54545454545455,0.2,0,"Other",0,0,104.81503788748,96.930138640143,0.70261869579067,0.466723979758723,"R32","R32 - L",0.857142857142857,0.770426738140528,-0.0867161190023293,0
"776",2019,314,"Iona","Final - W",0.450756716970141,0.339253147149053,0.738201515569937,34.0727272727273,9.02121212121212,25.0515151515152,13.3484848484848,7.02575757575758,2.8030303030303,12.730303030303,17.6257575757576,76.7272727272727,77.6212121212121,0.453126483349017,0.380262268493019,0.526290259188046,-0.893939393939394,71.5403939393939,1.07550213330192,1.08337741868602,7,0.828571428571429,0.516666666666667,-1.12121212121212,1.09585639500023,1.08598888427656,6.2,0.438201994761875,0.427272727272727,0.107575757575758,0.216180073453747,0.642857142857143,5.3,0.660942016229703,5.61677109766657,0.937462126914817,1,2.44444444444444,0,0,"Other",0,0,104.605440571475,110.69810766966,0.34844167579605,-5.09703134357515,"R64","R64 - L",0.53125,0.53431848489906,0.00306848489905953,0
"777",2019,328,"Utah State","Final - W",0.476787158111873,0.349807956486657,0.750758059405476,40.775641025641,10.9333333333333,29.8423076923077,17.5653846153846,6.48717948717949,4.38717948717949,12.7,19.0012820512821,80.025641025641,66.1230769230769,0.384320233715808,0.342118408142379,0.544334926056895,13.9025641025641,70.360391025641,1.13804269578093,0.94145846549846,7.5,0.535714285714286,0.8,2.31794871794872,0.998874613823067,1.42195230236467,3.7,0.409365369278476,0.171794871794872,0.297435897435897,0.0398289828982898,0.598214285714286,9,0.59354935836798,4.90527477843843,0,0,2.18181818181818,0.2,0,"Other",0,0,110.57236734018,94.2434595560395,0.85613673940456,1.12271535908552,"R64","R64 - L",0.823529411764706,0.811922637149604,-0.0116067746151015,0
"778",2019,344,"Mississippi St","Quarterfinals - L",0.478439380510038,0.385214166834007,0.732212891617863,35.4946386946387,11.4564102564103,24.0382284382284,14.7787878787879,8.15034965034965,5.16876456876457,13.1615384615385,16.8114219114219,78.3193473193473,69.4885780885781,0.43660727433552,0.351205143138748,0.559387558878427,8.83076923076923,68.5710536130536,1.14254993865126,1.01350952099864,8,0.5625,0.725,1.92074592074592,1.04570845820846,1.12760572760573,2.4,0.499355020664723,0.321445221445221,0.19020979020979,0.162141932707004,0.625,8.5,0.642149929278642,6.56244409369372,3.05,0,2.625,0.2,1,"SEC",1,1,116.28184823182,96.555387162401,0.894520584397855,2.2758640683,"R64","R64 - L",0.696969696969697,0.69887316852533,0.00190347155563342,0
"779",2019,2000,"Abilene Chrstn","Final - W",0.47820864462578,0.388353803059685,0.709934177429795,33.2398601398601,10.167365967366,23.0724941724942,15.7839160839161,8.75571095571095,2.7955710955711,12.0736596736597,19.0321678321678,75.4459207459207,63.2048951048951,0.432846082233251,0.331082126955265,0.543717342662074,12.2410256410256,67.3446818181818,1.12025380464629,0.938319203873523,8.5,0.409722222222222,0.708333333333333,6.31561771561772,1.39797582138898,1.30765722404052,4.2,0.673202424002531,0.201165501165501,0.315617715617716,0.141003971431412,0.590277777777778,8.7,0.441134340128831,5.04342511691925,0,0,3,0,1,"Other",0,0,102.934462401635,101.297147457215,0.545451012569005,-1.2368077925194,"R64","R64 - L",0.818181818181818,0.806552643304037,-0.0116291748777813,0
"780",2019,2057,"Belmont","Final - L",0.498928658856443,0.374339373428552,0.726519372669827,39.2909090909091,9.17575757575758,30.1151515151515,19.8818181818182,7.19393939393939,4.03939393939394,12.0393939393939,15.7,87.569696969697,74.2,0.423945393495359,0.336607086776674,0.5833221863929,13.369696969697,75.4105454545455,1.16318722301288,0.98453547318216,6.5,0.702380952380952,0.725,0.851515151515151,1.07821357245519,1.67002412311138,1.6,0.814605687964833,0.154545454545455,0.227272727272727,0.54738430583501,0.69047619047619,8,0.644518272425249,6.40191719672719,1,1,2.88888888888889,0.2,1,"Other",0,0,112.29342172727,100.747421304127,0.774749991058135,0.6862581877094,"R64","R64 - L",0.838709677419355,0.809723203425137,-0.0289864739942176,0
"781",2019,2084,"Buffalo","Final - W",0.463883574739568,0.337358456862339,0.691354656538851,40.9538461538462,12.9871794871795,27.9666666666667,17.6525641025641,7.56025641025641,4.31025641025641,11.4576923076923,18.0384615384615,85.3820512820513,69.8397435897436,0.415111419525659,0.305025375324928,0.536532752405059,15.5423076923077,74.1778974358974,1.1510532254965,0.941659598233467,7,0.785714285714286,0.55,7.03974358974359,1.43522047401671,1.58370580848638,2.8,0.760672836166603,0.143589743589744,0.298717948717949,0.0863055922501101,0.714285714285714,9.3,0.619165149813421,4.64439089914137,0.775167884684083,1,2.44444444444444,0.2,1,"Other",0,0,112.99799960826,95.2155286059605,0.87718213632229,2.87444703035285,"R32","R32 - L",0.911764705882353,0.831877290215337,-0.0798874156670156,0
"782",2019,2116,"UCF","Quarterfinals - L",0.466402234985964,0.354969847239193,0.643568688473252,37.9766666666667,10.1383333333333,27.8383333333333,13.5033333333333,5.53833333333333,4.725,11.4916666666667,16.9116666666667,73.4866666666667,64.0266666666667,0.391130465608078,0.314440559440559,0.531670676626868,9.46,66.8053583333333,1.0993960249825,0.958682077459421,8,0.492063492063492,0.733333333333333,-0.576666666666667,1.05713683912921,1.18811422109132,3.1,0.426053581849234,0.243333333333333,0.26,0.0552016985138004,0.619047619047619,7.8,0.587687379398316,5.82894561761021,2.91862477284812,0,3.66666666666667,0,1,"Other",0,0,111.312399957025,94.1198582022615,0.87316208852479,1.08465322812727,"R32","R32 - L",0.741935483870968,0.728971098087372,-0.0129643857835957,0
"783",2019,2132,"Cincinnati","Final - W",0.441336334301828,0.357146533014119,0.709730789636222,35.7564102564103,12.3217948717949,23.4346153846154,14.1435897435897,6.33846153846154,4.61282051282051,10.6064102564103,16.1423076923077,72.9666666666667,61.85,0.401731868921712,0.348578420810255,0.498509523078429,11.1166666666667,65.5673653846154,1.11237024236142,0.943026904738663,7.5,0.45,0.633333333333333,5.99487179487179,1.32217609410137,1.33111918353226,2.8,0.85153841463151,0.305128205128205,0.258974358974359,0.0930329578639967,0.666666666666667,9.1,0.672654690618762,6.21860011969173,1.2,1.25,2.88888888888889,0,0,"Other",0,0,111.73451230895,93.2574954275855,0.88833042182199,2.95460014752464,"R64","R64 - L",0.823529411764706,0.772460966575272,-0.0510684451894337,0
"784",2019,2142,"Colgate","Final - W",0.475357164708132,0.380186833985458,0.739095137757457,36.0519230769231,9.62606837606838,26.4258547008547,15.2470085470085,5.89337606837607,3.45512820512821,13.0978632478632,15.8559829059829,75.2029914529915,69.8604700854701,0.429177983680117,0.326816687724563,0.554627354372341,5.34252136752137,68.0857895299145,1.10509105896957,1.02590971919206,8,0.6875,0.71,-1.21153846153846,0.918816435937875,1.16742979159771,1.8,0.722750860288744,0.232051282051282,0.157905982905983,0.0641466654993239,0.5,5.1,0.427322546274138,5.40267738187228,0,0,2.875,0.2,0,"Other",0,0,107.73914880318,105.06526127828,0.571269365771555,-2.0576335393037,"R64","R64 - L",0.705882352941177,0.664551224393307,-0.0413311285478695,0
"785",2019,2241,"Gardner-Webb","Final - W",0.487025723766484,0.395688567824791,0.706531920460492,34.8643939393939,8.10189393939394,26.7625,15.0075757575758,7.18863636363636,3.02121212121212,11.6469696969697,15.9625,78.5882575757576,69.1015151515151,0.40409530907144,0.315988041305701,0.557409908961416,9.48674242424242,70.0546439393939,1.12117432016279,0.988005636287366,7,0.571428571428571,0.95,-0.940151515151515,1.19129925090382,1.28462081926213,3.4,0.667469040789067,0.375378787878788,0.2,0.135679664335602,0.714285714285714,10.1,0.541999115981773,5.11799381241676,0,0,3.2,0.2,0,"Other",0,0,105.55023853969,106.86785393199,0.46507896782543,-2.43021532071975,"R64","R64 - L",0.676470588235294,0.711318025451835,0.0348474372165412,0
"786",2019,2247,"Georgia St","Final - W",0.467373462216855,0.389953964615294,0.661811975627175,32.6382284382284,8.32167832167832,24.3165501165501,12.790675990676,8.36666666666667,4.6979020979021,11.5846153846154,17.0268065268065,77.6738927738928,73.1771561771562,0.426633245627218,0.340153342953343,0.552574105128765,4.4967365967366,70.6183904428904,1.09994107835268,1.03631365199701,7.5,0.535714285714286,0.75,-0.455944055944056,1.34209744503862,1.10915032679739,2.6,0.856384704813116,0.275990675990676,0.153846153846154,0.0616663193406835,0.598214285714286,8.8,0.582278481012658,6.45047042214418,1,1,3.25,0,0,"Other",0,0,108.151125994035,101.71163392992,0.669243830261735,-0.548526435080505,"R64","R64 - L",0.727272727272727,0.616018972248948,-0.111253755023779,0
"787",2019,2250,"Gonzaga","Final - L",0.532098155886561,0.365948280269888,0.766145427430606,38.8908333333333,9.60916666666667,29.2816666666667,18.2883333333333,7.80833333333333,5.61416666666667,10.5908333333333,16.245,89.5666666666667,64.9933333333333,0.3861303939889,0.310064992088592,0.596130157194136,24.5733333333333,71.8448166666667,1.24646381231039,0.903837090979687,7.5,0.3875,0.75,1.96083333333333,1.32925556786022,1.74147655961609,1.7,0.646966724038751,0.1,0.591666666666667,0.0486039338682219,0.401785714285714,14.5,0.819295558958652,6.4831073514572,2.02631578947368,2.02631578947368,3.33333333333333,0,1,"Other",0,0,124.198663185,92.258802644374,0.96576066419046,3.5751504522677,"E8","E8 - L",0.909090909090909,0.935828562083492,0.0267376529925825,1
"788",2019,2294,"Iowa","Quarterfinals - L",0.457690490149052,0.361070293218728,0.74151283287143,36.3480186480187,10.5037296037296,25.844289044289,15.8265734265734,6.26620046620047,3.46759906759907,12.3037296037296,15.9958041958042,79.4193473193473,72.8848484848485,0.442265257527594,0.320228700864943,0.530189798684082,6.53449883449883,70.5186305361305,1.12571282208025,1.03410228230838,8,0.625,0.841666666666667,1.04662004662005,1.09705627705628,1.28704184704185,0.7,0.72832380411423,0.216317016317016,0.25990675990676,0.156951567487567,0.5625,9,0.575107296137339,6.5510803350434,1,1,2.88888888888889,0,1,"Big Ten",0,1,116.12003851755,99.9112099170635,0.848564431567295,1.59374485480915,"R32","R32 - L",0.666666666666667,0.629120832587875,-0.0375458340787913,0
"789",2019,2305,"Kansas","Final - L",0.468074553308294,0.352256816801458,0.695650648710594,38.46,10.4716666666667,27.9883333333333,13.9216666666667,7.01833333333333,3.94666666666667,13.1516666666667,17.08,77.0383333333333,69.8216666666667,0.404254588744281,0.330554820160464,0.530583245098741,7.21666666666667,71.4441333333333,1.07739257189931,0.977908942518002,7,0.571428571428571,0.446666666666667,-0.0483333333333334,1.04795141567293,1.07864856662325,3.4,0.772797132256412,0.296666666666667,0.17,0.324553931842882,0.714285714285714,9.7,0.764912280701754,6.75227037614174,3.075,3.36666666666667,2.45454545454545,0.2,0,"Big12",1,1,112.580096341335,92.0416244815845,0.90996191507274,4.16589289452465,"R32","R32 - L",0.735294117647059,0.651635711700405,-0.0836584059466534,0
"790",2019,2306,"Kansas St","Semifinals - L",0.435641460201433,0.328932307285684,0.656349311081552,33.9083333333333,9.25833333333333,24.65,13.7666666666667,7.69166666666667,2.20833333333333,11.425,16.1416666666667,66.3916666666667,58.9333333333333,0.40906848752584,0.308291057362115,0.498187243306506,7.45833333333333,65.5074583333333,1.01504033395724,0.902482256250885,7,0.6,0.555,5.05,1.32610116805786,1.21561591449012,2.9,0.68779008177178,0.191666666666667,0.108333333333333,0.299262887775233,0.571428571428571,7.6,0.650817236255572,6.51323011091231,1.95833333333333,1.5,2.88888888888889,0.2,1,"Big12",1,1,104.406034529727,87.0279332263995,0.87461028721019,3.2786298558547,"R64","R64 - L",0.757575757575758,0.712021153725255,-0.0455546038505028,0
"791",2019,2335,"Liberty","Final - W",0.490039776426826,0.3647071160318,0.770917335825593,32.9222222222222,7.78111111111111,25.1411111111111,14.98,6.54,2.65333333333333,10.9511111111111,15.0977777777778,74.4544444444444,60.7966666666667,0.414493139066059,0.32003283036774,0.57454617867774,13.6577777777778,65.2069555555556,1.14092443453063,0.933151863012061,8.5,0.645833333333333,0.716666666666667,2.13666666666667,1.25653993041211,1.36478536083799,3.1,0.622581587161648,0.0522222222222222,0.345555555555556,0.098198822306893,0.645833333333333,7.8,0.526315789473684,6.20455776256869,1,0,3.11111111111111,0,0,"Other",0,0,108.91495078795,99.8021576825385,0.731904246469465,-0.21503223562835,"R32","R32 - L",0.823529411764706,0.844838808202941,0.0213093964382353,0
"792",2019,2428,"NC Central","Final - W",0.461240406836266,0.323551381862839,0.717891202443143,36.9136363636364,11.4920454545455,25.4215909090909,15.7339285714286,6.67922077922078,2.73003246753247,15.2522727272727,17.7094155844156,72.0689935064935,65.8574675324675,0.433085149453436,0.310744926697625,0.519561420772301,6.21152597402597,68.8407849025974,1.04689749058049,0.95620180440678,8,0.536507936507936,0.24,0.861688311688312,0.922718400785261,1.04228405315615,4.7,0.472716367076308,0.237337662337662,0.309253246753247,0.146507998439329,0.619047619047619,8.3,0.590820449425237,5.67332326717149,0.946900915888745,1,2.8,0.2,0,"Other",0,0,97.2006736487205,107.888602903075,0.23297376658367,-5.39140929643855,"First Four","First Four - L",0.545454545454545,0.653068449905314,0.107613904450769,0
"793",2019,2440,"Nevada","Semifinals - L",0.470390975508947,0.354454451759783,0.70969805766973,37.4815850815851,9.25314685314685,28.2284382284382,15.5277389277389,6.31515151515152,3.84988344988345,10.1244755244755,16.7226107226107,81.720979020979,66.0125874125874,0.404335521997498,0.331181072981201,0.546261406973611,15.7083916083916,70.8299347319347,1.15380650624356,0.93351051989204,6.5,0.702380952380952,0.525,3.69277389277389,1.37482251521298,1.54104969574037,4.7,0.735544623376137,0.0748251748251748,0.39020979020979,0.124794042480265,0.226190476190476,6.7,0.709669304265169,4.70953020131233,1.5720798026204,2,4.375,0.2,0,"Other",0,0,113.58816348178,95.8020983691085,0.87470207792742,2.05954801871356,"R64","R64 - L",0.878787878787879,0.837444443057409,-0.0413434357304699,0
"794",2019,2449,"N Dakota St","Final - W",0.458352856037459,0.363454459090369,0.784543726911054,31.6536796536797,6.66666666666667,24.987012987013,11.8,4.73722943722944,2.41212121212121,10.4718614718615,14.7554112554113,73.4748917748918,71.5748917748918,0.45655025602527,0.357698647820054,0.54643372657727,1.9,66.8327316017316,1.10034577196769,1.07049539028807,9.5,0.655681818181818,0.54952380952381,-1.9047619047619,0.955146733465448,1.15219541939444,0.7,0.402595450817811,0.225108225108225,0.176190476190476,0.195517113788694,0.784090909090909,4.6,0.603458451937129,4.85981240436167,0.811122617208417,1,2.18181818181818,0,0,"Other",0,0,105.67216328758,108.718051203405,0.41905199886982,-4.2003170368326,"R64","R64 - L",0.545454545454545,0.530433871245427,-0.0150206742091183,0
"795",2019,2483,"Oregon","Final - W",0.455277745870189,0.34754956475964,0.720123997623998,34.5794871794872,9.45128205128205,25.1282051282051,13.7,7.76923076923077,4.15384615384615,11.8487179487179,17.4846153846154,71.5128205128205,62.5076923076923,0.39729013934379,0.291334761549925,0.526433019867934,9.00512820512821,66.5217051282051,1.07468505298124,0.940152827467257,8.5,0.608333333333333,0.586666666666667,1.7974358974359,1.16967361564782,1.15694068032315,3.7,0.272179726939307,0.207692307692308,0.328205128205128,0.207946416336971,0.472222222222222,6.3,0.6553911205074,6.85329909318608,1.73076923076923,2.9,2.2,0.4,1,"Other",0,0,106.303911762225,92.969713264716,0.82336600313187,-0.486104358255375,"S16","S16 - L",0.657142857142857,0.725791062572806,0.0686482054299485,0
"796",2019,2504,"Prairie View","Final - W",0.429325736874553,0.302340122228338,0.681969791725889,33.0772727272727,11.4606060606061,21.6166666666667,11.9507575757576,8.63106060606061,1.5719696969697,12.9,21.6234848484848,73.1121212121212,73.9825757575757,0.461750667407679,0.316385450381464,0.480017542329689,-0.870454545454545,71.6068257575758,1.02178703010435,1.03126786626104,8,0.475,0.333333333333333,5.31060606060606,1.40544060089789,0.965143797244925,5.1,0.696273345557668,0.136363636363636,0.156060606060606,0.206584060827936,0.75,4.4,0.488317542521553,4.38202663467388,0,0,1.88888888888889,0.2,0,"Other",0,0,100.279719407974,105.532336141305,0.36329445374624,-3.44264919935453,"First Four","First Four - L",0.647058823529412,0.573201481499143,-0.0738573420302692,0
"797",2019,2509,"Purdue","Quarterfinals - L",0.455945994700147,0.37220990180517,0.737555816195057,36.6610256410256,11.9564102564103,24.7046153846154,14.7158974358974,6.48820512820513,4.08461538461538,10.8558974358974,17.254358974359,76.9989743589744,66.4194871794872,0.419002306610733,0.33985950985951,0.540959877839848,10.5794871794872,66.5642871794872,1.15741189604031,0.997028667355073,8,0.422222222222222,0.75,5.46153846153846,1.21035087719298,1.35885964912281,2.6,0.504410861323927,0.215384615384615,0.258974358974359,0,0.492063492063492,6.9,0.675105485232067,6.16331480403464,1.72727272727273,1.8,2.6,0,0,"Big Ten",0,1,120.584025134715,96.2511734120675,0.923447944078185,3.05242461528402,"E8","E8 - L",0.71875,0.755699000287519,0.036949000287519,1
"798",2019,2550,"Seton Hall","Final - L",0.444806878051841,0.327662816521616,0.710405925461084,35.5064102564103,10.3413461538462,25.1650641025641,13.7423076923077,6.87211538461538,3.99551282051282,12.0144230769231,18.6057692307692,74.7141025641026,71.061858974359,0.424306486709608,0.335719713975833,0.506661927004185,3.65224358974359,70.3525096153846,1.06238294447834,1.01028407550937,7,0.471428571428571,0.308333333333333,2.04166666666667,1.1998941987033,1.15327687776141,4,0.592527545723586,0.539102564102564,0.132051282051282,0.0596210780171751,0.428571428571429,5.3,0.545900380445649,5.88332238848828,0.981950630305924,1,2.5,0,0,"Big East",0,1,108.035296573285,96.9629175998295,0.77548333180463,-0.1426467668511,"R64","R64 - L",0.606060606060606,0.572078892221984,-0.033981713838622,0
"799",2019,2599,"St John's","Quarterfinals - L",0.459494139339132,0.367924430641822,0.725969696305302,32.9476923076923,7.62923076923077,25.3184615384615,14.2984615384615,8.89230769230769,3.29769230769231,10.3815384615385,18.7338461538462,78.7507692307692,73.6423076923077,0.428784423888386,0.337861686812617,0.532084730814281,5.10846153846154,72.7503423076923,1.08167453626023,1.01334620791179,7,0.714285714285714,0.691666666666667,2.67076923076923,1.51880188935029,1.37155885668622,6.8,0.768256657154822,0.282307692307692,0.223846153846154,0.125051808366796,0.785714285714286,8.3,0.439923538924203,4.59511985013459,0,0,2.77777777777778,0,0,"Big East",0,1,109.55652622482,99.7073228774325,0.74406088022148,-0.54167240440525,"First Four","First Four - L",0.636363636363636,0.576404659790636,-0.0599589765730003,0
"800",2019,2608,"Saint Mary's","Final - W",0.47836054038617,0.385262663054598,0.747892985312586,34.5125,9.67666666666667,24.8358333333333,10.4841666666667,6.0975,2.49166666666667,10.4091666666667,17.065,73.9991666666667,64.5566666666667,0.438652942770676,0.31554253611557,0.55093271854203,9.4425,64.4589541666667,1.14758110333442,1.00162229021279,7,0.5,0.875,2.55333333333333,1.04016462143517,1.01574434248136,2,0.292921023190529,0.173333333333333,0.335,0.0253234970444533,0.571428571428571,8,0.707581227436823,6.31896811374643,1.33333333333333,1.33333333333333,2.75,0,0,"Other",0,0,114.339513282485,97.657137134652,0.858824484352465,-0.30235125964185,"R64","R64 - L",0.666666666666667,0.744998888391021,0.0783322217243544,0
"801",2019,2633,"Tennessee","Final - L",0.498430399236532,0.359015827781956,0.75663947101797,38.4066666666667,10.4033333333333,28.0033333333333,19.11,6.015,5.70333333333333,11.34,17.3583333333333,82.48,67.0516666666667,0.389673815687791,0.324004974291768,0.556116084239137,15.4283333333333,70.60225,1.16798794055241,0.950943335517088,6.5,0.547619047619048,0.416666666666667,0.463333333333333,1.17755457558956,1.68009247737838,3.5,0.797290292670638,0.155,0.288333333333333,0.0643062299248714,0.619047619047619,9,0.648675171736997,6.92755790627832,1.67391304347826,1,3.25,0.2,1,"SEC",1,1,122.33971862659,95.230783932607,0.94613627738365,4.9128415659724,"S16","S16 - L",0.852941176470588,0.818609136593079,-0.0343320398775092,0
"802",2019,2641,"Texas Tech","Quarterfinals - L",0.477990437756306,0.369945811695642,0.719393632650615,34.84,8.97166666666667,25.8683333333333,14.48,7.29,4.91833333333333,12.4766666666667,17.8316666666667,73.9266666666667,57.695,0.35819286195018,0.287322582015978,0.542693453276179,16.2316666666667,67.778325,1.09044299011212,0.85272671459221,8,0.5375,0.595,2.43333333333333,1.27538854588035,1.15788482009793,2.8,0.602502355273265,0.13,0.36,0.0618152142726114,0.625,10.6,0.696697712987161,4.65396035015752,1.55353013059351,3,3.25,0.2,0,"Big12",1,1,110.140797335495,85.045583839629,0.95114910054038,3.5046715983962,"Final","Final - L",0.8125,0.858303248366025,0.0458032483660253,1
"803",2019,2670,"VCU","Quarterfinals - L",0.437924351092896,0.311144414341419,0.693296770796771,36.685641025641,10.8292307692308,25.8564102564103,14.1005128205128,7.98717948717949,4.51230769230769,13.8574358974359,19.9148717948718,71.4758974358974,61.8076923076923,0.384271500385554,0.273411201701524,0.50395949412474,9.66820512820513,69.3156666666667,1.03274326394036,0.891645639766082,7.5,0.494444444444444,0.5,1.86923076923077,1.20075095404883,1.03546264833499,1.3,0.633881806694058,0.247179487179487,0.198461538461538,0.107335267302114,0.388888888888889,2.2,0.514326536634817,4.89034912822175,0,0,2.3,0,0,"Other",0,0,103.263919259408,86.414568616766,0.8855409969564,0.68133721716914,"R64","R64 - L",0.78125,0.781607333770841,0.000357333770841017,0
"804",2019,2747,"Wofford","Final - W",0.492391150256716,0.415840636486075,0.703682791521843,35.3701298701299,10.7246753246753,24.6454545454545,15.5465909090909,6.99204545454545,2.98782467532468,10.8886363636364,16.7920454545455,83.2464285714286,65.950974025974,0.42856072769735,0.332979837310546,0.580363994146686,17.2954545454545,69.3499975649351,1.20057009317089,0.951158807619923,8,0.436507936507937,0.875,6.7711038961039,1.29795334624336,1.42863272158758,3.2,0.715955861542786,0.130681818181818,0.489123376623377,0.0602918586789555,0.563492063492063,11.3,0.529527559055118,6.23244801655052,1,1,2.9,0,0,"Other",0,0,114.97313250995,97.472415452973,0.86891506674301,2.08977053938364,"R32","R32 - L",0.878787878787879,0.883137589820362,0.00434971103248338,0
"805",2021,8,"Arkansas","Semifinals - L",0.45749913021233,0.338421259585925,0.736388037171565,41.4511111111111,12.7488888888889,28.7022222222222,15.4244444444444,8.23111111111111,5.48222222222222,12.5911111111111,16.5444444444444,84.5622222222222,68.2911111111111,0.402828820477069,0.314639543571324,0.518869356405831,16.2711111111111,75.4253444444444,1.12112603698667,0.905047078252764,7.5,0.594642857142857,0.68,5.63555555555556,1.21891304347826,1.24466246548899,2,0.607070465605087,0.113333333333333,0.315555555555556,0.109770143087655,0.598214285714286,11.5,0.719961906435463,5.17614973257383,1.43986769063342,0,2.33333333333333,0.4,1,"SEC",1,1,111.158335875565,91.1316121580175,0.90460754031928,2.277268455167,"E8","E8 - L",0.785714285714286,0.788992691602776,0.00327840588849004,1
"806",2021,21,"San Diego St","Final - W",0.450921625009216,0.366092931698604,0.728872132642288,36.0957142857143,9.73571428571429,26.36,13.8328571428571,8.42857142857143,3.09571428571429,11.3857142857143,18.5428571428571,74.0942857142857,59.81,0.382211217210466,0.320272182129692,0.529511716535779,14.2842857142857,67.2391571428572,1.10189028479324,0.889631359289415,9,0.388888888888889,0.925,5.04428571428571,1.35110229276896,1.21603835978836,1.8,0.743611938835093,0.231428571428571,0.302857142857143,0.199112099084533,0.5,6.4,0.705913368009494,4.60517018598809,0.768621786840241,1,2.3,0,0,"Other",0,0,111.95034627631,89.1789032990035,0.93107461061148,1.536997473524,"R64","R64 - L",0.851851851851852,0.849787790454253,-0.00206406139759929,0
"807",2021,26,"UCLA","Quarterfinals - L",0.463033807050314,0.368321345321345,0.727735471044306,35.5806818181818,10.1555194805195,25.4251623376623,14.5519480519481,5.1400974025974,2.66866883116883,10.6043831168831,16.0256493506493,74.2125,67.6048701298701,0.436969651134259,0.334433252454761,0.523880824743347,6.60762987012987,66.8819732142857,1.10959229423371,1.0107257875985,7.5,0.703571428571429,0.58,3.78246753246753,1.1694145451743,1.39579649086752,2.7,0.770026198742943,0.367694805194805,0.230357142857143,0.169293645017991,0.732142857142857,4.3,0.677248677248677,6.34212141872115,1.18181818181818,0,1.9,0.2,1,"Other",0,0,114.55076497696,96.18143003721,0.881593272706935,1.31828907433495,"F4","F4 - L",0.653846153846154,0.629258600341505,-0.024587553504649,1
"808",2021,30,"USC","Semifinals - L",0.470955035493787,0.358326037304911,0.629355382651496,40.6233333333333,12.7980952380952,27.8252380952381,14.2361904761905,4.74904761904762,5.32428571428571,12.6,15.9380952380952,76.2747619047619,64.5285714285714,0.380182143762551,0.331027971560931,0.527302882419944,11.7461904761905,68.9653214285714,1.10600364823036,0.93590413458754,8,0.4125,0.558333333333333,1.12666666666667,0.981994505494506,1.13311721611722,1.9,0.41492543100023,0.151428571428571,0.274285714285714,0.107602140155173,0.5625,6.1,0.572351718011679,5.71702770140622,1.59032560860983,1,2.11111111111111,0.2,0,"Other",0,0,112.942326585745,89.7914375005285,0.933240357175855,2.7698463854306,"E8","E8 - L",0.758620689655172,0.766610181227896,0.00798949157272344,1
"809",2021,38,"Colorado","Final - L",0.457992535633381,0.379037793347004,0.835406015489327,35.2613131313131,9.73818181818182,25.5231313131313,14.0344444444444,5.40767676767677,2.78424242424242,11.1685858585859,16.4853535353535,74.8088888888889,62.7384848484848,0.411545448450893,0.331113817181689,0.527968579137489,12.070404040404,66.4839681818182,1.1243868934598,0.944525333249948,8.5,0.527777777777778,0.7,3.32979797979798,1.22491252841029,1.25831918812791,1,0.505789980219435,0.187272727272727,0.282222222222222,0.254603921309493,0.527777777777778,9.4,0.570815450643777,6.1463292576689,1,1,2.3,0.2,0,"Other",0,0,115.32659647243,91.4191930275445,0.935188277471165,2.43087910595255,"R32","R32 - L",0.733333333333333,0.774621497866424,0.0412881645330905,0
"810",2021,41,"UConn","Semifinals - L",0.451174094271811,0.340210343086449,0.729875474883917,38.8954545454545,13.8590909090909,25.0363636363636,13.2590909090909,6.38181818181818,5.41818181818182,12.3363636363636,19.7454545454545,75.3045454545454,65.6545454545455,0.40635053028581,0.313543597800471,0.507510442990644,9.65,67.6474090909091,1.11306992688644,0.971283323369733,8.5,0.568055555555556,0.44,3.9,1.09998465349008,1.08310402792351,3.5,0.400968347962232,0.268181818181818,0.218181818181818,0.248894913646178,0.645833333333333,2.6,0.581990121943483,5.77144112313002,0.963277188365544,0,2,0.2,1,"Big East",0,1,113.90349478472,92.004912659538,0.92087829260759,1.01550194249385,"R64","R64 - L",0.681818181818182,0.729630962024429,0.0478127802062472,0
"811",2021,42,"Hartford","Final - W",0.431015070110694,0.334292758316161,0.706915075298867,33.3,8.28571428571428,25.0142857142857,10.9047619047619,7.06349206349206,1.94920634920635,12.6174603174603,15.8539682539683,65.9650793650794,63.4714285714286,0.421709349250145,0.296375823524563,0.503450834838715,2.49365079365079,66.0761984126984,0.998412420197489,0.960551624681715,7,0.583333333333333,0.325,-0.361904761904762,1.08090062111801,0.869099378881988,2.9,0.724190453882981,0.238095238095238,0.0984126984126984,0.0288808664259928,0.645833333333333,3.4,0.449539508543221,5.77144112313002,0,0,2,0.2,0,"Other",0,0,96.0609956292765,99.335273701468,0.40730194023135,-2.43858472891185,"R64","R64 - L",0.652173913043478,0.586016548881017,-0.0661573641624609,0
"812",2021,46,"Georgetown","Final - W",0.422914257280562,0.361634615384615,0.741354654272,41.3782142857143,11.8464285714286,29.5317857142857,13.0932142857143,5.84857142857143,4.11,15.8364285714286,16.4732142857143,71.985,72.0764285714286,0.413591525248709,0.320955442756233,0.498527041989782,-0.0914285714285714,71.7346892857143,1.00396946472487,1.00444216308729,6.5,0.845238095238095,0.59,-3.66928571428571,0.714566593738504,0.828698038684195,2.9,0.685502024761621,0.188214285714286,0.0825,0.120142331595386,0.535714285714286,2.8,0.536182199686813,4.56434819146784,0,0,1.85714285714286,0.2,0,"Big East",0,1,106.187486024265,94.7479343420215,0.769894783858535,-0.5519002480874,"R64","R64 - L",0.52,0.520574283794792,0.000574283794792074,0
"813",2021,52,"Florida St","Final - L",0.467980775485553,0.384382284382284,0.734278857523232,37.1857142857143,11.6214285714286,25.5642857142857,14.6428571428571,7.46428571428571,5.04285714285714,13.9821428571429,18.55,78.7392857142857,69.4321428571428,0.398378130741945,0.339447804293342,0.542825112009002,9.30714285714286,70.9276607142857,1.11110241520437,0.978874629752627,8.5,0.568055555555556,0.6,1,1.04776625990289,1.05836447951274,1.1,0.709176710333621,0.121428571428571,0.242857142857143,0.211266148679551,0.645833333333333,5.7,0.574531095755183,6.92165818415113,1.8,1.85714285714286,2.11111111111111,0.4,1,"ACC",1,1,114.738426498375,93.4423569358325,0.90214158446917,1.19463739646467,"S16","S16 - L",0.727272727272727,0.729342248221673,0.00206952094894586,0
"814",2021,57,"Florida","Quarterfinals - L",0.481579446002546,0.367591376493577,0.746621551706297,35.72,9.6475,26.0725,12.49,7.71,6.0325,14.9025,20.0775,77.15,68.3775,0.408036709373953,0.328199489977751,0.544948437214642,8.7725,71.4273875,1.07871715145333,0.959563700065996,7.5,0.507142857142857,0.875,-0.25,1.06109396315976,0.837047673035115,0.7,0.544050235518202,0.135,0.2375,0.172817089902585,0.535714285714286,2.9,0.663045278243548,5.75257263882563,1.60021326827966,1.66666666666667,1.66666666666667,0.2,0,"SEC",1,1,110.321593625085,91.794191467024,0.888591597449725,0.5858411285519,"R32","R32 - L",0.608695652173913,0.621104617329628,0.012408965155715,0
"815",2021,59,"Georgia Tech","Final - W",0.472470223325062,0.346623093681917,0.726285396141821,32.0388888888889,8.63194444444444,23.4069444444444,16.4597222222222,9.1625,3.07083333333333,11.5111111111111,16.1875,77.2819444444444,71.5472222222222,0.458706254253471,0.367718601274024,0.543742862131433,5.73472222222222,70.763875,1.09179207354189,1.01066777746767,6.5,0.652380952380952,0.48,3.49027777777778,1.39801356589147,1.43180717054264,2.5,0.621647777768201,0.288888888888889,0.0847222222222222,0.074750830564784,0.69047619047619,4,0.623396364698575,5.92157841964382,0.988335718768811,0,2.42857142857143,0,1,"ACC",1,1,111.869501884975,97.329311067298,0.81057545808049,0.92467106043071,"R64","R64 - L",0.68,0.657632063892213,-0.0223679361077866,0
"816",2021,99,"LSU","Final - L",0.483286901550735,0.357325233497464,0.755761943761944,38.9880952380952,11.2345238095238,27.7535714285714,12.8636904761905,8.29642857142857,2.63392857142857,12.360119047619,17.0916666666667,84.4535714285714,72.6845238095238,0.409465738893963,0.292853397489282,0.555993641795252,11.7690476190476,72.5342410714286,1.16542168215728,1.00081738095543,8,0.4,0.85,0.223809523809524,1.13932976732165,1.05558931867248,1.4,0.364076043020875,0.233928571428571,0.360714285714286,0.306881699388992,0.4375,4.7,0.667268473494759,5.44241771052179,1.51393638615142,3,1.5,0.2,0,"SEC",1,1,119.12031880473,99.4675678441645,0.887850428663425,1.12232637720234,"R32","R32 - L",0.666666666666667,0.677191634116008,0.0105249674493412,0
"817",2021,116,"Mount St Mary","Final - W",0.427429210134128,0.329469408482876,0.691514183527103,35.2083333333333,10.0597222222222,25.1486111111111,11.4069444444444,4.43333333333333,4.01944444444444,12.9069444444444,14.4625,62.6416666666667,62.6638888888889,0.420130332766231,0.300167717570468,0.488821507256815,-0.0222222222222222,63.2074930555556,0.991257186353533,0.990902895462379,6.5,0.728571428571429,0.525,-0.265277777777778,0.84137778340081,0.890767965587045,2.1,0.391133805057701,0.141666666666667,0.075,0.135979015552018,0.535714285714286,2.5,0.404308940891498,4.15888308335967,0,0,1.625,0.2,1,"Other",0,0,96.8502936118115,100.099154866034,0.407127467422505,-3.60799213627555,"First Four","First Four - L",0.545454545454545,0.547925103064433,0.00247055760988713,0
"818",2021,120,"Maryland","Quarterfinals - L",0.463511981482644,0.360202233272149,0.708001625466057,33.6888888888889,6.83333333333333,26.8555555555556,13.6588888888889,5,3.48666666666667,10.9755555555556,14.8966666666667,70.4211111111111,65.4711111111111,0.414389131803567,0.34537305110919,0.543856532248704,4.95,65.7666055555556,1.07041045641618,0.995480373492176,7,0.714285714285714,0.68,-1.69111111111111,1.00704873577267,1.25215606141624,0.9,0.327427156195927,0.176666666666667,0.182222222222222,0.112767789890121,0.571428571428571,7,0.637640449438202,6.5694814204143,1.44444444444444,1.5,1.875,0.2,1,"Big Ten",0,1,111.336173572295,95.939471563406,0.84556439784669,0.030795008026005,"R32","R32 - L",0.551724137931034,0.620653546676984,0.0689294087459498,0
"819",2021,127,"Michigan St","Early Round - L",0.430321210135505,0.325727185825626,0.734248921350832,38.3333333333333,10.9777777777778,27.3555555555556,17.3666666666667,4.66666666666667,4.71111111111111,13.0444444444444,19.3777777777778,71.5333333333333,71.2222222222222,0.422972144845799,0.31803492484527,0.488280913724336,0.311111111111111,69.9617222222222,1.02010803952617,1.01754621062089,8,0.675,0.516666666666667,-0.511111111111111,0.821202374755212,1.33036947522372,1.3,0.570917234581387,0.1,0.144444444444444,0.106406501806039,0.4375,4.7,0.722669735327963,6.76849321164863,3.77272727272727,3.77272727272727,1.90909090909091,0.2,1,"Big Ten",0,1,105.78316248266,95.5342806105155,0.75846635343226,0.584752362541415,"First Four","First Four - L",0.555555555555556,0.45335782526468,-0.102197730290876,0
"820",2021,130,"Michigan","Semifinals - L",0.495597497195441,0.383528335500024,0.777106940886729,38.125,8.9375,29.1875,15.9375,4.4125,4.575,11.625,15,77.9625,65.825,0.388287736530641,0.337319217103777,0.559134853590851,12.1375,68.0645625,1.14450070538607,0.967555418788023,6.5,0.723809523809524,0.76,-1.7125,0.902200828547218,1.37739501930138,0.5,0.709176710333621,0.1125,0.3125,0.0859177939640831,0.619047619047619,6.8,0.608055795159689,3.46573590279973,0,0,2.625,0,1,"Big Ten",0,1,117.381727532595,91.538873857444,0.94302950485217,3.53241274602895,"E8","E8 - L",0.833333333333333,0.789737928254151,-0.0435954050791827,1
"821",2021,142,"Missouri","Quarterfinals - L",0.444991312432367,0.308011695906433,0.702768677178841,37.0311688311688,10.3987012987013,26.6324675324675,12.7805194805195,6.25844155844156,3.34415584415584,13.6142857142857,19.5662337662338,73.5805194805195,70.6519480519481,0.4229993822582,0.309466183574879,0.505142144285456,2.92857142857143,70.6880519480519,1.04067664176924,0.998714385720688,8,0.4375,0.291666666666667,-1.55714285714286,0.925049563838224,0.939544958907072,3.2,0.837352801691087,0.350649350649351,0.161038961038961,0.06742473279121,0.75,3.6,0.58560794044665,6.00141487796115,1.66666666666667,1,2.77777777777778,0,0,"SEC",1,1,109.368015028855,92.6815694620195,0.87006091678472,1.03449082048657,"R64","R64 - L",0.64,0.550638817125727,-0.0893611828742733,0
"822",2021,153,"North Carolina","Semifinals - L",0.44137339641373,0.3024010931895,0.67235587579116,43.5888888888889,15.7977777777778,27.7911111111111,15.1355555555556,6.99111111111111,4.79555555555556,15.1511111111111,17.0755555555556,75.6911111111111,69.2111111111111,0.420569584065369,0.345737089201878,0.483679763552511,6.48,72.1453111111111,1.04876287426311,0.959641777835179,7.5,0.401785714285714,0.4,5.02444444444444,0.933145907407918,1.01233795466865,1.2,0.491471197681014,0.335555555555556,0.142222222222222,0.031566265060241,0.464285714285714,7.4,0.77768014059754,7.03790596344718,3.91379310344828,4.5,1.5,0.2,1,"ACC",1,1,106.47889945599,91.783849786766,0.839025978996135,1.2245113638039,"R64","R64 - L",0.642857142857143,0.678244420216986,0.0353872773598434,0
"823",2021,156,"Creighton","Final - L",0.486813292518852,0.372460804652946,0.650720002718004,36.5135101010101,8.27373737373737,28.2397727272727,16.4286616161616,6.96035353535354,3.64507575757576,11.0534090909091,15.4645202020202,79.9092171717172,69.0113636363636,0.405559917598759,0.32475024975025,0.56911950576914,10.8978535353535,70.9437752525253,1.12568803843817,0.97345836214019,7.5,0.535714285714286,0.9,-0.873611111111111,1.15375926755237,1.48777429467085,1.4,0.485296925668013,0.350631313131313,0.315530303030303,0.169518942038469,0.598214285714286,6.3,0.606060606060606,6.4425401664682,1,1,2.44444444444444,0,0,"Big East",0,1,114.433811166925,94.0193723298055,0.905346376664845,1.62379812692684,"S16","S16 - L",0.714285714285714,0.736704874434065,0.0224191601483504,0
"824",2021,164,"Rutgers","Quarterfinals - L",0.464447890515108,0.335805422647528,0.635822938850015,36.84,10.2275,26.6125,14.5675,7.7575,5.32,11.265,17.2925,73.19,68.4325,0.415643368998796,0.31551656920078,0.518726332025078,4.7575,68.8482625,1.06129816289586,0.993439631851247,7.5,0.573214285714286,0.545,1.23,1.13586626139818,1.29766164686377,1.9,0.765446933104469,0.22,0.2225,0.194688863101471,0.598214285714286,5.1,0.536687631027254,6.16961073249146,1,0,2.25,0,1,"Big Ten",0,1,109.15466883041,92.082232903125,0.85969652469482,0.87564862851345,"R32","R32 - L",0.576923076923077,0.553650201171664,-0.0232728757514126,0
"825",2021,179,"St Bonaventure","Final - W",0.446293693077385,0.332603837233818,0.704079861111111,37.3541666666667,11.8611111111111,25.4930555555556,15.4819444444444,6.94305555555556,3.62083333333333,12.0097222222222,17.1013888888889,71.4638888888889,63.4986111111111,0.400328589036542,0.285331923748154,0.495262978955496,7.96527777777778,68.3311111111111,1.05065810492619,0.928517384088331,2.5,0.3,0.2,3.95277777777778,1.22181498350099,1.31903121742099,0.4,0.480684434554553,0.126388888888889,0.075,0,0.4,4.8,0.535283993115318,6.36647044773144,1,1,1.83333333333333,0,0,"Other",0,0,105.140770059786,90.0577468013795,0.84405888460192,0.93560711874895,"R64","R64 - L",0.8,0.791977239724289,-0.00802276027571125,0
"826",2021,183,"Syracuse","Quarterfinals - L",0.4455883118662,0.336303449727519,0.785894660894661,37.6492063492064,11.0253968253968,26.6238095238095,16.3206349206349,9.04126984126984,4.66666666666667,11.8746031746032,14.3825396825397,78.268253968254,69.1063492063492,0.404887383547164,0.310106004932639,0.514926582633154,9.16190476190476,71.3231507936508,1.09705499780685,0.973435598468496,6.5,0.64047619047619,0.6,2.59523809523809,1.30867487868608,1.38049272116461,1.1,0.703011730729661,0.226984126984127,0.314285714285714,0.0803503427265804,0.535714285714286,7.4,0.727459016393443,7.28961052145117,2.77941176470588,2.77941176470588,1.71428571428571,0,1,"ACC",1,1,110.582393038715,95.4832108230225,0.844030428993305,0.26938704408009,"S16","S16 - L",0.64,0.645912040922538,0.00591204092253805,0
"827",2021,194,"Ohio State","Final - L",0.456759443623115,0.350952084371367,0.76939715495481,36.5458333333333,10.2208333333333,26.325,12.6708333333333,4.56666666666667,3.40833333333333,10.2375,18.0916666666667,77.0916666666667,69.1833333333333,0.420082081902158,0.343297171018945,0.525948345131359,7.90833333333333,67.3496458333333,1.1447719686727,1.02669798252547,7.5,0.401785714285714,0.666666666666667,0.891666666666667,1.06769124273972,1.25116508281417,2.2,0.464462714550211,0.333333333333333,0.15,0.220539132261035,0.535714285714286,6.5,0.601977764256491,5.7037824746562,1.3327785555158,1,2.55555555555556,0.2,0,"Big Ten",0,1,120.405712529415,97.0400507462025,0.92068952740682,2.99926493951135,"R64","R64 - L",0.7,0.676748111480297,-0.0232518885197028,0
"828",2021,195,"Ohio","Final - W",0.485640422827255,0.360217870932157,0.693257980260269,34.7321428571429,10.0178571428571,24.7142857142857,18.0696428571429,6.8375,2.26428571428571,11.9464285714286,16.2517857142857,80.8517857142857,73.1035714285714,0.44216258705557,0.3377968591692,0.559454933155119,7.74821428571429,71.5939910714286,1.12932495303436,1.02113621081652,7,0.714285714285714,0.74,3.01428571428571,1.22695317351882,1.54327412743759,0.7,0.48730920345429,0.128571428571429,0.353571428571429,0.276002518311574,0.571428571428571,5.9,0.566255505913881,4.86753445045558,0,0,1.71428571428571,0,0,"Other",0,0,111.29071940433,101.0058729065,0.75191953257978,-0.99512978012635,"R32","R32 - L",0.695652173913043,0.700519720279739,0.00486754636669529,0
"829",2021,197,"Oklahoma St","Final - L",0.458835717487836,0.327546462630295,0.704043573622973,39.5511363636364,11.4935606060606,28.0575757575758,13.1102272727273,7.19318181818182,4.27689393939394,15.4469696969697,16.5015151515152,76.705303030303,71.7734848484848,0.406315749662524,0.321805767531529,0.51373479073207,4.93181818181818,73.8256742424242,1.03901520682242,0.972187650189547,8.5,0.490277777777778,0.45,-1.26931818181818,0.952772600186393,0.851160298229264,3.3,0.613437164300529,0.525757575757576,0.0806818181818182,0.311497267924234,0.763888888888889,3,0.530997159952358,4.61512051684126,0,0,1.33333333333333,0.2,1,"Big12",1,1,107.224778985635,92.6350194830775,0.8287495190196,2.41247487960591,"R32","R32 - L",0.714285714285714,0.61760170900611,-0.0966840052796041,0
"830",2021,198,"Oral Roberts","Final - W",0.446279496625205,0.383613146113146,0.813905372894948,36.87,9.2225,27.6475,13.2725,6.5325,4.095,12.0275,18.0875,81.9675,75.675,0.422499371943695,0.343697731998457,0.539923630999116,6.2925,74.13895,1.10667892496976,1.02182979310252,8,0.86031746031746,0.623809523809524,-1.6675,1.13207074393033,1.10184401303946,3.6,0.34948800760981,0.355,0.2875,0.250632084711151,0.619047619047619,6,0.455991838784662,4.56434819146784,0,0,1.5,0.2,0,"Other",0,0,107.363840826085,105.355151132805,0.554071180877225,-2.46935719404875,"S16","S16 - L",0.615384615384615,0.658225213112486,0.0428405977278702,0
"831",2021,201,"Oklahoma","Quarterfinals - L",0.452959855323297,0.351141561468003,0.752273965141612,37.0153571428571,10.2967857142857,26.7185714285714,14.3742857142857,7.23464285714286,3.40928571428571,11.0378571428571,13.9125,77.7971428571429,69.4210714285714,0.417326391445274,0.36555976808911,0.519214625427458,8.37607142857143,70.4507714285714,1.10339492433994,0.985516935029347,8.5,0.590277777777778,0.62,2.6725,1.22376318787195,1.30877559059309,1.4,0.482667714353395,0.412857142857143,0.289285714285714,0.248314101205818,0.590277777777778,5.6,0.60982391102873,6.98471632011827,1.89473684210526,2.25,2,0.2,0,"Big12",1,1,112.30067818301,96.7074671334375,0.84645599101485,0.14053975041229,"R32","R32 - L",0.6,0.6591832373574,0.0591832373574002,0
"832",2021,204,"Oregon St","Final - W",0.434814745620877,0.35570032523969,0.751639680262349,35.6285714285714,10.9461904761905,24.682380952381,15.9114285714286,6.26428571428571,3.88857142857143,11.2490476190476,18.5485714285714,73.04,67.1528571428571,0.426072503709795,0.303852323312431,0.494591985839122,5.88714285714286,67.59055,1.07986977605188,0.996337281238158,7,0.645833333333333,0.625,3.25190476190476,1.18058247225027,1.42879173762125,1.4,0.488277405162339,0.505714285714286,0.148095238095238,0.0641907127539605,0.583333333333333,2.9,0.573059360730594,6.08449941307517,1,1,1.66666666666667,0.2,1,"Other",0,0,105.808867502725,97.9970119373765,0.691404239741865,0.1898376147885,"E8","E8 - L",0.586206896551724,0.572057549746426,-0.0141493468052977,1
"833",2021,222,"Villanova","Quarterfinals - L",0.456875549398817,0.360522961557069,0.762793904208999,34.3825396825397,9.45873015873016,24.9238095238095,15.4698412698413,5.15396825396825,1.50793650793651,8.88730158730159,15.7349206349206,76.6412698412698,66.9031746031746,0.446445121506239,0.350484539969834,0.537855518040656,9.73809523809524,66.2594920634921,1.15602245679616,1.0101445722579,7,0.785714285714286,0.466666666666667,5.36031746031746,1.45129725722758,1.7533728687917,1.4,0.711968108194187,0.165079365079365,0.196825396825397,0.0270168855534709,0.428571428571429,4.5,0.689895470383275,6.75925527066369,3.03125,3.32142857142857,2.14285714285714,0,0,"Big East",0,1,119.08064907954,97.3935678732575,0.908902035598625,1.52991312449124,"S16","S16 - L",0.727272727272727,0.733973063067041,0.00670033579431395,0
"834",2021,228,"Clemson","Early Round - L",0.428065938303762,0.343665351986013,0.760693473193473,33.1625,8.9125,24.25,13.0875,6.6875,2.93035714285714,12.8196428571429,16.0339285714286,66.1232142857143,60.2410714285714,0.407982493079977,0.320511409339147,0.50456009702273,5.88214285714286,65.5121071428571,1.00902703891568,0.922393194832819,9,0.477777777777778,0.73,2.39285714285714,1.17752373074954,1.02779583021519,1.3,0.637493766009163,0.169642857142857,0.157142857142857,0.128427335333388,0.611111111111111,4.6,0.607944732297064,6.36302810354046,1.4,2,1.90909090909091,0.2,0,"ACC",1,1,105.233724147925,87.57867475942,0.848956112148615,1.44820467441489,"R64","R64 - L",0.695652173913043,0.609818269954974,-0.0858339039580699,0
"835",2021,239,"Baylor","Semifinals - L",0.502247310103558,0.436418175212908,0.706616624573619,37.7396825396825,13.3970238095238,24.3426587301587,18.6117063492064,9.15753968253968,3.70555555555556,12.2055555555556,16.6025793650794,87.7857142857143,65.3027777777778,0.427761611968247,0.333434029625307,0.588407527370432,22.4829365079365,70.8178224206349,1.23809568954189,0.923796433963895,8.5,0.620833333333333,0.9,8.69464285714286,1.46840181557573,1.5461132345915,0.6,0.657170087622772,0.0650793650793651,0.480357142857143,0.117931430304844,0.645833333333333,8.5,0.617747440273038,6.3750248198281,2,2,2.44444444444444,0.2,1,"Big12",1,1,124.743580378685,92.479730363425,0.96477392772231,3.33982800724735,"Final","Final - W",0.916666666666667,0.886771439283622,-0.0298952273830451,1
"836",2021,248,"Houston","Final - W",0.433539823477829,0.343176266731707,0.739118597138902,41.2377777777778,14.5830555555556,26.6547222222222,13.2180555555556,8.62416666666667,4.79361111111111,11.2516666666667,19.6958333333333,76.6791666666667,56.9852777777778,0.36985605875153,0.260435648493901,0.50092433831594,19.6938888888889,66.9268819444444,1.1462190642456,0.852517813290016,8.5,0.502777777777778,0.458333333333333,9.04638888888889,1.38010946314009,1.20063444732732,3.9,0.440072966595699,0.136944444444444,0.464166666666667,0.395335230755339,0.583333333333333,8.1,0.662749706227967,6.74758652682932,1.71875,2,2,0.2,0,"Other",0,0,115.34517394428,87.756063845147,0.9559681075221,2.02162108218585,"F4","F4 - L",0.888888888888889,0.926146426203999,0.0372575373151101,1
"837",2021,249,"North Texas","Final - W",0.481967564095702,0.386212121212121,0.718294372294372,34.0119047619048,8.82380952380952,25.1880952380952,14.0857142857143,6.71904761904762,2.86666666666667,12.9190476190476,15.9047619047619,72.5952380952381,61.8119047619048,0.407546408088159,0.325980699303351,0.549435769171352,10.7833333333333,66.6944880952381,1.08581798234897,0.92771211710699,7.5,0.578571428571429,0.755,1.53809523809524,1.16187224573498,1.09081080575692,1.1,0.502289819118813,0.178571428571429,0.388095238095238,0.0142163355408389,0.669642857142857,2.6,0.603920449618922,4.90527477843843,0,0,1.44444444444444,0,0,"Other",0,0,101.566639190903,94.156677461092,0.695960400919785,-1.2205715348544,"R32","R32 - L",0.653846153846154,0.755360915808953,0.101514761962799,0
"838",2021,251,"Texas","Final - W",0.452628125526107,0.348046107393063,0.697746833089505,39.1675,11.2375,27.93,13.2525,6.3475,4,13.905,20.59,75.245,67.39,0.406722636688417,0.308748623962393,0.529933291454352,7.855,69.9448375,1.07581022590705,0.963168447282444,7.5,0.598214285714286,0.55,-0.445,0.897128114104878,0.956781073680671,3.5,0.638799145197169,0.5,0.2075,0.269305277684083,0.464285714285714,5.1,0.653480673038084,5.96100533962327,1.77663613103118,1,2.44444444444444,0.2,1,"Big12",1,1,112.776107999725,91.3854237445645,0.91701704882649,2.0695875436521,"R64","R64 - L",0.730769230769231,0.682980927508443,-0.0477883032607882,0
"839",2021,252,"BYU","Final - L",0.482714903771179,0.379559178743961,0.709592808595928,39.7641414141414,9.50757575757576,30.2565656565657,17.3494949494949,4.56161616161616,2.86919191919192,13.5540404040404,18.1570707070707,78.710101010101,68.2707070707071,0.403812204819388,0.326774161441226,0.559263864611439,10.4393939393939,71.421952020202,1.10236835524835,0.956435472235264,9,0.566666666666667,0.55,-1.44545454545455,0.873365462780165,1.27664034374637,3.2,0.542031613192586,0.135353535353535,0.276262626262626,0.0648118606831507,0.555555555555556,4,0.61054809257965,5.11198778835654,0,0,2.3,0.2,1,"Other",0,0,110.835857730025,92.3298896817085,0.88978351333313,1.7740228099461,"R64","R64 - L",0.769230769230769,0.768871976599832,-0.000358792630937521,0
"840",2021,258,"Virginia","Quarterfinals - L",0.482555967349365,0.377871724541912,0.807877612583495,32.377380952381,6.87936507936508,25.4980158730159,14.0847222222222,5.08115079365079,4.29146825396825,9.14246031746032,13.1930555555556,70.2609126984127,60.5210317460317,0.412518982078712,0.338715948709011,0.560179327680752,9.73988095238095,61.4779255952381,1.14223982036414,0.984763139551014,7,0.520833333333333,0.875,-0.0343253968253968,1.0578390038239,1.5513864104324,0.6,0.440072966595699,0.153373015873016,0.36765873015873,0.0353438617949981,0.645833333333333,5.6,0.728421052631579,6.16541785423142,2.83333333333333,3.07142857142857,2,0,0,"ACC",1,1,114.55411363794,94.3640515311555,0.901800199636915,1.76442484690948,"R64","R64 - L",0.75,0.748314170930117,-0.00168582906988302,0
"841",2021,259,"Virginia Tech","Quarterfinals - L",0.457761726779825,0.372952336191578,0.697074506530947,35.4365079365079,9.63492063492063,25.8015873015873,14.111746031746,4.62349206349206,3.9352380952381,11.867619047619,15.8730158730159,72.7292063492064,64.2139682539683,0.41368974322599,0.331508649932157,0.531794984143986,8.51523809523809,66.7963587301587,1.08941450960692,0.960845176130828,7.5,0.655357142857143,0.8,1.84285714285714,1.01235182550972,1.19905168326221,1.7,0.730791369891945,0.141269841269841,0.226666666666667,0.163086476070376,0.732142857142857,3.8,0.547826086956522,6.35610766069589,1,0,1.875,0,1,"ACC",1,1,108.74709225129,94.687634689047,0.829976322149975,0.447370339303495,"R64","R64 - L",0.714285714285714,0.695851120895475,-0.0184345933902391,0
"842",2021,275,"Wisconsin","Quarterfinals - L",0.4301838760586,0.377403482736388,0.763142095031421,33.9545454545455,8.32987012987013,25.6246753246753,13.6519480519481,5.84935064935065,3.77792207792208,8.74545454545455,16.3649350649351,71.2103896103896,63.7168831168831,0.415789249313428,0.338748480223504,0.505989602929372,7.49350649350649,66.077974025974,1.07768649123191,0.964250032341915,8,0.5,0.65,3.43896103896104,1.37604395604396,1.57245421245421,2.4,0.235022319772688,0.161038961038961,0.154545454545455,0.030536706248617,0.5,9.8,0.633414518569779,5.06890420222023,1.97404875644685,2.33333333333333,3,0.4,0,"Big Ten",0,1,112.83066275804,90.2221449928085,0.92154064990685,1.03020868322646,"R32","R32 - L",0.586206896551724,0.664259659543021,0.0780527629912974,0
"843",2021,277,"West Virginia","Quarterfinals - L",0.426830152257504,0.342164382385668,0.718329307568438,38.7666666666667,13.9583333333333,24.8083333333333,13.8416666666667,7.25,2.9,11.9666666666667,16.2916666666667,76.9,71.4083333333333,0.436924164477248,0.318508287292818,0.484801897458208,5.49166666666667,70.91,1.08413760551348,1.00624987063487,7.5,0.464285714285714,0.758333333333333,5.41666666666667,1.23211446448289,1.16012329775488,2.2,0.437049053605079,0.425,0.108333333333333,0.0405995302019754,0.464285714285714,6.4,0.699826989619377,7.05358572719368,2.04166666666667,2.5,1.6,0.2,1,"Big12",1,1,114.226138396285,94.3252484548205,0.90033603414486,1.499391356288,"R32","R32 - L",0.666666666666667,0.645007653988685,-0.0216590126779821,0
"844",2021,314,"Iona","Final - W",0.449538466280496,0.358986415882968,0.740307328605201,37.2825,11.17,26.1125,14.4925,7.035,4.1925,15.9925,22.12,73.5675,67.2475,0.402699393045138,0.304602443785534,0.520310111265394,6.32,70.3159875,1.04406817758479,0.955171927785253,8,0.6125,0.43,-0.5775,0.88534978291445,0.911367944719623,7.9,0.609933850764181,0.155,0.3025,0.0517468688200396,0.5625,3.5,0.739673390970221,6.94889722231331,3.88095238095238,0,1.85714285714286,0.2,0,"Other",0,0,100.662776590575,98.7849643735475,0.553029212545745,-1.59471657626675,"R64","R64 - L",0.705882352941177,0.686546922303087,-0.0193354306380897,0
"845",2021,325,"Cleveland St","Final - W",0.454473017177025,0.323308084820877,0.677633439628521,34.2266666666667,10.3952380952381,23.8314285714286,13.6885714285714,6.93142857142857,2.59714285714286,13.1085714285714,19.8466666666667,71.3904761904762,72.0657142857143,0.425589207593666,0.321046783625731,0.514087034565941,-0.675238095238095,68.680419047619,1.03910654719977,1.04959707261351,7.5,0.507142857142857,0.4,-0.675238095238095,1.05510335917313,1.05287101414529,2.4,0.790527766298686,0.231428571428571,0.0914285714285714,0.0933879437667524,0.732142857142857,3.2,0.451042023269681,3.49650756146648,0,0,1.55555555555556,0,0,"Other",0,0,99.7453321344135,100.41674570933,0.480878210929915,-1.34237671037027,"R64","R64 - L",0.730769230769231,0.526755161136543,-0.204014069632688,0
"846",2021,328,"Utah State","Final - L",0.444958551860525,0.337462691159728,0.726137469817069,40.9373015873016,12.6333333333333,28.3039682539683,16.5,7.06904761904762,4.45238095238095,13.3373015873016,15.6222222222222,74.9619047619048,63.4428571428571,0.39674122341,0.340763706333962,0.498284097837927,11.5190476190476,70.3541428571428,1.06501303251672,0.901656568873777,7.5,0.578571428571429,0.665,6.52063492063492,1.09580038749542,1.23910466660637,1.1,0.397696735726368,0.174603174603175,0.370634920634921,0.210446686990984,0.732142857142857,7.9,0.64912973797856,5.31811999384422,0.887616033113509,1,2,0,0,"Other",0,0,103.656783865,90.184272880206,0.82153841223266,-0.5674316298847,"R64","R64 - L",0.714285714285714,0.802751616573729,0.0884659022880144,0
"847",2021,331,"E Washington","Final - W",0.4546907624739,0.341700391257623,0.741869290840878,35.3138888888889,7.26388888888889,28.05,14.7388888888889,4.58888888888889,3.07083333333333,11.55,16.8555555555556,75.5930555555556,69.2680555555555,0.410110822343539,0.306482040318147,0.527358153158167,6.325,71.8044861111111,1.05326348953319,0.964738564623746,7.5,0.7875,0.482857142857143,-2.5875,1.03324808184143,1.27695165022531,2.7,0.157136459960102,0.347222222222222,0.143055555555556,0.236414369463736,0.598214285714286,4,0.592619762981114,4.61512051684126,0,0,2,0.4,0,"Other",0,0,106.363563345795,97.753519251745,0.72546003663629,-1.56219156389595,"R64","R64 - L",0.695652173913043,0.732070338905015,0.0364181649919717,0
"848",2021,333,"Alabama","Final - W",0.432490332192794,0.336930323510921,0.716214285714286,40.3129273504274,12.1620726495727,28.1508547008547,14.3035256410256,8.55769230769231,4.10106837606838,13.6637820512821,18.1630341880342,79.5435897435897,69.6106837606838,0.408169333105844,0.3017476171824,0.51377277271827,9.93290598290598,74.273672008547,1.07079911501012,0.937398032568456,8.5,0.708333333333333,0.416666666666667,3.21089743589744,1.1762011433343,1.05001806532421,2.5,0.637536533413908,0.256303418803419,0.176709401709402,0.243203512738283,0.590277777777778,6,0.650679455124842,5.14166355650266,0.858164730188463,0,2,0.2,1,"SEC",1,1,109.687769208945,90.192819041681,0.88512883813362,3.43384667128377,"S16","S16 - L",0.8,0.755908018678807,-0.0440919813211931,0
"849",2021,356,"Illinois","Final - W",0.505946373594916,0.385208788682715,0.690179411308072,40.6602272727273,10.7295454545455,29.9306818181818,16.6147727272727,5.60113636363636,2.73068181818182,13.4295454545455,17.9465909090909,82.3534090909091,69.3806818181818,0.413067603987957,0.321638045945599,0.564276486960007,12.9727272727273,71.9582329545455,1.14346773395352,0.96434119207129,7,0.5,0.641666666666667,0.452272727272727,0.859712488769093,1.2371598282919,2.5,0.522719010497965,0.315909090909091,0.222727272727273,0.145333250241486,0.785714285714286,7.3,0.666008782814125,5.4510384535657,0.909800669052921,0,2,0,0,"Big Ten",0,1,117.8570077495,91.9490028030195,0.944323012273465,4.4059454284615,"R32","R32 - L",0.793103448275862,0.801028684147077,0.00792523587121441,0
"850",2021,2000,"Abilene Chrstn","Final - W",0.458008211611495,0.347002047848533,0.665560658853342,36.0458333333333,11.3611111111111,24.6847222222222,17.6347222222222,10.2833333333333,3.20972222222222,14.075,19.4805555555556,77.6277777777778,59.5097222222222,0.393934515312595,0.295747498703325,0.523696337713774,18.1180555555556,72.9220277777778,1.06448603448538,0.817695507940629,8.5,0.416666666666667,0.366666666666667,9.24027777777778,1.50503052503052,1.26378209092495,1.5,0.567724921090202,0.0666666666666667,0.569444444444444,0.150558934838974,0.527777777777778,12.5,0.512173559580766,5.39362754635236,0.900218553234336,1,1.72727272727273,0,0,"Other",0,0,99.296229824804,89.8594235942005,0.75648563845818,-0.528991253125,"R32","R32 - L",0.851851851851852,0.894862214388321,0.0430103625364696,0
"851",2021,2026,"Appalachian St","Final - W",0.422215841979707,0.319084133938653,0.753776410645373,37.2810606060606,11.2410353535354,26.0400252525253,11.8656565656566,7.96275252525253,3.77891414141414,12.2619949494949,13.4747474747475,71.5565656565657,61.8458333333333,0.408556359998522,0.31098994307794,0.486954084605854,9.71073232323232,67.7069128787879,1.0569983093474,0.913768713342349,7.5,0.401785714285714,0.6,4.19722222222222,1.16386542750179,0.975424575424575,0,0.537628702592934,0.259974747474747,0.370833333333333,0.0979222088919027,0.473214285714286,6.6,0.511663325233898,4.62497281328427,0,0,1.7,0.4,0,"Other",0,0,96.3363148400555,102.818709851055,0.32093533549501,-3.81907473375235,"First Four","First Four - L",0.607142857142857,0.693613975882233,0.0864711187393757,0
"852",2021,2142,"Colgate","Final - W",0.249194260793558,0.200294159850768,0.365142314990512,19.8666666666667,4.86666666666667,15,8.83333333333333,3.6,1.76666666666667,5.03333333333333,7.83333333333333,43.1666666666667,34.3,0.204071540576779,0.130684682867803,0.285827484466595,8.86666666666667,36.1923333333333,0.596383032527363,0.473874253984007,3.5,0.285714285714286,0.45,0.766666666666667,0.600821201941023,0.871444568868981,0,0.202377935387191,0.0333333333333333,0.133333333333333,0.0268325487558843,0.285714285714286,3.6,0.485793421127664,5.67332326717149,0.946900915888745,1,2.125,0,0,"Other",0,0,56.223298617185,49.011294839318,0.414511955004085,0.184803102473725,"R64","R64 - L",0.933333333333333,0.878397302737611,-0.0549360305957227,0
"853",2021,2181,"Drake","Final - L",0.503040017708446,0.379275152684024,0.719238329238329,36.350505050505,10.5040404040404,25.8464646464646,14.4070707070707,7.52727272727273,2.98484848484848,10.7919191919192,15.9585858585859,79.0525252525253,63.5424242424242,0.414671398366139,0.31547334347399,0.56334653985642,15.510101010101,67.7551313131313,1.16537453872025,0.940039311099654,8.5,0.472222222222222,0.725,4.81414141414141,1.25613985203026,1.33416796293509,1.4,0.696966665978704,0.133333333333333,0.406060606060606,0.124423187418867,0.527777777777778,6.4,0.633667878278116,4.23410650459726,0,0,1.7,0.2,0,"Other",0,0,112.35741348678,98.890359912921,0.804775432333685,0.887442480946475,"R64","R64 - L",0.862068965517241,0.824745118489924,-0.0373238470273171,0
"854",2021,2182,"Drexel","Final - W",0.464770145600602,0.338853845850114,0.774314102564103,34.3371428571429,9.17,25.1671428571429,16.3328571428571,5.76,2.60857142857143,11.8928571428571,16.85,71.4942857142857,64.8471428571429,0.435075291713753,0.293818860877684,0.526748403930404,6.64714285714286,66.8562857142857,1.07090149857362,0.971827312112187,3.5,0.214285714285714,0.166666666666667,3.04428571428571,1.13355541499754,1.47387448169232,0.5,0.589171555461688,0.321428571428571,0.15,0,0.285714285714286,3.1,0.442964150957945,5.84354441703136,0,0,1.75,0,1,"Other",0,0,104.682809847204,102.070874177001,0.57263626571796,-2.2309834698213,"R64","R64 - L",0.631578947368421,0.640184889414342,0.00860594204592136,0
"855",2021,2250,"Gonzaga","Final - W",0.550732567935938,0.36301100798033,0.719807238239637,38.4888888888889,10.1916666666667,28.2972222222222,19.0402777777778,8.55694444444444,2.78333333333333,12.1166666666667,16.8972222222222,93.2263888888889,70.0666666666667,0.421935425229583,0.323457658925639,0.610844940503396,23.1597222222222,75.3025763888889,1.2378289247374,0.930356339519446,7,0.542857142857143,0.733333333333333,4.85,1.29141772467015,1.58739731142644,2.5,0.721009482130182,0.0555555555555556,0.576388888888889,0.0804064808042836,0.571428571428571,9.8,0.828492392807746,6.58479139238572,2.075,2.075,1.88888888888889,0.2,1,"Other",0,0,126.13719524729,90.438516223689,0.978643793124625,4.24819410665865,"Final","Final - L",1,0.922045967914673,-0.0779540320853267,1
"856",2021,2253,"Grand Canyon","Final - W",0.498646395626725,0.321466768525592,0.667923948877749,39.9767857142857,10.7125,29.2642857142857,16.4642857142857,4.94107142857143,2.83571428571429,12.9803571428571,17.0625,76.0821428571429,62.1625,0.382344559813153,0.301453820291384,0.552239229785112,13.9196428571429,68.1092053571429,1.11697180924616,0.912481133684508,8,0.5875,0.37,1.2125,0.922037102682264,1.29080704241995,2.2,0.273381115060323,0.267857142857143,0.267857142857143,0.046875,0.5,3.4,0.602843190058911,5.60947179518496,0.936243843400958,0,2.22222222222222,0,0,"Other",0,0,104.386372654905,96.395854149466,0.714266020286125,-1.4377186880753,"R64","R64 - L",0.739130434782609,0.861666447365397,0.122536012582788,0
"857",2021,2294,"Iowa","Semifinals - L",0.472834042424905,0.382080215419501,0.711847545219638,40.9977272727273,12.3045454545455,28.6931818181818,19.9840909090909,5.88181818181818,4.49545454545455,9.52840909090909,15.1011363636364,86.8409090909091,72.8386363636364,0.413632896176548,0.349883236162003,0.55192817699558,14.0022727272727,71.8270681818182,1.20674358368671,1.01503709199806,8.5,0.583333333333333,0.6,2.97727272727273,1.30101214574899,2.09716336295284,0.5,0.519572190800784,0.147727272727273,0.360227272727273,0.115292042613957,0.527777777777778,10.1,0.581699346405229,6.64118216974059,1,1,2.22222222222222,0,1,"Big Ten",0,1,124.55329833557,98.001796672855,0.939294619863995,2.74425344737849,"R32","R32 - L",0.724137931034483,0.787377435279292,0.0632395042448091,0
"858",2021,2305,"Kansas","Quarterfinals - L",0.43959929701582,0.355759357151537,0.713943899200282,39.5055555555556,12.0622222222222,27.4433333333333,13.7555555555556,6.97,4.19888888888889,12.5066666666667,15.3622222222222,74.5644444444444,65.5511111111111,0.401878092649662,0.318639832765444,0.505002283622591,9.01333333333333,69.5567166666667,1.07127850776951,0.942493539720661,7,0.457142857142857,0.7,3.37222222222222,1.09607182149555,1.10027054433834,0.9,0.785156241869574,0.326666666666667,0.278888888888889,0.0971154141132302,0.714285714285714,8.3,0.767895878524946,6.82762923450285,2.97619047619048,3.21875,1.7,0,0,"Big12",1,1,109.002036406695,90.2829990706645,0.897067262015405,2.1579462337602,"R32","R32 - L",0.714285714285714,0.71344422695341,-0.00084148733230438,0
"859",2021,2335,"Liberty","Final - W",0.495335235588935,0.399090909090909,0.766029185867896,33.3636363636364,7.09272727272727,26.2709090909091,16.3064935064935,4.80363636363636,2.28207792207792,9.36545454545455,14.3077922077922,75.9805194805195,58.6612987012987,0.406658485767159,0.30893061153953,0.593136367610151,17.3192207792208,63.7199090909091,1.19346141853535,0.920445753637902,8,0.55,0.82,2.36493506493506,1.31018569589998,1.78861923147637,0.2,0.437281568735133,0.0854545454545455,0.441558441558442,0.0747663551401869,0.5625,8.5,0.565602836879433,6.33682573114644,1,1,1.77777777777778,0.2,0,"Other",0,0,110.291158088035,100.619237883585,0.73374205033135,-0.845096025290835,"R64","R64 - L",0.821428571428571,0.876325391210424,0.0548968197818522,0
"860",2021,2350,"Loyola Chicago","Final - W",0.514136763746751,0.377986235631886,0.71676329787234,32.5916666666667,7.08333333333333,25.5083333333333,16.7375,6.60833333333333,2.375,11.8833333333333,14.125,74.0333333333333,57.1333333333333,0.414713442639425,0.347379175550817,0.590648572867765,16.9,65.1193333333333,1.1346307562049,0.876673525845185,7.5,0.444642857142857,0.716666666666667,3.075,1.22561760562021,1.40638208557698,0.7,0.379040775223962,0.133333333333333,0.433333333333333,0.185847800548231,0.669642857142857,6.9,0.529761904761905,6.22455842927536,6.5,6.5,2.1,0,0,"Other",0,0,110.44998734338,92.461585890753,0.87477691580479,0.91979362811861,"S16","S16 - L",0.857142857142857,0.89779597322455,0.0406531160816932,0
"861",2021,2413,"Morehead St","Final - W",0.454415101506649,0.338077442610953,0.674525005598363,37.2375,10.4083333333333,26.8291666666667,12.6291666666667,4.0875,5.35833333333333,15.975,15.1416666666667,67.5708333333333,64.5416666666667,0.409090354615673,0.311589501347673,0.519770496428451,3.02916666666667,67.3803958333333,1.00344541169878,0.957491279812332,7.5,0.464285714285714,0.425,-2.1,0.772795795364856,0.804971060247303,2,0.494593540416317,0.245833333333333,0.254166666666667,0.152807974943386,0.669642857142857,5.7,0.441611394898731,4.75359019110636,0,0,1.66666666666667,0.2,0,"Other",0,0,95.9895717954465,97.252862497539,0.467257006804585,-0.9697160987415,"R64","R64 - L",0.766666666666667,0.669766387534096,-0.0969002791325706,0
"862",2021,2430,"UNC Greensboro","Final - W",0.413945584072176,0.281269706742557,0.683089010251988,41.1125,14.0451923076923,27.0673076923077,12.1461538461538,7.30384615384615,4.18269230769231,12.2644230769231,19.2403846153846,72.3307692307692,67.1153846153846,0.409456225584023,0.326683448217533,0.469531007399759,5.21538461538462,71.1453365384615,1.01781020852763,0.944011376761616,8.5,0.645833333333333,0.163333333333333,8.22307692307692,1.2862429919807,1.0269888581364,2.4,0.52791139641908,0.127884615384615,0.0932692307692308,0.162162162162162,0.472222222222222,5.5,0.567422810428418,5.67332326717149,0.946900915888745,1,1.9,0.2,0,"Other",0,0,100.106033017657,97.367408739377,0.57483655455011,-1.6824672744749,"R64","R64 - L",0.724137931034483,0.679845014821357,-0.0442929162131255,0
"863",2021,2450,"Norfolk St","Final - W",0.437962369940898,0.380125795665136,0.69638092279012,36.0714285714286,9.55535714285714,26.5160714285714,11.5732142857143,6.33571428571429,3.29642857142857,13.0160714285714,19.6214285714286,73.0625,68.7982142857143,0.3967779496009,0.303868527455328,0.506836473297284,4.26428571428571,70.7614642857143,1.03072527238576,0.973872470583729,8,0.5,0.625,0.266071428571428,1.14921832884097,0.887532195268044,1.7,0.753247926393475,0.317857142857143,0.175,0.304150937379243,0.6875,4.4,0.535928389697407,5.46806014113513,0,0,1.81818181818182,0.2,0,"Other",0,0,98.372730128674,102.96920461413,0.372274178903635,-2.51767914850325,"R64","R64 - L",0.695652173913043,0.672678463291048,-0.0229737106219954,0
"864",2021,2483,"Oregon","Semifinals - L",0.473482840756521,0.364508073090522,0.703939883645766,34.6425,9.7775,24.865,13.5125,7.6575,3.8825,12.0725,16.005,75.4025,66.475,0.423542277868628,0.323722620748178,0.544204930207345,8.9275,68.64975,1.09843181460392,0.970642425049207,7.5,0.669642857142857,0.58,3.38,1.18620554734371,1.13139292235458,3.4,0.783183102958306,0.215,0.125,0.367653764090373,0.669642857142857,4.3,0.659113300492611,6.92362862813843,1.82142857142857,2.91666666666667,2.125,0,1,"Other",0,0,112.674458453255,94.847175312055,0.878798204049635,2.37561234722382,"S16","S16 - L",0.769230769230769,0.69952803217825,-0.0697027370525188,0
"865",2021,2509,"Purdue","Quarterfinals - L",0.452226797211433,0.33757422068283,0.715975813801641,37.5180375180375,11.002886002886,26.5151515151515,14.8,5.27359307359307,3.36046176046176,12.5760461760462,17.4659451659452,71.6757575757576,66.6088023088023,0.413986339503516,0.316144663135572,0.518550631927969,5.06695526695527,66.5224718614719,1.07746785676296,1.00129811487693,9,0.633333333333333,0.360714285714286,1.35526695526696,0.912247999757546,1.17281140138199,2.8,0.549964272943778,0.310966810966811,0.0676767676767677,0.127907149323451,0.555555555555556,5.8,0.66913123844732,6.29526600143965,1.83333333333333,1.90909090909091,1.6,0.2,0,"Big Ten",0,1,111.501052688655,93.3152017656045,0.88404546777299,1.86281091504339,"R64","R64 - L",0.666666666666667,0.646329162207255,-0.0203375044594115,0
"866",2021,2540,"UCSB","Final - W",0.484899254952302,0.351617324846056,0.737271767659477,35.5262987012987,9.81396103896104,25.7123376623377,17.4814935064935,7.60113636363636,2.94415584415584,10.7349025974026,15.8926948051948,77.0704545454545,62.7178571428571,0.418534074865093,0.330760233918129,0.542987425827472,14.3525974025974,67.1110933441558,1.14785098770018,0.933505470025899,8,0.5,0.925,5.59220779220779,1.35929382626556,1.6354093673231,1.7,0.48568958567374,0.254220779220779,0.216720779220779,0.193990235189961,0.625,4,0.561852546584625,5.23644196282995,0,0,2.5,0.2,0,"Other",0,0,107.543832140925,97.537746383567,0.748691904133555,0.06096779129955,"R64","R64 - L",0.846153846153846,0.845015963630473,-0.00113788252337266,0
"867",2021,2633,"Tennessee","Semifinals - L",0.453799605966789,0.351645020129529,0.75074789714011,37.2569841269841,11.4160317460317,25.8409523809524,15.441746031746,7.70047619047619,4.90111111111111,11.9252380952381,16.1346031746032,74.9849206349206,59.9093650793651,0.386709633547807,0.305548091754988,0.509852197315596,15.0755555555556,68.0838214285714,1.10170746889835,0.87942196912895,7.5,0.501785714285714,0.655,6.7668253968254,1.40929145128822,1.31601319751425,1.7,0.556680080517325,0.126666666666667,0.439365079365079,0.16662178036272,0.803571428571429,6.9,0.652253909843606,6.99209642741589,1.72916666666667,2,2.125,0.2,1,"SEC",1,1,109.315083405445,84.629890766901,0.92633251750802,1.16741135688816,"R64","R64 - L",0.692307692307692,0.764307374425395,0.0719996821177027,0
"868",2021,2640,"Texas Southern","Final - W",0.447252810492744,0.272111268251663,0.700600172124836,41.0488095238095,12.325,28.7238095238095,12.2535714285714,7.125,4.21666666666667,15.6833333333333,18.2333333333333,73.847619047619,71.2452380952381,0.405707057610649,0.306668041854609,0.485789183756655,2.60238095238095,73.9284642857143,0.99877494454707,0.964533523827445,7.5,0.358928571428571,0.22,0.514285714285714,0.918826066710781,0.781846432860329,2.7,0.616038005817271,0.292857142857143,0.201190476190476,0.153077604646679,0.330357142857143,2.3,0.559265442404007,6.39692965521615,1,0,2.75,0.2,0,"Other",0,0,99.551707350101,103.30705431766,0.39664703062041,-2.17512832702845,"R64","R64 - L",0.666666666666667,0.648047269583429,-0.0186193970832375,0
"869",2021,2641,"Texas Tech","Quarterfinals - L",0.441009772771038,0.337979749911014,0.706299979250132,35.5541666666667,12.0583333333333,23.4958333333333,13.1888888888889,7.32222222222222,4.19444444444444,11.2166666666667,17.3083333333333,72.7875,60.8597222222222,0.395923527119469,0.323791509037411,0.493634154128293,11.9277777777778,66.7971944444444,1.08956402954141,0.911319195770271,7,0.457142857142857,0.516666666666667,7.75277777777778,1.5067619047619,1.18859523809524,3.8,0.498814829873575,0.286111111111111,0.397222222222222,0.0978290650077567,0.857142857142857,9.4,0.700735928127863,5.15905529921453,3.01373619175743,4.75,1.6,0.4,0,"Big12",1,1,108.7772129059,88.503125088807,0.914316092688925,0.454677329107285,"R32","R32 - L",0.62962962962963,0.771344645107192,0.141715015477562,0
"870",2021,2724,"Wichita St","Semifinals - L",0.408097498754252,0.335246238030096,0.683100775193798,38.9428571428571,12.4285714285714,26.5142857142857,13.3571428571429,6.28571428571429,3.74285714285714,11.3571428571429,16.0714285714286,73.2571428571429,67.0285714285714,0.397758708218762,0.283822981958113,0.47628925274368,6.22857142857143,70.2801428571429,1.04237721417219,0.955410704041511,8,0.507936507936508,0.3,1.55714285714286,1.1772512760472,1.17571560887399,2.5,0.779063654831885,0.528571428571429,0.1,0.157098738241714,0.563492063492063,3.5,0.601404283142879,0,0,0,1.77777777777778,0,0,"Other",0,0,108.045799173525,98.545687066898,0.733503970736135,0.64822445076055,"First Four","First Four - L",0.761904761904762,0.647831144780015,-0.114073617124747,0
"871",2021,2737,"Winthrop","Final - W",0.471162130776166,0.360319806369331,0.678250034565824,40.3392857142857,13.0166666666667,27.322619047619,15.5535714285714,8.18809523809524,2.28333333333333,14.4595238095238,18.9904761904762,82.3702380952381,69.1964285714286,0.434183125994834,0.325041152106569,0.54026436599236,13.1738095238095,73.6055535714286,1.11748394055648,0.938467274147612,10,0.517171717171717,0.73,7.86190476190476,1.17398223431035,1.07431208587714,1.8,0.765446933104469,0.23452380952381,0.204761904761905,0.0786821980332684,0.696969696969697,6.8,0.634111255194022,5.54907608489522,0.926163551710191,1,1.72727272727273,0.2,0,"Other",0,0,106.376763261115,96.722465173169,0.74619895397804,0.4966974263773,"R64","R64 - L",0.958333333333333,0.817938554098217,-0.140394779235116,0
"872",2022,2,"Auburn","Quarterfinals - L",0.445591044857206,0.326412188080296,0.729514195180835,39.9066666666667,12.2538461538462,27.6528205128205,15.0025641025641,8.88974358974359,8.03692307692308,11.9307692307692,18.545641025641,79.7953846153846,66.6435897435897,0.384045833067567,0.311156556061105,0.513719996401309,13.1517948717949,72.4566128205128,1.10093821524444,0.919867511669824,7.5,0.555357142857143,0.35,4.29435897435897,1.28124247117536,1.26524551138645,1.4,0.690524875701564,0.178461538461538,0.264102564102564,0.185167907443422,0.607142857142857,10.3,0.658928571428571,6.3297209055227,2.35,3.75,2,0.2,0,"SEC",1,1,112.606529890855,89.218399539556,0.934912889961825,3.7051565061261,"R32","R32 - L",0.84375,0.799346186906376,-0.044403813093624,0
"873",2022,5,"UAB","Final - W",0.471953825646494,0.377917307995896,0.727969640461332,38.5988095238095,12.4369047619048,26.1619047619048,13.3577380952381,9.96547619047619,4.5125,11.0857142857143,16.2714285714286,81.3404761904762,64.6440476190476,0.402279149714908,0.327695753151958,0.532576185127769,16.6964285714286,70.7720119047619,1.15082044400508,0.914780007933581,8.5,0.347222222222222,1,7.68511904761905,1.50449905033238,1.23562440645774,4.5,0.424702026057853,0.22797619047619,0.366071428571429,0.367512344932257,0.583333333333333,12.8,0.620689655172414,6.14203740558736,1,0,3.09090909090909,0.2,0,"Other",0,0,110.48601789025,97.1447188534995,0.814004756619845,-0.05405302929318,"R64","R64 - L",0.794117647058823,0.844036514995475,0.0499188679366511,0
"874",2022,8,"Arkansas","Semifinals - L",0.442007435387424,0.298684668242495,0.750393519799758,38.2053846153846,11.1684615384615,27.0369230769231,14.3415384615385,7.80307692307692,4.24692307692308,12.4053846153846,16.6230769230769,77.5107692307692,68.6476923076923,0.411769383297601,0.328726747336103,0.49342592550081,8.86307692307692,72.6141576923077,1.0671092702829,0.94521510001087,7,0.485714285714286,0.225,4.43692307692308,1.21049101279815,1.16075356156628,3.3,0.552104597458971,0.21,0.203846153846154,0.145979460397026,0.785714285714286,8.3,0.729734259656775,5.34233425196481,1.78331498416143,3,3,0.2,1,"SEC",1,1,108.98440757568,93.017257535606,0.84405399213753,2.22981381170072,"E8","E8 - L",0.757575757575758,0.729774730441194,-0.0278010271345636,1
"875",2022,12,"Arizona","Final - W",0.496143456489529,0.348322545229887,0.731411432831311,41.8366666666667,11.7033333333333,30.1333333333333,20.3766666666667,6.98333333333333,5.93833333333333,13.0633333333333,16.7283333333333,85.5,66.3066666666667,0.380656016126382,0.320545872038409,0.560164103277587,19.1933333333333,73.511325,1.16251279144626,0.903827265492555,8.5,0.552777777777778,0.57,0.471666666666667,1.04599247284818,1.56247590745788,2.2,0.715064189086571,0.171666666666667,0.476666666666667,0.113039655057115,0.590277777777778,14.4,0.602514716667289,0,0,0,2.375,0,1,"Other",0,0,117.44012774549,90.89418306816,0.94796052774882,4.37696424627025,"S16","S16 - L",0.911764705882353,0.873691949414855,-0.0380727564674976,0
"876",2022,21,"San Diego St","Final - L",0.433386788164336,0.350482404255283,0.687634376990274,35.1727272727273,9.74848484848485,25.4242424242424,12.1454545454545,7.67272727272727,4.76666666666667,12.5909090909091,17.069696969697,65.7030303030303,57.5,0.381102285981693,0.29613340997925,0.489923663426132,8.2030303030303,65.8269696969697,0.997933964083635,0.874030753273414,8,0.5375,0.658333333333333,2.05454545454545,1.14631479305392,0.967110588849719,1.2,0.686291690054639,0.236363636363636,0.224242424242424,0.24904989467814,0.625,6.6,0.726734225001581,4.85203026391962,0.809823746059157,1,2.81818181818182,0,0,"Other",0,0,100.695709555653,86.5434627078765,0.84519785902341,1.30584657586193,"R64","R64 - L",0.741935483870968,0.74387576948956,0.00194028561859205,0
"877",2022,26,"UCLA","Final - L",0.454311226601958,0.363291939749339,0.721596978401958,38.451282051282,11.9823931623932,26.4688888888889,14.8976923076923,6.75247863247863,3.71632478632479,9.45307692307692,16.1486324786325,78.2224786324786,64.5531623931624,0.413139553308299,0.318818084928779,0.515370049367098,13.6693162393162,69.144561965812,1.13083958825055,0.934416090129406,8.5,0.534722222222222,0.775,7.99623931623932,1.43412698412698,1.57225274725275,1.2,0.459866293167228,0.0915384615384615,0.413162393162393,0.254820743339546,0.826388888888889,7.5,0.67779632721202,6.39692965521615,1.625,6.5,2.6,0,0,"Other",0,0,114.997392151115,91.0305578051205,0.93592909580044,2.5241253263428,"S16","S16 - L",0.78125,0.804041756548513,0.0227917565485134,0
"878",2022,30,"USC","Semifinals - L",0.461290812596721,0.355984262895187,0.648883369942345,40.4522727272727,11.8042424242424,28.6480303030303,14.72,5.20227272727273,4.54984848484848,11.6778787878788,15.1,73.4610606060606,64.8442424242424,0.382234853076669,0.32838964201726,0.518298354582074,8.61681818181818,67.5898484848485,1.08684579127544,0.959654269435771,7.5,0.598214285714286,0.525,-0.759545454545455,0.868683177413966,1.28204143000334,1.3,0.829113017788184,0.305909090909091,0.185,0.169777417399724,0.669642857142857,8.3,0.589664120566581,5.82008293035236,1.94279141087855,1.66666666666667,2.3,0,0,"Other",0,0,109.75140285909,94.828910086063,0.82690890008541,2.0419942092688,"R64","R64 - L",0.787878787878788,0.696069249421174,-0.0918095384576135,0
"879",2022,36,"Colorado St","Semifinals - L",0.49570419768463,0.37860829709107,0.785078411454303,32.1151515151515,6.35454545454545,25.7606060606061,15.1924242424242,6.28030303030303,3.3469696969697,9.9030303030303,14.6015151515152,76.3,66.0969696969697,0.424316546446197,0.323568681194851,0.565215225686144,10.2030303030303,66.5825454545455,1.1437164830446,0.994007717710604,8,0.731746031746032,0.682142857142857,0.257575757575758,1.25200674504835,1.54746408541244,0.8,0.794551888838097,0.204545454545455,0.272727272727273,0.0892673289633654,0.746031746031746,7.7,0.512745850010234,5.56068163101553,0,0,2,0.4,0,"Other",0,0,113.46557738405,99.0588891212185,0.825398257531535,2.14867088600435,"R64","R64 - L",0.833333333333333,0.728633373445954,-0.10469995988738,0
"880",2022,41,"UConn","Semifinals - L",0.437333688926989,0.34966522242762,0.748636955382937,41.3148717948718,14.0651282051282,27.2497435897436,14.2687179487179,6.17076923076923,6.57435897435897,11.8553846153846,16.694358974359,76.2338461538462,64.7071794871795,0.396293415757267,0.343816383810942,0.497428473272146,11.5266666666667,68.6131051282051,1.11072887382941,0.945647147681575,7.5,0.561111111111111,0.3,4.58461538461538,1.07201585917948,1.20495646224072,4,0.334749722669065,0.295384615384615,0.225641025641026,0.198231827111984,0.527777777777778,6.6,0.586421408403677,5.8406416573734,0.974827041277014,1,2.66666666666667,0,1,"Big East",0,1,111.597340394825,94.213943970648,0.87428895410811,1.53479955332717,"R64","R64 - L",0.71875,0.774079629722193,0.0553296297221932,0
"881",2022,43,"Yale","Final - W",0.444482454493209,0.329265529469077,0.744069808864168,35.9452380952381,9.00793650793651,26.9373015873016,12.4253968253968,6.27936507936508,3.11825396825397,12.6785714285714,17.7007936507936,72.9309523809524,69.2666666666667,0.425044855260286,0.304691423791311,0.504210381084002,3.66428571428571,70.6842063492063,1.03195907681883,0.979711191314329,7,0.571428571428571,0.233333333333333,0.0809523809523809,1.06078940459173,0.992142581625939,4.6,0.521680881862843,0.246031746031746,0.279365079365079,0.115854206283987,0.642857142857143,5.2,0.543230016313214,6.41999492814714,1,1,1.72727272727273,0.2,0,"Other",0,0,99.630582818914,98.693180808037,0.526323833615795,-2.43541885330531,"R64","R64 - L",0.633333333333333,0.605045643469324,-0.0282876898640093,0
"882",2022,48,"Delaware","Final - W",0.470220065433969,0.35084780180729,0.747927343639814,32.68,8.68666666666667,23.9933333333333,12.5533333333333,6.56666666666667,3.76666666666667,12.7466666666667,15.6733333333333,74,70.2533333333333,0.429273480529908,0.355994397759104,0.541640623331772,3.74666666666667,68.3902333333333,1.08208140832703,1.02736745951758,7.5,0.535714285714286,0.65,-1.93333333333333,1.00935710206413,0.99747572815534,5.7,0.565951174070358,0.28,0.133333333333333,0.255863525879031,0.598214285714286,7.6,0.514174859714323,4.99721227376411,0,0,2.875,0,1,"Other",0,0,106.724826990435,103.15376667295,0.596550623293535,-2.7269661019017,"R64","R64 - L",0.647058823529412,0.614194454067004,-0.0328643694624078,0
"883",2022,55,"J'Ville St","Semifinals - L",0.469972068684115,0.387444844746491,0.681418724125892,37.1188461538461,9.86692307692308,27.2519230769231,14.5073076923077,6.31692307692308,2.90115384615385,13.3507692307692,14.4365384615385,74.165,66.8380769230769,0.408572164590201,0.327486064659978,0.552101386727607,7.32692307692308,67.764075,1.09459522167078,0.987185024009067,8,0.579365079365079,0.78,-0.82,0.911703326244559,1.10966941313855,2.5,0.433810479034125,0.191923076923077,0.153846153846154,0.211752988047809,0.507936507936508,7,0.592189131859901,5.75890177387728,0.961184319559571,1,2.88888888888889,0.2,0,"Other",0,0,103.6876956679,101.133489133647,0.5714690138791,-2.61094455640245,"R64","R64 - L",0.67741935483871,0.705157873140714,0.0277385183020042,0
"884",2022,66,"Iowa State","Quarterfinals - L",0.442972476728392,0.327840835847766,0.689179846167142,32.915,9.735,23.18,14.9933333333333,8.68333333333333,3.25,13.7666666666667,17.945,67.9216666666667,61.2616666666667,0.416417724194709,0.285884302464704,0.505048821507766,6.66,67.630175,1.00333899828283,0.907317575799443,8,0.6875,0.493333333333333,4.11666666666667,1.24955098801009,1.0906249109166,4.8,0.616543515008601,0.17,0.236666666666667,0.0191222570532915,0.5625,7.1,0.609823094373633,5.09375020080676,0.850167794661401,0,2.44444444444444,0.4,1,"Big12",1,1,102.49858409527,86.882874098434,0.861892879613785,1.41000730580856,"S16","S16 - L",0.625,0.613236150342363,-0.0117638496576368,0
"885",2022,68,"Boise St","Final - W",0.446990063047619,0.346444248345414,0.645396947823177,34.7660714285714,10.3107142857143,24.4553571428571,11.5315476190476,6.28511904761905,3.5827380952381,12.3619047619048,14.8142857142857,68.7065476190476,60.3529761904762,0.426803691597006,0.323351889465634,0.517165512659511,8.35357142857143,65.4223630952381,1.05047756234486,0.923480327693874,7.5,0.669642857142857,0.64,4.71071428571429,1.1076229235131,0.93267454288659,0.9,0.61455761501023,0.283928571428571,0.195238095238095,0.193911663267851,0.464285714285714,7.2,0.612785601606212,5.87211778947542,0.980080536787926,1,3,0.2,0,"Other",0,0,105.81413556156,91.283069708403,0.84308753795837,1.74710985591783,"R64","R64 - L",0.794117647058823,0.741983021648402,-0.0521346254104211,0
"886",2022,84,"Indiana","Semifinals - L",0.465318401566798,0.346009747630707,0.698496216392529,37.275,9.05833333333333,28.2166666666667,14.95,5.75,5.225,12.4416666666667,17.0833333333333,72.5833333333333,64.6166666666667,0.385549736156956,0.318299030743601,0.523504178201473,7.96666666666667,68.887625,1.052855189052,0.941697130667956,8,0.465079365079365,0.4,-0.158333333333333,1.04484596484596,1.25548235548236,2.1,0.426391169960993,0.325,0.166666666666667,0.257515122741752,0.563492063492063,7.7,0.602514716667289,0,0,0,2.6,0,1,"Big Ten",0,1,107.48047291866,89.352948272402,0.890783529626245,0.10624260033074,"R64","R64 - L",0.606060606060606,0.666955109491837,0.0608945034312309,0
"887",2022,87,"Notre Dame","Quarterfinals - L",0.456005224048076,0.375750828119249,0.762551980674006,34.2416666666667,7.48666666666667,26.755,14.0383333333333,5.12166666666667,2.09166666666667,10.4516666666667,13.2066666666667,72.0616666666667,66.2583333333333,0.432425502834545,0.327643733230081,0.540903680316766,5.80333333333333,66.0641,1.09062063869442,1.002953745949,7,0.785714285714286,0.546666666666667,-1.18833333333333,0.978896269800715,1.35345937659683,1.2,0.711438744254459,0.315,0.143333333333333,0.0964677549121956,0.714285714285714,6.9,0.645808736717828,6.7428806357919,1.42857142857143,1.5,2.71428571428571,0.2,1,"ACC",1,1,110.52691864745,97.7693117678565,0.78251720452894,0.92490861570465,"R32","R32 - L",0.6875,0.667870047178997,-0.0196299528210029,0
"888",2022,93,"Murray St","Final - W",0.486383750845382,0.349899658190005,0.696966225868907,39.5340909090909,12.5041958041958,27.0298951048951,15.0362762237762,8.06520979020979,3.07272727272727,11.4902972027972,14.9460664335664,80.9036713286713,62.3005244755245,0.404486831147451,0.295523830441467,0.551113933766001,18.6031468531469,68.9177412587413,1.1732173839524,0.903327551388109,7.5,0.548214285714286,0.51,6.33461538461538,1.26190660021393,1.32699877645562,1.5,0.779593437292794,0.147552447552448,0.453671328671329,0.0184156903199489,0.598214285714286,10.9,0.650792955647174,5.23644196282995,0.873983634828904,1,2.66666666666667,0.2,0,"Other",0,0,109.573852586045,94.7898366175725,0.8408883703933,1.75416787653031,"R32","R32 - L",0.9375,0.888837745718952,-0.0486622542810482,0
"889",2022,96,"Kentucky","Semifinals - L",0.493786619711575,0.355614781634938,0.737710553709487,40.6282051282051,13.1416666666667,27.4865384615385,16.461858974359,6.875,4.28205128205128,11.3916666666667,13.8102564102564,81.6448717948718,65.4307692307692,0.410187947470649,0.304591088052987,0.545200717678087,16.2141025641026,69.411016025641,1.17617874250709,0.943943539076186,7,0.428571428571429,0.6,5.31730769230769,1.09275814275814,1.45528413028413,0.4,0.430893385456271,0.109294871794872,0.421153846153846,0.262678503395912,0.428571428571429,11.2,0.770894788593904,6.92559519711047,3.8,4.88888888888889,2.57142857142857,0.2,1,"SEC",1,1,118.057490186785,93.0317811887255,0.939333632521045,3.43227545623827,"R64","R64 - L",0.787878787878788,0.831397073411226,0.0435182855324383,0
"890",2022,99,"LSU","Quarterfinals - L",0.442727782642317,0.320715771917367,0.731379881119358,37.9179487179487,12.3282051282051,25.5897435897436,12.8617715617716,11.5965034965035,4.53729603729604,14.4990675990676,18.9272727272727,74.2340326340326,61.7083916083916,0.378121714955429,0.278331932948596,0.499294425592338,12.525641025641,71.2044114219114,1.04193024469678,0.869817929084956,8,0.5875,0.29,5.5025641025641,1.28290143569901,0.888312858999623,6.3,0.651574002565903,0.244522144522145,0.264102564102564,0.252219568357359,0.375,12.3,0.380115757115416,5.95064255258773,0,0,1.77777777777778,0.4,1,"SEC",1,1,104.957652508195,86.599288536936,0.89718259920781,1.13765128023282,"R64","R64 - L",0.666666666666667,0.769789341487164,0.103122674820498,0
"891",2022,127,"Michigan St","Semifinals - L",0.462575496392773,0.383983000272994,0.74452454039467,37.8064102564103,10.2025641025641,27.6038461538462,16.4269230769231,5.96153846153846,5.32564102564103,13.4717948717949,16.5730769230769,73.1846153846154,67.4371794871795,0.409648594063846,0.300249887555697,0.527798860612696,5.7474358974359,68.3078717948718,1.07092847753927,0.988365552094808,9,0.4,0.54,-2.64358974358974,0.799126487787307,1.21666455904782,2.7,0.684736966631673,0.293589743589744,0.148717948717949,0.177849636216653,0.444444444444444,6,0.716833890746934,6.8001700683022,3.65217391304348,3.65217391304348,2.22222222222222,0.2,0,"Big Ten",0,1,111.102357247185,94.773447437754,0.8552562632033,1.43768452050729,"R32","R32 - L",0.647058823529412,0.609801876799661,-0.0372569467297511,0
"892",2022,130,"Michigan","Early Round - L",0.474335326464419,0.348910165056519,0.73438630186221,36.055,9.98666666666667,26.0683333333333,14.235,4.615,3.10333333333333,11.8116666666667,15.5683333333333,73.565,69.1366666666667,0.44197630694486,0.328158307210031,0.533136512075689,4.42833333333333,67.1780916666667,1.09534040903982,1.02976918731829,7,0.408333333333333,0.5,0.133333333333333,0.860859880404842,1.21687885499871,1.8,0.502725577115583,0.135,0.2,0.189182727320189,0.354166666666667,5.6,0.677240237543211,4.0943445622221,2.05008868701313,3,2,0,1,"Big Ten",0,1,113.28857465773,96.0104693552735,0.870186028100245,0.07641283829218,"S16","S16 - L",0.548387096774194,0.594007847788609,0.0456207510144153,0
"893",2022,147,"Montana St","Final - W",0.469152648993256,0.365800172499642,0.746502266496566,35.6036796536797,8.73614718614719,26.8675324675325,13.5735930735931,5.40367965367965,3.71125541125541,12.887012987013,18.0785714285714,76.5175324675325,68.4571428571429,0.42172247714158,0.32121030391721,0.537921249823533,8.06038961038961,70.1402196969697,1.09138765686409,0.976012523880894,7.5,0.573214285714286,0.695,1.04588744588745,1.01392365456821,1.04862666170551,2.2,0.670780754742151,0.42034632034632,0.177489177489178,0.0655732489705025,0.598214285714286,8.2,0.558720603156097,4.00733318523247,0,0,2.2,0,1,"Other",0,0,102.611735324225,100.638822576855,0.555251932120625,-1.41726794317284,"R64","R64 - L",0.794117647058823,0.732308015883967,-0.0618096311748562,0
"894",2022,150,"Duke","Final - L",0.487796800108598,0.367743738174728,0.738751964669695,38.3179487179487,10.6576923076923,27.6602564102564,17.4416666666667,7.11794871794872,5.61538461538461,10.3076923076923,13.4897435897436,81.2814102564103,66.9442307692308,0.416067304040038,0.31338298900086,0.556771728881124,14.3371794871795,69.0813205128205,1.17618219423708,0.970854702360188,7,0.791666666666667,0.533333333333333,1.2224358974359,1.20584677419355,1.71273041474654,0.5,0.548878473056049,0.262820512820513,0.371153846153846,0.111887209817627,0.354166666666667,10.7,0.764206401045069,7.33432935030054,4.34285714285714,4.34285714285714,2,0.2,0,"ACC",1,1,119.873244946375,93.803036856471,0.94374750273198,3.5909887259267,"F4","F4 - L",0.823529411764706,0.821298044575458,-0.00223136718924777,1
"895",2022,153,"North Carolina","Semifinals - L",0.459247234746301,0.374962324993518,0.764642333529368,39.5119696969697,10.5418181818182,28.9701515151515,14.879696969697,5.4430303030303,3.85075757575758,11.8342424242424,14.2763636363636,77.9207575757576,71.4001515151515,0.434932265428906,0.342987759550387,0.528010521550084,6.52060606060606,70.2247212121212,1.10985770440171,1.0166798529796,6,0.585714285714286,0.866666666666667,1.15666666666667,0.872466309855636,1.26675333192795,1.9,0.587396975876881,0.0363636363636364,0.317727272727273,0.0660333642261353,0.414285714285714,5.4,0.602514716667289,0,0,0,2.3,0,1,"ACC",1,1,112.55454833663,96.2782681367965,0.855383140038215,2.12689870646316,"Final","Final - L",0.727272727272727,0.660916340030485,-0.0663563872422426,1
"896",2022,156,"Creighton","Final - L",0.46332752909037,0.316758278195888,0.722782699243922,38.1855769230769,9.62051282051282,28.5650641025641,13.4891025641026,5.67147435897436,4.65801282051282,14.1413461538462,13.424358974359,70.2961538461538,65.4907051282051,0.396320662864667,0.320559829499988,0.519677279110836,4.80544871794872,68.1896057692308,1.03117073753429,0.960378385383709,7.5,0.564285714285714,0.515,-4.88044871794872,0.773538635479976,0.954283565596415,1.5,0.702425988821319,0.305769230769231,0.208653846153846,0.145219506130885,0.535714285714286,9.3,0.610942249240122,6.49072353450251,1.22222222222222,1.33333333333333,2,0.2,1,"Big East",0,1,104.854145134495,92.9046454122525,0.800872438737145,0.853741261544538,"R32","R32 - L",0.666666666666667,0.597236107566759,-0.0694305590999074,0
"897",2022,164,"Rutgers","Quarterfinals - L",0.437877338953183,0.330997036671194,0.69355623100304,36.0445454545455,10.4209090909091,25.6236363636364,15.2009090909091,7.23727272727273,3.79454545454545,11.3863636363636,15.4072727272727,67.8354545454546,65.5745454545454,0.411407821899657,0.340758602122803,0.493092151497506,2.26090909090909,66.2613772727273,1.02454735864593,0.989243171056893,6.5,0.5075,0.658333333333333,1.65727272727273,1.05592508664356,1.3396144811834,0.4,0.537200861714271,0.427272727272727,0.135454545454545,0.0935323383084577,0.4875,6.3,0.538613861386139,6.22653666928747,1,1,2.4,0,0,"Big Ten",0,1,102.887342073304,96.072342611703,0.66022074266541,-0.35630529791125,"First Four","First Four - L",0.580645161290323,0.567030220698311,-0.0136149405920118,0
"898",2022,166,"New Mexico St","Final - W",0.461469182699839,0.321688166987212,0.704227642924231,38.1482051282051,10.9538461538462,27.194358974359,13.9707692307692,5.12717948717949,4.1851282051282,14.0615384615385,15.9384615384615,73.9907692307692,65.2938461538461,0.389164836662351,0.302449203205884,0.531409453606592,8.69692307692308,68.7679256410256,1.07578907724686,0.949825642408239,8.5,0.485714285714286,0.475,-0.155384615384615,0.866931004334319,0.995027252264821,2.6,0.659681527808785,0.247179487179487,0.173846153846154,0.330529048458587,0.485714285714286,8.1,0.733372197185635,5.03695260241363,0.840688042599687,1,2.90909090909091,0,0,"Other",0,0,105.99012032272,97.908801999845,0.712031686816245,0.34923036729998,"R32","R32 - L",0.8125,0.737075525909487,-0.0754244740905133,0
"899",2022,194,"Ohio State","Early Round - L",0.48088743198684,0.378390025155857,0.751110200364299,34.82,8.71,26.11,13.39,4.57,4.91,11.37,16.45,74.51,67.91,0.411667890001051,0.332853948484734,0.558209158974944,6.6,65.58665,1.13624724769149,1.0360089184542,8,0.585714285714286,0.78,-2.6,0.922653846153846,1.1735,2.2,0.674493665879497,0.31,0.11,0.24480623940306,0.619047619047619,5.9,0.608883083967321,5.80211837537706,1.29119646340397,1,2.9,0.2,1,"Big Ten",0,1,115.754310903065,98.7400951896855,0.861359064187505,0.658524821795585,"R32","R32 - L",0.633333333333333,0.655905595055217,0.0225722617218841,0
"900",2022,222,"Villanova","Final - W",0.435890436956928,0.363480645447849,0.813832741668495,35.0416666666667,10.4583333333333,24.5833333333333,12.4916666666667,6.45,2.20833333333333,9.51666666666667,14.7916666666667,72.6833333333333,62.2666666666667,0.410689188810122,0.31823464492418,0.5246822456596,10.4166666666667,63.63175,1.14283565525338,0.978016034021034,6.5,0.673809523809524,0.72,4.30833333333333,1.3714168351465,1.341078832515,2.3,0.59491327573013,0.15,0.308333333333333,0.181816686816009,0.535714285714286,9.2,0.690744920993228,6.78784498230958,3.02941176470588,3.3,2.66666666666667,0.2,1,"Big East",0,1,116.46002920499,92.5297738833155,0.93363628288991,3.637079463869,"F4","F4 - L",0.787878787878788,0.770589931718125,-0.0172888561606626,1
"901",2022,235,"Memphis","Final - L",0.47158996782737,0.358871221982671,0.694705847822852,39.0484848484848,12.7969696969697,26.2515151515152,15.830303030303,8.82121212121212,6.04545454545454,16.7969696969697,18.8090909090909,76.430303030303,68.5090909090909,0.393783480047421,0.320083290263049,0.527403821674236,7.92121212121212,71.6873484848485,1.06625582571525,0.955582146994643,8.5,0.472222222222222,0.55,-0.818181818181818,0.909425670691827,0.950832177176396,3.3,0.404887485175992,0.251515151515152,0.157575757575758,0.518317781248033,0.590277777777778,8.3,0.648713200855973,4.56434819146784,0,0,2.18181818181818,0.2,0,"Other",0,0,109.697572641415,93.3227362420255,0.861747904214745,0.67696903839725,"R32","R32 - L",0.67741935483871,0.698837038134549,0.0214176832958393,0
"902",2022,236,"Chattanooga","Final - W",0.471123390372591,0.353490533898151,0.739741793612229,36.1309523809524,10.9672619047619,25.1636904761905,13.2797619047619,7.07380952380952,2.32797619047619,10.6095238095238,15.2660714285714,75.3690476190476,64.0565476190476,0.418736051984709,0.300266048485863,0.540031171400477,11.3125,65.7596964285714,1.14664935081206,0.97399269173916,7.5,0.578571428571429,0.53,3.46607142857143,1.17814569536424,1.27003311258278,3.9,0.62622385145864,0.286309523809524,0.195238095238095,0.253662519332669,0.598214285714286,8,0.506903829166029,4.8283137373023,0,0,3.3,0.2,0,"Other",0,0,109.231868578305,98.692345603066,0.758006289122355,0.100514020828757,"R64","R64 - L",0.794117647058823,0.777289347280916,-0.016828299777907,0
"903",2022,239,"Baylor","Quarterfinals - L",0.471173822837469,0.344035701257156,0.687253816474806,38.1780303030303,13.0636363636364,25.1143939393939,16.7151515151515,8.89090909090909,3.51515151515152,12.2962121212121,15.5666666666667,78.1416666666667,61.9590909090909,0.41505625899115,0.301219760631525,0.537198587444093,16.1825757575758,68.7251401515151,1.13604703693348,0.903948262190677,8.5,0.556944444444444,0.53,7.2969696969697,1.31055223543107,1.37387785667551,2.3,0.57384783934789,0.121212121212121,0.384848484848485,0.458967677959657,0.527777777777778,11.8,0.633116883116883,6.42486902390539,3.05555555555556,3.05555555555556,2.22222222222222,0.4,1,"Big12",1,1,117.25685040087,88.9995628342015,0.95596324567413,4.45068878754465,"R32","R32 - L",0.8125,0.829889549942125,0.0173895499421255,0
"904",2022,248,"Houston","Final - W",0.470931474200582,0.344957087709848,0.657614387403394,39.5371794871795,13.5128205128205,26.024358974359,16.5910256410256,8.62692307692308,5.21923076923077,11.2948717948718,17.3384615384615,76.475641025641,57.5666666666667,0.367458976096751,0.28458820029306,0.538636908698303,18.9089743589744,66.1045192307692,1.15668625984553,0.871460314650085,8,0.69047619047619,0.473333333333333,7.74487179487179,1.35027719920402,1.46766118978854,2.5,0.427676351683678,0.143589743589744,0.369230769230769,0.225081034266828,0.563492063492063,13,0.67044167610419,6.78445706263764,2,3.5,2.88888888888889,0.2,0,"Other",0,0,117.06405899299,87.9318594864145,0.96177305343321,3.07793299160135,"E8","E8 - L",0.852941176470588,0.897950607081638,0.0450094306110497,1
"905",2022,251,"Texas","Quarterfinals - L",0.447310387669132,0.322152356633684,0.755544211819625,33.5866666666667,10.585,23.0016666666667,13.35,8.13,3.46,11.5133333333333,16.6483333333333,68.9416666666667,57.4166666666667,0.407399050915343,0.313603267027925,0.511305277630666,11.525,63.9897666666667,1.07828665438303,0.895438331986003,8,0.479365079365079,0.383333333333333,5.185,1.40455800318761,1.17607581967213,1.1,0.476642303964841,0.221666666666667,0.341666666666667,0.0744898441190364,0.563492063492063,10.6,0.69159830983773,5.31320597904179,2.54953810869472,0,3.1,0,1,"Big12",1,1,110.37381118376,89.657037744229,0.91601078352907,1.67540126902336,"R32","R32 - L",0.65625,0.763810712465496,0.107560712465496,0
"906",2022,257,"Richmond","Final - W",0.445895509319101,0.336950790214013,0.71815760223832,31.898489010989,7.51167582417582,24.3868131868132,14.8848901098901,8.14423076923077,2.43063186813187,9.79065934065934,13.6473901098901,71.9138736263736,68.4487637362637,0.44611472849741,0.351349329205366,0.522264467239805,3.46510989010989,67.590731456044,1.063844013629,1.01251141227984,7,0.685714285714286,0.52,1.72266483516484,1.36224537037037,1.52358796296296,1,0.535264051162477,0.320467032967033,0.0868131868131868,0,0.428571428571429,8.1,0.557377049180328,6.30991827822652,2,2,3.44444444444444,0,0,"Other",0,0,107.542119763315,99.497455507992,0.708969959742795,-0.823249327619335,"R32","R32 - L",0.657142857142857,0.603796374988829,-0.0533464821540282,0
"907",2022,259,"Virginia Tech","Final - W",0.46668346217535,0.389946866484426,0.740314972395475,32.6846153846154,8.72307692307692,23.9615384615385,14.4435897435897,5.23846153846154,3.21025641025641,10.6,14.3,70.8487179487179,60.8461538461538,0.421282609100661,0.311844650828783,0.549501123746221,10.0025641025641,63.6967948717949,1.11278514429506,0.956598148366986,7.5,0.573214285714286,0.64,2.3974358974359,1.18613258498359,1.37811341734618,0.8,0.394015806592602,0.305128205128205,0.335897435897436,0,0.598214285714286,6.9,0.552763819095477,6.39359075395063,1,1,2.625,0,1,"ACC",1,1,113.208583915085,93.756854896492,0.89728051144918,0.86559215207084,"R64","R64 - L",0.657142857142857,0.749312224818144,0.0921693676752868,0
"908",2022,261,"Vermont","Final - W",0.481508539524844,0.349330097070265,0.745867148325669,34.7583333333333,7.14166666666667,27.6166666666667,14.7388888888889,5.16944444444444,2.61111111111111,9.54166666666667,13.8861111111111,73.1444444444444,60.2305555555556,0.409179601753679,0.338426803783233,0.557520818723114,12.9138888888889,64.91075,1.12701610673058,0.927877191849416,8.5,0.668055555555556,0.392857142857143,2.66666666666667,1.19588488091928,1.54698500403776,0.2,0.577441850108692,0.213888888888889,0.261111111111111,0.342794551692232,0.645833333333333,8.5,0.701129351426302,5.78689738136671,0.965856901241281,1,3.1,0,0,"Other",0,0,106.81302534478,96.8525991965845,0.739284380855755,-0.38806147815592,"R64","R64 - L",0.848484848484849,0.866314410611151,0.0178295621263028,0
"909",2022,269,"Marquette","Quarterfinals - L",0.45034447472016,0.34466933318016,0.75280084274197,35.1136752136752,7.66666666666667,27.4470085470085,16.3547008547009,7.76068376068376,5.19401709401709,12.5076923076923,17.5,74.3632478632479,70.6444444444444,0.41001863164216,0.315666393231792,0.523555474390465,3.71880341880342,71.697358974359,1.03766400318235,0.985673062327466,8.5,0.590277777777778,0.5,-3.38376068376068,1.11410645257211,1.33778174249182,2.5,0.781585532798189,0.215384615384615,0.094017094017094,0.125704561855167,0.527777777777778,5.3,0.657004830917874,6.0282785202307,1.6875,0,2.33333333333333,0,0,"Big East",0,1,106.819459852425,95.422121215191,0.759517784311395,0.27132444641886,"R64","R64 - L",0.612903225806452,0.602627708651046,-0.0102755171554054,0
"910",2022,275,"Wisconsin","Quarterfinals - L",0.422095504554088,0.310218192480429,0.751649069979778,35.0466666666667,9.54166666666667,25.505,10.885,5.39,3.01166666666667,8.45833333333333,16.77,70.6733333333333,65.9233333333333,0.436204242044463,0.323602624633136,0.480220680341415,4.75,66.5826583333333,1.06144619370636,0.98995480531003,6,0.625714285714286,0.375,4.35166666666667,1.37786018075492,1.28606592238171,1.3,0.778633888083304,0.45,0.0833333333333333,0.160293809371449,0.585714285714286,6.2,0.62626059714598,5.24702407216049,1.751499664533,2,2.3,0,0,"Big Ten",0,1,109.81047658552,93.8570857654645,0.85765988914485,3.2233461576525,"R32","R32 - L",0.774193548387097,0.627525788067391,-0.146667760319706,0
"911",2022,333,"Alabama","Early Round - L",0.444614201212155,0.306668677606178,0.717795927500559,40.1851282051282,13.3328205128205,26.8523076923077,14.5548717948718,6.93948717948718,4.78820512820513,14.5630769230769,18.1430769230769,80.0169230769231,75.3082051282051,0.432141817465974,0.328855991563174,0.519071462663687,4.70871794871795,73.3920769230769,1.09022078549057,1.02609735296768,8,0.6875,0.33,0.33025641025641,0.901633411580595,1.0064651799687,4,0.60268202468768,0.385641025641026,0.115384615384615,0.141750297894876,0.5,7.7,0.671116996772788,5.31811999384422,1.33142404967026,3,2.11111111111111,0.4,0,"SEC",1,1,115.857243715815,97.4395120796755,0.87432255321745,0.97638131890664,"R64","R64 - L",0.59375,0.596743451303742,0.00299345130374151,0
"912",2022,356,"Illinois","Quarterfinals - L",0.456952180028129,0.371374724968852,0.710869684317494,39.5016666666667,12.0816666666667,27.42,15.6316666666667,5.20666666666667,2.92,12.745,16.4083333333333,76.8566666666667,67.1783333333333,0.409283425104605,0.321522398300208,0.54011825217259,9.67833333333333,68.2945583333333,1.12463332104284,0.984357376353518,7.5,0.598214285714286,0.6,0.565,0.880033963205945,1.2554113370089,2.2,0.539412577374773,0.318333333333333,0.27,0.437782028211247,0.732142857142857,7.6,0.678731062818752,5.57594910314632,0.930648768645017,1,2.36363636363636,0,0,"Big Ten",0,1,113.96264946471,93.1207301127625,0.90995874262986,2.07151139260719,"R32","R32 - L",0.709677419354839,0.726302835854115,0.0166254164992758,0
"913",2022,357,"Texas A&M-CC","Final - W",0.446312299708708,0.329265927138268,0.730375356517627,38.0862637362637,12.9450549450549,25.1412087912088,15.4615384615385,8.74725274725275,1.72417582417582,14.1302197802198,20.2912087912088,77.1747252747253,70.210989010989,0.421677487361289,0.319470148444105,0.498004199478409,6.96373626373626,72.3796785714286,1.0661774446565,0.970134560572299,8,0.380952380952381,0.566666666666667,6.35714285714286,1.21251574448943,1.10067465672729,3.4,0.786833864052117,0.145054945054945,0.158241758241758,0.19482448181199,0.69047619047619,8.9,0.602514716667289,0,0,0,1.9,0.2,0,"Other",0,0,96.4436211052525,102.433098129585,0.33443690152897,-3.8116068350006,"First Four","First Four - L",0.676470588235294,0.693607010094568,0.0171364218592737,0
"914",2022,2006,"Akron","Final - W",0.459738514711768,0.353346511540344,0.668450159914712,36.0992307692308,10.4923076923077,25.6069230769231,12.1984615384615,5.85692307692308,3.19384615384615,11.6861538461538,16.2538461538462,71.4484615384615,61.8753846153846,0.419131060642596,0.335764055016671,0.534587717551005,9.57307692307692,64.4294961538462,1.10902755662453,0.962238244952306,8,0.507936507936508,0.8,2.33538461538462,1.02701183286689,1.04901310944174,1.6,0.570780780290491,0.296153846153846,0.180769230769231,0.125879018951964,0.817460317460317,4.7,0.581395348837209,6.06610809010375,1.66666666666667,0,2.44444444444444,0,0,"Other",0,0,103.59010170061,101.860011736505,0.547687983248015,-2.13602564799085,"R64","R64 - L",0.727272727272727,0.745534985133106,0.0182622578603783,0
"915",2022,2142,"Colgate","Final - W",0.466068377322845,0.398709999985591,0.69705782838313,35.6194444444444,8.99722222222222,26.6222222222222,16.9861111111111,6.13055555555556,3.49166666666667,11.6444444444444,15.0583333333333,74.8555555555556,69.0972222222222,0.435236199031986,0.337313397148512,0.552746079297226,5.75833333333333,67.9298472222222,1.10282700313577,1.01577436961625,7,0.714285714285714,0.76,-0.713888888888889,0.94879115579419,1.46571512892059,0.5,0.351951421344987,0.236111111111111,0.116666666666667,0.143716153654886,0.571428571428571,5,0.504527626929107,5.7268477475872,0.955834371139104,1,2.875,0,0,"Other",0,0,106.257045629965,104.27346939739,0.553180541346595,-3.05284017901395,"R64","R64 - L",0.666666666666667,0.718544567434773,0.0518779007681059,0
"916",2022,2166,"Davidson","Final - L",0.483065396132569,0.385754875016359,0.756667453298422,34.35,7.43333333333333,26.9166666666667,14.95,5.125,2.55833333333333,9.95,14.7666666666667,75.9166666666667,65.0416666666667,0.413895046250612,0.331448312076704,0.562009646956276,10.875,66.2812916666667,1.14528002518823,0.981712439742746,7.5,0.473214285714286,0.875,1.64166666666667,1.17885987801298,1.49736749404742,1.6,0.584217512884606,0.25,0.25,0.181499384756546,0.598214285714286,7,0.619387755102041,6.88857245956536,1.22222222222222,1.22222222222222,2.375,0,0,"Other",0,0,115.14667267682,100.790319914237,0.822172996953745,1.06654052179554,"R64","R64 - L",0.818181818181818,0.767951797044304,-0.0502300211375137,0
"917",2022,2239,"Fullerton","Final - W",0.451052530706798,0.317550371155885,0.763941149212234,33.6367424242424,9.83068181818182,23.8060606060606,11.3140151515152,7.45871212121212,2.07462121212121,12.3333333333333,16.0776515151515,71.0609848484848,66.475,0.440037503602526,0.377180124923533,0.499695269159722,4.58598484848485,67.4762765151515,1.05290323744453,0.985259629029222,7.5,0.535714285714286,0.3,2.9030303030303,1.16266447368421,0.918894537480064,0.5,0.539412577374773,0.329545454545455,0.0416666666666667,0.212971145844032,0.732142857142857,6,0.437588655783397,5.47227067367148,0.913344413648059,1,2.75,0.2,0,"Other",0,0,101.88412892006,103.287518385785,0.46079240397526,-2.5243401456935,"R64","R64 - L",0.67741935483871,0.626372069465853,-0.0510472853728562,0
"918",2022,2247,"Georgia St","Final - W",0.405342169718029,0.332166730695352,0.706342279710623,37.4391414141414,13.4441919191919,23.9949494949495,13.6286616161616,9.09558080808081,4.40441919191919,11.9906565656566,15.8670454545455,71.5804292929293,65.5407828282828,0.417746558070076,0.370330258104541,0.468907165422253,6.03964646464646,69.519178030303,1.02904834752348,0.942599647500847,8.5,0.645833333333333,0.373333333333333,8.21401515151515,1.40131837536849,1.13790029983119,2.9,0.505420373012714,0.179166666666667,0.227272727272727,0.432007570184187,0.645833333333333,7.3,0.522934525111257,5.20948615284142,0.869484599613626,0,2.88888888888889,0,0,"Other",0,0,101.017123040715,101.221728942237,0.49800096845286,-2.5707865242138,"R64","R64 - L",0.642857142857143,0.678031376528899,0.0351742336717558,0
"919",2022,2250,"Gonzaga","Final - W",0.526484776423206,0.37644873989027,0.726153123192597,41.6288461538462,9.65,31.9788461538462,18.3076923076923,6.57980769230769,5.85961538461538,11.6759615384615,15.3105769230769,87.9326923076923,64.9942307692308,0.378295613708282,0.304747883695252,0.595184592472847,22.9384615384615,73.06575,1.20355716108335,0.889218408665501,8,0.6,0.84,0.902884615384615,1.08244863163317,1.58612866044489,1.2,0.451956097956567,0.0384615384615385,0.595192307692308,0,0.625,13.2,0.834437086092715,6.62804137617953,2.28571428571429,2.28571428571429,1.875,0,1,"Other",0,0,120.52838375266,88.389541639972,0.97237260052361,3.3540391630442,"S16","S16 - L",0.896551724137931,0.92710165438217,0.0305499302442387,0
"920",2022,2294,"Iowa","Final - W",0.4643666591387,0.360452154230868,0.763896491799718,37.6435897435897,11.9589743589744,25.6846153846154,16.2153846153846,7.66666666666667,4.41025641025641,9.08205128205128,16.0615384615385,84.4076923076923,70.5948717948718,0.431830271860702,0.328522736418511,0.533388451369614,13.8128205128205,70.9183205128205,1.18977772580763,0.995725731279872,9,0.5375,0.48,6.34615384615385,1.5753848905697,1.78980694783375,1.3,0.499810963521026,0.205128205128205,0.438461538461538,0.274575752066763,0.5,10.3,0.586683417085427,6.68085467879022,1,1,2.5,0.2,1,"Big Ten",0,1,120.59818450449,98.2043761164105,0.91183316180191,2.26071632829575,"R64","R64 - L",0.742857142857143,0.800273733022079,0.0574165901649361,0
"921",2022,2305,"Kansas","Final - W",0.490659789495732,0.360930038874827,0.716922043010753,36.9751803751804,11.0948773448773,25.880303030303,15.8637085137085,6.79422799422799,4.19531024531025,12.3041125541126,15.8467532467532,80.4912698412698,67.8323232323232,0.421955284433553,0.30402852942888,0.552612054472626,12.6589466089466,70.2855205627706,1.1439383494912,0.966266695574498,6.5,0.464285714285714,0.666666666666667,2.42994227994228,1.13989444774136,1.29988852422467,0.8,0.533604275817303,0.197835497835498,0.337012987012987,0.104875158177179,0.619047619047619,8.2,0.765756302521008,6.8596149036542,2.88636363636364,3.08823529411765,3.22222222222222,0,1,"Big12",1,1,120.67195448765,92.749073187221,0.953260987240825,5.20125699594975,"Final","Final - W",0.823529411764706,0.773111484899851,-0.0504179268648551,1
"922",2022,2344,"Longwood","Final - W",0.455856282936079,0.376175031296233,0.713757847576401,37.8734848484848,12.6151515151515,25.2583333333333,14.6727272727273,7.78560606060606,2.51666666666667,11.9272727272727,15.5424242424242,77.2621212121212,65.1242424242424,0.427642800807209,0.313028906577294,0.529294636542753,12.1378787878788,68.3165037878788,1.13097950963744,0.954077262047041,8.5,0.465277777777778,0.533333333333333,7.39166666666667,1.21753494229788,1.24186984508503,1.9,0.575461544432326,0.229545454545455,0.403030303030303,0.209136130604966,0.645833333333333,8.2,0.480313442961454,4.56434819146784,0,0,2.55555555555556,0.2,1,"Other",0,0,104.073717466185,102.092449445711,0.55588632912452,-1.63000066055478,"R64","R64 - L",0.8125,0.798206311754069,-0.0142936882459306,0
"923",2022,2350,"Loyola Chicago","Final - W",0.491020878799328,0.392548573975045,0.722139850557117,33.8564685314685,7.93706293706294,25.9194055944056,15.9905594405594,7.05646853146853,2.33566433566434,11.9583916083916,16.7951048951049,75.8853146853147,61.8041083916084,0.412697527628449,0.321250597800096,0.577476210087082,14.0812062937063,66.8389672202797,1.13496324160243,0.924688821243643,7.5,0.641071428571429,0.83,1.9590034965035,1.17478536782377,1.34259853886172,1.4,0.630984320584787,0.137062937062937,0.242132867132867,0.186032352372059,0.535714285714286,9.4,0.602514716667289,0,0,0,3,0.2,0,"Other",0,0,110.55372290871,94.578632650883,0.855367541396625,0.878321023624715,"R64","R64 - L",0.78125,0.823302832719902,0.042052832719902,0
"924",2022,2390,"Miami","Semifinals - L",0.472344970737906,0.350803995423445,0.743419540229885,30.7929487179487,7.70865384615385,23.0842948717949,13.9387820512821,8.49551282051282,2.92884615384615,9.44807692307692,15.013141025641,75.1310897435897,71.3615384615385,0.463643756607093,0.350105121764816,0.536634574839568,3.76955128205128,67.5886346153846,1.11168742067988,1.05583821238541,7.5,0.641071428571429,0.63,1.98237179487179,1.47133164726534,1.49629411492979,2.4,0.676303227641938,0.419551282051282,0.131089743589744,0.216711910620759,0.732142857142857,6.6,0.593894542090657,6.98656645940643,2.05555555555556,2,3,0,1,"ACC",1,1,113.53737331424,101.212195140209,0.77233333346434,1.28744144600127,"E8","E8 - L",0.696969696969697,0.609879876272392,-0.0870898206973053,1
"925",2022,2450,"Norfolk St","Final - W",0.465831468485562,0.342577692472433,0.691429969360366,38.9841758241758,10.1015384615385,28.8826373626374,12.6674725274725,6.85516483516484,3.75692307692308,13.578021978022,17.5520879120879,75.1127472527473,63.0663736263736,0.368986486721902,0.281029236016793,0.526307313318339,12.0463736263736,70.6164582417582,1.06461827949852,0.893187264037071,7.5,0.611111111111111,0.475,0.0646153846153846,1.02905406308474,0.943754009623095,1.7,0.631923718059251,0.17978021978022,0.345274725274725,0.148037628514881,0.666666666666667,9.9,0.548189310260902,5.5683445037611,0.929379529826122,1,2.22222222222222,0.2,0,"Other",0,0,98.49279371362,101.59788754557,0.41236827233272,-1.52847997425755,"R64","R64 - L",0.8,0.80398201474136,0.00398201474135962,0
"926",2022,2507,"Providence","Semifinals - L",0.442344756990694,0.339193000705267,0.729673523685988,37.4342948717949,10.3058760683761,27.1284188034188,13.4227564102564,5.04134615384615,3.84636752136752,11.6774572649573,15.7991452991453,72.2360042735043,66.5373931623932,0.407947749249694,0.312931379940366,0.51055840153288,5.69861111111111,66.9439241452991,1.07810090659968,0.993162581829784,7.5,0.669642857142857,0.5,-1.09893162393162,0.919347319347319,1.15201584130156,1.1,0.816947787135032,0.415918803418803,0.120405982905983,0.172754355669281,0.464285714285714,5.3,0.583673469387755,6.19644412779452,1,1,3.375,0.2,0,"Big East",0,1,111.394007927615,96.3712297029565,0.838476440281145,2.93262765830495,"S16","S16 - L",0.833333333333333,0.644523001952893,-0.188810331380441,0
"927",2022,2509,"Purdue","Final - L",0.497106398003154,0.393830228422796,0.7116740687248,38.9461538461538,11.5371794871795,27.4089743589744,17.3397435897436,4.90769230769231,3.67051282051282,11.5987179487179,14.2217948717949,81.6487179487179,68.0166666666667,0.425656789294422,0.330027698081885,0.576146907921115,13.6320512820513,67.4075705128205,1.21018606982599,1.01009246258032,8.5,0.457142857142857,0.666666666666667,1.57051282051282,0.87794299142008,1.50591905847971,0.7,0.419771479873402,0.238461538461538,0.352564102564103,0.130451748708702,0.585714285714286,13.5,0.667838312829525,6.3456363608286,1.76923076923077,1.83333333333333,2.3,0.4,0,"Big Ten",0,1,123.25798855926,96.975060183526,0.936676167493735,3.49993074554875,"S16","S16 - L",0.794117647058823,0.782335513149542,-0.011782133909282,0
"928",2022,2539,"San Francisco","Semifinals - L",0.460260235749689,0.359510946327684,0.690918728691113,38.287012987013,11.061525974026,27.225487012987,13.1922077922078,7.70584415584416,4.80227272727273,13.1599025974026,17.6105519480519,77.6198051948052,67.1550324675325,0.423078513374576,0.300163792045465,0.54207733856952,10.4647727272727,70.7295105519481,1.09715947358782,0.948375531817768,8,0.7125,0.723333333333333,2.46201298701299,1.0187809923799,1.03418699905399,3.2,0.573838887293012,0.383116883116883,0.254220779220779,0.0445563828125356,0.5,8.1,0.572998439898475,4.0943445622221,0,0,3.11111111111111,0,0,"Other",0,0,108.74669450735,91.578414037566,0.87827803763495,0.815623841377365,"R64","R64 - L",0.727272727272727,0.768390920053693,0.041118192780966,0
"929",2022,2550,"Seton Hall","Quarterfinals - L",0.429282492037694,0.333784449474105,0.753452588081775,39.130303030303,12.069696969697,27.0606060606061,10.5151515151515,7.21515151515151,5.38181818181818,11.7212121212121,15.2939393939394,74.330303030303,65.7939393939394,0.399824605259545,0.299751847505417,0.489513953053344,8.53636363636364,69.292,1.07197892732414,0.950364722121398,9,0.575,0.353333333333333,2.74242424242424,1.09874916338217,0.905710567412806,3.3,0.663553484909617,0.451515151515152,0.215151515151515,0.37476886029349,0.55,9.8,0.555803571428571,6.10702288774225,1,1,3.33333333333333,0.2,0,"Big East",0,1,106.68779127134,92.367894869674,0.83667444278008,0.958969136993715,"R64","R64 - L",0.67741935483871,0.692872111891093,0.0154527570523838,0
"930",2022,2571,"S Dakota St","Final - W",0.524046854625202,0.446454311705008,0.754956812627565,35.7926136363636,7.52564935064935,28.2669642857143,15.2775162337662,6.22946428571429,2.49926948051948,11.1706980519481,15.3076298701299,86.450974025974,72.3961850649351,0.433440622699242,0.348728287024574,0.607848243763876,14.054788961039,71.9428031655844,1.20234864530443,1.00599107925788,8,0.4625,1,0.00560064935064931,1.08516169041047,1.38139773313246,4.3,0.844037664530419,0.154788961038961,0.289935064935065,0.0920122858801662,0.625,10.3,0.661902273917788,4.02535169073515,0,0,2.44444444444444,0,0,"Other",0,0,115.108794449735,103.99793663926,0.76218451357911,0.741208963842235,"R64","R64 - L",0.882352941176471,0.807649493693736,-0.0747034474827351,0
"931",2022,2608,"Saint Mary's","Final - L",0.46549922688598,0.353720882292311,0.763119649773785,33.8571428571429,8.60285714285714,25.2542857142857,13.4171428571429,7.31047619047619,2.56190476190476,11.4057142857143,15.5685714285714,70.1942857142857,60.0380952380952,0.421509295237349,0.339869472043639,0.531460176428705,10.1561904761905,65.390780952381,1.07338016708043,0.918285569229301,6,0.685714285714286,0.575,2.95333333333333,1.16073720467285,1.18598538425271,1.2,0.822324657156838,0.212380952380952,0.225714285714286,0,0.585714285714286,8,0.702786377708978,6.4723462945009,1.28571428571429,1.28571428571429,2.625,0,0,"Other",0,0,107.48579713546,90.041816428747,0.880961071934425,1.9659886464628,"R32","R32 - L",0.78125,0.772688888214298,-0.00856111178570163,0
"932",2022,2612,"Saint Peter's","Final - W",0.425606055654349,0.341677591849413,0.675911507757417,36.2,10.9222222222222,25.2777777777778,12.6722222222222,7.51666666666667,4.98333333333333,14.3722222222222,19.65,66.4111111111111,62.4166666666667,0.386971757075706,0.295150722721917,0.478378332658089,3.99444444444444,67.8470833333333,0.980348502099833,0.91912982835287,9.5,0.366666666666667,0.65,1.48333333333333,1.00417636252296,0.885525848555924,2.9,0.507414444164871,0.288888888888889,0.194444444444444,0.25362922059605,0.577777777777778,5.7,0.526500391416793,4.44265125649032,0,0,1.83333333333333,0.4,0,"Other",0,0,95.2862146406965,94.6898319265255,0.5121011662518,-2.78531944150415,"E8","E8 - L",0.633333333333333,0.66425094427367,0.030917610940337,1
"933",2022,2628,"TCU","Semifinals - L",0.438139908044763,0.3016163003663,0.674744152046784,39.96,13.8072727272727,26.1527272727273,13.9881818181818,6.37,4.41636363636364,14.0090909090909,14.7209090909091,69.6572727272727,64.3018181818182,0.419043272479348,0.322852634301367,0.48663922974237,5.35545454545455,67.4486181818182,1.03190457969571,0.954633562573527,8.5,0.535714285714286,0.225,3.75181818181818,0.94479020979021,1.01264235764236,1.4,0.720800400192429,0.238181818181818,0.120909090909091,0.263662553668445,0.535714285714286,6.1,0.686084142394822,6.4281052726846,1.5,1,2.22222222222222,0,0,"Big12",1,1,105.94668521374,92.8832693005925,0.810950815644925,1.45885644149674,"R32","R32 - L",0.625,0.598659836481395,-0.0263401635186052,0
"934",2022,2633,"Tennessee","Final - W",0.432377278689641,0.357109705309227,0.71011063267665,37.6083333333333,12.1166666666667,25.4916666666667,16.8583333333333,9.51666666666667,4.68333333333333,12.325,16.575,74.4666666666667,62.1416666666667,0.396568995552524,0.310073891625616,0.506310943132994,12.325,69.483625,1.071247859141,0.89539577750702,8,0.619047619047619,0.75,6.61666666666667,1.36050292519965,1.39392410756055,2.8,0.530694834928563,0.208333333333333,0.275,0.265893493062068,0.619047619047619,10.6,0.652603231597846,7.01660968389422,1.7,1.66666666666667,2.3,0.4,1,"SEC",1,1,109.38504208588,86.166887795875,0.93949249807177,3.97316243178795,"R32","R32 - L",0.787878787878788,0.789438184014903,0.00155939613611522,0
"935",2022,2640,"Texas Southern","Final - W",0.430819879884567,0.300493101618281,0.672476305436338,40.0333333333333,12.6222222222222,27.4111111111111,10.8333333333333,5.2,4.98888888888889,15.1166666666667,18.1388888888889,68.1777777777778,67.1166666666667,0.402000550622773,0.292695934112068,0.478487184970136,1.06111111111111,69.3133611111111,0.982032426529773,0.96954751307581,9.5,0.341111111111111,0.41,-1.90555555555556,0.764905336208058,0.7278211045232,2.4,0.459646394577767,0.255555555555556,0.155555555555556,0.380525764565503,0.472222222222222,3.7,0.5632,6.4393503711001,1,1,2.90909090909091,0.6,0,"Other",0,0,97.081236502165,98.214963203803,0.46706391031166,-3.3871531004674,"R64","R64 - L",0.6,0.616972526487783,0.0169725264877835,0
"936",2022,2641,"Texas Tech","Final - L",0.476521336134886,0.323934837092732,0.693753386454183,37.44,11.2783333333333,26.1616666666667,14.1116666666667,8.31833333333333,3.36333333333333,13.7566666666667,16.1183333333333,74.2166666666667,59.8333333333333,0.383921594469853,0.314842808525376,0.536825872370112,14.3833333333333,67.837375,1.09320067549408,0.882524827706572,9.5,0.516666666666667,0.591666666666667,5.195,1.19413392857143,1.02928125,2,0.582320204865008,0.213333333333333,0.398333333333333,0.289167773595963,0.633333333333333,10.1,0.37805991232836,4.90527477843843,0,0,2.8,0.2,0,"Big12",1,1,108.0883284895,86.3535692494235,0.92452939017231,3.28270472391752,"S16","S16 - L",0.735294117647059,0.815554578796998,0.0802604611499387,0
"937",2022,2750,"Wright St","Final - W",0.461624145153557,0.317942819633729,0.768382528885363,34.6128787878788,9.95757575757576,24.655303030303,13.4977272727273,5.88030303030303,2.99924242424242,12.5234848484848,14.4962121212121,75.1166666666667,71.9924242424242,0.448873008287099,0.327644529301141,0.51636083434465,3.12424242424242,70.2073522727273,1.07271062777824,1.02480089895457,7,0.5,0.491666666666667,0.13030303030303,1.04093293368303,1.0864763956538,3.3,0.49281903749473,0.274242424242424,0.128787878787879,0.107489870552916,0.714285714285714,8.7,0.585127201565558,6.23832462503951,1,1,2,0.2,0,"Other",0,0,102.770322280349,106.72763347213,0.395464286842125,-4.19847831657235,"R64","R64 - L",0.617647058823529,0.626684865680539,0.00903780685700961,0
"938",2022,2751,"Wyoming","Semifinals - L",0.466231427027383,0.349104363908646,0.718722914409534,35.6995337995338,8.11655011655012,27.5829836829837,11.5932400932401,4.00745920745921,2.06060606060606,10.6979020979021,14.9771561771562,74.7389277389277,65.6778554778555,0.413168209890274,0.307166760969531,0.543398333252529,9.06107226107226,67.2413111888112,1.11059992519001,0.976862633856698,7,0.685714285714286,0.53,-0.535664335664336,1.03335644255892,1.10320286968294,2,0.740945352568353,0.306293706293706,0.248951048951049,0.198350228626316,0.642857142857143,5.8,0.605832896880265,5.04985600724954,0,0,2.375,0,0,"Other",0,0,108.83244970217,97.298498755557,0.78301757296672,0.963745358724025,"First Four","First Four - L",0.757575757575758,0.717225162015638,-0.0403505955601197,0
"939",2022,2803,"Bryant","Final - W",0.434946399289753,0.306189748979301,0.71785017344796,41.3725274725275,12.6802197802198,28.6923076923077,14.1958041958042,6.28911088911089,4.55384615384615,13.9186813186813,16.8196803196803,77.3185814185814,73.1939060939061,0.414923267060202,0.321469702338767,0.501144490553441,4.12467532467532,73.0137107892108,1.05873278464923,1.00213188602796,7.5,0.492857142857143,0.425,-2.2994005994006,0.863396463091821,1.02422165019366,4.6,0.675573198141056,0.1998001998002,0.16993006993007,0.318904705509093,0.732142857142857,8.2,0.431109996641471,4.68213122712422,0,0,2.77777777777778,0,0,"Other",0,0,102.007650004431,104.761317983695,0.431427577803685,-2.39596681293978,"First Four","First Four - L",0.709677419354839,0.643255945075146,-0.0664214742796924,0
"940",2023,2,"Auburn","Early Round - L",0.4434402111515,0.315901106477985,0.706299102691924,36.5907342657343,11.8894230769231,24.7013111888112,14.4413461538462,8.04729020979021,5.59711538461538,12.7246503496504,19.1079545454545,73.315472027972,65.9471153846154,0.404800747672333,0.280901287553648,0.498789313127879,7.36835664335664,68.861638986014,1.06493836099817,0.958262751096941,7.5,0.661111111111111,0.33,1.28068181818182,1.07415217391304,1.15090144927536,3,0.636087342500528,0.300437062937063,0.247027972027972,0.184810671256454,0.555555555555556,6.4,0.668350168350168,6.38856140554563,2.22727272727273,2.83333333333333,2.72727272727273,0.2,0,"SEC",1,1,109.94515089669,92.3363309864525,0.88161122448006,0.526968999069405,"R32","R32 - L",0.625,0.667384342739684,0.0423843427396842,0
"941",2023,8,"Arkansas","Quarterfinals - L",0.477944629433243,0.314943609022556,0.693006367782326,35.4107226107226,9.85081585081585,25.5599067599068,13.6494172494173,8.87016317016317,5.18065268065268,12.7025641025641,18.4729603729604,75.3946386946387,65.9179487179487,0.415563238631768,0.304208787895401,0.524480012520244,9.47668997668998,70.3736445221445,1.07101782353785,0.938993966175945,7.5,0.703571428571429,0.386666666666667,2.75244755244755,1.19711291691367,1.08008068365473,5.4,0.502705192263524,0.206293706293706,0.220512820512821,0.265508607880173,0.669642857142857,8.9,0.736744628906067,5.50533153593236,2.02149729566495,3,2.4,0.4,0,"SEC",1,1,110.165317693625,91.075484344221,0.89763269213725,0.18889416005881,"S16","S16 - L",0.606060606060606,0.701269210216278,0.0952086041556721,0
"942",2023,9,"Arizona St","Semifinals - L",0.418460574643428,0.310285984206805,0.689218426929121,37.1089285714286,11.2244047619048,25.8845238095238,14.5755952380952,7.12738095238095,4.72797619047619,11.8303571428571,18.5035714285714,70.3470238095238,66.9017857142857,0.395600228801939,0.327882661520993,0.485371069017359,3.44523809523809,69.1865446428571,1.01680361959296,0.96759367350234,8.5,0.452777777777778,0.15,1.81845238095238,1.22011570457759,1.23571826347694,4.4,0.61597909256649,0.351785714285714,0.178571428571429,0.225825871235492,0.645833333333333,7.9,0.574367682049953,5.63835466933375,0.941064513526216,1,2.7,0.2,0,"Other",0,0,105.347210553275,93.3130901520555,0.80142497674271,0.61359528982189,"R64","R64 - L",0.647058823529412,0.580841078369438,-0.0662177451599743,0
"943",2023,12,"Arizona","Final - W",0.496952955108543,0.375700367444102,0.711365902293121,40.0134199134199,10.3701298701299,29.64329004329,19.3536796536797,6.14848484848485,3.2491341991342,13.4634199134199,17.080303030303,83.4753246753247,71.2474025974026,0.405553627523238,0.325929806077112,0.569919042231692,12.2279220779221,72.5947554112554,1.14873858333806,0.981721086415357,7,0.571428571428571,0.8,-1.15324675324675,0.921105457560681,1.43927106889793,2,0.754012865133511,0.174458874458874,0.281601731601732,0.069327731092437,0.714285714285714,9.1,0.785583351260872,3.63758615972639,1.82138413627877,3,2.75,0.2,1,"Other",0,0,120.13385263213,95.478227443201,0.93263651783608,3.78556564556665,"R64","R64 - L",0.823529411764706,0.777134213204232,-0.0463951985604734,0
"944",2023,21,"San Diego St","Final - W",0.451990914965599,0.356101330927771,0.729677030286786,35.562012987013,10.5329545454545,25.0290584415584,13.8198051948052,7.26038961038961,3.60665584415584,11.9219155844156,16.1012987012987,73.2116883116883,63.686038961039,0.415247356581157,0.290524652457721,0.51748822625205,9.52564935064935,67.3723051948052,1.087516974866,0.946463742322062,9,0.555555555555556,0.58,3.70551948051948,1.13711548652725,1.17531341296047,2.9,0.71399394130458,0.216233766233766,0.182142857142857,0.192214305139677,0.555555555555556,7.8,0.728985473299346,5.07517381523383,0.847067319739639,1,3.66666666666667,0.2,0,"Other",0,0,110.876250475195,89.8755336185335,0.917848197771745,2.8268850467894,"Final","Final - L",0.818181818181818,0.745218151597196,-0.0729636665846226,1
"945",2023,26,"UCLA","Final - L",0.463219259856537,0.349602396275246,0.726623441368881,36.0235930735931,11.7861471861472,24.2374458874459,14.4835497835498,8.64177489177489,3.92510822510823,10.3686147186147,15.6445887445887,75.0785714285714,60.2588744588745,0.40729092380898,0.312590187590188,0.516082467293196,14.819696969697,67.4745833333333,1.11169928584889,0.8931682189221,6.5,0.514285714285714,0.616666666666667,8.41363636363636,1.58467205259892,1.40767901403006,1.9,0.638695675003036,0.141125541125541,0.370562770562771,0.312394329848629,0.773809523809524,10.7,0.682965299684543,6.45362499889269,1.73076923076923,4.75,2.55555555555556,0.2,1,"Other",0,0,113.464881449035,87.4518475063445,0.95214597749909,4.20162155235265,"S16","S16 - L",0.852941176470588,0.852114452209859,-0.000826724260729272,0
"946",2023,30,"USC","Quarterfinals - L",0.459158286676529,0.346541081991437,0.743011025586829,35.0952380952381,9.36349206349206,25.731746031746,13.8388888888889,7.12539682539682,5.30873015873016,12.5785714285714,17.0769841269841,73.2920634920635,67.0214285714286,0.388852673443778,0.332098075993975,0.516849757558676,6.27063492063492,68.9054047619048,1.06379152475203,0.973403341598672,6.5,0.619047619047619,0.325,-3.17619047619048,1.0355444997236,1.13127142067441,4.3,0.650426049944841,0.242857142857143,0.0690476190476191,0.135220648861803,0.773809523809524,8.7,0.605605048828858,5.91620206260743,1.77738908892211,1.5,2.11111111111111,0.2,1,"Other",0,0,110.195546976745,96.1040439502805,0.825621714481265,1.03687844876975,"R64","R64 - L",0.6875,0.663684147223677,-0.0238158527763233,0
"947",2023,41,"UConn","Semifinals - L",0.463019599892009,0.360396413457137,0.752647861983305,39.1725,13.265,25.9075,17.4533333333333,6.68916666666667,4.8275,12.9458333333333,18.11,79.3283333333333,64.4816666666667,0.407265967201096,0.289860180754918,0.538183698992546,14.8466666666667,68.5813,1.15608196053083,0.942784307198241,8.5,0.608333333333333,0.673333333333333,5.06083333333333,1.05513034923758,1.35151008362027,2.7,0.435153245147711,0.0975,0.375,0.145094908197388,0.645833333333333,10.6,0.595997253978351,5.93224518744801,0.990116046052788,1,2.77777777777778,0,1,"Big East",0,1,118.529794373325,91.6649907934135,0.94898243409533,2.5167944129074,"Final","Final - W",0.757575757575758,0.833956035549674,0.0763802779739166,1
"948",2023,47,"Howard","Final - W",0.467038927612469,0.380725061871725,0.712941481595328,35.555,11.1875,24.3675,15.11875,7.245,3.15375,16.215,17.57125,75.785,71.5875,0.441307991418611,0.342860983575723,0.537939010414545,4.1975,71.5980625,1.05758394226862,1.00029307416031,8,0.55,0.72,0.08,0.973111829226163,0.931735627303086,2.8,0.795124081739986,0.2425,0.36375,0.227830530360292,0.5,5.7,0.404483150732596,4.21950770517611,0,0,2.45454545454545,0.2,0,"Other",0,0,100.242807928245,105.649912125995,0.362105365028615,-3.65970041168035,"R64","R64 - L",0.647058823529412,0.601541067084839,-0.0455177564445729,0
"949",2023,66,"Iowa State","Semifinals - L",0.453417941134965,0.341772463015738,0.678008789515243,33.0291666666667,11.0416666666667,21.9875,14.725,9.28333333333333,2.72916666666667,12.6333333333333,18.8541666666667,69.4875,61.125,0.414643228923391,0.324459055201096,0.515169801791748,8.3625,66.1027291666667,1.05104698000341,0.925913654349124,7.5,0.535714285714286,0.65,7.825,1.41768985204739,1.18331133484765,3,0.662310959626264,0.258333333333333,0.1625,0.211201686802602,0.535714285714286,8.6,0.615044779639447,5.28826703069454,1.47105575192717,3,3,0.2,1,"Big12",1,1,106.423146329595,88.9889761475605,0.885024534368515,1.20447042453565,"R64","R64 - L",0.59375,0.678340565361815,0.0845905653618149,0
"950",2023,68,"Boise St","Semifinals - L",0.453942485080655,0.366560822626109,0.737805037795021,35.8361904761905,8.80333333333333,27.0328571428571,11.1471428571429,5.13428571428571,2.91380952380952,11.3166666666667,16.1042857142857,72.1038095238095,63.0809523809524,0.40552592540853,0.302049552246201,0.525301902124944,9.02285714285714,67.0596714285714,1.07533475160177,0.940338231344325,6.5,0.652380952380952,0.435,1.37047619047619,1.06480251632426,0.987357859531773,4.1,0.598843127510721,0.247142857142857,0.22952380952381,0.15475313589855,0.619047619047619,6.4,0.627224211262279,5.96614673912369,0.995774354035607,1,2.88888888888889,0,0,"Other",0,0,107.039395418695,92.1783056335915,0.845653387573845,1.07241935466895,"R64","R64 - L",0.727272727272727,0.730501069179249,0.00322834190652155,0
"951",2023,77,"Northwestern","Quarterfinals - L",0.401365435194061,0.319459728455804,0.754736963744042,35.5983333333333,10.5466666666667,25.0516666666667,13.17,8.03166666666667,4.36,10.0266666666667,16.0533333333333,67.6533333333333,60.8333333333333,0.397688475920143,0.333661300349222,0.468322553863668,6.82,65.643225,1.03111202567873,0.92913260449935,7.5,0.669642857142857,0.24,5.845,1.48282828282828,1.3641627543036,2,0.537788879722433,0.283333333333333,0.226666666666667,0.0359603789836348,0.598214285714286,5.6,0.478615368000375,5.64897423816121,0.942836963107444,1,2.88888888888889,0.2,0,"Big Ten",0,1,104.660602344067,90.2901752662665,0.843660622496945,0.8020068087094,"R32","R32 - L",0.65625,0.665087750318003,0.00883775031800349,0
"952",2023,84,"Indiana","Semifinals - L",0.491770830750429,0.375208855472013,0.713318657127133,36.0072261072261,9.21841491841492,26.7888111888112,15.5902097902098,6.22447552447552,5.05524475524476,11.7034965034965,17.3037296037296,76.3263403263403,67.8811188811189,0.40972720130563,0.330936086992704,0.542210829051547,8.44522144522145,69.1788053613054,1.10249698210201,0.982966774094196,8,0.506349206349206,0.8,-0.776223776223776,1.01331049382716,1.32726944444444,2,0.69843241441091,0.262703962703963,0.264102564102564,0.305530914798788,0.436507936507937,8.4,0.608559796321107,3.58351893845611,0.598104004501844,1,2.7,0.2,1,"Big Ten",0,1,111.83185474236,95.156347335714,0.864981295178755,1.71296371979187,"R32","R32 - L",0.666666666666667,0.687575802328423,0.0209091356617561,0
"953",2023,94,"N Kentucky","Final - W",0.435320894110119,0.3495274315237,0.68912534737458,32.4363636363636,10.9299242424242,21.5064393939394,13.9276515151515,9.5,2.56212121212121,11.6526515151515,15.4492424242424,68.4814393939394,63.2969696969697,0.43429832402197,0.365996405128782,0.511081738909923,5.1844696969697,64.6434412878788,1.06003972138179,0.979586553255446,6.5,0.619047619047619,0.45,5.25037878787879,1.37168278907763,1.20562421671125,3.7,0.620940186899171,0.356060606060606,0.259848484848485,0.171130471397349,0.845238095238095,9.7,0.614636933005566,5.91889385427315,2.96366296140238,0,2.3,0.2,0,"Other",0,0,100.34560019955,100.776761207861,0.486048294828495,-3.34200515809725,"R64","R64 - L",0.647058823529412,0.648070024425993,0.00101120089658124,0
"954",2023,96,"Kentucky","Quarterfinals - L",0.460877981997926,0.356672009592182,0.694901381225838,39.0340170940171,13.6177777777778,25.4162393162393,15.6364102564103,6.70615384615385,3.88076923076923,11.6889743589744,15.9365811965812,75.7644444444445,67.6947008547009,0.42737751674486,0.332507527005225,0.518242748524683,8.06974358974359,67.2120188034188,1.12684223446098,1.00861424570473,7.5,0.492857142857143,0.6,4.76136752136752,1.00570878978111,1.33259215799035,2.2,0.701056952083635,0.180683760683761,0.282991452991453,0.394633404841997,0.535714285714286,4.8,0.77069457659372,6.95844839329766,3.66666666666667,4.5,2.4,0.4,0,"SEC",1,1,113.481548950325,96.678558295148,0.863429595309285,0.80715214580205,"R32","R32 - L",0.65625,0.699694578736289,0.0434445787362886,0
"955",2023,120,"Maryland","Quarterfinals - L",0.46018882083321,0.338401875386739,0.737736826115776,34.4384615384615,9.77459207459207,24.6638694638695,11.5013986013986,5.28904428904429,3.85594405594406,10.5685314685315,15.52331002331,72.1018648018648,62.6048951048951,0.421495311736248,0.319221053522585,0.526587287745966,9.4969696969697,64.8305233100233,1.11421932635238,0.967989836754626,7.5,0.564285714285714,0.39,1.88135198135198,1.14589126128109,1.11577371780762,1.8,0.443584271233367,0.188111888111888,0.305594405594406,0.1506408440188,0.598214285714286,8.7,0.5625,6.17586727010576,1,0,3,0,1,"Big Ten",0,1,110.991372106735,94.4561437987515,0.86475815197155,0.50320032482435,"R32","R32 - L",0.636363636363636,0.717075677191479,0.0807120408278428,0
"956",2023,127,"Michigan St","Quarterfinals - L",0.449401682840332,0.395617765178361,0.757186868686869,35.9767307692308,8.96519230769231,27.0115384615385,15.3548076923077,4.73807692307692,2.92538461538462,10.7984615384615,16.3775,70.31,66.3592307692308,0.41482145634045,0.299786302342129,0.518233709606716,3.95076923076923,65.9010961538462,1.06725787732074,1.00671830900345,7,0.675,0.916666666666667,-0.891346153846154,0.919260078662734,1.42822271386431,1.5,0.711657067112871,0.286346153846154,0.0584615384615385,0.129233904349809,0.5,6.1,0.713826366559486,6.83947643822884,3.54166666666667,3.54166666666667,2.55555555555556,0.2,0,"Big Ten",0,1,110.99812676499,94.8448870702465,0.856182418148125,1.21316088667026,"S16","S16 - L",0.612903225806452,0.587794594886058,-0.0251086309203937,0
"957",2023,142,"Missouri","Semifinals - L",0.479571250139424,0.362331419954492,0.757733601408442,30.9251748251748,9.35104895104895,21.5741258741259,16.9282051282051,10.788344988345,2.93473193473193,11.4659673659674,17.9013986013986,81.4573426573427,74.5128205128205,0.442680236492503,0.350972628014972,0.560843046459637,6.94452214452214,70.8648041958042,1.14715171229535,1.05325764120276,8.5,0.683333333333333,0.603333333333333,2.63426573426573,1.53083630686887,1.46543209188225,2.2,0.87322858192483,0.246620046620047,0.338927738927739,0.168641478298485,0.763888888888889,9.7,0.571801898571929,4.51085950651685,0.752880947729916,0,2.63636363636364,0.2,0,"SEC",1,1,117.86389493092,103.560838396415,0.814206492213795,1.76214033839965,"R32","R32 - L",0.727272727272727,0.633731337828785,-0.0935413894439419,0
"958",2023,147,"Montana St","Final - W",0.468392344120357,0.334012539385465,0.753344945390686,33.3238095238095,8.3952380952381,24.9285714285714,12.9452380952381,6.67619047619048,3.06190476190476,11.5785714285714,18.2238095238095,74.6880952380952,66.6880952380952,0.429309770413329,0.347428341384863,0.522186553828868,8,67.727380952381,1.10328475286436,0.984979381848073,8,0.393650793650794,0.408333333333333,2.86190476190476,1.20336476466796,1.1295857511283,2.7,0.634298902747934,0.295238095238095,0.183333333333333,0.133446411436818,0.69047619047619,8.2,0.627242951660149,4.49980967033027,0.751036684762205,1,2.9,0,0,"Other",0,0,103.664979817255,96.8682876448615,0.683786174351835,-1.35104030074006,"R64","R64 - L",0.735294117647059,0.716611607068568,-0.0186825105784907,0
"959",2023,150,"Duke","Final - W",0.448017374349235,0.329236446679146,0.773540703038409,39.3053571428571,12.6309523809524,26.6744047619048,14.6857142857143,5.71845238095238,4.65119047619048,11.7321428571429,15.1875,72.9202380952381,63.3577380952381,0.405625527897058,0.300207020145841,0.508142172535836,9.5625,65.6160833333333,1.11128916714191,0.965827303859025,8.5,0.620833333333333,0.486666666666667,2.85119047619048,0.961099130627111,1.25679106154818,2.9,0.687421017832247,0.271428571428571,0.226190476190476,0.271177145969162,0.409722222222222,9.2,0.621298535981919,0,0,0,2.11111111111111,0.2,1,"ACC",1,1,111.64287533312,92.936829962421,0.891772155625975,2.2511960534233,"R32","R32 - L",0.764705882352941,0.747221131410354,-0.0174847509425874,0
"960",2023,152,"NC State","Quarterfinals - L",0.453384025031962,0.351324182405645,0.719741145207009,36.6583333333333,11.5333333333333,25.125,13.2075,8.19916666666667,4.53416666666667,9.33333333333333,17.1908333333333,78.9866666666667,70.7333333333333,0.447369189761819,0.328763288900235,0.518311207972664,8.25333333333333,69.8933583333333,1.1300729319868,1.01296468275072,7,0.5,0.583333333333333,7.065,1.61788855421687,1.48192469879518,3.6,0.766179119819565,0.188333333333333,0.305833333333333,0.0899512822056455,0.428571428571429,8.6,0.62742758319285,5.55682806169954,0.927457388424632,1,3,0.2,1,"ACC",1,1,112.50811069297,97.3958700495785,0.84003356432636,0.564043408251505,"R64","R64 - L",0.696969696969697,0.701490222166135,0.00452052519643842,0
"961",2023,156,"Creighton","Semifinals - L",0.472396681891839,0.362396693138971,0.756628966533589,36.9063311688312,8.26915584415584,28.6371753246753,16.2649350649351,5.43668831168831,4.25470779220779,11.4956168831169,13.0297077922078,77.0980519480519,67.7517857142857,0.42082338656406,0.32976589347079,0.551269348141566,9.34626623376623,69.5277508116883,1.10976581843765,0.974397612239372,6,0.783333333333333,0.505,-1.74577922077922,0.913226238286479,1.42689424364123,0.8,0.412155555116838,0.309253246753247,0.291720779220779,0.110610540276742,0.666666666666667,7.3,0.613275613275613,6.5424719605068,1.2,1.28571428571429,2.33333333333333,0,1,"Big East",0,1,113.145735535765,92.7489771322745,0.90312304763867,1.07925526537486,"E8","E8 - L",0.636363636363636,0.724550814134533,0.0881871777708967,1
"962",2023,161,"Fair Dickinson","Final - L",0.454585331275715,0.34808160396988,0.75311407225793,34.1729166666667,11.7604166666667,22.4125,15.1256944444444,8.19722222222222,1.93333333333333,11.4229166666667,19.0201388888889,78.0819444444444,75.2923611111111,0.480622432105386,0.365234184108013,0.52100015282769,2.78958333333333,70.3629618055556,1.11082265292174,1.07051757883359,7.5,0.632142857142857,0.6,6.93680555555556,1.37679318566374,1.34875151075659,5.1,0.608049590852543,0.300694444444444,0.158333333333333,0.335539987392591,0.598214285714286,7.1,0.621298535981919,0,0,0,1.45454545454545,0.2,0,"Other",0,0,104.159474201315,116.93425560785,0.212277973782725,-6.09737098354885,"R32","R32 - L",0.558823529411765,0.581258715006249,0.0224351855944841,0
"963",2023,163,"Princeton","Final - W",0.458768584891883,0.347926467938913,0.710854714551619,39.65,10.2392857142857,29.4107142857143,13.7107142857143,4.98214285714286,3.48214285714286,12.5642857142857,16.3714285714286,76.9142857142857,69.05,0.421252909801971,0.321774382802966,0.532725509710217,7.86428571428571,70.5285892857143,1.08965484369816,0.978417321981498,8,0.606349206349206,0.51,-0.0857142857142858,0.840311498329128,1.09101820909773,2.4,0.689709616099942,0.2,0.210714285714286,0.0726584287982151,0.492063492063492,5,0.630880266205916,5.68357976733868,0.948612767821865,1,1.66666666666667,0,1,"Other",0,0,107.47273634887,101.48231692202,0.659095461720415,-1.59620048899085,"S16","S16 - L",0.724137931034483,0.708280015839875,-0.0158579151946081,0
"964",2023,198,"Oral Roberts","Final - W",0.478062342925565,0.372465174059909,0.772706147025739,36.9261363636364,8.72424242424242,28.2018939393939,14.9871212121212,6.89128787878788,5.49393939393939,9.36439393939394,12.9371212121212,84.2761363636364,69.817803030303,0.412297881946866,0.345159382697923,0.564370006987123,14.4583333333333,71.7997102272727,1.17447280277335,0.972172777630217,7,0.804166666666667,0.658571428571429,2.12727272727273,1.4168806764798,1.61578452865644,0.9,0.861751349421607,0.178030303030303,0.333712121212121,0.200143215180809,0.645833333333333,12.8,0.510906542561574,5.04985600724954,2.52852502132574,3,3.375,0,0,"Other",0,0,111.56136753307,101.175021682275,0.75367869212526,0.79698164032806,"R64","R64 - L",0.882352941176471,0.828861471186952,-0.0534914699895181,0
"965",2023,213,"Penn State","Final - L",0.470554617454928,0.389937190646868,0.750397507520413,33.1570054945055,5.93516483516484,27.2218406593407,14.5990384615385,4.73598901098901,2.1521978021978,8.92747252747253,15.4318681318681,74.1504120879121,67.4892857142857,0.422418346960577,0.328817399449681,0.563779709345459,6.66112637362637,66.2349532967033,1.11920312893521,1.02057492163302,6.5,0.69047619047619,0.775,-2.52417582417582,1.04310485516116,1.63919318645451,1.6,0.572578004180347,0.326923076923077,0.181456043956044,0.111010009099181,0.773809523809524,7.2,0.523144639716938,3.46573590279973,0,0,3,0.2,0,"Big Ten",0,1,114.107344122335,98.662560834041,0.84205815361853,0.663587510986515,"R32","R32 - L",0.628571428571429,0.617412582035455,-0.0111588465359731,0
"966",2023,221,"Pitt","Quarterfinals - L",0.452511078106065,0.359711592123097,0.766088274001084,36.897619047619,10.5547619047619,26.3428571428571,14.8890476190476,5.15047619047619,4.17571428571429,11.547619047619,15.9780952380952,76.2595238095238,69.7709523809524,0.424273395147587,0.335022787143976,0.534805969937797,6.48857142857143,67.6059380952381,1.12886530862301,1.03301773230489,7,0.583333333333333,0.625,0.541428571428571,1.0085201205414,1.31675018834593,2.8,0.593501003025934,0.316190476190476,0.323333333333333,0.136715724244771,0.583333333333333,7.5,0.558024691358025,6.00635315960173,1.66666666666667,0,3.25,0,0,"ACC",1,1,111.776183283295,100.789714417073,0.76696280033467,-0.12547338289515,"R32","R32 - L",0.666666666666667,0.659617710262566,-0.00704895640410097,0
"967",2023,231,"Furman","Final - W",0.483996259140338,0.342836140575956,0.738052278405531,35.8943181818182,10.0189393939394,25.8753787878788,17.6151515151515,7.06401515151515,3.29128787878788,11.3257575757576,16.7943181818182,82.3223484848485,71.6068181818182,0.449714298534615,0.34867916842677,0.56354188643117,10.7155303030303,70.4439299242424,1.1694865825899,1.01674875691984,8.5,0.738888888888889,0.514285714285714,3.16136363636364,1.19791292953195,1.56938742796076,2.7,0.60320717025024,0.278030303030303,0.264015151515151,0.167478206730347,0.527777777777778,12.7,0.693718901399712,5.06259503302697,0,0,2.7,0,0,"Other",0,0,110.651620368885,104.256930334485,0.64698845257947,-0.99767779665906,"R32","R32 - L",0.794117647058823,0.772606133223015,-0.0215115138358083,0
"968",2023,232,"Charleston","Final - W",0.441641508183529,0.33397625980641,0.74387786139336,40.4238636363636,13.6840909090909,26.7397727272727,13.8965909090909,7.46363636363636,3.24242424242424,12.1261363636364,17.0151515151515,81.4276515151515,67.5810606060606,0.432753409046638,0.311040497874001,0.521258097543892,13.8465909090909,71.0356363636364,1.1461984231967,0.951265677105518,9,0.722222222222222,0.485714285714286,6.43484848484849,1.17003536360504,1.16652927769152,0.5,0.694947304131922,0.310227272727273,0.337878787878788,0.0587600063688661,0.555555555555556,10.1,0.647460769642726,5.74939298590825,0.959597263858204,0,1.88888888888889,0.2,0,"Other",0,0,109.19313734849,97.6474925257155,0.783236191739885,0.83156618243249,"R64","R64 - L",0.911764705882353,0.827046088267949,-0.0847186176144044,0
"969",2023,235,"Memphis","Final - W",0.481022163140635,0.34369253464403,0.737002222694853,35.8375,10.4410714285714,25.3964285714286,15.6988095238095,9.13571428571429,4.61964285714286,13.6630952380952,18.1130952380952,79.2476190476191,71.5363095238095,0.403174167203309,0.316053661426542,0.531930986386145,7.71130952380952,72.8926845238095,1.0871568836294,0.981317273519602,9.5,0.355555555555556,0.3,0.499404761904762,1.1440225384976,1.15152040023906,6.4,0.513116759281573,0.323809523809524,0.0523809523809524,0.397878652307445,0.738888888888889,5.4,0.655985354398471,4.85981240436167,0.811122617208417,1,3.54545454545455,0.4,0,"Other",0,0,113.330568907565,93.462496234543,0.90159914303668,2.3587849425286,"R64","R64 - L",0.764705882352941,0.7090900107883,-0.0556158715646408,0
"970",2023,239,"Baylor","Quarterfinals - L",0.44991404044001,0.36932072147262,0.74398692095443,34.7358974358974,11.7816239316239,22.9542735042735,14.9621367521368,6.98769230769231,2.55051282051282,12.6776068376068,17.4988888888889,77.7305128205128,69.5694017094017,0.448687638989363,0.326178083465006,0.533012597494447,8.16111111111111,68.4997918803419,1.13472132193505,1.01818528734185,8.5,0.565277777777778,0.59,3.18461538461538,1.10362390701374,1.17949061932113,2.6,0.685094671611187,0.255811965811966,0.260769230769231,0.253030551575858,0.590277777777778,8.9,0.641538461538462,6.47850964220857,2.85,2.85,2.7,0,1,"Big12",1,1,118.9794013051,98.5484338957465,0.89238397071074,2.61854124501975,"R32","R32 - L",0.6875,0.691350711565926,0.00385071156592587,0
"971",2023,245,"Texas A&M","Final - L",0.436933642897283,0.325798258345428,0.758103289465516,36.7397435897436,12.0833333333333,24.6564102564103,12.9730769230769,6.95384615384615,2.55128205128205,12.4564102564103,18.5679487179487,73.5961538461539,66.174358974359,0.401290604329729,0.327521244854024,0.497519306707503,7.42179487179487,66.9078397435897,1.09975797445122,0.98868182300822,8.5,0.414285714285714,0.291666666666667,3.25769230769231,1.14871698344668,1.04006172034931,4.3,0.560933152231155,0.193589743589744,0.165384615384615,0.127140844116382,0.585714285714286,5.9,0.612903225806452,6.20859002609663,2,0,2.8,0,0,"SEC",1,1,112.31211802307,96.0835471671075,0.82329228104477,1.8421165648341,"R64","R64 - L",0.735294117647059,0.704289816463252,-0.0310043011838073,0
"972",2023,248,"Houston","Final - L",0.462555735383096,0.342851389734226,0.720981087470449,39.1041666666667,13.0518939393939,26.0522727272727,14.7420454545455,8.52537878787879,4.70681818181818,9.90833333333333,16.4742424242424,75.4818181818182,55.8765151515152,0.363618169709351,0.276978785864628,0.526500589071565,19.605303030303,64.4826893939394,1.17055958846102,0.86616680153837,8,0.666666666666667,0.4,8.12954545454545,1.47770094770095,1.49081783081783,2.3,0.663865635227364,0.122348484848485,0.448863636363636,0.200671603056422,0.633333333333333,12.1,0.677524429967427,6.82654522355659,2.05555555555556,3.375,2.3,0,0,"Other",0,0,116.70957201804,86.848655995266,0.96393833499121,4.0231518688657,"S16","S16 - L",0.911764705882353,0.919775464005174,0.0080107581228207,0
"973",2023,251,"Texas","Final - W",0.476453594122788,0.344888898100682,0.743884588105694,35.2846153846154,10.125641025641,25.1589743589744,16.8538461538462,8.11025641025641,3.87692307692308,11.5910256410256,17.3628205128205,79.9628205128205,67.0128205128205,0.417886242576888,0.324371819338422,0.537946228645232,12.95,71.2135256410256,1.12199813875013,0.94105940389541,8.5,0.409722222222222,0.325,4.83461538461538,1.41504351939451,1.45904545659323,2.1,0.81240174071086,0.243589743589744,0.280769230769231,0.0623499703418471,0.409722222222222,8.1,0.51508074924468,5.76832099579377,0.962756426319518,0,3.22222222222222,0.2,1,"Big12",1,1,114.20469169114,90.871810937281,0.932225107108115,3.7676944255338,"E8","E8 - L",0.764705882352941,0.775288571230069,0.010582688877128,1
"974",2023,258,"Virginia","Final - L",0.455233418486514,0.353302754363991,0.701262116208735,32.1568181818182,8.19545454545455,23.9613636363636,16.0409090909091,7.09545454545455,4.39242424242424,8.775,14.1007575757576,68.6227272727273,59.569696969697,0.411120741730216,0.340355012783725,0.520019959030228,9.0530303030303,62.2889583333333,1.10159893183534,0.956548741387165,7.5,0.626785714285714,0.57,3.88257575757576,1.45843974865714,1.85593814398162,1.2,0.743709150611725,0.254545454545455,0.143181818181818,0.155208732761261,0.598214285714286,6.4,0.719626168224299,6.2841341610708,2.65,2.8125,3.11111111111111,0,0,"ACC",1,1,110.76719875254,93.344858172262,0.876148519854415,2.05228737581105,"R64","R64 - L",0.78125,0.734367957207317,-0.0468820427926833,0
"975",2023,261,"Vermont","Final - W",0.472086178819699,0.355746253437539,0.693620966000159,31.4714285714286,6.58279220779221,24.8886363636364,13.4678571428571,5.9012987012987,2.86623376623377,9.6301948051948,15.0996753246753,72.4097402597403,66.9357142857143,0.447035445373041,0.35426304464766,0.548150607091159,5.47402597402597,66.2771720779221,1.09402544216975,1.00977151374432,9,0.575,0.635,1.43409090909091,1.28764328485885,1.51516486507504,3.4,0.635557118864658,0.192857142857143,0.348376623376623,0.25938904287315,0.725,5,0.714214257691343,5.88610403145016,0.982414897921964,1,2.72727272727273,0.2,1,"Other",0,0,107.131056401675,100.831722114912,0.662710330791935,-1.91313928452057,"R64","R64 - L",0.696969696969697,0.68823453150917,-0.00873516546052666,0
"976",2023,269,"Marquette","Final - W",0.488114863154775,0.350104524955871,0.719952585261208,31.6867424242424,8.86136363636364,22.8253787878788,17.7924242424242,9.50568181818182,3.20795454545455,10.607196969697,16.1901515151515,80.4515151515152,70.8507575757576,0.449072077645846,0.353298715260979,0.561425718919731,9.60075757575758,70.2832291666667,1.14484889482165,1.00877070928791,7.5,0.598214285714286,0.6,3.94848484848485,1.55428122555522,1.69705354571581,4.7,0.56059892926947,0.314393939393939,0.20719696969697,0,0.598214285714286,9.8,0.652466367713004,6.10255859461357,1.61111111111111,1,2,0,1,"Big East",0,1,118.82350921875,96.013071227988,0.92045654565309,3.91394293364658,"R32","R32 - L",0.823529411764706,0.744611591916118,-0.0789178198485876,0
"977",2023,277,"West Virginia","Quarterfinals - L",0.458684958713673,0.355351933033047,0.737038271285092,34.1161538461538,11.0953846153846,23.0207692307692,13.5615384615385,6.86230769230769,3.08615384615385,12.8746153846154,18.6207692307692,77.4815384615385,70.3507692307692,0.441577247539262,0.333856667233945,0.523843754647126,7.13076923076923,70.1097961538461,1.10447032126327,1.00449786428839,7.5,0.75,0.593333333333333,3.72307692307692,1.17486845484126,1.05650085304723,4.7,0.577870319993192,0.17,0.203846153846154,0.126893966049745,0.527777777777778,4.4,0.692939244663383,7.10578612948127,2,2.35,2.7,0.2,1,"Big12",1,1,115.959930193405,95.8369616002755,0.898006533306045,0.72863141020909,"R64","R64 - L",0.575757575757576,0.649265489213394,0.0735079134558178,0
"978",2023,309,"Louisiana","Final - W",0.484916497775454,0.377847897360092,0.691508735143846,37.012380952381,11.3761904761905,25.6361904761905,14.7761904761905,7.17761904761905,3.25809523809524,12.0461904761905,16.8661904761905,79.0747619047619,70.147619047619,0.439701747711684,0.338579491206997,0.549134719155242,8.92714285714286,69.1809166666667,1.14335271807762,1.01414838283806,7.5,0.421428571428571,0.6,2.66,1.04559945151015,1.23650241182759,3,0.672102324514131,0.218571428571429,0.142857142857143,0.131917178480511,0.598214285714286,9.1,0.599462365591398,6.61338421837956,1,1,3.11111111111111,0,0,"Other",0,0,109.698542771,102.836427179605,0.66047959830759,-0.26614933305382,"R64","R64 - L",0.787878787878788,0.722389217241842,-0.0654895706369454,0
"979",2023,314,"Iona","Final - W",0.461861931593904,0.359798408488064,0.73560958926114,36.0057692307692,11.2769230769231,24.7288461538462,15.7125,7.76442307692308,5.85384615384615,10.7971153846154,16.5711538461538,77.2394230769231,65.4471153846154,0.409904238040094,0.29796229921678,0.523039853804561,11.7923076923077,69.4582355769231,1.11263287314588,0.942582838560231,7,0.470833333333333,0.633333333333333,4.67980769230769,1.39197623342283,1.45688303072248,2.5,0.370179852606238,0.129807692307692,0.359615384615385,0.402062913131281,0.645833333333333,10.7,0.739010989010989,6.99668148817654,3.75,1,2.09090909090909,0.2,1,"Other",0,0,108.80378836189,96.2556697211185,0.79716480727433,-0.826635505126965,"R64","R64 - L",0.794117647058823,0.800230240742566,0.00611259368374228,0
"980",2023,328,"Utah State","Final - L",0.485520417019991,0.3984348125215,0.769746933387952,35.7089285714286,8.43452380952381,27.2744047619048,17.360119047619,5.00178571428571,3.46964285714286,12.0428571428571,16.7095238095238,79.7553571428572,69.6404761904762,0.420956108222222,0.349704975389907,0.569695954678667,10.114880952381,69.1657351190476,1.15257523067683,1.00774453372081,7.5,0.535714285714286,0.8,-0.915476190476191,0.940607223678147,1.44271665187814,1.3,0.511883811376702,0.288690476190476,0.213690476190476,0.11267870579383,0.598214285714286,7.1,0.589513008800521,5.35185813347607,0.893247066956167,0,3.55555555555556,0.2,0,"Other",0,0,115.347833021395,97.822855588186,0.869331202556575,1.47447412311318,"R64","R64 - L",0.764705882352941,0.736574855059496,-0.0281310272934447,0
"981",2023,333,"Alabama","Final - W",0.450012695896817,0.342298624302764,0.725417590539542,45.0217948717949,13.1205128205128,31.901282051282,15.6525641025641,6.16794871794872,5.24615384615385,14.4551282051282,18.8192307692308,83.748717948718,68.8461538461538,0.374155977913101,0.284880144833672,0.533837925826512,14.9025641025641,74.661641025641,1.12236359678768,0.922009401869879,8,0.746031746031746,0.362857142857143,-1.30641025641026,0.870795130902948,1.13611270107227,3.8,0.854618934852282,0.193589743589744,0.403846153846154,0.129556259904913,0.563492063492063,8.4,0.661414340122691,5.46806014113513,1.27769832190433,2,2.45454545454545,0.2,1,"SEC",1,1,114.72318760797,88.4243243100535,0.950179410908085,5.09674337623215,"S16","S16 - L",0.852941176470588,0.827141626023153,-0.0257995504474353,0
"982",2023,338,"Kennesaw St","Final - W",0.459654430316232,0.368597103162873,0.656654471334584,35.0339105339105,9.59321789321789,25.4406926406926,14.3667388167388,8.16002886002886,2.85454545454545,12.5593073593074,18.0196248196248,74.9264069264069,68.5098124098124,0.429352145688072,0.326192963304537,0.532249435070577,6.41659451659452,69.957810966811,1.07111767833712,0.979453653829436,8,0.625,0.74,2.66969696969697,1.17233946725997,1.14749150211675,3.3,0.761629383712408,0.363059163059163,0.205844155844156,0.0742407607238201,0.75,8.6,0.328327209108395,4.44265125649032,0,0,2.88888888888889,0.2,0,"Other",0,0,104.142146826775,100.282304203802,0.604202209954415,-0.713852129195725,"R64","R64 - L",0.764705882352941,0.681003175252946,-0.0837027070999952,0
"983",2023,344,"Mississippi St","Quarterfinals - L",0.425514854706743,0.273882872994697,0.648194036237628,37.6738927738928,12.7876456876457,24.8862470862471,14.6004662004662,9.13240093240093,3.56899766899767,12.4370629370629,14.727972027972,66.6193473193473,59.5389277389277,0.388382104816675,0.305349306378819,0.476093797130121,7.08041958041958,65.3823391608392,1.01962461019148,0.911033374289131,8,0.55,0.175,5.07902097902098,1.20074685534591,1.19326936821041,1.5,0.562939101869768,0.254778554778555,0.19020979020979,0.150508044030483,0.5,4.1,0.746634209824433,5.23644196282995,0.873983634828904,0,2.90909090909091,0.2,1,"SEC",1,1,101.744088788969,89.709174244932,0.808195538568395,0.181299801285855,"First Four","First Four - L",0.636363636363636,0.660531051319583,0.0241674149559467,0
"984",2023,356,"Illinois","Early Round - L",0.452679509057495,0.312259501803402,0.676546380779236,38.2861538461539,11.5358974358974,26.7502564102564,12.6271794871795,7.08871794871795,5.66820512820513,13.1287179487179,16.5323076923077,75.3717948717949,66.2661538461538,0.412461902167542,0.333210661313706,0.520742308448997,9.10564102564103,70.1614538461538,1.07390111200794,0.946023739548498,8.5,0.620833333333333,0.31,2.21282051282051,1.03290939783072,0.96517535638534,2.7,0.48263623683382,0.185128205128205,0.327692307692308,0.225513523358203,0.527777777777778,8.4,0.682605017836649,5.6937321388027,0.950307240247463,1,2.11111111111111,0.4,1,"Big Ten",0,1,108.27130616548,93.839387324298,0.838171857886195,0.442654630316635,"R64","R64 - L",0.625,0.717996680964917,0.0929966809649173,0
"985",2023,357,"Texas A&M-CC","Final - W",0.457349962438307,0.36893661748268,0.785045119993736,36.7319047619048,11.8428571428571,24.8890476190476,15.9119047619048,8.93523809523809,1.73095238095238,13.0452380952381,18.9071428571429,80.4223809523809,72.6095238095238,0.448440497459548,0.331585364957526,0.522189850802191,7.81285714285714,72.1396785714286,1.11615320113498,1.00715718934126,8,0.3125,0.666666666666667,4.93333333333333,1.20864573114512,1.22041803429836,2.9,0.380623241226624,0.182380952380952,0.336666666666667,0.342123727654656,0.6875,8.2,0.642737168006926,3.58351893845611,0.598104004501844,1,2.18181818181818,0.2,0,"Other",0,0,103.311167091266,105.05095917247,0.452070599210975,-3.02476450802965,"R64","R64 - L",0.696969696969697,0.707534364334675,0.010564667364978,0
"986",2023,2142,"Colgate","Final - W",0.513393125322724,0.407854696719352,0.663655272583693,33.8464285714286,8.06785714285714,25.7785714285714,18.5178571428571,6.98571428571429,2.725,10.4178571428571,12.6785714285714,78.9178571428571,69.6821428571428,0.457813302516692,0.357042360530733,0.586753363405039,9.23571428571429,67.9295714285714,1.16121291247042,1.02488795274001,7.5,0.598214285714286,0.875,1.925,1.21160384331116,1.84530672579453,0.6,0.479781927651803,0.267857142857143,0.217857142857143,0.106033934400609,0.464285714285714,5.2,0.518878811269421,5.8348107370626,0.973853836768342,1,3,0,0,"Other",0,0,112.070589728525,106.27156528633,0.64830028529948,-1.82709218157854,"R64","R64 - L",0.764705882352941,0.754481775066707,-0.0102241072862346,0
"987",2023,2181,"Drake","Final - W",0.468415647140616,0.36422401656814,0.778407696260456,36.0255952380952,8.14821428571429,27.877380952381,13.3619047619048,5.57202380952381,2.7625,10.5315476190476,14.9434523809524,75.6988095238095,64.0327380952381,0.406034773704709,0.304001782531194,0.536334010840231,11.6660714285714,68.4237351190476,1.10646485590875,0.935994084279184,7.5,0.414285714285714,0.591666666666667,2.19464285714286,1.18458922678377,1.27149723205859,1.6,0.594991524620097,0.248809523809524,0.269642857142857,0.153349226613054,0.803571428571429,7.4,0.688866014122757,4.91265488573605,0.819942244022347,1,3.2,0,1,"Other",0,0,106.75905890859,96.311354111209,0.74436829618188,-0.34341570314992,"R64","R64 - L",0.794117647058823,0.80422079155672,0.0101031444978965,0
"988",2023,2226,"FAU","Final - W",0.475312662606865,0.373644250702315,0.708228616439626,38.7,10.6333333333333,28.0666666666667,14.9602564102564,6.95384615384615,2.45384615384615,11.6538461538462,15.7141025641026,79.2525641025641,64.5769230769231,0.404643265887685,0.318880377320183,0.556562181061738,14.675641025641,68.9404743589744,1.15001617947235,0.937247272567589,9,0.777777777777778,0.6,3.18205128205128,1.13666666666667,1.29091666666667,1.2,0.847857515948073,0.276923076923077,0.385897435897436,0.240270090569293,0.777777777777778,11.8,0.556791729033328,4.81218435537242,0,0,3,0.4,0,"Other",0,0,111.1902925878,93.8559763621815,0.875402338847015,2.35920058258745,"F4","F4 - L",0.911764705882353,0.840099894702463,-0.0716648111798903,1
"989",2023,2250,"Gonzaga","Final - W",0.530396536827212,0.384627845911628,0.703912378348469,36.7558333333333,10.3566666666667,26.3991666666667,16.8333333333333,7.82583333333333,3.2375,10.5891666666667,16.79,87.9958333333333,72.79,0.443883802061648,0.344126926547676,0.589670641361489,15.2058333333333,71.518775,1.23225296907994,1.01868814666194,7,0.542857142857143,0.8,4.8425,1.38516789694601,1.66470907511941,2.7,0.590100932511962,0.1975,0.319166666666667,0,0.714285714285714,13.4,0.836086404066074,6.66949808985788,2.31818181818182,2.31818181818182,3,0,1,"Other",0,0,121.93961382093,98.2883244080845,0.92029254402493,3.3221834719482,"E8","E8 - L",0.848484848484849,0.827833211320789,-0.0206516371640594,1
"990",2023,2253,"Grand Canyon","Final - W",0.460094055708782,0.381928465799434,0.71605485838709,37.9214285714286,10.7452380952381,27.1761904761905,12.5309523809524,5.01904761904762,3.35714285714286,11.9095238095238,17.652380952381,75.4047619047619,65.4238095238095,0.396578919236634,0.310843183609141,0.541472527056415,9.98095238095238,66.9565238095238,1.12532059376735,0.976408642437442,7.5,0.828571428571429,0.55952380952381,-1.30238095238095,0.943406236666852,1.0654441909214,2.5,0.555703310922439,0.426190476190476,0.173809523809524,0.277990892243233,0.598214285714286,8.4,0.623768594359387,5.79301360838414,0.966877724609148,1,3.2,0.2,0,"Other",0,0,108.23461187024,102.713909406027,0.64753712235529,-1.8806975751326,"R64","R64 - L",0.685714285714286,0.736535055251402,0.0508207695371167,0
"991",2023,2294,"Iowa","Early Round - L",0.45610611218231,0.344212774855177,0.738575611106379,36.8815384615385,12.1979487179487,24.6835897435897,16.8030769230769,6.75487179487179,3.49948717948718,9.84358974358974,14.7297435897436,81.5820512820513,74.3041025641026,0.472164202902269,0.363006029285099,0.523937893648875,7.27794871794872,70.4961538461538,1.15672146842307,1.0553143594961,7.5,0.689285714285714,0.431666666666667,6.20153846153846,1.36390151515152,1.72085497835498,1.2,0.510645356434062,0.236923076923077,0.193846153846154,0.285048132839199,0.464285714285714,8.4,0.592548076923077,6.72503364216684,1,1,2.77777777777778,0,1,"Big Ten",0,1,117.53037584779,102.022473521922,0.832332532936055,0.17376777028855,"R64","R64 - L",0.59375,0.656304569607119,0.0625545696071192,0
"992",2023,2305,"Kansas","Final - L",0.46621880379239,0.348791318310573,0.711661757061168,36.2903846153846,10.0067307692308,26.2836538461538,16.6557692307692,8.92211538461538,4.05576923076923,12.0125,16.2865384615385,76.0913461538462,67.8153846153846,0.413679377601353,0.314032492603921,0.525923958222361,8.27596153846154,70.1793990384615,1.08410562177312,0.966350792343441,6.5,0.652380952380952,0.355,2.26057692307692,1.23198409107917,1.39237982420932,2.6,0.851942344789919,0.311538461538462,0.299038461538462,0.165592700847639,0.69047619047619,8.6,0.468057447890311,5.20948615284142,0,0,2.375,0,0,"Big12",1,1,112.940876552205,91.1199204259665,0.921157310587155,5.0374280134514,"R32","R32 - L",0.794117647058823,0.699165338452477,-0.0949523086063462,0
"993",2023,2306,"Kansas St","Quarterfinals - L",0.453383538216668,0.33647854819519,0.738190367774014,35.8492307692308,10.5938461538462,25.2553846153846,17.0441025641026,7.80717948717949,2.82820512820513,14.005641025641,17.2210256410256,75.1210256410256,66.6066666666667,0.412976209142929,0.296178249011607,0.512568567812527,8.51435897435897,70.9082384615385,1.05947757370319,0.936906454169026,8,0.563492063492063,0.4,1.48358974358974,1.11445910284124,1.22952616616505,3.1,0.715048192351491,0.203589743589744,0.148717948717949,0.189619318865427,0.436507936507937,6.4,0.690738333019137,1.09861228866811,0,0,3.33333333333333,0.2,0,"Big12",1,1,109.304385564295,92.8845116421175,0.860973798661495,2.119040731915,"E8","E8 - L",0.71875,0.683592460718659,-0.035157539281341,1
"994",2023,2309,"Kent State","Final - W",0.454458621835713,0.33809597290554,0.738716841173418,35.55,10.5423076923077,25.0076923076923,12.5294871794872,9.23076923076923,3.99358974358974,11.5538461538462,19.1833333333333,76.8512820512821,64.7064102564103,0.394808738264375,0.308944458226522,0.521102243001688,12.1448717948718,70.1507628205128,1.09640965547803,0.923781402116555,7.5,0.741071428571429,0.426666666666667,4.58974358974359,1.40373870777691,1.08923065593087,3.8,0.637029071453147,0.182051282051282,0.308974358974359,0.18848283867634,0.535714285714286,8.6,0.610226051226065,5.88610403145016,0.982414897921964,1,2.88888888888889,0.2,0,"Other",0,0,105.40098565803,92.859347526598,0.797284874224035,0.408523295262355,"R64","R64 - L",0.823529411764706,0.78939711021457,-0.0341323015501355,0
"995",2023,2390,"Miami","Semifinals - L",0.490254133943514,0.372697907110949,0.779907401071958,34.3421428571429,10.5275,23.8146428571429,15.3939285714286,7.475,3.31071428571429,11.3685714285714,14.2439285714286,80.0935714285714,72.0103571428571,0.45238307106282,0.338803546768042,0.555027583515681,8.08321428571429,68.6794821428571,1.16595972499885,1.04797563070334,6.5,0.688095238095238,0.8,2.31678571428571,1.13739306222899,1.35261387163561,1.6,0.727700338925042,0.319642857142857,0.164642857142857,0.126822093127637,0.845238095238095,8.8,0.597495527728086,7.02019070831193,2.15,2.2,2.875,0,1,"ACC",1,1,116.758803755185,101.176273507365,0.83689953980057,1.82968160038395,"F4","F4 - L",0.78125,0.695744917580501,-0.0855050824194993,1
"996",2023,2427,"UNC Asheville","Final - W",0.480242708681977,0.394646393191945,0.688406376970216,35.1416666666667,8.43371212121212,26.7079545454545,12.8840909090909,6.52689393939394,3.98598484848485,14.3742424242424,15.5700757575758,75.3568181818182,68.6901515151515,0.418784772597106,0.298565734215958,0.551518924069008,6.66666666666667,70.3343712121212,1.07164289625426,0.976045408713997,7.5,0.535714285714286,0.9,-3.24583333333333,0.924573777846802,0.901341650704906,4.8,0.742417479383559,0.295075757575758,0.170833333333333,0.148072805645705,0.598214285714286,7.2,0.448820231127683,4.74493212836325,0,0,3,0,0,"Other",0,0,101.095689102605,102.869339094235,0.4524248619565,-0.931100421179,"R64","R64 - L",0.794117647058823,0.683937998791259,-0.110179648267564,0
"997",2023,2440,"Nevada","Quarterfinals - L",0.449231880533168,0.343388736260279,0.791175640838562,33.6736111111111,7.34305555555556,26.3305555555556,14.4763888888889,5.92083333333333,3.20833333333333,10.1138888888889,17.8791666666667,73.3013888888889,66.6041666666667,0.416308614562117,0.322392097554529,0.515570497053397,6.69722222222222,67.066875,1.09337453043759,0.993265168912211,8,0.465079365079365,0.675,1.08611111111111,1.25717902350814,1.45855696202532,4.5,0.715048192351491,0.208333333333333,0.0930555555555556,0.11933216168717,0.563492063492063,7.1,0.643187066974596,6.76503897678054,1.72727272727273,0,2.33333333333333,0,0,"Other",0,0,108.5529394866,96.5552450772055,0.79349965335273,0.32848487461776,"First Four","First Four - L",0.6875,0.670260277135805,-0.017239722864195,0
"998",2023,2507,"Providence","Quarterfinals - L",0.462083578872826,0.350076014810431,0.744639473443248,38.5896825396825,12.2738095238095,26.315873015873,14.7230158730159,7,4.62460317460317,11.8753968253968,14.947619047619,78.6547619047619,70.9452380952381,0.44069288289253,0.338804630243462,0.517165044192914,7.70952380952381,69.6436865079365,1.12910607147947,1.01941958262864,7,0.4875,0.358333333333333,2.83968253968254,0.993695784233847,1.24490753989618,1.9,0.604715057884224,0.276190476190476,0.267460317460317,0.0994596540765499,0.645833333333333,7.7,0.598470363288719,6.26149168432104,1.33333333333333,1.33333333333333,3,0,0,"Big East",0,1,114.4399749775,100.203886572366,0.82010405527221,0.673190531090515,"R64","R64 - L",0.65625,0.685940890499355,0.0296908904993552,0
"999",2023,2509,"Purdue","Final - W",0.458879369540595,0.324427372557036,0.744163804135516,39.5179487179487,12.6333333333333,26.8846153846154,15.6141025641026,4.91794871794872,3.8474358974359,10.8269230769231,13.65,74.4320512820513,62.2692307692308,0.412322803458137,0.30993380243906,0.523170684447495,12.1628205128205,63.9166025641026,1.16389931285632,0.975113089837735,8.5,0.683333333333333,0.346666666666667,3.94102564102564,0.947065897065897,1.44654882154882,0,0.785463965050059,0.293589743589744,0.198717948717949,0.15235792019347,0.590277777777778,9.5,0.674917491749175,6.4085287910595,1.85714285714286,1.92307692307692,2.55555555555556,0.2,1,"Big Ten",0,1,118.2473675529,92.18932163323,0.945874573793185,4.69528818645215,"R64","R64 - L",0.852941176470588,0.788113555347329,-0.0648276211232597,0
"1000",2023,2540,"Santa Barbara","Final - W",0.4922637635296,0.348994565255881,0.720746698679472,32.7192307692308,8.46538461538461,24.2538461538462,14.5628205128205,6.83461538461538,2.61794871794872,11.6474358974359,16.1371794871795,72.1525641025641,65.0897435897436,0.440672747128817,0.347045454545455,0.544966698390532,7.06282051282051,65.6401025641026,1.09970657147353,0.992603271099597,7.5,0.435714285714286,0.683333333333333,1.38589743589744,1.10894271872328,1.28150795912551,3,0.712257983402933,0.205128205128205,0.105128205128205,0.273625980884549,0.669642857142857,6.5,0.59343705274997,5.49306144334055,0.916814478355212,1,3,0.2,0,"Other",0,0,107.18830993251,102.339199313494,0.630860083672195,-0.756813463159928,"R64","R64 - L",0.794117647058823,0.694091361273539,-0.100026285785285,0
"1001",2023,2546,"SE Missouri","Final - W",0.43723529960153,0.329095989064918,0.706305812585089,34.1815476190476,9.33214285714286,24.8494047619048,13.9744047619048,7.03809523809524,3.10238095238095,13.1380952380952,20.9583333333333,77.3172619047619,75.8726190476191,0.452344053095231,0.349351934948737,0.504413408413611,1.44464285714286,74.9296458333333,1.03138621328674,1.01236655344683,8,0.661904761904762,0.336666666666667,2.24464285714286,1.15727085308919,1.07539469745922,10.8,0.512032164154903,0.28452380952381,0.23452380952381,0.408725082062035,0.634920634920635,4.8,0.486286718370289,4.0943445622221,0,0,2.8,0.4,0,"Other",0,0,98.215202310074,106.164127249085,0.29077215557011,-5.8279022534631,"First Four","First Four - L",0.529411764705882,0.539145441839031,0.0097336771331491,0
"1002",2023,2608,"Saint Mary's","Final - L",0.45992835308796,0.367262471385508,0.6906543274244,35.8215277777778,10.7847222222222,25.0368055555556,12.5659722222222,6.95416666666667,3.51666666666667,10.5013888888889,16.7375,71.8840277777778,59.675,0.410901011085409,0.32105391973461,0.528028252587591,12.2090277777778,64.1504375,1.12032335545277,0.930332355671673,6,0.666666666666667,0.725,5.91527777777778,1.22755382017729,1.21040640682895,4.4,0.477009619296145,0.222916666666667,0.313194444444444,0,0.666666666666667,6.2,0.705882352941177,6.52356230614951,1.25,1.25,2.5,0,0,"Other",0,0,111.630959309655,89.0616772352795,0.93067841176508,1.70204372656203,"R32","R32 - L",0.787878787878788,0.813704200573352,0.0258254126945637,0
"1003",2023,2628,"TCU","Semifinals - L",0.45969493847299,0.305879336349925,0.697975311138094,37.1221153846154,11.9464743589744,25.175641025641,16.7115384615385,8.25,4.93333333333333,12.0733974358974,15.6083333333333,76.0759615384615,66.0320512820513,0.41488140673951,0.298571337049138,0.505416738140756,10.0439102564103,70.5861330128205,1.07780227614556,0.935656053009957,9.5,0.405555555555556,0.2,4.93910256410256,1.32683321312264,1.38754617183573,0.5,0.585609719204966,0.352884615384615,0.262179487179487,0.460089456046159,0.472222222222222,6.8,0.682515337423313,6.48157712927643,1.46153846153846,1,3.2,0,0,"Big12",1,1,108.76683867989,92.750640432126,0.85662711540655,1.12064738778375,"R32","R32 - L",0.636363636363636,0.705776677034493,0.0694130406708569,0
"1004",2023,2633,"Tennessee","Quarterfinals - L",0.43540207909313,0.326554573871847,0.713468614718615,39.1707692307692,13.2330769230769,25.9376923076923,17.2084615384615,8.75615384615385,3.72692307692308,12.2530769230769,16.5923076923077,72.3946153846154,56.9353846153846,0.361031637037369,0.252757672136575,0.505026320177778,15.4592307692308,66.3419,1.09161126846166,0.861206243138699,8.5,0.472222222222222,0.45,6.74153846153846,1.26625675688469,1.45281730141149,1.7,0.536530232491912,0.215384615384615,0.399230769230769,0.397795028528713,0.590277777777778,11.7,0.656222802436902,7.0475172213573,1.67307692307692,1.5,2.6,0.4,1,"SEC",1,1,109.59892528378,84.536467839128,0.95146029813187,1.40506913015409,"S16","S16 - L",0.696969696969697,0.861720336625432,0.164750639655735,0
"1005",2023,2640,"Texas Southern","Final - W",0.424844614779636,0.279625705832314,0.643864976519191,37.7576923076923,11.9205128205128,25.8371794871795,11.8461538461538,6.76282051282051,3.53589743589744,14.3858974358974,18.0807692307692,69.4538461538462,72.3679487179487,0.429331191697598,0.334551224489305,0.464268585341947,-2.91410256410256,72.4262179487179,0.95869182329206,0.9990174841604,9,0.4725,0.375,1.4025641025641,0.967242376065905,0.826078913137737,5.3,0.560293305611849,0.348717948717949,0.192307692307692,0.591555084265174,0.7125,6.6,0.56468797564688,6.48920493132532,1,1,2.81818181818182,0.2,0,"Other",0,0,93.938117975435,103.332828350845,0.250524903990165,-6.7450246497541,"First Four","First Four - L",0.411764705882353,0.434902519912257,0.023137814029904,0
"1006",2023,2670,"VCU","Final - W",0.461803489269086,0.341901308015158,0.699141200622842,33.5208333333333,9.19702380952381,24.3238095238095,13.3047619047619,9.24404761904762,4.625,13.8630952380952,16.3636904761905,71.3309523809524,62.7309523809524,0.411976142049884,0.319845202845546,0.519205985973354,8.6,68.3208779761905,1.04541660804071,0.918818020626327,8.5,0.583333333333333,0.625,1.75059523809524,1.22943428272535,0.985916443001137,3.8,0.590259674263012,0.267857142857143,0.163095238095238,0.220872865275142,0.527777777777778,5.7,0.58922036988375,5.54126354515843,0.924859606793991,1,2.66666666666667,0.2,0,"Other",0,0,103.119108358185,92.9269855410635,0.753796660067245,0.486588512471275,"R64","R64 - L",0.794117647058823,0.749024147121033,-0.0450934999377905,0
"1007",2023,2752,"Xavier","Final - L",0.497308819486879,0.39733200550102,0.708773264712093,37.8647727272727,10.6518939393939,27.2128787878788,20.0818181818182,6.61780303030303,3.35833333333333,12.5852272727273,15.9450757575758,82.2965909090909,74.117803030303,0.443524735071043,0.362034969531317,0.560889978047273,8.17878787878788,72.0659886363636,1.14201612559593,1.02926030514353,7.5,0.598214285714286,0.775,1.02234848484848,0.958597414869562,1.62732104890149,2.2,0.626613432075116,0.425757575757576,0.20719696969697,0.258711393277553,0.598214285714286,6.2,0.730103806228374,6.361302477573,2.27272727272727,2,3.33333333333333,0,0,"Big East",0,1,118.37009123034,98.287225198173,0.89439171520361,2.67978009452135,"S16","S16 - L",0.735294117647059,0.692977581278375,-0.0423165363686843,0
"1008",2024,2,"Auburn","Final - W",0.473448426385887,0.349784967579727,0.751006373282062,38.2833333333333,11.6216666666667,26.6616666666667,18.4566666666667,7.58666666666667,6.14,10.52,19.0783333333333,83.7783333333333,67.4183333333333,0.383506739972661,0.296717487247091,0.539063699041108,16.36,70.7506166666667,1.18414366472682,0.952946769388256,9.5,0.583333333333333,0.666666666666667,3.13333333333333,1.26940148667122,1.76118777056277,2.4,0.395740474734148,0.0583333333333333,0.436666666666667,0.0253982703686846,0.633333333333333,10.8,0.665605095541401,6.44413125670044,2.125,2.375,2.9,0.2,1,"SEC",1,1,120.59639886672,92.3538597280255,0.955539037248095,2.60568629675679,"R64","R64 - L",0.794117647058823,0.851194579839515,0.0570769327806916,0
"1009",2024,5,"UAB","Final - W",0.444798469522785,0.3175802908254,0.747020562263509,38.3102564102564,13.1333333333333,25.1769230769231,13.1064102564103,6.81410256410256,4.55769230769231,11.6371794871795,15.525641025641,77.4141025641026,75.1782051282051,0.446377499666222,0.348999545558864,0.496176182321148,2.23589743589744,69.4067371794872,1.11563336172177,1.08337387640141,8,0.5625,0.275,2.11923076923077,1.01194370878122,1.13594605379315,4.5,0.718211647541728,0.457692307692308,0.126923076923077,0.119547657512116,0.625,7.9,0.639405204460966,6.289715570909,1,1,2.875,0,0,"Other",0,0,112.069976957555,107.73918445877,0.60676962854495,-1.39502770951973,"R64","R64 - L",0.676470588235294,0.572211782505746,-0.104258805729548,0
"1010",2024,12,"Arizona","Semifinals - L",0.492107832263043,0.371410098716372,0.721104490199087,43.0953846153846,13.3461538461538,29.7492307692308,19.0630769230769,8.51923076923077,3.54076923076923,12.1092307692308,16.1976923076923,89.1338461538462,72.2123076923077,0.421719948968795,0.334495853677439,0.55426569797625,16.9215384615385,74.7098115384615,1.19276819580263,0.967350939438067,7.5,0.430357142857143,0.616666666666667,6.36846153846154,1.13807858210855,1.57475411717038,1.9,0.380746104321569,0.146923076923077,0.410769230769231,0,0.669642857142857,11.6,0.785270857798746,4.29045944114839,1.43219054620605,2,2.75,0,1,"Other",0,0,121.176560300645,92.9246660379765,0.954907139902045,2.42636739758365,"S16","S16 - L",0.757575757575758,0.844347145671269,0.0867713880955117,0
"1011",2024,21,"San Diego St","Final - L",0.446107881162191,0.315238484919336,0.73100264337817,38.1551282051282,11.5487179487179,26.6064102564103,13.3666666666667,7.57179487179487,3.94230769230769,11.1897435897436,17.1371794871795,75.6128205128205,66.1282051282051,0.401957799728365,0.30185046153443,0.505851537200021,9.48461538461538,68.5748333333333,1.10239953659913,0.96500575642906,8,0.7125,0.293333333333333,3.34487179487179,1.15134331311407,1.19979286080865,2.4,0.598969464156281,0.248717948717949,0.203846153846154,0.208829697986577,0.625,9.4,0.74705657936503,5.29330482472449,2.09825141413694,2.375,3.22222222222222,0.2,0,"Other",0,0,111.78100145512,94.3493047791295,0.875388494599655,1.08557011592036,"S16","S16 - L",0.705882352941177,0.727011248991928,0.0211288960507515,0
"1012",2024,36,"Colorado St","Semifinals - L",0.499900306848987,0.349635350629211,0.764546777194585,32.8102564102564,7.49487179487179,25.3153846153846,19.3269230769231,6.87051282051282,3.26538461538462,10.1051282051282,16.6564102564103,78.4461538461538,67.8320512820513,0.430329298451961,0.331231405171958,0.569289759161244,10.6141025641026,67.5161346153846,1.16034726388009,1.00511434763617,8.5,0.728571428571429,0.533333333333333,0.258974358974359,1.19811133679235,1.91339061389118,3.1,0.517581370117006,0.232051282051282,0.225641025641026,0.219750741474042,0.757142857142857,9,0.532914669460346,5.78074351579233,0.964829795843928,1,2.5,0,0,"Other",0,0,115.590678422935,98.7366441436845,0.854411510858205,0.5513600648027,"R64","R64 - L",0.705882352941177,0.721490060682557,0.015607707741381,0
"1013",2024,38,"Colorado","Final - L",0.50171541758701,0.399148996611408,0.784504574107752,37.7576923076923,10.0673076923077,27.6903846153846,16.6538461538462,6.33365384615385,2.30096153846154,12.7105769230769,15.0480769230769,81.4086538461538,70.4461538461538,0.430718865166347,0.314613245635143,0.563131540326784,10.9625,69.9168076923077,1.16342600753671,1.00876346182239,7,0.571428571428571,0.95,0.279807692307692,0.900268024658269,1.31933372223186,0.7,0.586781308833757,0.207692307692308,0.358653846153846,0.344614377298063,0.571428571428571,9,0.579505300353357,6.34035930372775,1,1,3.125,0,1,"Other",0,0,117.31883379366,97.5315467108955,0.89115085322772,0.83841394080395,"R32","R32 - L",0.705882352941177,0.716834653467663,0.0109523005264862,0
"1014",2024,41,"UConn","Final - W",0.495551317238064,0.360254157774671,0.744071870976839,38.8586013986014,11.8600699300699,26.9985314685315,18.3897202797203,6.23503496503497,5.44748251748252,9.90237762237762,16.3195104895105,81.8890909090909,63.9844755244755,0.396836759549054,0.320419660522753,0.570809472851887,17.9046153846154,66.0058912587413,1.2406108401034,0.969574743558833,7.5,0.535714285714286,0.45,2.9848951048951,1.09376593033135,1.85947412206174,2.5,0.691528661843068,0.143286713286713,0.473776223776224,0.161712149360896,0.598214285714286,11.7,0.614457831325301,6.03068526026126,3.1,4.5,2.55555555555556,0,1,"Big East",0,1,125.624433452485,94.521332164936,0.960887675674085,5.61859816508565,"Final","Final - W",0.911764705882353,0.882936181167604,-0.0288285247147489,1
"1015",2024,43,"Yale","Final - W",0.473249157290035,0.352982094231119,0.70808481641815,36.8,9.76428571428571,27.0357142857143,15.5514285714286,6.23142857142857,3.45571428571429,9.53285714285714,14.7557142857143,75.6214285714286,66.7671428571429,0.414671211579004,0.33642332285921,0.534377881715695,8.85428571428571,67.1596642857143,1.12646250914741,0.994355004143064,7.5,0.507142857142857,0.658333333333333,3.05428571428571,1.17307329941587,1.65901639344262,2.4,0.478010590084093,0.304285714285714,0.177142857142857,0.133552373542858,0.464285714285714,9.4,0.553412462908012,6.51471269087253,1,1,2.625,0,0,"Other",0,0,109.3562817048,100.364818002597,0.72603427173564,-1.35698102779546,"R32","R32 - L",0.709677419354839,0.738530962456438,0.0288535431015993,0
"1016",2024,47,"Howard","Final - W",0.456518623197757,0.37688220091804,0.748360629490179,35.3729437229437,10.7045454545455,24.6683982683983,14.0701298701299,6.15735930735931,2.7982683982684,15.7225108225108,19.2495670995671,75.7963203463203,75.0155844155844,0.445950531903134,0.336753539253539,0.534957847159511,0.780735930735931,70.7761980519481,1.07138393953413,1.05966782014451,9,0.4,0.9,-3.36168831168831,0.794376481744903,0.894383831199621,7.6,0.437351376469291,0.302813852813853,0.107142857142857,0.491250992304318,0.725,6.9,0.468542725871637,4.63472898822964,0.77355527213572,1,3.3,0.2,0,"Other",0,0,104.861658359095,112.69216377925,0.305784828674525,-6.0900524791396,"First Four","First Four - L",0.529411764705882,0.521976581860092,-0.00743518284579026,0
"1017",2024,56,"Stetson","Final - W",0.46747644624495,0.370701191357151,0.781070545262175,34.825,9.66785714285714,25.1571428571429,13.8321428571429,5.36071428571429,2.99642857142857,10.4321428571429,14.85,77.6607142857143,72.3964285714286,0.43475351127525,0.330001658517355,0.544774039236841,5.26428571428571,67.58375,1.14921538124785,1.07142765862289,8,0.475,0.666666666666667,-2.21428571428571,0.926556982978877,1.31895332685595,3.2,0.8322654522935,0.196428571428571,0.264285714285714,0.190772916672079,0.625,11.4,0.520987654320988,6.00635315960173,0,0,2.9,0.2,0,"Other",0,0,108.981053144475,114.201487671435,0.369117902610975,-3.49240141320735,"R64","R64 - L",0.647058823529412,0.63151645908079,-0.0155423644486214,0
"1018",2024,57,"Florida","Final - L",0.462817107696169,0.33871287539406,0.700029258530405,43.4384615384615,15.0794871794872,28.3589743589744,15.3179487179487,6.86153846153846,5.33589743589744,12.1230769230769,18.0487179487179,85.8102564102564,76.8384615384615,0.428453093044455,0.323264143264143,0.52309360252668,8.97179487179487,73.8877179487179,1.1614052030092,1.04049889863636,8.5,0.391666666666667,0.616666666666667,2.81538461538462,0.92825487012987,1.26681818181818,5.8,0.560990111895627,0.346153846153846,0.264102564102564,0.206823653512038,0.527777777777778,6,0.5888714313701,4.84418708645859,0.808514687581158,0,2.44444444444444,0.2,0,"SEC",1,1,118.623479449885,98.94209150846,0.889384472028155,1.38575237276909,"R64","R64 - L",0.685714285714286,0.666834024519453,-0.0188802611948323,0
"1019",2024,66,"Iowa State","Final - W",0.469210424065519,0.354074442918913,0.697545328146194,34.8794871794872,10.9961538461538,23.8833333333333,16.4884615384615,10.7166666666667,3.08717948717949,10.6230769230769,16.1538461538462,77.748717948718,60.5051282051282,0.395919577312286,0.317189202873611,0.528035717393394,17.2435897435897,68.8226538461538,1.12665241804454,0.881315294480442,7.5,0.578571428571429,0.3,9.03974358974359,1.67803997421019,1.55034171502257,2.4,0.677125088195596,0.226923076923077,0.357692307692308,0.0463433534221201,0.464285714285714,11.2,0.610557259542189,5.44241771052179,1.36254274753627,2,2.88888888888889,0.2,1,"Big12",1,1,113.46504139319,88.0709050752745,0.94798320405791,3.13713209489298,"S16","S16 - L",0.794117647058823,0.85807068291347,0.0639530358546462,0
"1020",2024,68,"Boise St","Quarterfinals - L",0.455378249915405,0.347734049237448,0.730188502802605,37.0184615384615,11.1810256410256,25.8374358974359,12.6184615384615,5.89230769230769,2.44769230769231,11.1461538461538,16.5076923076923,76.0697435897436,67.0876923076923,0.434341826510163,0.313060447718026,0.526731883878378,8.98205128205128,67.2910666666667,1.13097445622406,0.997683308780682,7.5,0.430357142857143,0.733333333333333,4.18615384615385,1.0501411136537,1.13616704805492,2.1,0.708290614278818,0.298974358974359,0.332307692307692,0.102365868889518,0.535714285714286,6.3,0.633569739952719,6.04973345523196,1,1,2.88888888888889,0,0,"Other",0,0,112.7707503441,96.9615999138575,0.85035745761856,0.32815775026712,"First Four","First Four - L",0.6875,0.730032112029762,0.0425321120297618,0
"1021",2024,77,"Northwestern","Quarterfinals - L",0.464373897522898,0.393258776846563,0.738852562855675,31.4113636363636,8.57727272727273,22.8340909090909,16.3575757575758,7.16969696969697,3.32121212121212,8.43030303030303,17.355303030303,74.5280303030303,67.5901515151515,0.441933392665934,0.358597655767692,0.537667347737159,6.93787878787879,65.2799507575758,1.14231566755281,1.03545476731202,7.5,0.535714285714286,0.65,4.00454545454545,1.57135575404166,2.08601730000176,3.1,0.745419709867812,0.339393939393939,0.168181818181818,0.244690165671706,0.598214285714286,3,0.494321559151075,5.76205138278018,0.961710002199956,1,3.11111111111111,0.2,0,"Big Ten",0,1,114.44266457357,99.139537906533,0.82808643966102,0.55455659931007,"R32","R32 - L",0.65625,0.637666276543093,-0.0185837234569071,0
"1022",2024,96,"Kentucky","Quarterfinals - L",0.501393368643123,0.413122423017584,0.764357642357642,37.6566666666667,9.93833333333333,27.7183333333333,18.2083333333333,7.93,6.235,10.3983333333333,16.935,90.4116666666667,78.8183333333333,0.428337786361113,0.321497354218359,0.580150245293074,11.5933333333333,74.5007666666667,1.21291405363142,1.05767444966345,9,0.655,0.653333333333333,0.315,1.22237014236245,1.77896883416699,3.2,0.43167755870374,0.243333333333333,0.3,0.342478961313952,0.675,8.1,0.766820276497696,6.99025650049388,3.54545454545455,4.18181818181818,1.8,0.4,0,"SEC",1,1,121.539361476615,101.392059293852,0.88885055040592,1.39437879277385,"R64","R64 - L",0.71875,0.729615954895882,0.010865954895882,0
"1023",2024,98,"Western KY","Final - W",0.469129188813353,0.340206739064244,0.715533788672985,40.0340909090909,10.650487012987,29.3836038961039,13.3808441558442,7.45,3.16055194805195,13.6728896103896,18.4362012987013,80.9353896103896,74.1032467532468,0.411832345627695,0.309638660659069,0.526767509243897,6.83214285714286,75.5591477272727,1.07134396276739,0.980900718454457,9,0.477777777777778,0.53,0.562662337662338,1.05333800186741,0.979178338001867,4.3,0.668389512199802,0.326948051948052,0.181006493506494,0.249207624283559,0.666666666666667,10,0.659189182644892,4.26267987704132,0.711458749947685,0,2.72727272727273,0.4,0,"Other",0,0,103.383338495298,100.517887355503,0.579004069625305,-3.32067866883955,"R64","R64 - L",0.666666666666667,0.673729303713635,0.00706263704696797,0
"1024",2024,127,"Michigan St","Quarterfinals - L",0.465508675923037,0.358454033067036,0.70139722946121,35.4508158508159,10.3927738927739,25.058041958042,16.9265734265734,7.21841491841492,4.11002331002331,9.9039627039627,16.472027972028,74.1426573426573,65.1389277389277,0.402775567743437,0.318470659775008,0.522876068342729,9.0037296037296,66.8223601398601,1.10928685473332,0.975522124917165,8,0.407936507936508,0.875,2.87296037296037,1.28176179886336,1.72197553743514,1.8,0.365293777136614,0.196037296037296,0.264102564102564,0.11115569823435,0.563492063492063,8.8,0.710444674250258,6.87523208727658,3.52,3.52,2.54545454545455,0.2,1,"Big Ten",0,1,113.89608905317,92.893563153743,0.90728590638835,-0.09522846224295,"R32","R32 - L",0.575757575757576,0.708702166407865,0.132944590650289,0
"1025",2024,147,"Montana St","Final - W",0.463928310269627,0.361671163878395,0.733085795927824,30.2358041958042,6.66916083916084,23.5666433566434,13.2217482517483,8.20293706293706,2.31748251748252,11.6232867132867,18.7505594405594,74.6451048951049,73.3945454545455,0.463205454600972,0.324537085926978,0.542734865327121,1.25055944055944,70.170727972028,1.06384372178862,1.04594095538541,7.5,0.588888888888889,0.885,-0.634335664335664,1.17966133123183,1.13933608383056,6.2,0.51330594137637,0.343216783216783,0.202027972027972,0.0930936995153473,0.472222222222222,4.5,0.629010411870934,0,0,0,2.8,0.2,0,"Other",0,0,101.860929459714,106.03125584724,0.38667479506284,-5.89319767073285,"First Four","First Four - L",0.5,0.530483165264368,0.0304831652643678,0
"1026",2024,150,"Duke","Quarterfinals - L",0.483524940236491,0.37396517515052,0.724133973725289,36.355,10.27,26.085,15.7583333333333,6.64,3.79,9.46833333333333,15.685,80.5866666666667,67.2333333333333,0.430736107534105,0.325888337829856,0.553687427128336,13.3533333333333,67.9594083333333,1.18558111608563,0.989925491361571,6.5,0.740476190476191,0.65,3.77833333333333,1.27970107581202,1.68472135083531,1.7,0.269982653306505,0.285,0.38,0.311829217874662,0.69047619047619,6.8,0.701928054558075,3.61091791264422,0.60267700563916,1,2.33333333333333,0,1,"ACC",1,1,120.01373968869,97.1459773331895,0.915684369606175,1.75916032902979,"E8","E8 - L",0.75,0.810349859177329,0.0603498591773292,1
"1027",2024,152,"NC State","Final - W",0.451507049913636,0.340906710279447,0.719399049884629,35.2392857142857,10.6085714285714,24.6307142857143,13.222619047619,7.60166666666667,3.30071428571429,9.46214285714286,16.5388095238095,77.1152380952381,71.9747619047619,0.438358303662842,0.342629032258065,0.513115529559874,5.14047619047619,69.3950321428571,1.11090026676562,1.03785149783872,7.5,0.401785714285714,0.733333333333333,3.83642857142857,1.39622624449267,1.40099460774643,3.5,0.500671787520126,0.117142857142857,0.166666666666667,0.0661953647092279,0.598214285714286,5.8,0.633325180478811,5.68017260901707,0.948044099127454,1,3.25,0,1,"ACC",1,1,112.568833654935,100.366656588374,0.787201473420315,-0.21212635128366,"F4","F4 - L",0.611111111111111,0.604247253719308,-0.00686385739180317,1
"1028",2024,153,"North Carolina","Final - L",0.458249899404754,0.358282186489301,0.755388193885045,40.3878205128205,11.6371794871795,28.750641025641,14.5102564102564,6.03461538461538,4.26474358974359,10.0064102564103,16.4435897435897,83.7634615384615,71.2916666666667,0.41062886749919,0.321203992523724,0.521581817977241,12.4717948717949,72.0377980769231,1.16169926243972,0.98952099078099,6.5,0.464285714285714,0.5,3.90192307692308,1.14248223278187,1.4679847673768,3.5,0.384909540288481,0.196153846153846,0.282051282051282,0.123263591987181,0.619047619047619,10,0.665921645614908,4.29045944114839,4.65461927516967,6.5,3.22222222222222,0,1,"ACC",1,1,118.34714049473,94.2437980733925,0.931215599249375,3.4941368884239,"S16","S16 - L",0.794117647058823,0.781796040983019,-0.0123216060758047,0
"1029",2024,156,"Creighton","Quarterfinals - L",0.49160719129764,0.36710962914769,0.777703257884868,38.1610256410256,8.47692307692308,29.6841025641026,17.0266666666667,3.84564102564103,3.98974358974359,10.6205128205128,11.174358974359,81.2446153846154,69.2651282051282,0.419895973465404,0.315608854076854,0.581941639688286,11.9794871794872,68.7733974358974,1.18222789176603,1.00731399376642,6.5,0.761904761904762,0.741666666666667,-4.10871794871795,0.731309919316564,1.61051574118019,0,0.461802192115736,0.262051282051282,0.409230769230769,0.0497260851243152,0.619047619047619,10.3,0.615068493150685,6.59441345974978,1.36363636363636,1.5,3.42857142857143,0.2,1,"Big East",0,1,119.991612287955,96.172345501103,0.92690242731659,2.19735661036697,"S16","S16 - L",0.71875,0.77554899902196,0.0567989990219598,0
"1030",2024,158,"Nebraska","Semifinals - L",0.450288405688423,0.356011778918756,0.753549153549154,38.8055944055944,10.2727272727273,28.5328671328671,15.5391608391608,6.41724941724942,2.64032634032634,11.1305361305361,15.2776223776224,77.5986013986014,67.9641025641026,0.388532931162015,0.307955245157662,0.53215994169683,9.63449883449883,69.1584230769231,1.12257700140351,0.981240396335728,8.5,0.708333333333333,0.516666666666667,-1.06410256410256,1.05221461187215,1.39572146118721,1.7,0.541899290466454,0.0363636363636364,0.3004662004662,0.341210947671937,0.645833333333333,8.7,0.532384386677018,5.68697535633982,1.42376925832388,0,3.22222222222222,0.2,1,"Big Ten",0,1,115.44565243814,97.1412795764085,0.876646801417985,0.975107746333135,"R64","R64 - L",0.696969696969697,0.705280622138505,0.00831092516880783,0
"1031",2024,167,"New Mexico","Final - W",0.456125242556949,0.3350068816621,0.709649246093485,40.1474358974359,12.9384615384615,27.2089743589744,14.8064102564103,9.0724358974359,5.28461538461538,9.77884615384615,18.1538461538462,82.2724358974359,69.424358974359,0.415956666277092,0.292216141741321,0.509033322540942,12.8480769230769,72.6190737179487,1.13290524749519,0.957358067446831,8.5,0.490277777777778,0.45,8.03269230769231,1.51701912260967,1.52946006749156,1.6,0.657108395262255,0.214102564102564,0.305769230769231,0.340055837496051,0.590277777777778,8.8,0.537419802727248,5.89440283426485,0.983800002139714,0,3.1,0,0,"Other",0,0,113.56342631929,94.82776723624,0.888099634663535,0.7420766972961,"R64","R64 - L",0.735294117647059,0.776226944210299,0.0409328265632403,0
"1032",2024,228,"Clemson","Early Round - L",0.472855448629959,0.359232649114009,0.779545993490511,37.04,9.41666666666667,27.6233333333333,15.1116666666667,4.535,4.22833333333333,10.2116666666667,15.8516666666667,78.485,70.6633333333333,0.413119244156233,0.333365781035273,0.544955562940492,7.82166666666667,67.9670083333333,1.15426895693048,1.04018054855226,8,0.549206349206349,0.62,-0.903333333333333,0.911977477999074,1.47164003396634,2.7,0.472450181504104,0.316666666666667,0.206666666666667,0.0900784173063281,0.365079365079365,6.1,0.608955223880597,6.50876913697168,1.33333333333333,1.66666666666667,3.22222222222222,0.2,0,"ACC",1,1,117.387966230695,98.3888519277785,0.878782468904125,0.52014678353175,"E8","E8 - L",0.65625,0.669331863383032,0.0130818633830324,1
"1033",2024,232,"Charleston","Final - W",0.434290240861344,0.335414692610259,0.721024509272535,40.1435897435897,13.2474358974359,26.8961538461538,14.9615384615385,6.18461538461538,3.20897435897436,10.1769230769231,15.8141025641026,80.0858974358974,72.9025641025641,0.438651871276871,0.334544440605903,0.512937801771643,7.18333333333333,70.3647884615385,1.13960859579919,1.03629538065953,8,0.6,0.64,5.28589743589744,1.15888129319787,1.49377648525135,0.9,0.688740006858379,0.176923076923077,0.155128205128205,0.108664076666411,0.5,7.8,0.67142573733686,5.85507192220243,0.977235511646082,1,2.3,0.2,0,"Other",0,0,111.78364657912,105.154927976095,0.66373780921107,-0.866055803036879,"R64","R64 - L",0.794117647058823,0.709619446054291,-0.0844982010045328,0
"1034",2024,239,"Baylor","Semifinals - L",0.495382569153218,0.40872324723897,0.736326894571058,35.4209090909091,11.5004545454545,23.9204545454545,15.3669696969697,6.84742424242424,3.49060606060606,12.2074242424242,16.4095454545455,82.9592424242424,71.0018181818182,0.450790911318645,0.329765158796908,0.572990202027936,11.9574242424242,68.8185272727273,1.20387476158746,1.0324231275364,7.5,0.669642857142857,0.78,2.29212121212121,1.00302496768032,1.25660281783815,1.2,0.671581841084346,0.204393939393939,0.25,0.09219641688627,0.535714285714286,9.8,0.64327485380117,6.52941883826223,2.68181818181818,2.68181818181818,2.75,0.2,1,"Big12",1,1,122.70246664581,100.338287676103,0.90908491033979,2.23581496754355,"R32","R32 - L",0.696969696969697,0.74253079739273,0.0455611004230326,0
"1035",2024,245,"Texas A&M","Semifinals - L",0.40214525341896,0.281916772954509,0.705091902488257,42.6217948717949,17.4128205128205,25.2089743589744,11.5576923076923,7.18076923076923,2.90641025641026,9.62307692307692,16.4230769230769,74.7435897435898,69.674358974359,0.420911469056558,0.339728276644875,0.456829384708286,5.06923076923077,66.3862756410256,1.12663033252242,1.04893322426968,7.5,0.464285714285714,0.125,9.28717948717949,1.21453053593685,1.19951573535521,3.8,0.488976165921195,0.276923076923077,0.203846153846154,0.253978963724438,0.598214285714286,7.3,0.619585687382298,6.27664348934164,1.88888888888889,1,3.55555555555556,0.6,1,"SEC",1,1,116.026806884995,100.622159688951,0.83734151731573,-0.029099377606205,"R32","R32 - L",0.588235294117647,0.615173663078836,0.0269383689611892,0
"1036",2024,248,"Houston","Final - L",0.43759562803265,0.351590001388659,0.689344462852045,38.5435897435897,14.1217948717949,24.4217948717949,13.2282051282051,10.5820512820513,4.85897435897436,8.92564102564103,17.8730769230769,74.1282051282051,54.5589743589744,0.365135624333603,0.289940640477272,0.500790954585972,19.5692307692308,64.3370961538461,1.15203410733658,0.848480608876264,9,0.425,0.733333333333333,11.5051282051282,1.86112471890387,1.48405213131474,3,0.712668630498449,0.121794871794872,0.507692307692308,0.180533840803927,0.6625,14.6,0.68580375782881,6.86589107488344,2.10526315789474,3.3,3.1,0,0,"Big12",1,1,117.63449190242,83.677711782674,0.979365134982235,4.97658423332055,"S16","S16 - L",0.882352941176471,0.894316716364155,0.0119637751876847,0
"1037",2024,251,"Texas","Early Round - L",0.477659700504084,0.364319164559028,0.753732126461345,35.3116666666667,10.215,25.0966666666667,16.1483333333333,7.18666666666667,4.76333333333333,11.4,17.0533333333333,77.1633333333333,68.44,0.423480287342808,0.339022209674384,0.543593049561691,8.72333333333333,68.2226916666667,1.13109653750342,1.00418082917128,8,0.5,0.75,1.00166666666667,1.13255555555556,1.43019444444444,3.9,0.603220970328489,0.191666666666667,0.3,0.111121348271022,0.5,10.1,0.532290682910014,5.85793315448346,1.95542612609167,3,3.66666666666667,0,1,"Big12",1,1,117.182354095235,97.6936571451255,0.890116825425515,0.33020372637815,"R32","R32 - L",0.625,0.686223949512394,0.061223949512394,0
"1038",2024,252,"BYU","Quarterfinals - L",0.469531873720018,0.354964244676104,0.735131717804039,40.3620046620047,12.2433566433566,28.118648018648,19.4965034965035,6.18694638694639,3.01002331002331,10.6421911421911,17.272027972028,83.7104895104895,68.1843822843823,0.422340645246914,0.304141911177691,0.561497743422066,15.5261072261072,69.8470652680653,1.19741467449675,0.977594786091588,9,0.7375,0.476190476190476,4.37948717948718,1.11790793937319,1.86717967072298,2.1,0.512313759271608,0.108158508158508,0.346153846153846,0.247048958447661,0.6125,10.9,0.628398953143556,5.5683445037611,0.929379529826122,1,3.3,0.2,0,"Big12",1,1,120.11059027388,96.952674551839,0.91528803457072,1.15285028011005,"R64","R64 - L",0.696969696969697,0.795108371255754,0.0981386742860568,0
"1039",2024,256,"James Madison","Final - W",0.484232201511074,0.363985036906447,0.710152907754011,38.7,11.4717948717949,27.2282051282051,16.8025641025641,9.41794871794872,3.10128205128205,10.6269230769231,17.024358974359,85.9012820512821,69.0666666666667,0.413169379824045,0.287672167615922,0.553862347441057,16.8346153846154,72.6579487179487,1.18153242015268,0.950684162590034,8,0.6875,0.696666666666667,5.79358974358974,1.43291200513097,1.598419565441,3.7,0.689421941932949,0.182051282051282,0.287179487179487,0,0.5,12.2,0.585767051347938,5.73979291217923,0,0,3.33333333333333,0.2,0,"Other",0,0,112.67450120661,101.043148830709,0.77699613533486,0.687072131736735,"R32","R32 - L",0.911764705882353,0.846290793115813,-0.0654739127665404,0
"1040",2024,258,"Virginia","Semifinals - L",0.438959200242468,0.361365029871083,0.627791009142069,32.9107226107226,8.73916083916084,24.1715617715618,15.4592074592075,7.52424242424242,5.36806526806527,8.16037296037296,13.2407925407925,63.8785547785548,57.9132867132867,0.391811755335078,0.302484794644428,0.497630806979863,5.96526806526806,61.0379289044289,1.04656061210461,0.948076133663566,9,0.45,0.575,3.44568764568765,1.54648340136546,1.92175101446134,1.3,0.884687903669584,0.203263403263403,0.449184149184149,0.173766660696086,0.7125,6.5,0.721830985915493,6.34388043412633,2.5,2.61111111111111,2.63636363636364,0.2,0,"ACC",1,1,104.593788880665,91.1945207715095,0.82871597195669,0.777218393428835,"First Four","First Four - L",0.696969696969697,0.636188262119167,-0.0607814348505301,0
"1041",2024,261,"Vermont","Final - W",0.460055158701753,0.34752437436756,0.708578615963948,34.5770562770563,7.61305916305916,26.9639971139971,13.708658008658,5.6995670995671,3.78989898989899,9.2002886002886,13.8260461760462,72.4250360750361,63.052380952381,0.405831402225835,0.314352783366868,0.539666893865703,9.37265512265512,65.5355295815296,1.10551041734328,0.962386081927672,9,0.555555555555556,0.5,0.00707070707070712,1.09018418569245,1.50102648012666,0.2,0.749329794569013,0.277849927849928,0.21962481962482,0.495441179015923,0.666666666666667,8.1,0.712257668783385,5.97635090929793,0.997477471878333,1,3.5,0.2,0,"Other",0,0,105.85597295275,100.590583530366,0.64267781864727,-0.676228655251605,"R64","R64 - L",0.823529411764706,0.766909691116916,-0.0566197206477896,0
"1042",2024,265,"Washington St","Semifinals - L",0.467588181769523,0.338964570160222,0.694148829984569,38.0615384615385,11.3953846153846,26.6661538461538,12.5784615384615,5.38,5.01076923076923,10.7461538461538,16.9623076923077,74.6084615384615,66.4461538461538,0.41547479568467,0.317788973131152,0.524717907162006,8.16230769230769,66.8352269230769,1.11656541721427,0.994381269534775,7.5,0.527777777777778,0.366666666666667,2.63230769230769,0.998146705307819,1.17068757949106,2.5,0.772449482824343,0.168461538461538,0.222307692307692,0.0721957040572792,0.388888888888889,8.8,0.560096153846154,6.0330862217988,0,0,2.4,0.2,0,"Other",0,0,111.660989894255,96.730330333897,0.835046695119455,0.91605203216303,"R32","R32 - L",0.727272727272727,0.712041753668325,-0.0152309736044025,0
"1043",2024,269,"Marquette","Final - L",0.478985299239377,0.354872046418809,0.707764537808665,33.2089285714286,9.1077380952381,24.1011904761905,16.2630952380952,8.92202380952381,3.21369047619048,10.0339285714286,15.1494047619048,78.9375,68.7160714285714,0.421071352141267,0.337097781943143,0.552493270858976,10.2214285714286,69.4373303571429,1.13682694765759,0.990104604060297,7.5,0.723214285714286,0.585714285714286,3.59940476190476,1.51914847521488,1.63139055692924,0.7,0.672948805063093,0.192857142857143,0.324404761904762,0.221611110360266,0.598214285714286,11.4,0.663900414937759,6.18001665365257,1.55,1,2.5,0,1,"Big East",0,1,117.80284094325,93.6431686805215,0.933226822931405,3.2758267382612,"S16","S16 - L",0.735294117647059,0.730904166509333,-0.00438995113772556,0
"1044",2024,275,"Wisconsin","Final - L",0.465909907496288,0.345229697956231,0.761547658132522,34.0246153846154,10.2746153846154,23.75,12.3175641025641,6.24576923076923,1.54217948717949,9.76358974358974,16.0147435897436,75.2064102564103,68.4829487179487,0.454427761704231,0.364646372925961,0.529159832540336,6.72346153846154,65.6017858974359,1.14672927143015,1.04355524006505,6,0.5,0.333333333333333,4.63935897435897,1.18720772605185,1.26346922966817,2.5,0.647718916952114,0.122307692307692,0.239102564102564,0.0885603508794528,0.666666666666667,5.3,0.637464680765139,5.55295958492162,1.66826110281893,1.8,2.88888888888889,0,0,"Big Ten",0,1,119.23814858354,98.65543043569,0.89808931230089,1.45022265350635,"R64","R64 - L",0.628571428571429,0.647236033276409,0.0186646047049809,0
"1045",2024,299,"Long Beach St","Final - W",0.448977478529696,0.30605551912894,0.705820709255662,38.4547619047619,12.4071428571429,26.047619047619,15.3309523809524,8.26428571428571,4.23095238095238,12.9238095238095,17.4571428571429,78.1333333333333,75.7571428571429,0.434019923657414,0.341696289595734,0.494370473489973,2.37619047619048,73.535130952381,1.06329727521748,1.03141152301348,7.5,0.358928571428571,0.216666666666667,3.08333333333333,1.10284385707632,1.20505869105893,6.5,0.579133643135332,0.259523809523809,0.0880952380952381,0.418072216516132,0.598214285714286,6.7,0.526708074534161,6.69208374250663,1.66666666666667,1,3.25,0.2,0,"Other",0,0,104.641429207365,107.363851388155,0.42678141556406,-4.1343912240956,"R64","R64 - L",0.6,0.556601949295152,-0.0433980507048483,0
"1046",2024,328,"Utah State","Semifinals - L",0.496220551954803,0.326025156175589,0.715804126064404,36.6995337995338,9.75850815850816,26.9410256410256,16.7482517482517,7.07272727272727,4.13566433566434,11.2834498834499,16.8212121212121,79.8386946386946,68.5734265734266,0.431163450593728,0.28164974223171,0.551905670492088,11.2652680652681,69.8509755244755,1.14295744217184,0.982295040123002,7.5,0.655357142857143,0.45,2.39440559440559,1.10003583710735,1.48256880837661,1.6,0.909057912807725,0.29020979020979,0.346853146853147,0.204228182124385,0.669642857142857,10.2,0.648524759554844,4.8283137373023,0.805865360520723,0,3,0.2,0,"Other",0,0,113.033500892605,99.394646062666,0.81427181277259,1.54547825158125,"R32","R32 - L",0.818181818181818,0.748776069475699,-0.069405748706119,0
"1047",2024,333,"Alabama","Quarterfinals - L",0.479235415551648,0.370257632500805,0.786912406850669,40.1553846153846,12.8610256410256,27.294358974359,16.4292307692308,7.43282051282051,4.26717948717949,11.8138461538462,19.64,91.2697435897436,79.2697435897436,0.43409378596874,0.314908569811883,0.569872956633693,12,74.1220153846154,1.23204052807,1.06867882169269,8,0.746031746031746,0.657142857142857,1.38769230769231,1.01102607709751,1.3969175170068,8.1,0.582163834902883,0.158461538461538,0.442564102564103,0.188781071169408,0.507936507936508,10.9,0.68487902837213,5.61312810638807,1.56142349455484,2.33333333333333,2.7,0.2,1,"SEC",1,1,126.10024504976,100.779455929848,0.92093289734173,1.6532538818047,"F4","F4 - L",0.65625,0.72528627732141,0.0690362773214102,1
"1048",2024,344,"Mississippi St","Semifinals - L",0.454903421437286,0.326606251729409,0.682684338135483,39.0423076923077,12.4230769230769,26.6192307692308,14.4461538461538,8.09615384615385,3.30641025641026,12.9397435897436,16.4948717948718,75.4653846153846,67.7461538461538,0.410031223072284,0.285186111378282,0.519894396652821,7.71923076923077,68.7167884615385,1.09809724194439,0.986367664144403,9,0.5125,0.55,2.46794871794872,0.974564321330003,1.11707696689726,2.3,0.483211752720326,0.226923076923077,0.203846153846154,0.195722857399882,0.55,4.9,0.730969845068059,5.40267738187228,0.901729007890082,1,3.1,0.2,0,"SEC",1,1,111.8715397264,94.1178495802,0.87924000909371,0.29463757831548,"R64","R64 - L",0.617647058823529,0.664347850435313,0.0467007916117838,0
"1049",2024,356,"Illinois","Final - W",0.47231679261981,0.345394904925448,0.728623352607178,42.3616666666667,13.06,29.3016666666667,13.1166666666667,4.37833333333333,3.90166666666667,11.1683333333333,14.885,83.975,71.4133333333333,0.418063877469123,0.335325177060435,0.541199322844946,12.5616666666667,70.8075416666667,1.1861950020853,1.00929715131305,7.5,0.7125,0.5,0.878333333333333,0.823019233417383,1.19324695402425,0.5,0.676223759203778,0.143333333333333,0.34,0.211709785363421,0.401785714285714,8.9,0.676244659909922,5.79909265446053,0.967892342325498,1,3.5,0,0,"Big Ten",0,1,121.801834511685,98.8573346335195,0.91643709848702,2.77815420244849,"E8","E8 - L",0.764705882352941,0.760619474487769,-0.00408640786517211,1
"1050",2024,2006,"Akron","Final - W",0.460903510134571,0.336767285147235,0.727628152169637,36.6102564102564,10.4782051282051,26.1320512820513,14.0737179487179,5.73269230769231,2.94807692307692,11.7166666666667,16.0378205128205,74.998717948718,65.6416666666667,0.428968090896136,0.306792445450545,0.532066836419201,9.35705128205128,67.1083429487179,1.11764843620032,0.978151008899994,8.5,0.577777777777778,0.441666666666667,1.53910256410256,1.01335531557051,1.21573979817651,3.2,0.427548936161251,0.303205128205128,0.189102564102564,0.154042596816418,0.763888888888889,8.5,0.595573440643863,6.21060007702465,1.5,1,3.44444444444444,0,0,"Other",0,0,105.72430764206,101.787119817265,0.6074026747391,-2.3214299650016,"R64","R64 - L",0.705882352941177,0.732340526658203,0.0264581737170266,0
"1051",2024,2142,"Colgate","Final - W",0.465515593004281,0.359447270093658,0.667670345480473,36.0636752136752,8.46837606837607,27.5952991452991,15.0803418803419,6.40534188034188,3.29230769230769,10.8143162393162,13.5008547008547,71.0626068376068,63.9705128205128,0.410825729647613,0.301590284179328,0.533761678301752,7.09209401709402,66.2501997863248,1.07342550279994,0.965036500143259,8.5,0.391666666666667,0.458333333333333,0.0858974358974359,1.05404563996235,1.430619628014,1.8,0.647600453580386,0.25982905982906,0.228846153846154,0.351110667897198,0.590277777777778,9.7,0.53814115596097,5.93224518744801,0.990116046052788,1,2.8,0.2,0,"Other",0,0,101.771780069632,102.360111789285,0.483036906525515,-2.103810277735,"R64","R64 - L",0.735294117647059,0.741998100802188,0.00670398315512932,0
"1052",2024,2168,"Dayton","Quarterfinals - L",0.480785122653967,0.405919158361019,0.739546120546121,33.5966666666667,8.16166666666667,25.435,15.095,5.265,4.21666666666667,10.0033333333333,13.2533333333333,75.195,66.1516666666667,0.41446396982851,0.323387164620959,0.570541052115862,9.04333333333333,63.745575,1.18035644588261,1.03815419532024,6,0.75,0.63,-2.685,1.01606692860046,1.54311908955426,0.6,0.638626279432103,0.338333333333333,0.15,0.0727201299232131,0.666666666666667,8.2,0.645621181262729,6.19847871649231,1,0,2.875,0,0,"Other",0,0,118.222731208545,101.017476955793,0.85919068374765,1.16054905789406,"R32","R32 - L",0.774193548387097,0.73729911875676,-0.036894429630337,0
"1053",2024,2181,"Drake","Final - W",0.480366330907537,0.364827232408997,0.771622375925252,34.3410256410256,8.15897435897436,26.1820512820513,15.8653846153846,6.52820512820513,1.63333333333333,9.52820512820513,15.9884615384615,80.8461538461538,69.3282051282051,0.442634403456882,0.323234892665411,0.555472002391909,11.5179487179487,69.5551666666667,1.16254150065165,0.99628905929963,7.5,0.573214285714286,0.7,3.58461538461538,1.34172807812343,1.66880348333837,1.9,0.559986052960288,0.155128205128205,0.270512820512821,0.298725723422233,0.803571428571429,10.6,0.705075256087818,5.14166355650266,0.858164730188463,1,3,0,1,"Other",0,0,113.327006377405,100.109860372234,0.797283877592555,0.811567070773542,"R64","R64 - L",0.823529411764706,0.757238683401494,-0.0662907283632123,0
"1054",2024,2184,"Duquesne","Final - W",0.438698833752453,0.336269484319549,0.712423150307399,35.790641025641,11.0515384615385,24.7391025641026,13.2774358974359,7.68820512820513,4.54397435897436,11.6607692307692,17.0628205128205,72.2457692307692,66.1755128205128,0.415015043898787,0.324729314233866,0.505034864479535,6.07025641025641,67.0357352564103,1.07653281175812,0.986936500375584,7,0.457142857142857,0.266666666666667,2.32576923076923,1.15921912461491,1.13848360629812,4,0.622886922238598,0.317435897435897,0.0833333333333333,0.126110657448846,0.5,8,0.618127786032689,6.51323011091231,1,0,2.83333333333333,0.2,0,"Other",0,0,108.33956730376,98.244923939696,0.75421711751283,-1.05094917492619,"R32","R32 - L",0.685714285714286,0.644869637880331,-0.0408446478339543,0
"1055",2024,2226,"FAU","Semifinals - L",0.4856398655566,0.35960107119771,0.708219183419043,38.25337995338,11.7142191142191,26.5391608391608,15.17668997669,7.24522144522145,3.01282051282051,11.1645687645688,15.9685314685315,82.8335664335664,72.2671328671329,0.4318632742869,0.333899168282832,0.557201992479904,10.5664335664336,70.1455675990676,1.18122615892771,1.03035179223661,7.5,0.669642857142857,0.6,1.52657342657343,1.06205529869724,1.37346334391216,2,0.649974518409066,0.275990675990676,0.187179487179487,0.0620860927152318,0.803571428571429,7.1,0.627582820135051,5.08759633523238,5.51941448021632,6.5,3.6,0.2,0,"Other",0,0,117.69392083949,101.388782419967,0.8353532668581,0.57056658961533,"R64","R64 - L",0.757575757575758,0.735902924933172,-0.0216728326425855,0
"1056",2024,2250,"Gonzaga","Final - L",0.514895767085748,0.352390845869107,0.718980016408814,39.4753496503496,11.1692307692308,28.3061188811189,16.3804195804196,7.08050699300699,3.95847902097902,10.1083041958042,15.7407342657343,85.1215034965035,68.7616258741259,0.401099129136868,0.328533570425382,0.566904803132885,16.3598776223776,70.1865987762238,1.21394845022803,0.98054373287365,6.5,0.585714285714286,0.675,2.38828671328671,1.20129575162022,1.68326352427585,0.8,0.531187903180295,0.188286713286713,0.395891608391608,0,0.464285714285714,12.2,0.836165048543689,6.71538338633468,2.34782608695652,2.34782608695652,3,0.2,1,"Other",0,0,119.37004823833,97.4966769519705,0.910631784234335,1.19435055546428,"S16","S16 - L",0.78125,0.85627924261155,0.07502924261155,0
"1057",2024,2253,"Grand Canyon","Final - W",0.47157811932653,0.351386379301349,0.748957566748334,38.9188811188811,12.1675990675991,26.7512820512821,12.7524475524476,8.11748251748252,5.46013986013986,12.3965034965035,17.6177156177156,80.5470862470862,66.7193473193473,0.406667577303387,0.32942286036036,0.532103871390348,13.8277389277389,69.3540897435897,1.16176440036735,0.961725292449336,7.5,0.7125,0.59,2.74032634032634,1.10253370196965,1.0266038706813,5.3,0.813873624788716,0.185081585081585,0.323543123543124,0.323062981422746,0.598214285714286,9.7,0.628113517209461,5.89715386763674,0.984259160889675,1,3.5,0,0,"Other",0,0,111.71125959525,100.164959768174,0.77806327604702,0.72326643344145,"R32","R32 - L",0.878787878787879,0.81964084294713,-0.0591470358407487,0
"1058",2024,2305,"Kansas","Early Round - L",0.493871704577508,0.340736373458381,0.730048973446445,36.5292307692308,8.10410256410256,28.4251282051282,19.2358974358974,7.45282051282051,4.00102564102564,11.6435897435897,14.4584615384615,76.654358974359,67.7271794871795,0.398582843028171,0.324035854617142,0.547005526375834,8.92717948717949,69.7877948717949,1.09775366231692,0.971291712753603,7,0.471428571428571,0.475,-1.45538461538462,1.018991048263,1.64703424572911,1.3,0.766795370787587,0.275384615384615,0.262051282051282,0.126203837257555,0.714285714285714,5.8,0.7685546875,6.93244789157251,3.16666666666667,3.42105263157895,3.5,0.2,1,"Big12",1,1,113.626655530035,92.9262653914265,0.9097365526061,1.88531694357282,"R32","R32 - L",0.6875,0.686700485563114,-0.000799514436886306,0
"1059",2024,2344,"Longwood","Final - W",0.455725804109461,0.344925662572721,0.679047378148559,38.8174242424242,13.544696969697,25.2727272727273,12.9143939393939,7.02083333333333,2.71212121212121,12.5647727272727,18.3121212121212,75.7662878787879,67.0799242424242,0.431244814524052,0.337583416996398,0.509259838437551,8.68636363636364,68.794803030303,1.10100182544819,0.976114191512175,8,0.5125,0.443333333333333,6.83712121212121,1.09268187830688,1.02953703703704,2.8,0.589555063091043,0.285227272727273,0.222348484848485,0.124865725796931,0.5,9.2,0.562001110788784,5.08140436498446,0.84810722404044,1,3.25,0.2,0,"Other",0,0,103.37491795014,103.239407342601,0.50584495144654,-4.3765983962587,"R64","R64 - L",0.617647058823529,0.713800637582199,0.0961535787586694,0
"1060",2024,2377,"McNeese","Final - W",0.495461165869128,0.389762630049176,0.677525739499918,36.4742812742813,11.2916860916861,25.1825951825952,14.9951048951049,10.4949494949495,3.30606060606061,9.47373737373737,16.9091686091686,80.720979020979,61.2203574203574,0.383566650180574,0.312524858042453,0.55925249482211,19.5006216006216,66.8675606060606,1.20857080944481,0.916376268371304,8,0.5625,0.85,7.35400155400155,1.71917735042735,1.61645450330592,3.5,0.580788642062403,0.143589743589744,0.368065268065268,0.500083844866173,0.5625,11.1,0.669039170514435,5.68017260901707,1.32726173877844,0,3.33333333333333,0.2,0,"Other",0,0,112.72843605085,101.683293581025,0.759994720735185,0.282491834166475,"R64","R64 - L",0.909090909090909,0.909296594854821,0.000205685763912333,0
"1061",2024,2413,"Morehead St","Final - W",0.473088261578876,0.360427665496594,0.70516434198631,39.7387445887446,11.7075757575758,28.0311688311688,15.3766233766234,5.85021645021645,4.88354978354978,12.1562770562771,16.0138528138528,76.0088744588745,62.6445887445887,0.38641067974324,0.294591264285085,0.555406144999416,13.3642857142857,65.9827142857143,1.15208013605829,0.949946245493453,7,0.729166666666667,0.64,0.756926406926407,0.879531484866234,1.26513694134916,1.6,0.395740474734148,0.0538961038961039,0.353030303030303,0.29490412971144,0.854166666666667,10.7,0.542688754742599,5.37063802812766,0.896381508377616,1,3,0.2,0,"Other",0,0,105.983676601525,103.192335986575,0.575242697487255,-1.72760944174968,"R64","R64 - L",0.764705882352941,0.829400143625931,0.0646942612729903,0
"1062",2024,2440,"Nevada","Quarterfinals - L",0.47714271208749,0.359742600002172,0.724825457420273,34.7404761904762,8.82238095238095,25.9180952380952,15.2895238095238,6.14190476190476,3.64190476190476,9.84761904761905,17.402380952381,76.8547619047619,66.1519047619048,0.411608267631141,0.314593025616044,0.536239994094017,10.7028571428571,67.159669047619,1.14427090863926,0.986406148296067,8,0.40952380952381,0.583333333333333,1.47761904761905,1.23575757575758,1.56030303030303,2,0.601252428992425,0.126666666666667,0.216190476190476,0.142502347473177,0.563492063492063,9.2,0.6440489432703,6.80239476332431,1.66666666666667,1,3.55555555555556,0.2,0,"Other",0,0,113.58439764624,97.365187212627,0.854775820620185,1.22802829444915,"R64","R64 - L",0.787878787878788,0.75473868035302,-0.0331401075257673,0
"1063",2024,2473,"Oakland","Final - W",0.45144118181624,0.351214959526512,0.7487000208618,35.3122222222222,10.2833333333333,25.0288888888889,14.2555555555556,6.71666666666667,2.67333333333333,11.2288888888889,15.1955555555556,76.1744444444444,73.1455555555556,0.43967373670106,0.342168800888905,0.52545461170394,3.02888888888889,69.0057333333333,1.1035238852146,1.06023702624113,8,0.4375,0.491666666666667,0.281111111111111,1.00781241128712,1.27127405893374,3.4,0.777807522954796,0.264444444444444,0.171111111111111,0.255224654815015,0.625,8,0.53359173126615,6.65286302935335,1,1,2.77777777777778,0.2,0,"Other",0,0,108.254136438685,105.051962716535,0.58546475819518,-2.12656917429085,"R32","R32 - L",0.676470588235294,0.599462330815559,-0.0770082574197355,0
"1064",2024,2483,"Oregon","Final - W",0.457843784864759,0.336599364975983,0.709783879573538,34.5980769230769,9.88461538461539,24.7134615384615,13.7865384615385,7.47115384615385,3.60576923076923,10.4086538461538,16.5317307692308,76.0480769230769,71.4365384615385,0.44992313899976,0.339045981215159,0.521077770400394,4.61153846153846,69.1142644230769,1.10026580186063,1.03449535332607,8.5,0.701388888888889,0.565714285714286,3.23173076923077,1.21428559275895,1.32981829318089,2.3,0.76731479843815,0.281730769230769,0.169230769230769,0.183388439726576,0.763888888888889,5.2,0.656193895870736,7.01660968389422,1.9,2.92857142857143,2.77777777777778,0.2,0,"Other",0,0,112.97333423991,99.6753320642325,0.807366571461075,0.6717664681297,"R32","R32 - L",0.676470588235294,0.600049347879017,-0.0764212403562767,0
"1065",2024,2509,"Purdue","Semifinals - L",0.494093883385209,0.413021683395474,0.71761736554352,40.6538461538462,12.0804195804196,28.5734265734266,18.8030303030303,5.91678321678322,3.93403263403263,11.4888111888112,14.3494172494173,85.0179487179487,70.1293706293706,0.415651943710245,0.314954744214266,0.566876820959462,14.8885780885781,69.8487062937063,1.21710882445096,1.00619098694041,7.5,0.5,0.783333333333333,1.47552447552448,0.87116935483871,1.64364919354839,0.7,0.663204323178986,0.203263403263403,0.310489510489511,0.0336134453781513,0.472222222222222,9,0.683307332293292,6.46458830368996,1.8,1.85714285714286,2.9,0.2,0,"Big Ten",0,1,125.44299654403,93.047451468631,0.967461637609125,5.31261358065875,"Final","Final - L",0.878787878787879,0.815642118195473,-0.0631457605924054,1
"1066",2024,2535,"Samford","Final - W",0.494729645391681,0.39772690915608,0.735837045837046,36.3858974358974,11.0153846153846,25.3705128205128,18.4461538461538,10.2961538461538,4.04230769230769,13.5166666666667,19.2269230769231,87.798717948718,74.55,0.428940986830071,0.340277033028397,0.575143486814422,13.2487179487179,74.5855576923077,1.17676455879631,1.00020423754554,9,0.6,0.71,2.54230769230769,1.27003094606543,1.36313439434129,3.4,0.716281130918945,0.116666666666667,0.385897435897436,0.303945399636483,0.6125,13,0.591518773330904,4.43081679884331,0,0,2.75,0,0,"Other",0,0,112.130568661985,102.617719212175,0.73484881619606,0.0121141107741656,"R64","R64 - L",0.852941176470588,0.785215707567859,-0.0677254689027288,0
"1067",2024,2571,"S Dakota St","Final - W",0.482501718779773,0.360457454537131,0.695769703824132,35.6970238095238,8.51964285714286,27.177380952381,13.089880952381,6.4922619047619,3.38095238095238,11.410119047619,14.5809523809524,77.1440476190476,70.8636904761905,0.417020296120876,0.345056163663954,0.55822756025435,6.28035714285714,69.3441398809524,1.11271296142142,1.02234565966865,6,0.666666666666667,0.5,-0.189880952380952,1.04041781326556,1.14830051660326,2.9,0.384379544790169,0.288095238095238,0.217857142857143,0.0951668092386655,0.583333333333333,9.5,0.696560774007528,4.81218435537242,0.803173300540551,1,3,0.2,1,"Other",0,0,107.319525008695,105.16589850311,0.55751715970388,-3.8238948267564,"R64","R64 - L",0.647058823529412,0.666581013805124,0.0195221902757126,0
"1068",2024,2579,"South Carolina","Quarterfinals - L",0.442177371150971,0.337840847613628,0.710233632199406,35.8475524475525,11.4582750582751,24.3892773892774,15.3347319347319,4.90629370629371,3.402331002331,9.90769230769231,15.8331002331002,72.7337995337995,65.7960372960373,0.422274736503142,0.337051440895742,0.514849817613537,6.93776223776224,64.9056165501165,1.1205856899733,1.01370078188281,8,0.76031746031746,0.464285714285714,2.16573426573427,1.02171900826446,1.55161014534055,1.5,0.655751857608049,0.326573426573427,0.208391608391608,0.225164254324661,0.69047619047619,5.7,0.527289663277272,5.25749537202778,0.87749753515032,0,3.18181818181818,0,1,"SEC",1,1,114.228630744375,99.624205630983,0.826053323161255,2.36351377488345,"R64","R64 - L",0.787878787878788,0.651691199778252,-0.136187588100536,0
"1069",2024,2608,"Saint Mary's","Final - W",0.46873687149285,0.35477222731121,0.675346917908268,39.8041666666667,13.3216666666667,26.4825,16.1475,6.4975,3.93333333333333,10.1958333333333,16.3508333333333,74.2841666666667,58.8491666666667,0.393761120807728,0.318151532756554,0.533959474831505,15.435,63.5602541666667,1.17036749810841,0.926325668541304,7,0.557142857142857,0.585,6.33583333333333,1.08564763658686,1.66630886608787,4.4,0.662636273728221,0.319166666666667,0.43,0.0602836997835245,0.571428571428571,12.6,0.709090909090909,6.57368016696065,1.22222222222222,1.22222222222222,3.11111111111111,0,0,"Other",0,0,114.48891678082,93.19596671223,0.907253356031325,0.7114422838146,"R64","R64 - L",0.787878787878788,0.882478278580823,0.0945994907020352,0
"1070",2024,2612,"Saint Peter's","Final - W",0.394874360396877,0.32644287686403,0.715728560759545,35.7218181818182,12.9009090909091,22.8209090909091,10.7827272727273,7.33090909090909,3.99454545454545,12.9445454545455,19.6945454545455,65.2018181818182,63.59,0.418032339129797,0.326644176492201,0.451413170357594,1.61181818181818,65.3906772727273,0.996676377190326,0.972966906521795,8.5,0.479166666666667,0.366666666666667,4.31545454545455,1.05818073034044,0.833097465148282,2,0.555991657943144,0.332727272727273,0.150909090909091,0.270465752570646,0.708333333333333,3.8,0.550103713899273,5.79301360838414,0,0,2.2,0.2,0,"Other",0,0,97.3755712490355,100.99433868768,0.39675877545968,-4.44508184544625,"R64","R64 - L",0.59375,0.563312572708729,-0.0304374272912707,0
"1071",2024,2628,"TCU","Quarterfinals - L",0.472722660219349,0.352870124644318,0.736050719882076,37.3219696969697,12.1730303030303,25.1489393939394,17.6639393939394,9.28151515151515,3.92469696969697,12.8387878787879,17.5157575757576,80.6090909090909,69.98,0.437765768055384,0.32921396250808,0.525332482367869,10.6290909090909,71.8513022727273,1.12039060676404,0.975061157323432,9,0.611111111111111,0.693333333333333,4.97515151515152,1.2031954887218,1.37724880382775,1.8,0.626550007877469,0.240757575757576,0.321666666666667,0.129484539464978,0.444444444444444,9.7,0.679767103347889,6.53378883793334,1.42857142857143,1,3.9,0.2,0,"Big12",1,1,113.34737836153,98.108520349187,0.835104567432045,0.425299608028345,"R64","R64 - L",0.636363636363636,0.714071357615523,0.0777077212518862,0
"1072",2024,2633,"Tennessee","Quarterfinals - L",0.443905070920796,0.343705178566344,0.75341744224287,38.9383333333333,11.5983333333333,27.34,16.9966666666667,7.87166666666667,4.715,10.3233333333333,17.4166666666667,79.3716666666667,67.02,0.384072443909779,0.306683335378574,0.514886846181197,12.3516666666667,69.9994083333333,1.13353861486437,0.957640699002194,8,0.625,0.42,3.90666666666667,1.3090194601574,1.66204408509592,2.7,0.299054590237558,0.141666666666667,0.325,0.0309555854643338,0.75,6.9,0.657383966244726,7.07834157955767,1.72222222222222,1.8,3.125,0,1,"SEC",1,1,114.766921803995,90.7113684656355,0.9371770839575,2.8007847445153,"E8","E8 - L",0.75,0.795139176544615,0.0451391765446149,1
"1073",2024,2641,"Texas Tech","Semifinals - L",0.451979303698919,0.360204260541773,0.779338833034072,35.8810606060606,10.3857575757576,25.495303030303,14.8356060606061,6.17242424242424,2.7030303030303,10.9598484848485,14.4262121212121,76.2156060606061,67.9898484848485,0.421720583077694,0.315981290110105,0.525531789916135,8.22575757575758,67.3305212121212,1.13218925942362,1.01025477555637,7.5,0.583928571428571,0.52,0.386666666666667,1.10405487374806,1.38319638406922,2.7,0.755904341919021,0.149848484848485,0.263030303030303,0.195558918354939,0.732142857142857,4.3,0.664577282547448,5.4510384535657,0.909800669052921,0,3,0.2,0,"Big12",1,1,116.333605323195,98.68137569029,0.86815960048728,1.39060931388736,"R64","R64 - L",0.696969696969697,0.677302807895216,-0.019666889074481,0
"1074",2024,2681,"Wagner","Final - W",0.389636213459743,0.328059956508232,0.705146044902596,36.0503787878788,11.5079545454545,24.5424242424242,13.1488636363636,6.35340909090909,2.20454545454545,9.93977272727273,15.5541666666667,63.6363636363636,61.8988636363636,0.416860549502409,0.292280924942004,0.453275839301795,1.7375,63.6970814393939,0.999214519611057,0.971707825506028,8,0.634920634920635,0.26,4.09886363636364,1.1876319784497,1.32036948258741,1.9,0.473274191693917,0.309090909090909,0.204166666666667,0.204741320008693,0.619047619047619,4.2,0.576576544643461,3.36729582998647,0,0,2.11111111111111,0.2,0,"Other",0,0,94.340290573163,105.2250805156,0.223853617974335,-5.8245635554837,"R64","R64 - L",0.516129032258065,0.549518429588148,0.0333893973300837,0
"1075",2024,2755,"Grambling","Final - W",0.433358476125291,0.313605393992134,0.70053802322335,31.575,9.65166666666667,21.9233333333333,9.39833333333333,7.44333333333333,2.86333333333333,13.4283333333333,16.2266666666667,66.4133333333333,71.0116666666667,0.446481370792435,0.353696385217793,0.476756632801311,-4.59833333333333,67.7746416666667,0.980933399823216,1.04800771882754,8,0.4375,0.35,-1.14833333333333,0.965087216664556,0.703804451057364,2,0.349173577787014,0.121666666666667,0.208333333333333,0.152856735770491,0.6875,4.4,0.54453656846099,5.23110861685459,0,0,3.09090909090909,0,0,"Other",0,0,95.7292952895165,107.55100286286,0.23338047206871,-4.0275187376507,"R64","R64 - L",0.588235294117647,0.454761764297144,-0.133473529820503,0
"1076",2025,2,"Auburn","Semifinals - L",0.487604136089532,0.363741290740017,0.745809355527635,37.6755244755245,11.683682983683,25.9918414918415,17.1983682983683,6.95641025641026,6.41771561771562,9.20582750582751,18.3004662004662,84.9538461538461,68.6170163170163,0.404235296280174,0.297965225735715,0.564624101398133,16.3368298368298,68.7913403263403,1.23517603559786,0.997830355119837,8,0.606349206349206,0.72,3.84195804195804,1.30413318491205,1.8822624969562,2.1,0.710664728878469,0.234498834498835,0.369230769230769,0.129673261999968,0.507936507936508,12.2,0.671191553544495,6.49828214947643,2.03846153846154,2.1,3.22222222222222,0.2,0,"SEC",1,1,130.44958890571,93.0277326453615,0.978302055777265,6.3518484736874,"F4","F4 - L",0.848484848484849,0.832154482646905,-0.0163303658379431,1
"1077",2025,8,"Arkansas","Early Round - L",0.47329215295343,0.338906275134906,0.733256613356148,35.5365967365967,9.24825174825175,26.288344988345,14.9776223776224,7.64289044289044,5.54918414918415,11.5475524475524,15.8165501165501,78.041958041958,70.1762237762238,0.418850844054883,0.312958774061492,0.535540052751911,7.86573426573427,70.3002400932401,1.10949039786209,0.99928219393515,8.5,0.552777777777778,0.555,0.293939393939394,1.0891756669436,1.30310440321241,1.6,0.588056378672892,0.336596736596737,0.172027972027972,0.296012432464343,0.527777777777778,6.8,0.764758497316637,7.02019070831193,3.43478260869565,0,2.55555555555556,0.2,0,"SEC",1,1,111.04577628234,95.6162943220035,0.847913792163735,0.68533655420208,"S16","S16 - L",0.606060606060606,0.653675609796879,0.0476150037362733,0
"1078",2025,12,"Arizona","Final - L",0.479111133752528,0.324852381222621,0.774506448950405,40.2705128205128,12.8519230769231,27.4185897435897,17.2679487179487,7.9474358974359,4.15769230769231,11.65,16.6262820512821,83.5634615384615,71.8698717948718,0.411679175897704,0.338917831676799,0.536108884245513,11.6935897435897,70.5929903846154,1.1833295025364,1.01904053117892,8.5,0.329166666666667,0.566666666666667,2.79102564102564,1.05272682695035,1.48055027842089,2.9,0.260536798351991,0.180769230769231,0.25,0.0690141118606704,0.472222222222222,9.7,0.772809143148678,4.69134788222914,1.82701212796991,2.33333333333333,3.125,0.4,0,"Big12",1,1,122.01307385172,96.3450715802085,0.935804284118325,2.72309984113074,"S16","S16 - L",0.647058823529412,0.738486105611999,0.0914272820825872,0
"1079",2025,21,"San Diego St","Quarterfinals - L",0.447263355490286,0.342734701515813,0.683028906807087,35.9381818181818,10.2369696969697,25.7012121212121,13.2006060606061,7.72484848484848,5.75272727272727,11.0369696969697,18.0278787878788,71.9284848484848,63.1193939393939,0.372990336924733,0.299150604609282,0.515814881101586,8.80909090909091,66.978296969697,1.0734350683672,0.94304861856355,8.5,0.565277777777778,0.58,1.40727272727273,1.22391479994268,1.20090889411277,3.2,0.73262726738224,0.283030303030303,0.203030303030303,0.186398255043302,0.590277777777778,7.8,0.741570921712071,5.46383180502561,2.27983982967192,2.5,2.77777777777778,0,1,"Other",0,0,109.11919135523,93.615595056018,0.849216635947405,0.49088537593352,"First Four","First Four - L",0.7,0.716242647533184,0.0162426475331842,0
"1080",2025,26,"UCLA","Quarterfinals - L",0.470306446024379,0.354261182955268,0.69853041695147,32.8210256410256,10.8989743589744,21.9220512820513,16.6476923076923,8.48051282051282,2.93948717948718,10.5307692307692,17.3779487179487,75.6523076923077,64.1728205128205,0.423788253879997,0.322157366555859,0.535222181418873,11.4794871794872,66.6413384615385,1.13520522991217,0.965508704691709,8.5,0.633333333333333,0.741666666666667,7.21179487179487,1.53246804785527,1.63178873650423,2.9,0.686939339769935,0.333846153846154,0.364102564102564,0.161499835085164,0.763888888888889,11.9,0.681818181818182,6.55819780281227,1.82142857142857,4.16666666666667,2.7,0,1,"Big Ten",0,1,115.223976873065,92.963306106227,0.921940516293645,1.93730201147875,"R32","R32 - L",0.6875,0.751640055842462,0.0641400558424624,0
"1081",2025,28,"UC San Diego","Final - W",0.464127950026437,0.364321037179355,0.748070999219236,34.2363636363636,9.3,24.9363636363636,15.9597402597403,10.1835497835498,2.15541125541126,8.7525974025974,16.378354978355,80.1590909090909,61.6008658008658,0.398051597136491,0.334079279939643,0.555002298099116,18.5582251082251,67.4390097402597,1.18875976218385,0.91372446181104,8,0.6625,0.58,7.77186147186147,1.85048449612403,1.83512596899225,5.4,0.581476463599572,0.125324675324675,0.414935064935065,0.0516225746294474,0.75,13.6,0.500931401008891,4.70048036579242,0,0,2.875,0,1,"Other",0,0,111.47447977349,98.0530033727035,0.80134738000149,0.472685435518995,"R64","R64 - L",0.882352941176471,0.902026089835204,0.0196731486587338,0
"1082",2025,36,"Colorado St","Final - W",0.481044804563481,0.365624775756653,0.776350653876947,35.191341991342,8.13809523809524,27.0532467532468,17.1441558441558,5.19155844155844,2.96926406926407,11.6772727272727,17.3547619047619,75.604329004329,66.969696969697,0.419693475320653,0.335218837357666,0.561572484461057,8.63463203463203,67.1913712121212,1.12874128709793,0.99711693730939,8,0.563492063492063,0.45,-1.13181818181818,0.986173675115207,1.49475662442396,4,0.739819242557192,0.191991341991342,0.343506493506493,0.126782073813708,0.69047619047619,7.1,0.547284715216197,5.88610403145016,0.982414897921964,1,3.44444444444444,0.2,0,"Other",0,0,113.538400347005,98.8099517406485,0.80347945776955,0.3853804046505,"R32","R32 - L",0.735294117647059,0.728230063872068,-0.00706405377499064,0
"1083",2025,41,"UConn","Semifinals - L",0.482135443002096,0.351146457508013,0.793841531090117,35.7895104895105,11.1121212121212,24.6773892773893,18.090675990676,5.3948717948718,6.48158508158508,10.7724941724942,18.1843822843823,78.8039627039627,67.8913752913753,0.422824953018601,0.353876798782363,0.559739109943466,10.9125874125874,65.6260361305361,1.19967693470107,1.03523249961992,8,0.547619047619048,0.566666666666667,1.74918414918415,1.00069265985164,1.71960653273093,5.2,0.570651445651501,0.365034965034965,0.225641025641026,0.2058044761255,0.309523809523809,9.5,0.641758241758242,6.12249280951439,4.5,6.25,2.88888888888889,0.2,1,"Big East",0,1,121.3372798761,102.28457524803,0.876775337287955,1.12633942503301,"R32","R32 - L",0.696969696969697,0.751945437579113,0.054975740609416,0
"1084",2025,43,"Yale","Final - W",0.489492512667675,0.383755045856193,0.731081509371719,39.0625,11.3819444444444,27.6805555555556,16.8180555555556,5.82777777777778,3.63333333333333,10.0458333333333,16.5166666666667,81.8069444444444,69.4236111111111,0.404845437905547,0.330417254446666,0.552258957497167,12.3833333333333,68.8232013888889,1.1888952000146,1.00867465950525,7,0.341666666666667,0.8,3.59027777777778,1.20975517890772,1.73995426419155,3.5,0.530882481177943,0.247222222222222,0.376388888888889,0.282347383922865,0.5625,12.3,0.56011315417256,6.56244409369372,1,1,2.5,0.2,0,"Other",0,0,113.83976937809,103.820918654555,0.741943178166625,-1.27987570026217,"R64","R64 - L",0.758620689655172,0.79550667905283,0.0368859893976581,0
"1085",2025,44,"American","Final - W",0.443400685474908,0.345153370710976,0.752360252738797,30.4096153846154,7.89615384615385,22.5134615384615,12.6004273504273,6.59508547008547,2.04807692307692,11.4309829059829,18.1549145299145,69.0358974358974,68.1371794871795,0.454894245919818,0.328976344022111,0.522680819572429,0.898717948717949,65.3878856837607,1.05652003432182,1.04098089940692,8,0.675,0.465714285714286,-0.0925213675213675,1.06577756741251,1.12027951807229,4.9,0.695923956837621,0.326068376068376,0.20982905982906,0.3194497029717,0.5625,6.6,0.550484775502516,3.49650756146648,0,0,2.9,0,0,"Other",0,0,101.958149290855,108.19840847777,0.335569359676085,-4.11585562870955,"First Four","First Four - L",0.647058823529412,0.543625419517367,-0.103433404012045,0
"1086",2025,57,"Florida","Final - W",0.476365597734544,0.358296724883032,0.720609327087729,42.7961538461538,14.0371794871795,28.7589743589744,16.1435897435897,7.91923076923077,4.77564102564103,10.8217948717949,16.9346153846154,85.925641025641,67.0641025641026,0.387319202693368,0.285730449621606,0.555739681920271,18.8615384615385,70.3695833333333,1.22119393159585,0.953422619916398,8,0.5625,0.53,4.46794871794872,1.16227134793311,1.49130061115355,1.5,0.45876949133139,0.0833333333333333,0.469230769230769,0.234268854862263,0.5,11.4,0.60213219504487,5.09375020080676,0.850167794661401,1,2.88888888888889,0.2,0,"SEC",1,1,125.3766411918,94.0164225592365,0.96312425065834,5.5728845551985,"Final","Final - W",0.882352941176471,0.858849688142491,-0.0235032530339793,1
"1087",2025,61,"Georgia","Early Round - L",0.475475138938039,0.344576633516126,0.716592592693564,37.1907692307692,11.7435897435897,25.4471794871795,13.22,7.80769230769231,5.38666666666667,12.9369230769231,16.5251282051282,77.3876923076923,68.2502564102564,0.404321073863364,0.302454831287086,0.539306071708022,9.1374358974359,68.1841307692308,1.13378834431304,1.00219497382922,7.5,0.598214285714286,0.47,-0.0112820512820512,0.965561038011696,1.01887792397661,2.9,0.628838970791678,0.235384615384615,0.232307692307692,0.142509426543009,0.598214285714286,10.9,0.634090909090909,6.08904487544685,1.5,0,2.4,0.2,0,"SEC",1,1,115.15810784972,96.491211345701,0.882382975481635,1.01898872983057,"R64","R64 - L",0.625,0.677537887300936,0.0525378873009356,0
"1088",2025,66,"Iowa State","Quarterfinals - L",0.485734070660522,0.362181868442468,0.758536371381016,35.7593939393939,10.6462121212121,25.1131818181818,15.7228787878788,9.70060606060606,3.50257575757576,11.4181818181818,15.7683333333333,82.4969696969697,67.3784848484848,0.415421636420368,0.327724714928309,0.553213994950701,15.1184848484848,70.0650856060606,1.17695387978307,0.961958368183591,8,0.525,0.63,5.12833333333333,1.42915204678363,1.44194444444444,1.4,0.430083403639238,0.14969696969697,0.399848484848485,0.134688049250746,0.5,12.4,0.632175210536707,5.59098698051086,1.67968557366783,2.33333333333333,3.77777777777778,0.2,1,"Big12",1,1,120.57744363426,93.652891196441,0.94813529979566,2.71568527540725,"R32","R32 - L",0.727272727272727,0.806746026619436,0.079473299346709,0
"1089",2025,96,"Kentucky","Quarterfinals - L",0.484754424746518,0.372450344440622,0.74569147327768,39.002331002331,10.2531468531469,28.7491841491842,17.4158508158508,6.80932400932401,4.28694638694639,10.6104895104895,17.055710955711,86.3575757575758,76.132634032634,0.430779920384284,0.299776654000684,0.562681618764091,10.2249417249417,72.5993403263403,1.18955417310775,1.0489520943262,9,0.622222222222222,0.5,0.0897435897435898,1.00455787382017,1.6883258817685,2.7,0.501079212385024,0.257808857808858,0.387412587412587,0.274475910522571,0.5,7.2,0.633261935026812,5.69035945432406,0.949744325378799,0,3.5,0.2,1,"SEC",1,1,123.41717733913,98.2236466716955,0.932452175170845,2.81112517877345,"S16","S16 - L",0.666666666666667,0.686344560424465,0.0196778937577988,0
"1090",2025,97,"Louisville","Final - L",0.448710893585051,0.322633370786662,0.742497545815679,37.5051282051282,11.3884615384615,26.1166666666667,13.7205128205128,6.60384615384615,2.89487179487179,11.4820512820513,15.6487179487179,78.6166666666667,69.4128205128205,0.429809229929574,0.338499556749977,0.52800777864188,9.20384615384615,69.2416602564103,1.13566893811576,1.00225255624204,8,0.65,0.163333333333333,3.16923076923077,1.15121000820345,1.20235849056604,2.9,0.662895015602614,0.182051282051282,0.308974358974359,0.184301412839277,0.5,6.5,0.681051796360968,5.95064255258773,0.993186641730199,0,3.22222222222222,0.2,1,"ACC",1,1,116.98774976556,96.212171342327,0.889302074409075,2.74586686955276,"R64","R64 - L",0.794117647058823,0.755838498052823,-0.0382791490060008,0
"1091",2025,116,"Mount St Marys","Final - W",0.439907556878678,0.338865557076977,0.735116977901846,37.5512820512821,10.5089743589744,27.0423076923077,14.9294871794872,6.49102564102564,2.94358974358974,15.1371794871795,16.175641025641,70.95,70.7166666666667,0.410776809306815,0.305114665377291,0.509515458729195,0.233333333333333,69.4954358974359,1.02131272771123,1.01772342581294,8.5,0.565277777777778,0.37,-3.96666666666667,0.782015215978822,0.98666641478067,3.9,0.670872677220414,0.270512820512821,0.148717948717949,0.398026642973358,0.645833333333333,6.8,0.621235654294962,0,0,0,2.66666666666667,0,0,"Other",0,0,98.969443390915,107.08218526566,0.287852605568695,-4.03472983222775,"R64","R64 - L",0.647058823529412,0.51713922839165,-0.129919595137762,0
"1092",2025,120,"Maryland","Semifinals - L",0.477099372189796,0.372568982303066,0.752802964254577,37.4351981351981,10.8009324009324,26.6342657342657,14.9027972027972,7.93263403263403,4.50932400932401,10.390675990676,15.2937062937063,82.739627039627,65.5748251748252,0.408835410326043,0.306170222741622,0.544370087391028,17.1648018648019,70.6019533799534,1.17171158502466,0.929078964962269,7,0.466666666666667,1,5.48111888111888,1.42991571920616,1.4647431774778,1.9,0.439814914843009,0.291142191142191,0.415850815850816,0.0312629399585921,0.633333333333333,13.4,0.562043795620438,6.30809844150953,1,1,2.9,0,1,"Big Ten",0,1,118.37951975154,91.700386951629,0.94931512523854,2.58093766066832,"S16","S16 - L",0.757575757575758,0.845847720388989,0.0882719628132319,0
"1093",2025,127,"Michigan St","Semifinals - L",0.464975016842257,0.304129611330698,0.79117112374878,40.1909090909091,11.9216783216783,28.2692307692308,17.4456876456876,5.58438228438228,4.6990675990676,11.5759906759907,16.9361305361305,79.2515151515152,67.1657342657343,0.404627318882437,0.283464340561756,0.518057900824394,12.0857808857809,69.4147902097902,1.14136571093799,0.967801576308511,9.5,0.366666666666667,0.133333333333333,2.90722610722611,1.00529343135287,1.51576174227218,2.5,0.658536964172734,0.193006993006993,0.182051282051282,0.0806541292812149,0.422222222222222,8.9,0.705588822355289,6.91075078796194,3.42307692307692,3.42307692307692,2.9,0.2,1,"Big Ten",0,1,116.81754306343,93.0581876283485,0.92439691600495,4.22951214343165,"E8","E8 - L",0.818181818181818,0.784649081855118,-0.0335327363266998,1
"1094",2025,130,"Michigan","Final - W",0.482055803769848,0.3385441868647,0.719076073180551,38.0397435897436,10.9730769230769,27.0666666666667,16.1807692307692,5.63076923076923,3.77948717948718,14.1820512820513,16.8205128205128,79.5833333333333,70.7910256410256,0.402279414081897,0.318101686080491,0.555171952980897,8.79230769230769,71.0143525641026,1.12021958277711,0.997230992409288,8,0.801587301587302,0.45,-2.72820512820513,0.853285382267683,1.13961453983578,1.2,0.660941492993325,0.458974358974359,0.280769230769231,0.150910262919844,0.563492063492063,9.8,0.643187060782943,5.27811465923052,3.30352117024013,0,3.22222222222222,0,1,"Big Ten",0,1,117.01703084373,93.784800838925,0.922249421494825,3.42263834562685,"S16","S16 - L",0.735294117647059,0.691967093041101,-0.0433270246059582,0
"1095",2025,142,"Missouri","Quarterfinals - L",0.493827720853194,0.376459643316786,0.725119640996552,34.4270396270396,10.7561771561772,23.6708624708625,13.9289044289044,9.71748251748252,2.98787878787879,10.7268065268065,17.5032634032634,85.2659673659674,72.104662004662,0.434040497141616,0.332289197600841,0.569020894445134,13.1613053613054,69.7713881118881,1.22189318282915,1.03402709716726,9,0.5,0.65,3.45268065268065,1.35577497007079,1.29791824691831,1.5,0.408953665716828,0.164801864801865,0.277156177156177,0.311661478567338,0.8875,10.9,0.543014246071094,5.06259503302697,0.844967869411934,1,3.54545454545455,0.2,0,"SEC",1,1,123.91447574468,101.704685259449,0.888242810872575,1.60343519143525,"R64","R64 - L",0.666666666666667,0.76025947105059,0.0935928043839235,0
"1096",2025,145,"Ole Miss","Quarterfinals - L",0.446021637554801,0.34311359942207,0.737216060337178,33.5335664335664,9.49254079254079,24.0410256410256,14.9983682983683,8.93962703962704,4.15757575757576,8.9,17.6407925407925,78.0776223776224,70.3904428904429,0.426623557342289,0.324222137064025,0.517405264690891,7.68717948717949,69.4609417249417,1.12411087301201,1.01336565423141,8,0.704761904761905,0.416666666666667,4.78997668997669,1.6527972027972,1.68671328671329,1.9,0.587467634540146,0.319347319347319,0.210489510489511,0.140377613239988,0.69047619047619,6.2,0.687687342513894,5.62401750618734,2.42490158737513,0,4,0.2,1,"SEC",1,1,116.77868928724,96.349586078278,0.901266578855975,2.46589391836205,"S16","S16 - L",0.666666666666667,0.652561710015153,-0.0141049566515132,0
"1097",2025,149,"Montana","Final - W",0.498388641811314,0.354452054794521,0.72904562776805,32.2692307692308,7.63333333333333,24.6358974358974,13.7589743589744,6.22564102564103,3.40128205128205,11.1474358974359,16.1089743589744,76.8089743589744,73.0666666666667,0.454890534393447,0.322299874431016,0.562505527806823,3.74230769230769,68.0641923076923,1.13002924938656,1.0737028775373,8,0.492063492063492,0.533333333333333,-1.91153846153846,0.99958605664488,1.26056644880174,3.6,0.740442181122792,0.265384615384615,0.330769230769231,0.157905544147844,0.761904761904762,4.6,0.618556255372407,5.78689738136671,0.965856901241281,1,3.33333333333333,0.2,0,"Other",0,0,109.785080756715,109.17682011559,0.514599295756015,-1.498769628477,"R64","R64 - L",0.735294117647059,0.612028655383608,-0.12326546226345,0
"1098",2025,150,"Duke","Final - W",0.484306399095775,0.374646321799849,0.779563708671241,39.1076923076923,11.4961538461538,27.6115384615385,16.8089743589744,7.14871794871795,3.64102564102564,9.67051282051282,15.7064102564103,82.574358974359,61.2166666666667,0.379827751450948,0.315934382899134,0.571562780289748,21.3576923076923,66.2156025641026,1.24721858518045,0.924662305755658,8.5,0.645833333333333,0.566666666666667,4.21282051282051,1.25790056661913,1.75104362248353,1.2,0.43741651611655,0.0935897435897436,0.591025641025641,0.185949077345365,0.527777777777778,11.5,0.713443193598544,4.29045944114839,1.43219054620605,2,2.3,0,1,"ACC",1,1,125.86974073062,90.0302302585825,0.979219156267435,4.73714053519795,"F4","F4 - L",0.911764705882353,0.923465537960645,0.0117008320782925,1
"1099",2025,153,"North Carolina","Semifinals - L",0.479023107319499,0.356550264391039,0.742583884193791,37.0282051282051,9.83589743589743,27.1923076923077,14.4692307692308,6.12307692307692,3.57435897435897,10.5948717948718,16.7102564102564,82.751282051282,75.8153846153846,0.432435708660069,0.340267613818023,0.545860250482605,6.93589743589744,71.8368846153846,1.15215541017261,1.0556429136442,8,0.55,0.608333333333333,0.369230769230769,1.05062377734704,1.37518182756331,3,0.559601903216219,0.320512820512821,0.18974358974359,0.173769355199767,0.625,6.7,0.695264383207702,4.70048036579242,3.72651487160867,4.75,2.88888888888889,0.4,1,"ACC",1,1,117.922752546325,100.356348798963,0.86339221834872,0.680875370861195,"R64","R64 - L",0.628571428571429,0.655630225125552,0.027058796554123,0
"1100",2025,156,"Creighton","Final - L",0.477097015989428,0.347267764607412,0.733073576103471,37.8904761904762,8.55297619047619,29.3375,17.214880952381,3.54880952380952,4.68928571428571,12.4303571428571,10.7238095238095,75.9369047619048,69.3166666666667,0.408658797610752,0.323738025450386,0.567883142954595,6.6202380952381,68.0115863095238,1.11759899709392,1.01943940479829,7,0.645833333333333,0.6,-6.8922619047619,0.644698100605031,1.406146370355,0.5,0.541841813101563,0.211309523809524,0.251190476190476,0.265612161051767,0.354166666666667,7.6,0.619607843137255,6.64118216974059,1.5,1.66666666666667,3.22222222222222,0.2,1,"Big East",0,1,116.03356794099,98.2566276606825,0.86818362013913,1.52454302146234,"R32","R32 - L",0.705882352941177,0.663356309049138,-0.0425260438920388,0
"1101",2025,167,"New Mexico","Semifinals - L",0.46388234717594,0.352471889109366,0.685860627666648,39.2190476190476,12.3433333333333,26.8757142857143,15.7347619047619,9.14952380952381,5.27,11.5714285714286,17.5742857142857,82.6519047619048,71.5219047619048,0.431720937583186,0.343693124153482,0.521809596812493,11.13,73.7030333333333,1.12022994510075,0.969597865211745,7,0.671428571428571,0.47,7.02428571428571,1.35039215686275,1.35243697478992,3.3,0.553360167280537,0.215714285714286,0.227142857142857,0.196433035551501,0.5,9.4,0.552792425443463,5.98896141688986,0.999582217302892,1,3.33333333333333,0,0,"Other",0,0,112.741384981325,96.186440265836,0.861368046361425,1.36359675441435,"R32","R32 - L",0.787878787878788,0.766442347166851,-0.0214364407119371,0
"1102",2025,201,"Oklahoma","Early Round - L",0.481167087355021,0.374149831487723,0.799973018809744,32.5484848484848,8.58531468531469,23.9631701631702,14.0107226107226,8.19044289044289,2.25757575757576,12.0435897435897,17.7972027972028,80.3020979020979,73.1995337995338,0.443171480080306,0.300412512463663,0.56126394568816,7.1025641025641,69.4580897435897,1.15654483889318,1.0533431092249,8,0.65,0.678333333333333,-1.14895104895105,1.10866265823869,1.17295681518406,2.6,0.569798739682941,0.35990675990676,0.331701631701632,0.116964452727943,0.5625,6.7,0.547318611987382,6.45362499889269,4.75,0,3.6,0.2,1,"SEC",1,1,117.65263335372,101.3678352592,0.847238423989105,1.07903078800191,"R64","R64 - L",0.606060606060606,0.610100616366536,0.00404001030593015,0
"1103",2025,228,"Clemson","Semifinals - L",0.465536396026494,0.374347158631834,0.765931596499715,35.5195804195804,11.4160839160839,24.1034965034965,14.565034965035,7.64498834498835,3.6974358974359,10.5006993006993,15.1734265734266,77.3130536130536,66.1337995337995,0.430683346709536,0.323462785022497,0.542508097870214,11.1792540792541,66.5485874125874,1.16148483492278,0.993841799105263,7,0.757142857142857,0.436666666666667,4.4030303030303,1.30095252373608,1.38767757133146,2.8,0.386618112973805,0.203263403263403,0.238694638694639,0.145260037656601,0.571428571428571,6.2,0.611898016997167,6.56103066589657,1.57142857142857,2,3.625,0,0,"ACC",1,1,116.663429726465,95.8082248816675,0.899718611362725,2.37623079108598,"R64","R64 - L",0.818181818181818,0.784900654824394,-0.0332811633574245,0
"1104",2025,235,"Memphis","Final - W",0.475010167163549,0.3821352884747,0.70979086166867,36.4064102564103,11.6820512820513,24.724358974359,14.3064102564103,7.75,4.68205128205128,13.7935897435897,17.6384615384615,79.9551282051282,73.2692307692308,0.423480077279802,0.330523360082922,0.540606864926354,6.68589743589744,71.3628525641026,1.12080495894039,1.02663383746777,7,0.5,0.675,-0.146153846153846,1.01301882342852,1.04177278964068,6.9,0.867473183624067,0.303846153846154,0.0884615384615385,0.102645821792741,0.5625,7.6,0.674810511301481,5.27811465923052,0.880938978730703,1,4.22222222222222,0,0,"Other",0,0,112.991219455165,98.851560799355,0.81947658849455,2.4836139071188,"R64","R64 - L",0.852941176470588,0.684730428783575,-0.168210747687014,0
"1105",2025,238,"Vanderbilt","Early Round - L",0.457974438792702,0.325250665551464,0.749393665158371,35.3717948717949,11.7087179487179,23.6630769230769,14.3533333333333,9.41794871794872,4.14923076923077,10.2758974358974,17.3246153846154,80.8625641025641,72.9984615384615,0.450603924082185,0.362581077121109,0.525003828523904,7.86410256410256,70.1724487179487,1.15176752759541,1.04112277955537,9,0.533333333333333,0.36,5.94461538461538,1.43399820009134,1.41537295122337,3.2,0.77244074883896,0.245128205128205,0.232307692307692,0.10550820121437,0.666666666666667,8,0.615740470486597,5.84932477994686,0.976276290038346,0,3.22222222222222,0.2,1,"SEC",1,1,117.695049458175,100.634949602543,0.858264775676715,0.79931844110517,"R64","R64 - L",0.625,0.631752860703492,0.0067528607034919,0
"1106",2025,239,"Baylor","Quarterfinals - L",0.452893221659399,0.352153235828315,0.735433951614424,36.575,13.1333333333333,23.4416666666667,15.3833333333333,8.15833333333333,3.05833333333333,11.0833333333333,16.0416666666667,78.875,68.6,0.431794928305516,0.348283636524392,0.524822575067235,10.275,68.261625,1.1529786904184,1.00738572160632,8,0.7375,0.507619047619048,5.71666666666667,1.22755618142346,1.38131314909347,3.6,0.493170217732084,0.308333333333333,0.366666666666667,0.410692358391304,0.75,9,0.645340751043115,6.5792512120101,2.54166666666667,2.54166666666667,3.5,0.2,1,"Big12",1,1,121.33626365002,99.4308844322365,0.90704571260644,1.03077188308897,"R32","R32 - L",0.575757575757576,0.703372440766962,0.127614865009387,0
"1107",2025,245,"Texas A&M","Early Round - L",0.418899041888451,0.305727240186135,0.696585325024864,41.6415384615385,16.5384615384615,25.1030769230769,12.4620512820513,7.70717948717949,4.17948717948718,12.2364102564103,17.3046153846154,74.9702564102564,66.8810256410256,0.397906289326583,0.325048770971518,0.478584659235079,8.08923076923077,67.4153384615385,1.11222729513247,0.991787375375923,9,0.366666666666667,0.4,8.06820512820513,1.12475103777837,1.03927936442136,3.7,0.559208428136994,0.345641025641026,0.187179487179487,0.375628964577226,0.555555555555556,9.7,0.617283950617284,6.34212141872115,1.8,1,4.2,0.2,0,"SEC",1,1,115.1779182448,93.3117197535095,0.91840139675026,2.7323003498532,"R32","R32 - L",0.6875,0.683811271284971,-0.00368872871502934,0
"1108",2025,248,"Houston","Final - W",0.457770158461556,0.400406005514942,0.744051413224077,36.5116666666667,12.4516666666667,24.06,12.4733333333333,8.28,4.88166666666667,9.395,16.405,74.68,57.2816666666667,0.375580925977887,0.310687966868706,0.530106173986082,17.3983333333333,63.6230583333333,1.17385397072845,0.901689181800342,8,0.4125,0.925,7.255,1.50164783386791,1.32493840075389,4.1,0.309576257215403,0.205,0.385,0.216319228845265,0.625,10.7,0.692462311557789,6.9037472575846,2.15,3.25,3.44444444444444,0,0,"Big12",1,1,123.16220726374,86.926225164412,0.98210727422526,5.76835314222181,"Final","Final - L",0.882352941176471,0.885901961738827,0.00354902056235673,1
"1109",2025,251,"Texas","Quarterfinals - L",0.470553510534246,0.368577250524025,0.743569230606783,35.8807692307692,10.2410256410256,25.6397435897436,13.2807692307692,6.52820512820513,4.49487179487179,9.67820512820513,18.1730769230769,79.2807692307692,70.1833333333333,0.418447911079325,0.337055933597996,0.535272005341925,9.0974358974359,68.2022820512821,1.16342375835589,1.0281361931587,7.5,0.598214285714286,0.675,1.65384615384615,1.2451344917257,1.39740019785426,2.2,0.653698335338785,0.326923076923077,0.391025641025641,0.248155544631251,0.598214285714286,11.6,0.538427082796579,5.95064255258773,1.65531106955033,2,3.8,0,1,"SEC",1,1,116.40719469751,99.228471011824,0.861959627260705,0.076864888032317,"First Four","First Four - L",0.558823529411765,0.670139048702165,0.1113155192904,0
"1110",2025,252,"BYU","Semifinals - L",0.48596004176692,0.369864260453505,0.699708945496881,38.5041666666667,11.4916666666667,27.0125,17.3291666666667,7.45,3.1625,11.6708333333333,15.375,82.2333333333333,68.6416666666667,0.41799249124271,0.342445990985142,0.577367354694161,13.5916666666667,68.9457291666667,1.19281822328168,0.9957265410035,9,0.777777777777778,0.571428571428571,3.12916666666667,1.07185576839733,1.49868249978331,0.8,0.559207883176183,0.175,0.4375,0.293176095532642,0.555555555555556,12.5,0.621235654294962,0,0,0,3.1,0.2,0,"Big12",1,1,121.95292261792,98.152935231121,0.921817535431285,2.41007430995076,"S16","S16 - L",0.71875,0.755034987533307,0.0362849875333073,0
"1111",2025,269,"Marquette","Semifinals - L",0.44657097155513,0.325301910877015,0.725143685765957,34.5580952380952,11.2914285714286,23.2666666666667,14.0133333333333,9.25190476190476,3.71904761904762,9.36190476190476,15.7471428571429,77.5166666666667,67.762380952381,0.433825129346455,0.312848778176403,0.52227235583905,9.75428571428571,68.3917690476191,1.1334055949854,0.991201720298266,7,0.828571428571429,0.319047619047619,6.78,1.63032463467595,1.51276570355445,0.9,0.599385384983101,0.178095238095238,0.20952380952381,0.0577711225642692,0.571428571428571,10.4,0.66859344894027,6.25382881157547,1.68181818181818,1.66666666666667,2.66666666666667,0,0,"Big East",0,1,117.19796931028,95.564595333908,0.90334779448344,1.8117550807283,"R64","R64 - L",0.696969696969697,0.728436204572109,0.0314665076024123,0
"1112",2025,275,"Wisconsin","Final - L",0.454541931331592,0.349124433732789,0.832363783665329,36.5923076923077,9.55897435897436,27.0333333333333,14.6923076923077,5.5,2.15384615384615,9.69487179487179,16.7538461538462,80.9307692307692,70.5076923076923,0.416683028771513,0.325169840902609,0.539431570527948,10.4230769230769,68.9115641025641,1.17397238928096,1.02347846769178,7.5,0.598214285714286,0.445,0.68974358974359,1.08206549749463,1.51583571939871,4.2,0.529684913958772,0.174358974358974,0.32051282051282,0.0529688985226576,0.598214285714286,8,0.634114621128369,5.68357976733868,1.58102127970311,1.66666666666667,3.66666666666667,0.2,0,"Big Ten",0,1,121.791033293285,97.8463793359045,0.91260797008264,3.28306707960239,"R32","R32 - L",0.742857142857143,0.743665514286504,0.000808371429360966,0
"1113",2025,288,"Lipscomb","Final - W",0.47089560469349,0.349968588322247,0.787695795842869,36.3399572649573,8.63012820512821,27.7098290598291,15.434188034188,7.17051282051282,3.17200854700855,9.71923076923077,12.5497863247863,79.1380341880342,67.2211538461538,0.420892418226508,0.309313981376471,0.55628452581791,11.9168803418803,68.3884807692308,1.15978797705394,0.984951551660748,7.5,0.732142857142857,0.403333333333333,0.392307692307692,1.18266138562011,1.58687780651238,0.2,0.36738551655791,0.201068376068376,0.286752136752137,0.0744802412491701,0.535714285714286,8.4,0.55377816797443,5.06259503302697,0,0,3.55555555555556,0.2,0,"Other",0,0,109.108905752635,101.201906423673,0.69993578397654,-2.0676382531825,"R64","R64 - L",0.735294117647059,0.803862931479349,0.0685688138322899,0
"1114",2025,328,"Utah State","Semifinals - L",0.49273420012146,0.365049969753491,0.706720722643053,34.8538095238095,11.3785714285714,23.4752380952381,17.7404761904762,8.87333333333333,2.82,10.6914285714286,17.9014285714286,81.7819047619048,69.1923809523809,0.438632152817885,0.334456856301952,0.57089040299996,12.5895238095238,67.3575833333333,1.21429317205373,1.02974652850077,9,0.5375,0.59,5.01761904761905,1.36783253842077,1.72443693693694,1.7,0.760782734818937,0.340952380952381,0.318571428571429,0.117636229749632,0.6125,9.5,0.535855801998383,5.41610040220442,0,0,3.1,0.2,0,"Other",0,0,120.25646969082,103.403635822367,0.85014510322095,1.12515459610896,"R64","R64 - L",0.787878787878788,0.776615057701047,-0.0112637301777407,0
"1115",2025,333,"Alabama","Semifinals - L",0.480006652341079,0.342828397839039,0.718176998765993,43.6575757575758,13.0123543123543,30.6452214452214,16.8051282051282,6.10745920745921,4.51585081585082,12.7664335664336,18.644289044289,90.9554778554779,80.2911421911422,0.418027782316758,0.301544000136886,0.560135226919722,10.6643356643357,76.0795757575758,1.19566681974422,1.05540983748987,9,0.7375,0.471666666666667,-1.88601398601399,0.819667848562523,1.31626550680111,3.1,0.518731038385395,0.23962703962704,0.288111888111888,0.0993951612903226,0.5,6.4,0.684330276020557,5.73979291217923,2.25813100587452,3.375,3.09090909090909,0.4,1,"SEC",1,1,126.47650295276,96.075800222062,0.95857696541041,5.05859941680085,"E8","E8 - L",0.757575757575758,0.724651072614549,-0.0329246849612088,1
"1116",2025,344,"Mississippi St","Early Round - L",0.456923083083258,0.320594556725819,0.699384103204328,38.4307692307692,12.9524475524476,25.4783216783217,15.8076923076923,9.49230769230769,4.5960372960373,10.3913752913753,16.9655011655012,80.6615384615385,72.9181818181818,0.435399702797262,0.362088473799765,0.524641668725579,7.74335664335664,70.0826491841492,1.15139632587059,1.04004812143474,8.5,0.472222222222222,0.45,5.82051282051282,1.33749034552846,1.55033180894309,3.7,0.643956589460853,0.303263403263403,0.351981351981352,0.0486028658366194,0.527777777777778,5.6,0.715167713429703,5.54907608489522,0.926163551710191,1,3.375,0.2,1,"SEC",1,1,118.41973744772,98.7521622916415,0.889685459730725,1.54258314510176,"R64","R64 - L",0.636363636363636,0.651758654223784,0.0153950178601477,0
"1117",2025,350,"UNC Wilmington","Final - W",0.470865428849927,0.337929886205748,0.745925614765863,39.0166666666667,12.6410256410256,26.375641025641,15.2910256410256,6.48333333333333,3.4474358974359,10.7179487179487,16.7692307692308,80.4641025641026,70.2564102564102,0.430738389825679,0.32308164921252,0.531530468491227,10.2076923076923,67.8791217948718,1.18517169880413,1.03525836834287,9.5,0.494444444444444,0.155,3.6474358974359,1.10431096681097,1.43917748917749,2.2,0.464024735370017,0.193589743589744,0.193589743589744,0.178360505432501,0.683333333333333,6,0.659727205998021,4.77912349311153,0,0,3.77777777777778,0.6,0,"Other",0,0,111.478783498095,107.09970166888,0.612369721323215,-1.5831722098995,"R64","R64 - L",0.794117647058823,0.748863940970269,-0.0452537060885546,0
"1118",2025,356,"Illinois","Quarterfinals - L",0.449328542553809,0.313316672158615,0.76069133984741,42.875,12.825,30.05,15.1333333333333,4.59166666666667,4.24166666666667,11.6333333333333,15.975,84.025,71.975,0.410556681015132,0.322314035704949,0.524599214059165,12.05,72.6785833333333,1.1559013545702,0.990902432850739,8,0.7875,0.292857142857143,0.658333333333333,0.832774046988024,1.30099934240679,1.7,0.577095074632512,0.191666666666667,0.425,0.204145888938492,0.5,9.2,0.685738168272569,5.90808293816893,1.23260408446811,1.5,1.77777777777778,0.2,1,"Big Ten",0,1,120.674929830965,94.8708157222245,0.93960646928228,1.98774356716825,"R32","R32 - L",0.636363636363636,0.731310671891142,0.0949470355275059,0
"1119",2025,2006,"Akron","Final - W",0.463346416668172,0.360945959411433,0.742840657778866,39.43,12.595,26.835,18.1416666666667,7.72666666666667,3.56166666666667,11.9683333333333,17.6933333333333,83.7333333333333,74.0883333333333,0.430757234597611,0.316250510114521,0.549527631468939,9.645,72.2397333333333,1.16000081910447,1.0259207206034,9.5,0.838888888888889,0.663492063492063,2.895,1.09073787409701,1.54229446164431,3,0.546026612761123,0.18,0.163333333333333,0.153896386591206,0.738888888888889,7.1,0.601503759398496,6.27852142416584,1.4,1,3.1,0.4,0,"Other",0,0,112.131673059675,105.869610568695,0.65688836460516,-0.79064243617065,"R64","R64 - L",0.823529411764706,0.748150350090326,-0.0753790616743794,0
"1120",2025,2011,"Alabama St","Final - W",0.410295703476069,0.32943730244846,0.696246848094024,35.774358974359,11.4320512820513,24.3423076923077,11.8602564102564,7.78717948717949,2.79615384615385,9.14615384615385,18.5807692307692,74.6205128205128,74.4589743589744,0.442804878048781,0.331654177221797,0.481686356485387,0.161538461538461,70.1254807692308,1.06405807819054,1.0597254548312,9,0.675,0.417857142857143,4.25897435897436,1.4445939334638,1.30313383344205,4,0.638776225209218,0.376923076923077,0.16025641025641,0.209693850894449,0.6125,6.8,0.431003083652901,4.60517018598809,0,0,2.27272727272727,0.2,0,"Other",0,0,102.460322093215,111.150789244015,0.282376296226185,-5.05529910548965,"R64","R64 - L",0.558823529411765,0.535535389785421,-0.0232881396263432,0
"1121",2025,2181,"Drake","Final - W",0.478161750028907,0.357226766446223,0.704819192019883,31.0287878787879,10.2818181818182,20.7469696969697,13.3863636363636,8.78030303030303,2.42727272727273,11.4030303030303,15.7833333333333,70.2863636363636,59.1409090909091,0.445442424968443,0.314207376557927,0.548198572039067,11.1454545454545,61.25175,1.14760867068264,0.966939188125768,7.5,0.401785714285714,0.533333333333333,5.82424242424242,1.20396546922863,1.17481481481481,1.9,0.718698628039693,0.224242424242424,0.0787878787878788,0.0771798516331347,0.660714285714286,4,0.621235654294962,0,0,0,1.66666666666667,0.2,0,"Other",0,0,112.073571973225,97.4826367045615,0.832483237026645,1.35571151644179,"R32","R32 - L",0.90625,0.799308000139868,-0.106941999860132,0
"1122",2025,2250,"Gonzaga","Final - W",0.499675032277894,0.345250431778929,0.800616965943327,39.0109523809524,11.2919047619048,27.7190476190476,19.6242857142857,7.49190476190476,3.00666666666667,9.54095238095238,16.4585714285714,86.9695238095238,69.72,0.413183918309637,0.299464078214529,0.556564476780826,17.2495238095238,70.9826142857143,1.22555657729401,0.982455161071338,8.5,0.534722222222222,0.55,4.85428571428571,1.36484611279132,2.08220957125067,0.9,0.258678474894225,0.124761904761905,0.427619047619048,0.087667116771894,0.472222222222222,10.7,0.833527357392317,6.75693238924755,2.375,2.375,3.55555555555556,0,0,"Other",0,0,123.256309178365,96.634308627818,0.942475113005415,1.40739941804854,"R32","R32 - L",0.757575757575758,0.867441211922527,0.10986545434677,0
"1123",2025,2253,"Grand Canyon","Final - W",0.457512091149208,0.318548823159351,0.734737288161806,37.4829545454545,11.2662337662338,26.2167207792208,14.2301948051948,9.63457792207792,4.94074675324675,12.9126623376623,17.0198051948052,79.7316558441558,68.6949675324675,0.409517474307009,0.31526899524327,0.513920423583456,11.0366883116883,72.6878977272727,1.09722369267746,0.945409638743234,8,0.725,0.5,3.62597402597403,1.20044670180211,1.10740734444067,5.9,0.706171916723622,0.199188311688312,0.237824675324675,0.238850127271351,0.625,7.2,0.64822992357791,5.98896141688986,0.999582217302892,1,3.66666666666667,0.2,1,"Other",0,0,107.343325334325,99.4677918120015,0.70354699682466,-1.26318482993447,"R64","R64 - L",0.787878787878788,0.762297952654088,-0.0255808352246997,0
"1124",2025,2272,"High Point","Final - W",0.492380437559974,0.361105792832597,0.753190937391906,36.7492424242424,11.4121212121212,25.3371212121212,13.0977272727273,6.43333333333333,3.00984848484848,10.7439393939394,17.9026515151515,81.8034090909091,67.6488636363636,0.419955362200621,0.327040471360958,0.568016629498889,14.1545454545455,67.2181571969697,1.21635106461842,1.00672391471839,9.5,0.611111111111111,0.486666666666667,2.47083333333333,1.12080701297634,1.22884377697694,3.4,0.665929978760541,0.276893939393939,0.304545454545455,0.240338367394441,0.633333333333333,8.1,0.69883896459756,3.61091791264422,0,0,3,0,1,"Other",0,0,116.92294098737,109.03037026477,0.682153870079385,-0.846105673378715,"R64","R64 - L",0.852941176470588,0.822796730405408,-0.0301444460651803,0
"1125",2025,2305,"Kansas","Quarterfinals - L",0.478221355088641,0.354486641455495,0.723194963498761,38.6583333333333,10.4833333333333,28.175,17.7916666666667,6.41666666666667,4.63333333333333,11.175,14.25,77.3333333333333,68.4166666666667,0.397674011435972,0.305055290387846,0.54070881592722,8.91666666666667,69.253,1.1174401740739,0.987752118126842,8,0.525,0.6,0.0666666666666667,0.984592797645768,1.61255553892962,1.9,0.61770961013933,0.208333333333333,0.233333333333333,0.194004507939368,0.625,7.9,0.765595463137996,6.96508034560141,3.08,3.3,3.66666666666667,0,0,"Big12",1,1,115.672001743465,92.2802874854615,0.930739958149615,2.0949719491308,"R64","R64 - L",0.636363636363636,0.694456092834247,0.0580924564706102,0
"1126",2025,2335,"Liberty","Final - W",0.492520101024633,0.385174743415153,0.662277265259699,33.7717948717949,6.83717948717949,26.9346153846154,17.0089743589744,6.94358974358974,3.01153846153846,10.3833333333333,13.0166666666667,76.7589743589744,61.5269230769231,0.397338027227454,0.280816125078606,0.586566821741411,15.2320512820513,67.1189935897436,1.14286757065829,0.917501798392453,7,0.708333333333333,0.875,-0.253846153846154,1.20520437009799,1.64618105298956,1.1,0.604108025706673,0.370512820512821,0.391025641025641,0.222765673632726,0.645833333333333,11.4,0.589337175792507,6.54391184556479,1,1,3.33333333333333,0,1,"Other",0,0,112.14363412726,97.9754696930765,0.825383035875955,-0.07997838211027,"R64","R64 - L",0.823529411764706,0.844543040531269,0.0210136287665637,0
"1127",2025,2377,"McNeese","Final - W",0.477618020158213,0.348529281577651,0.717479201613415,35.8692307692308,11.6130769230769,24.2561538461538,13.8076923076923,9.04538461538461,3.32153846153846,10.8853846153846,16.31,76.8876923076923,63.8784615384615,0.404218545050953,0.31902922420194,0.539592188650034,13.0092307692308,66.0041307692308,1.16491206376052,0.967445284927471,8.5,0.527777777777778,0.35,4.70769230769231,1.35724808920725,1.2731802237566,1.1,0.533746126567449,0.146923076923077,0.273846153846154,0.280283171664516,0.645833333333333,10.2,0.687209196230208,5.75890177387728,1.2815790927461,1,3.3,0.4,0,"Other",0,0,112.653754614845,98.918937761812,0.81607784363015,-0.19762378165085,"R32","R32 - L",0.818181818181818,0.833868285760664,0.0156864675788455,0
"1128",2025,2437,"Omaha","Final - W",0.460684832948515,0.362921723253215,0.716658520690779,35.5564393939394,9.93825757575758,25.6181818181818,13.6920454545455,5.92916666666667,2.48484848484848,10.9920454545455,17.9977272727273,77.117803030303,74.3507575757576,0.449239593672749,0.344721761289558,0.532803923327825,2.76704545454546,68.8554507575758,1.11994221796829,1.07961909116223,8,0.6875,0.59,1.15833333333333,0.974439912560271,1.29388723559845,2.1,0.690719292518473,0.173863636363636,0.155681818181818,0.0642650253439537,0.5,6.7,0.445016058331125,4.18965474202643,0,0,2.75,0.2,0,"Other",0,0,109.78932655837,109.31145952837,0.50558131990631,-3.19883226555389,"R64","R64 - L",0.647058823529412,0.584289985162434,-0.062768838366978,0
"1129",2025,2450,"Norfolk St","Final - W",0.490239538239538,0.332771213748657,0.762710133542812,34.97875,10.1525,24.82625,13.96375,7.01125,3.04875,12.48875,17.60125,77.835,68.63,0.411636742815958,0.330683108798308,0.540973111888573,9.205,68.98996875,1.12708819430932,0.996275699972681,9,0.344444444444444,0.341666666666667,-0.5,1.06344136344136,1.11395208667936,3.6,0.740174227044778,0.20625,0.2375,0.387395756800784,0.555555555555556,8.2,0.589442734162415,5.88887795833288,0.982877877692756,1,3.8,0,1,"Other",0,0,106.824969088865,108.679441935145,0.45167622638443,-2.6459426458173,"R64","R64 - L",0.705882352941177,0.726431299757136,0.0205489468159594,0
"1130",2025,2483,"Oregon","Quarterfinals - L",0.457951610986238,0.341928524703966,0.770263157894737,36.1792540792541,10.5074592074592,25.6717948717949,14.7610722610723,7.42517482517483,3.88251748251748,11.1944055944056,16.3990675990676,77.0298368298368,69.8319347319347,0.424629536004326,0.311066851226999,0.524646464386671,7.1979020979021,68.6360699300699,1.12217926553454,1.01804407726234,7.5,0.626785714285714,0.47,1.17575757575758,1.11880426998851,1.32124602394791,3.7,0.724660624249251,0.23962703962704,0.2002331002331,0.0323937736642827,0.598214285714286,6.9,0.656521739130435,7.04838640872188,1.84375,2.6875,3.88888888888889,0.2,1,"Big Ten",0,1,115.491020325825,96.024409881786,0.88729416648783,2.9031686224219,"R32","R32 - L",0.727272727272727,0.649438887188167,-0.0778338400845605,0
"1131",2025,2509,"Purdue","Quarterfinals - L",0.494539958800564,0.390435201210001,0.728174323575171,32.4869463869464,9.51655011655012,22.9703962703963,16.5487179487179,6.60489510489511,1.75268065268065,10.5787878787879,15.8748251748252,78.769696969697,71.186013986014,0.452586984256907,0.307457459955962,0.570422043581793,7.58368298368298,66.425013986014,1.18573987862555,1.07176206457431,7.5,0.653571428571429,0.7,0.872261072261072,1.17019560647563,1.59283337428375,1.8,0.58439121697415,0.218414918414918,0.195104895104895,0,0.669642857142857,8.3,0.694117647058824,6.52356230614951,2.09375,2.16666666666667,2.625,0.2,0,"Big Ten",0,1,123.94589691943,99.4617084634475,0.92067772448153,2.46250564615075,"S16","S16 - L",0.666666666666667,0.686599597076765,0.0199329304100981,0
"1132",2025,2523,"Robert Morris","Final - W",0.449132974856993,0.343599270593785,0.720155888442333,37.6145021645022,12.2777056277056,25.3367965367965,15.7904761904762,6.52813852813853,4.64935064935065,13.2829004329004,16.669696969697,76.5316017316017,70.2748917748918,0.434930140046419,0.333096725832847,0.514893763229994,6.25670995670996,70.2638528138528,1.09169659557211,1.00097446881768,7.5,0.669642857142857,0.5,2.56991341991342,1.0040075820318,1.20621059410547,4.4,0.664652300448256,0.318614718614719,0.156277056277056,0.157784763313609,0.732142857142857,5.5,0.493449781659389,6.12905021006055,1,1,2.77777777777778,0,0,"Other",0,0,103.518474266983,104.560102409325,0.468362777804995,-2.00310753904124,"R64","R64 - L",0.764705882352941,0.679003377130521,-0.0857025052224205,0
"1133",2025,2565,"SIUE","Final - W",0.432484125544375,0.338933844347008,0.663273102198523,38.7384615384615,12.1315384615385,26.6069230769231,13.9423076923077,6.82307692307692,3.98307692307692,11.3338461538462,16.4792307692308,72.7715384615385,66.1284615384615,0.400483956231083,0.331490581454461,0.499046482132012,6.64307692307692,68.6015576923077,1.06113420660012,0.964315441787225,7.5,0.464285714285714,0.391666666666667,3.50230769230769,1.14377492376261,1.23042604973024,1.6,0.378322716345932,0.245384615384615,0.242307692307692,0.0597959735602163,0.598214285714286,9.1,0.445644401566044,5.04985600724954,0,0,2.6,0.2,0,"Other",0,0,100.414420151735,105.331767839165,0.36616974873907,-3.8383234169878,"R64","R64 - L",0.666666666666667,0.690958804597527,0.0242921379308602,0
"1134",2025,2598,"Saint Francis","Final - W",0.463474001009127,0.342149978200135,0.72867557560322,34.12,8.77714285714286,25.3428571428571,14.6147619047619,6.47523809523809,2.38095238095238,13.0409523809524,15.0609523809524,71.7352380952381,72.1690476190476,0.435157525979247,0.309225778206873,0.534841980014861,-0.433809523809524,68.2304333333333,1.05141287757546,1.05695901754811,7.5,0.703571428571429,0.623333333333333,-3.11952380952381,0.86641844981772,1.11715984266047,1.7,0.529852946006393,0.344761904761905,0.25,0.217457287380387,0.803571428571429,8.4,0.427572059210341,5.90263333340137,0,0,1.9,0.2,0,"Other",0,0,99.9095216609305,111.917803739825,0.21328400996688,-6.05512465460535,"First Four","First Four - L",0.484848484848485,0.485396879430197,0.000548394581712464,0
"1135",2025,2599,"St John's","Final - W",0.452567633704009,0.307168096920747,0.686877708704497,40.88,14.5257142857143,26.3542857142857,15.8985714285714,9.20142857142857,5.44142857142857,11.17,16.48,79.2271428571429,66.29,0.404660405234276,0.324374250845555,0.501442651555751,12.9371428571429,71.3027142857143,1.11077944530612,0.929585020503975,6.5,0.69047619047619,0.375,8.38285714285714,1.40289316896816,1.42331060332656,2.6,0.555778266130127,0.242857142857143,0.33,0.200154053444838,0.773809523809524,8.7,0.736206896551724,7.05703698169789,3.6304347826087,0,3.375,0.2,0,"Big East",0,1,112.949675824555,90.4589543057015,0.926792100934555,3.92397134826455,"R32","R32 - L",0.882352941176471,0.821931181886867,-0.0604217592896031,0
"1136",2025,2608,"Saint Mary's","Final - L",0.45433058809898,0.324557747539951,0.694516760647121,40.0548701298701,14.2202922077922,25.8345779220779,15.7732142857143,6.45064935064935,3.92678571428571,9.88636363636364,15.211038961039,73.8597402597403,60.9883116883117,0.406762440051362,0.308099316611112,0.510555387402925,12.8714285714286,63.9161842532468,1.15615108748269,0.953492221488438,6.5,0.773809523809524,0.4,6.80357142857143,1.11747006633436,1.60966783653155,4,0.648033862049457,0.234902597402597,0.275974025974026,0,0.464285714285714,8.5,0.711615487316422,6.62007320653036,1.2,1.2,3,0,0,"Other",0,0,114.8035858629,93.955678755687,0.900855739505425,2.19701315259579,"R32","R32 - L",0.848484848484849,0.839165939332938,-0.00931890915191058,0
"1137",2025,2633,"Tennessee","Final - L",0.461911175229586,0.344808241965441,0.739651176281714,37.3615384615385,11.7397435897436,25.6217948717949,16.0512820512821,7.21025641025641,5.1525641025641,10.3346153846154,15.2102564102564,76.2884615384615,61.3820512820513,0.372652756792752,0.274422310756972,0.541275985227075,14.9064102564103,65.089858974359,1.17147083764424,0.943981315951982,6.5,0.619047619047619,0.525,3.16153846153846,1.1992328042328,1.57190476190476,2.9,0.683178604465675,0.255128205128205,0.352564102564103,0.0969559585492228,0.619047619047619,8.2,0.66011466011466,7.10824413973154,1.76785714285714,2,3.875,0.2,1,"SEC",1,1,118.37145260864,89.3422130210385,0.96050854131427,4.6639602199941,"E8","E8 - L",0.794117647058823,0.812299040819931,0.0181813937611079,1
"1138",2025,2641,"Texas Tech","Semifinals - L",0.476900706517335,0.379134598909101,0.772043333845774,37.2,11.7583333333333,25.4416666666667,16.775,6.90833333333333,3.06666666666667,10.3333333333333,15.4583333333333,81.9333333333333,66.9083333333333,0.42003834744119,0.323968098306145,0.559315870637428,15.025,67.6385416666667,1.21131677518779,0.990011760482232,9,0.675,0.566666666666667,3.90833333333333,1.19826362957431,1.63520584391337,3.8,0.473578934430467,0.333333333333333,0.375,0.379037182263223,0.5625,8.4,0.665938830002232,5.58724865840025,0.932534710749003,1,3.125,0.2,0,"Big12",1,1,124.54588137452,97.3799116331555,0.94032293893759,2.9178129668176,"E8","E8 - L",0.757575757575758,0.824720287405603,0.0671445298298453,1
"1139",2025,2653,"Troy","Final - W",0.445939873318677,0.299645066542802,0.718217503995568,38.2025641025641,13.8891025641026,24.3134615384615,14.4516025641026,9.60961538461538,4.72307692307692,13.9977564102564,16.5073717948718,74.6948717948718,66.0160256410256,0.411783259333919,0.329279531726758,0.51394945441042,8.67884615384615,67.4899294871795,1.10751619432505,0.978933273773727,8.5,0.683333333333333,0.283333333333333,2.56923076923077,1.01190749466427,1.05174311832392,3.6,0.314446552610102,0.193589743589744,0.245833333333333,0.078229996447439,0.472222222222222,7.3,0.562730627306273,6.29710931993394,1,0,2.09090909090909,0,0,"Other",0,0,105.97096127016,100.11684525756,0.657267023536185,-2.0684572737432,"R64","R64 - L",0.696969696969697,0.739848785252636,0.0428790882829386,0
"1140",2025,2670,"VCU","Final - W",0.448416203160162,0.334556398010456,0.739308894035785,38.3311688311688,13.162987012987,25.1681818181818,15.3134199134199,8.00021645021645,5.58311688311688,11.1666666666667,17.7720779220779,77.55670995671,62.0536796536797,0.389293332152407,0.300996818480479,0.531838028171016,15.5030303030303,66.5829242424242,1.1665556148494,0.932527610815652,8,0.634920634920635,0.46,5.16536796536797,1.24834793720336,1.39576357377562,3.4,0.302312891135968,0.176839826839827,0.365800865800866,0.129256568615807,0.563492063492063,8.6,0.611874948489702,5.64897423816121,0.942836963107444,0,3.66666666666667,0.2,0,"Other",0,0,113.68181167048,95.939281908761,0.868796041500855,0.5238340062956,"R64","R64 - L",0.823529411764706,0.861000829688154,0.0374714179234482,0
"1141",2025,2747,"Wofford","Final - W",0.448524027348381,0.331602520783895,0.655056773282454,38.6051282051282,13.2141025641026,25.3910256410256,15.3717948717949,6.00641025641026,2.47051282051282,11.125641025641,16.9935897435897,74.5179487179487,70.2064102564103,0.436479582771269,0.339564316103977,0.531633358706995,4.31153846153846,65.5931474358974,1.13625135948109,1.07076848871458,8.5,0.701388888888889,0.594285714285714,3.87179487179487,0.928804503635748,1.38129218900675,2.2,0.317525990000735,0.303846153846154,0.314102564102564,0.257564619982455,0.763888888888889,7.1,0.551475645127042,4.04305126783455,0,0,3,0.2,0,"Other",0,0,110.216213491755,109.48662129105,0.517812457026705,-4.78472555740285,"R64","R64 - L",0.558823529411765,0.657475653553072,0.0986521241413073,0
"1142",2025,2752,"Xavier","Quarterfinals - L",0.468797832381279,0.38848915260202,0.79689734107806,33.6925,7.92,25.7725,17.3989285714286,7.75285714285714,2.66892857142857,11.1782142857143,15.5278571428571,78.3739285714286,70.205,0.440074433356061,0.337814155031295,0.541724795278712,8.16892857142857,69.6822535714286,1.12470235151086,1.00751151685071,7.5,0.598214285714286,0.775,0.441785714285714,1.1209496856823,1.56448053422266,2.6,0.530272288013758,0.293571428571429,0.216071428571429,0.0617767823814856,0.669642857142857,7.3,0.716486902927581,6.47697236288968,2.33333333333333,2.2,4.5,0,0,"Big East",0,1,115.311931599865,98.8449093446805,0.847862041910735,0.20774774228915,"R64","R64 - L",0.65625,0.695772715149208,0.0395227151492084,0
"1143",2025,2803,"Bryant","Final - W",0.455653937192649,0.340386813186813,0.712194659008385,40.9957792207792,13.3363636363636,27.6594155844156,14.4525974025974,6.68766233766234,5.84967532467532,12.2496753246753,16.2201298701299,81.5896103896104,75.0269480519481,0.418981488000305,0.32021083089804,0.513785508973608,6.56266233766234,73.3248993506493,1.11381001243637,1.02188622550733,7.5,0.464285714285714,0.608333333333333,1.83961038961039,1.01064814098764,1.23609053179697,5.2,0.434888711969,0.354545454545455,0.331493506493506,0.365278583366694,0.464285714285714,8.3,0.612304166737615,3.52636052461616,0,0,4.125,0.2,0,"Other",0,0,105.76331982115,105.812491439185,0.498833499804265,-3.50783641667173,"R64","R64 - L",0.666666666666667,0.695654767125846,0.0289881004591794,0
"1144",2026,8,"Arkansas","Final - W",0.503723213272136,0.389938122141512,0.749309026948532,36.1833333333333,10.925641025641,25.2576923076923,17.5269230769231,7.3948717948718,5.12435897435897,8.9025641025641,16.7884615384615,90.5358974358974,78.4730769230769,0.446919833561217,0.314308701983817,0.571396523704243,12.0628205128205,72.4329551282051,1.2508286668084,1.08332486385695,8,0.625,0.84,2.15128205128205,1.3147259581353,2.00678531701891,4,0.715589596917995,0.232051282051282,0.397435897435897,0.203237108870346,0.625,11,0.759965337954939,7.05185562295589,3.41666666666667,3,2.75,0.4,0,"SEC",1,1,126.60401190878,100.84580722572,0.931824478800905,3.7741005500818,"R32","R32 - NA",0.764705882352941,0.730631970131074,-0.0340739122218674,0
"1145",2026,12,"Arizona","Final - W",0.502938680418441,0.357068912185828,0.73723344287845,43.2410256410256,13.0448717948718,30.1961538461538,17.4705128205128,8.07307692307692,4.23205128205128,11.1179487179487,15.9807692307692,86.8371794871795,67.298717948718,0.386509181477309,0.3145152449469,0.553289498088625,19.5384615384615,71.053391025641,1.22164885213485,0.947689783839907,7.5,0.464285714285714,0.383333333333333,3.76794871794872,1.11381819962778,1.58452003134489,2.3,0.644543336352313,0.176923076923077,0.567948717948718,0.06368214007266,0.401785714285714,12.7,0.746503544622801,4.98360662170834,2.07946094920727,2.5,2.375,0,0,"Big12",1,1,125.396324219815,90.7473017681275,0.97616581783112,6.8369670255749,"R32","R32 - NA",0.941176470588235,0.873742605088161,-0.0674338655000739,0
"1146",2026,26,"UCLA","Semifinals - L",0.476977571277286,0.389140990828738,0.765693828819885,32.5384615384615,9.84871794871795,22.6897435897436,16.5692307692308,6.70897435897436,3.08589743589744,9.00384615384615,17.2038461538462,79.3128205128205,70.2782051282051,0.426268919310502,0.310126877147251,0.548104082496183,9.03461538461539,66.8405576923077,1.1858194073797,1.05340402565348,8,0.6375,0.75,2.35128205128205,1.40712864250178,1.90128642501777,3,0.592721085467387,0.243589743589744,0.308974358974359,0.364391621020757,0.75,7.1,0.681571815718157,6.6052979209482,1.76666666666667,3.375,3.2,0.2,1,"Big Ten",0,1,122.85871104759,101.194715948505,0.902560562167625,1.81198900538417,"R32","R32 - NA",0.676470588235294,0.685553763112765,0.00908317487747123,0
"1147",2026,41,"UConn","Final - L",0.483747250724461,0.352748017191014,0.713424311601233,36.8181818181818,11.4329004329004,25.3852813852814,18.6238095238095,6.97987012987013,5.37164502164502,11.0030303030303,18.1577922077922,78.051948051948,64.4106060606061,0.394149189398349,0.299877543274068,0.554544773196781,13.641341991342,66.6092651515152,1.1717141044396,0.968197300427964,9,0.444444444444444,0.525,2.61883116883117,1.1086065297454,1.70366687173955,3.5,0.787896860486896,0.264069264069264,0.335497835497835,0.274342444410665,0.444444444444444,6.8,0.644897959183673,6.19644412779452,4,5.2,3.11111111111111,0,1,"Big East",0,1,122.057665342245,92.420501694661,0.957514785177235,4.4253286156837,"R32","R32 - NA",0.852941176470588,0.817142776877038,-0.0357983995935501,0
"1148",2026,47,"Howard","Final - W",0.459581623175566,0.349473504376035,0.729951154015325,36.4333333333333,12.3555555555556,24.0777777777778,16.4111111111111,8.71111111111111,3.67777777777778,13.4777777777778,19.3666666666667,77.6888888888889,68.2333333333333,0.421167234336978,0.301618942150504,0.520913378051912,9.45555555555556,69.6267222222222,1.1159220931398,0.979823009092009,7.5,0.611111111111111,0.45,3.3,1.12462893132221,1.2283055198973,5.2,0.424680291098654,0.255555555555556,0.411111111111111,0.256323140807852,0.805555555555556,7.8,0.458577675147813,5.13579843705026,0.857185817702828,1,2.88888888888889,0,1,"Other",0,0,101.89777673475,106.45609346237,0.379507508826245,-3.4316740776728,"R64","R64 - L",0.696969696969697,0.759564401034555,0.0625947040648576,0
"1149",2026,57,"Florida","Semifinals - L",0.47336718744392,0.302527169225461,0.703562211389337,46.2368298368298,16.7053613053613,29.5314685314685,16.3456876456876,6.73123543123543,4.96573426573427,12.0662004662005,17.7571095571096,86.8657342657343,71.665034965035,0.409302925547981,0.324687587645742,0.530418022247281,15.2006993006993,71.9687808857809,1.20707738703297,0.99610655765519,7.5,0.560714285714286,0.24,6.58811188811189,0.968426573426573,1.39244755244755,4.6,0.468416522829423,0.19020979020979,0.362004662004662,0.168219830214051,0.464285714285714,11.4,0.653884050486037,5.31320597904179,3.99058138752217,6.25,2.875,0,0,"SEC",1,1,123.443973422685,91.8701585769825,0.96513616110434,4.27074879472286,"R32","R32 - NA",0.787878787878788,0.832923121408009,0.0450443335292207,0
"1150",2026,58,"South Florida","Final - W",0.439202560326272,0.33062725156588,0.74527066169974,42.916317016317,15.7412587412587,27.1750582750583,17.6449883449883,9.29254079254079,4.22494172494172,10.8689976689977,19.7841491841492,88.9354312354312,76.4438228438228,0.416459989653265,0.347529555278751,0.512052800848846,12.4916083916084,74.4675396270396,1.19392871575262,1.02626551777758,8,0.449206349206349,0.6,6.98951048951049,1.36380780160165,1.68060915220073,4.9,0.358577522487306,0.15967365967366,0.305361305361305,0.143252449292514,0.563492063492063,9.8,0.616986263020935,4.30406509320417,0,0,2.8,0,0,"Other",0,0,116.515018704575,102.036100381225,0.82034196812132,-0.1236368819651,"R64","R64 - L",0.757575757575758,0.784000876217019,0.0264251186412611,0
"1151",2026,61,"Georgia","Early Round - L",0.475736148504402,0.339612940085829,0.759202136250284,39.1035897435897,13.1574358974359,25.9461538461538,15.3815384615385,8.66051282051282,6.53487179487179,10.8076923076923,17.1441025641026,91.8133333333333,78.2466666666667,0.429950460531924,0.332867815286922,0.55313072819808,13.5666666666667,75.1947358974359,1.21885372968093,1.04690069112426,9,0.558441558441558,0.55,2.95846153846154,1.30718763796909,1.42047682119205,5,0.568261849232657,0.275384615384615,0.361025641025641,0.185744434746243,0.512987012987013,13.3,0.632135306553911,6.16120732169508,1.4,1,2.36363636363636,0.2,1,"SEC",1,1,122.54983391817,102.246938731167,0.888111610001785,1.3051900037778,"R64","R64 - L",0.6875,0.74766238440979,0.0601623844097904,0
"1152",2026,62,"Hawai'i","Final - W",0.460323893645523,0.303670688234038,0.734241972639017,40.0333333333333,11.175,28.8583333333333,13.1666666666667,6.50416666666667,3.98333333333333,13.3541666666667,18.2125,80.0708333333333,68.4208333333333,0.401583031888966,0.298017726484598,0.52339392529013,11.65,72.5499791666667,1.10401313715849,0.942780023704519,8,0.888888888888889,0.371428571428571,0.504166666666667,0.904031940942333,0.981969306276791,2.4,0.702425646398851,0.229166666666667,0.333333333333333,0.0865638766519824,0.436507936507937,10,0.593185870390942,5.68697535633982,0.949179505549251,1,3.55555555555556,0.2,0,"Other",0,0,105.36558219705,98.519929327073,0.68317521723003,-1.86456889207947,"R64","R64 - L",0.75,0.758154091706317,0.0081540917063172,0
"1153",2026,66,"Iowa State","Semifinals - L",0.500316289125076,0.393391611519706,0.674641152967607,35.7679487179487,11.9153846153846,23.8525641025641,17.7397435897436,9.26025641025641,2.86410256410256,9.94871794871795,15.7307692307692,83.9923076923077,64.6064102564103,0.426816870240476,0.323793896880304,0.574850265129996,19.3858974358974,68.1762948717949,1.23091834195352,0.949314496066133,7.5,0.732142857142857,0.45,8.72948717948718,1.60416596306144,1.81933965099273,0.9,0.750996262967914,0.16025641025641,0.546153846153846,0.0937234944868533,0.598214285714286,15.9,0.641271582831765,5.71373280550937,1.58940905588415,2,2.77777777777778,0.2,1,"Big12",1,1,124.41316635833,92.9116841101575,0.966198435123285,3.7007307915329,"R32","R32 - NA",0.794117647058823,0.876207946766736,0.0820902997079129,0
"1154",2026,70,"Idaho","Final - W",0.451365841380693,0.363627132609833,0.740740686645886,37.5358974358974,10.8820512820513,26.6538461538462,13.1820512820513,5.94102564102564,2.30769230769231,10.5794871794872,17.8128205128205,79.5692307692308,72.674358974359,0.431764184397163,0.347051393134602,0.539186983109146,6.8948717948718,68.875641025641,1.15581481344144,1.05606610862581,9,0.755555555555556,0.605,2.74358974358974,1.03153733873246,1.24233072794048,4.6,0.623217530194313,0.338461538461538,0.274358974358974,0.305302109492515,0.666666666666667,9.2,0.454916434532286,4.18965474202643,0,0,3.11111111111111,0,1,"Other",0,0,108.913494970695,106.580193690535,0.56194524129184,-4.4278856637906,"R64","R64 - L",0.6,0.666530267731822,0.0665302677318218,0
"1155",2026,96,"Kentucky","Quarterfinals - L",0.470649319642946,0.345200307079904,0.735992014540687,38.1820512820513,11.9551282051282,26.2269230769231,16.6538461538462,7.29102564102564,4.40769230769231,10.3487179487179,17.9397435897436,82.0115384615385,72.3679487179487,0.418341480519261,0.309635061769152,0.537606577004003,9.64358974358974,69.2675705128205,1.1843013744246,1.04575091505016,9.5,0.638636363636364,0.6175,2.00641025641026,1.07964388583399,1.61652788688138,3.8,0.507997967076616,0.205128205128205,0.319230769230769,0.183976323882095,0.522727272727273,8.8,0.636868912559888,5.80513496891649,1.61483471563965,3,2.36363636363636,0.2,1,"SEC",1,1,118.593882651205,99.07743437707,0.887739696114365,1.65101912719431,"R32","R32 - NA",0.617647058823529,0.684130160911966,0.0664831020884363,0
"1156",2026,97,"Louisville","Quarterfinals - L",0.470263714019059,0.357627643739241,0.769413136051288,39.5955710955711,11.6615384615385,27.9340326340326,17.5263403263403,7.17062937062937,3.2965034965035,11.6701631701632,18.4785547785548,86.3156177156177,71.0750582750583,0.413325200753092,0.322713127580384,0.566991968662411,15.2405594405594,71.4881806526807,1.20648592396413,0.996925773524409,8,0.65,0.563333333333333,2.36433566433566,1.06035973154362,1.50465112873703,2,0.557102062011065,0.109090909090909,0.415850815850816,0.302751251508611,0.75,13.4,0.688995215311005,6.03787091992214,1,1,2.9,0.2,1,"ACC",1,1,124.39177115057,97.183213834442,0.942297812695735,2.00384058271475,"R32","R32 - NA",0.696969696969697,0.799186819947458,0.102217122977761,0
"1157",2026,127,"Michigan St","Quarterfinals - L",0.472289250481053,0.357930672268908,0.758534897880113,40.5164102564103,13.0323076923077,27.4841025641026,18.8435897435897,5.33333333333333,4.3,11.6512820512821,16.4492307692308,79.5446153846154,67.5482051282051,0.404821371390482,0.319327786936276,0.538072824687239,11.9964102564103,67.2998,1.18175614178035,1.00470070401989,8.5,0.565277777777778,0.47,3.54102564102564,0.880673117731941,1.61776759188524,1.2,0.746834660829188,0.223589743589744,0.268717948717949,0.0617270725750361,0.409722222222222,7.8,0.709335899903754,6.94697599213542,3.40740740740741,3.40740740740741,2.6,0.2,1,"Big Ten",0,1,120.810631592355,94.1966651348415,0.94591093404752,3.72691225562005,"R32","R32 - NA",0.78125,0.774072776181548,-0.00717722381845243,0
"1158",2026,130,"Michigan","Final - L",0.516577491576619,0.36493822400567,0.740210739283964,41.0589743589744,11.0044871794872,30.0544871794872,19.2147435897436,6.11474358974359,5.90833333333333,12.2211538461538,15.699358974359,89.9647435897436,68.5705128205128,0.378536979565017,0.30174407539933,0.594402653971646,21.3942307692308,72.83825,1.23310142753791,0.945207804506731,9,0.633333333333333,0.686666666666667,-0.532692307692308,0.952417405318292,1.56729563971707,0.9,0.723865311412869,0.226923076923077,0.490384615384615,0.112770391035913,0.555555555555556,15.7,0.655775661314167,5.4510384535657,3.18430234168522,3,3.22222222222222,0.2,1,"Big Ten",0,1,127.775575478575,89.3371067048925,0.981960442665015,7.0021109749024,"R32","R32 - NA",0.911764705882353,0.875491281754898,-0.0362734241274548,0
"1159",2026,139,"Saint Louis","Semifinals - L",0.515264993794053,0.404818947316738,0.741996036249999,40.4077922077922,10.4904220779221,29.9173701298701,18.6647727272727,7.13457792207792,3.39788961038961,12.200487012987,17.9535714285714,88.9352272727273,68.7090909090909,0.375693196160765,0.29253829242266,0.609179996897736,20.2261363636364,71.5797077922078,1.24183211171026,0.961229073092086,9,0.588888888888889,0.87,-0.415584415584416,0.992889037433155,1.54545053475936,2.3,0.598603968575093,0.163474025974026,0.525974025974026,0.149159010109906,0.555555555555556,16.6,0.609099139781138,4.94875989037817,0,0,3.22222222222222,0,0,"Other",0,0,120.483905225175,101.21756874932,0.877277720958065,0.939971409652405,"R32","R32 - NA",0.848484848484849,0.875822944596509,0.0273380961116608,0
"1160",2026,142,"Missouri","Early Round - L",0.492564786087372,0.353452264581297,0.687325998084757,35.8353846153846,11.7123076923077,24.1230769230769,14.1251282051282,6.96871794871795,3.43538461538462,12.3866666666667,17.6646153846154,80.551282051282,74.8374358974359,0.431370815506801,0.363900870676572,0.558811470310498,5.71384615384615,68.9900615384615,1.1672982501858,1.08507859028774,8.5,0.585714285714286,0.5,-0.0712820512820513,0.946656381614493,1.13836036181809,2.7,0.639799043274945,0.35025641025641,0.386153846153846,0.137773359840954,0.778571428571428,8.2,0.558147474375401,5.25749537202778,0.87749753515032,1,3.5,0.2,0,"SEC",1,1,118.973988039425,103.83039923222,0.82072757291858,0.580995959158355,"R64","R64 - L",0.625,0.617434220260185,-0.00756577973981531,0
"1161",2026,150,"Duke","Final - W",0.49199061820838,0.355006063213383,0.722102884722024,40.4240384615385,12.3663461538462,28.0576923076923,17.1355769230769,8.02596153846154,3.37692307692308,10.5144230769231,15.5471153846154,83.3663461538462,62.6894230769231,0.387537911890197,0.303885327635328,0.571881021911336,20.6769230769231,67.1391009615385,1.24170416223757,0.934674826591231,8.5,0.608333333333333,0.595,5.07596153846154,1.20161741885557,1.63811954799788,2.4,0.607050844601184,0.153846153846154,0.426923076923077,0.0679974274938722,0.645833333333333,13.5,0.762832230847996,4.71849887129509,2.75637883186746,3.5,1.88888888888889,0,1,"ACC",1,1,125.583516238755,90.971310662188,0.97366380230639,6.83918135616565,"R32","R32 - NA",0.941176470588235,0.907002017337375,-0.0341744532508603,0
"1162",2026,152,"NC State","Quarterfinals - L",0.469022252611343,0.379260040043285,0.76183908045977,35.0680194805195,10.0003246753247,25.0676948051948,15.6542207792208,8.10827922077922,3.33230519480519,9.53295454545455,18.2818181818182,83.3761363636364,75.0993506493506,0.44214833628364,0.343100491240026,0.553156656717017,8.27678571428572,69.9241866883117,1.19148002668932,1.07560782933467,8.5,0.578571428571429,0.68,2.53246753246753,1.36494488206241,1.65168686652743,4.7,0.328447010234232,0.220292207792208,0.345616883116883,0.171200656166975,0.657142857142857,11.2,0.699095109116506,5.8636311755981,1.25828239645766,0,3.22222222222222,0,1,"ACC",1,1,122.25565168625,102.234505231729,0.88596977063395,0.17533732689125,"First Four","First Four - L",0.606060606060606,0.683854004559658,0.0777933984990518,0
"1163",2026,153,"North Carolina","Quarterfinals - L",0.475092957250666,0.348268622100513,0.68646023922504,38.5514285714286,10.8785714285714,27.6728571428571,16.1753571428571,5.39642857142857,3.42821428571429,9.67678571428571,14.4817857142857,80.2671428571429,69.8421428571429,0.409344091980243,0.33397898735322,0.550478951281242,10.425,68.1157017857143,1.17850920058571,1.02553921298978,8,0.75,0.562857142857143,-0.165,0.978874668686104,1.66987201817493,2,0.775795222709668,0.281428571428571,0.200357142857143,0.178431188654664,0.5625,8.9,0.679517918560765,4.99043258677874,2.91523281434695,3.5,2.33333333333333,0,1,"ACC",1,1,120.28259747723,98.1993667022335,0.90915137442211,2.4654949597787,"R64","R64 - L",0.75,0.724134800870621,-0.0258651991293795,0
"1164",2026,158,"Nebraska","Quarterfinals - L",0.467710478066527,0.354179030419698,0.748412919859149,35.5205128205128,8.85794871794872,26.6625641025641,18.2415384615385,7.16307692307692,2.59282051282051,9.7425641025641,14.2082051282051,78.6158974358974,66.0620512820513,0.399113748989459,0.298707246879291,0.557480401587761,12.5538461538462,67.6809948717949,1.16024001781721,0.977235164759909,7.5,0.732142857142857,0.57,1.98205128205128,1.3431155143493,1.87403585772392,1.4,0.659736659811079,0.203589743589744,0.317435897435897,0.161788520871383,0.464285714285714,11.3,0.549313971080807,5.89715386763674,1.37796282524555,1,4,0,1,"Big Ten",0,1,117.94465574809,93.982640305799,0.931408712167455,3.7326891113174,"R32","R32 - NA",0.8125,0.790608020392326,-0.0218919796076738,0
"1165",2026,193,"Miami OH","Quarterfinals - L",0.526504622993961,0.397656303308651,0.754682816215917,35.6793650793651,8.27380952380952,27.4055555555556,16.3468253968254,7.49920634920635,3.44285714285714,10.6555555555556,16.0047619047619,91.2420634920635,74.6753968253968,0.434170765296085,0.321878671581747,0.614158189818699,16.5666666666667,72.684126984127,1.2549748320493,1.02781970948949,8,0.6625,0.79,0.461111111111111,1.22702517140343,1.54130943516647,2.4,0.831058618364905,0.293650793650794,0.245238095238095,0.286993171993154,0.75,9.6,0.5655399391823,5.3890717298165,0,0,2.55555555555556,0.2,1,"Other",0,0,116.341522442435,107.34164942796,0.71606508616749,1.2312238918888,"R64","R64 - L",0.96875,0.832188898440899,-0.136561101559101,0
"1166",2026,194,"Ohio State","Quarterfinals - L",0.498854968612113,0.355459380157711,0.781878114426127,34.1583333333333,9.325,24.8333333333333,15.0083333333333,4.95833333333333,2.43333333333333,10.5666666666667,17.65,81.925,72.9916666666667,0.434959035917825,0.315602197977932,0.574984337960112,8.93333333333333,67.8479166666667,1.20634239781381,1.07788444469073,7,0.642857142857143,0.675,-0.641666666666667,1.03544907798598,1.41421666086784,3.9,0.475464764315458,0.291666666666667,0.275,0.321423068705016,0.5,6.9,0.595022019012954,3.78418963391826,0,0,3,0,1,"Big Ten",0,1,122.568091545445,101.85112842081,0.885416799815765,1.44986585539613,"R64","R64 - L",0.636363636363636,0.687760586680051,0.0513969503164147,0
"1167",2026,219,"Penn","Final - W",0.439470942351992,0.377118939658179,0.688451309416656,36.6151404151404,11.6669108669109,24.9482295482295,14.0593406593407,6.5995115995116,3.23199023199023,10.8774114774115,16.8144078144078,76.008547008547,73.378021978022,0.450648954893437,0.316473113453442,0.506527368290782,2.63052503052503,69.3484206349206,1.09569570961578,1.05762966035809,8.5,0.416666666666667,0.8,2.48156288156288,1.16596575328128,1.29228716166712,2.2,0.603396686413114,0.372893772893773,0.137606837606838,0.209253507762053,0.291666666666667,5.5,0.587982832618026,6.83840520084734,1,0,2.55555555555556,0,0,"Other",0,0,107.25554735205,106.625709505055,0.51732484532172,-2.9987444333452,"R64","R64 - L",0.620689655172414,0.579706797985005,-0.0409828571874084,0
"1168",2026,222,"Villanova","Quarterfinals - L",0.457035231412632,0.357441955433954,0.693071353597669,34.9030769230769,11.8374358974359,23.065641025641,15.4287179487179,7.37025641025641,2.18051282051282,10.2174358974359,15.9348717948718,77.3051282051282,69.9297435897436,0.448368270416171,0.343146294797394,0.541783877193723,7.37538461538461,66.5019641025641,1.1631874359463,1.05096204448087,7.5,0.741071428571429,0.466666666666667,3.63333333333333,1.23634377664109,1.51245204603581,1.3,0.591573985141265,0.183589743589744,0.173846153846154,0.160309506552552,0.669642857142857,6.3,0.573630136986301,6.37161184723186,1.28571428571429,0,2.75,0,1,"Big East",0,1,119.62494846285,100.225482816775,0.884326957740075,1.97577110626305,"R64","R64 - L",0.75,0.677356709494737,-0.0726432905052633,0
"1169",2026,228,"Clemson","Semifinals - L",0.454612296711437,0.340099260062116,0.726297828530642,34.8541125541126,9.62164502164502,25.2324675324675,13.0209956709957,6.48463203463203,2.70995670995671,9.47792207792208,16.1008658008658,74.9099567099567,66.5439393939394,0.417025383575965,0.314464363515915,0.52996583991194,8.36601731601732,65.877053030303,1.13644883493778,1.01088287008143,8.5,0.645833333333333,0.55,3.01212121212121,1.22972196188691,1.37655263980006,1,0.646940237221038,0.453679653679654,0.23008658008658,0.0606949386643239,0.527777777777778,8.3,0.62027027027027,6.60800062529609,1.5,1.8,3.1,0.2,1,"ACC",1,1,115.888790395935,96.3471506912585,0.8930841110608,1.5932000757468,"R64","R64 - L",0.705882352941177,0.712123832516795,0.00624147957561827,0
"1170",2026,231,"Furman","Final - W",0.472804646365956,0.318634655841432,0.681400427483386,38.5809523809524,11.3875,27.1934523809524,15.7904761904762,4.95238095238095,3.32440476190476,12.2386904761905,14.7196428571429,76.1678571428571,70.0208333333333,0.422988420907149,0.327116285856814,0.549830942732455,6.14702380952381,67.1573482142857,1.13381440812051,1.0427893655754,7.5,0.669642857142857,0.22,-0.9625,0.804223273235145,1.29226579693584,1.9,0.539455585528535,0.37797619047619,0.23452380952381,0.350708243280756,0.598214285714286,7.4,0.688182796683825,5.5683445037611,0.929379529826122,1,2.3,0,0,"Other",0,0,106.7053361832,108.680599327335,0.44745307819663,-4.36264700373665,"R64","R64 - L",0.647058823529412,0.667993525379038,0.0209347018496263,0
"1171",2026,238,"Vanderbilt","Final - L",0.481500527129998,0.35633344541562,0.784818386719821,36.3871794871795,10.8153846153846,25.5717948717949,16.8948717948718,8.65769230769231,4.89230769230769,9.65769230769231,19.6615384615385,88.1487179487179,74.2128205128205,0.417118654222853,0.310496479293472,0.560789385984259,13.9358974358974,71.4819743589744,1.23163012983663,1.04109473117993,7.5,0.689285714285714,0.37,3.26282051282051,1.36150200491256,1.73447050014346,6.3,0.599610946119468,0.221794871794872,0.335897435897436,0.196536239501774,0.401785714285714,10.4,0.614806614659247,5.94017125272043,0.991438938846378,1,3.9,0,1,"SEC",1,1,126.8020509606,97.0956640404735,0.95312453989587,3.6546450254865,"R32","R32 - NA",0.764705882352941,0.766496911368334,0.00179102901539252,0
"1172",2026,245,"Texas A&M","Early Round - L",0.46267426820962,0.365242230539552,0.744953734918625,37.9441025641026,12.4015384615385,25.5425641025641,18.8451282051282,8.27282051282051,3.24051282051282,10.9974358974359,19.1425641025641,89.048717948718,78.7035897435897,0.444446502797137,0.32250098892615,0.547629135410242,10.3451282051282,74.3592205128205,1.19601971414228,1.06046614115876,9,0.675,0.516666666666667,3.81282051282051,1.28133597883598,1.7133024691358,2.5,0.702548798211043,0.258461538461538,0.432820512820513,0.167133149956024,0.675,10.6,0.649614252178255,5.02388052084628,0.838506258586017,0,3.8,0.2,0,"SEC",1,1,119.353878764465,101.27251950579,0.867842691342795,0.802093692894145,"R32","R32 - NA",0.65625,0.69831735795461,0.04206735795461,0
"1173",2026,248,"Houston","Final - L",0.453691424908108,0.348395140087718,0.770761904761905,36.9487179487179,13.0115384615385,23.9371794871795,15.3410256410256,8.16025641025641,3.90512820512821,8.66538461538461,17.7846153846154,78.1294871794872,61.9166666666667,0.396043942152451,0.313358078115771,0.523994945024384,16.2128205128205,65.3461858974359,1.19528150394583,0.948204579246058,7.5,0.607142857142857,0.39,7.98333333333333,1.65480915125652,1.76667140825036,3.6,0.608841158768822,0.198717948717949,0.353846153846154,0.138417641463318,0.598214285714286,13.6,0.69951690821256,6.94312242281943,2.35714285714286,3.71428571428571,2.6,0,0,"Big12",1,1,123.506896478525,91.675089233935,0.96772806150491,4.5030551257283,"R32","R32 - NA",0.823529411764706,0.853494387883272,0.0299649761185663,0
"1174",2026,251,"Texas","Early Round - L",0.488485430886389,0.3511039957597,0.749234567901235,38.4815384615385,12.2523076923077,26.2292307692308,12.5179487179487,5.91076923076923,2.83692307692308,11.1358974358974,18.8589743589744,84.6148717948718,75.6871794871795,0.443368821825745,0.354921206453121,0.553013906215051,8.92769230769231,69.486782051282,1.21723114046984,1.09098203075478,9,0.577777777777778,0.595,1.79384615384615,0.87891156462585,1.12183673469388,3.5,0.471221273151919,0.25025641025641,0.322564102564103,0.11012235078136,0.555555555555556,5.9,0.71303074670571,6.52795791762255,2.23076923076923,0,3.66666666666667,0,1,"SEC",1,1,122.476603616925,105.691446341995,0.843765039300115,-0.101145556889925,"R32","R32 - NA",0.5625,0.678489738310208,0.115989738310208,0
"1175",2026,252,"BYU","Quarterfinals - L",0.480281759537476,0.354970979241843,0.747905537387793,38.9038461538462,12.3538461538462,26.55,14.124358974359,7.55897435897436,4.50769230769231,10.5051282051282,15.3679487179487,84.8923076923077,73.474358974359,0.433206250742692,0.347953598257781,0.552599332765849,11.4179487179487,70.3137179487179,1.20748818521788,1.04468992328698,8.5,0.686111111111111,0.613333333333333,2.98076923076923,1.14100199436077,1.36453889003507,2.3,0.677846470502596,0.253846153846154,0.297435897435897,0.2766163099004,0.354166666666667,7.2,0.680964834941645,3.61091791264422,1.80803101691748,3,2.3,0,0,"Big12",1,1,124.260260900275,101.819768529494,0.90238046404143,2.278482291815,"R64","R64 - L",0.676470588235294,0.716785095520868,0.0403145072855737,0
"1176",2026,258,"Virginia","Final - L",0.468675533117673,0.362965614552127,0.719827537880001,40.5692307692308,13.4346153846154,27.1346153846154,17.0141025641026,6.75769230769231,6.58589743589744,10.6858974358974,17.7269230769231,82.0166666666667,68.0961538461538,0.393729677750248,0.306956447652759,0.558734468106152,13.9205128205128,67.5399038461538,1.21335091393594,1.00860915613659,9,0.755555555555556,0.742857142857143,2.26410256410256,1.02235595589377,1.59777139307346,4.3,0.742619623489344,0.255128205128205,0.380769230769231,0.131332108821192,0.555555555555556,13.1,0.631558393024069,5.76519110278484,0.962234034342679,0,3.22222222222222,0.2,1,"ACC",1,1,122.318787764225,96.8690289664865,0.933970337636515,3.88608448756328,"R32","R32 - NA",0.852941176470588,0.804556951883561,-0.0483842245870271,0
"1177",2026,275,"Wisconsin","Semifinals - L",0.451631287854424,0.351729374290033,0.783542389917982,36.0987179487179,10.3269230769231,25.7717948717949,15.7589743589744,5.8525641025641,3.08076923076923,9.22435897435897,17.15,82.8974358974359,74.6269230769231,0.439043483289915,0.330176836828294,0.544048879877631,8.27051282051282,69.7259871794872,1.18961880748421,1.0713515373541,8,0.8375,0.585714285714286,1.85,1.13065142686389,1.73561183325863,1.5,0.594886121817936,0.2,0.467948717948718,0.246390631998849,0.625,8.9,0.644599038537214,5.80211837537706,1.52176726044039,1.57142857142857,3.25,0.2,0,"Big Ten",0,1,123.221078931415,101.092206933035,0.89356951729963,2.69293524013545,"R64","R64 - L",0.705882352941177,0.683025923479619,-0.0228564294615573,0
"1178",2026,328,"Utah State","Final - W",0.504684777076507,0.364928599556077,0.708277521356624,35.1383333333333,11.04,24.0983333333333,17.9366666666667,9.20333333333333,3.03166666666667,11.0383333333333,18.6833333333333,83.405,69.4183333333333,0.415341966585149,0.331952342357811,0.57950027800299,13.9866666666667,68.5224916666667,1.21727153395645,1.01429385633156,9,0.533333333333333,0.695,3.53166666666667,1.32554468294833,1.66175455151114,3.7,0.833287440032986,0.265,0.393333333333333,0.0867992766726944,0.555555555555556,8.4,0.562509812224011,5.55682806169954,0.927457388424632,1,3.2,0.2,0,"Other",0,0,121.376158912195,100.153894774868,0.900913181927785,2.00049304413065,"R32","R32 - NA",0.823529411764706,0.797835264296061,-0.0256941474686446,0
"1179",2026,333,"Alabama","Quarterfinals - L",0.461909072203293,0.358661422912555,0.760646733111849,41.0635897435897,12.4333333333333,28.6302564102564,16.5610256410256,6.67384615384615,5.34153846153846,9.77179487179487,18.6830769230769,92.6158974358974,83.074358974359,0.4314164422641,0.333110521510741,0.559160282655275,9.54153846153846,74.7631846153846,1.23868914314197,1.11162406069244,9.5,0.801136363636364,0.641071428571429,-1.34717948717949,1.01011915844349,1.69848482591696,3.7,0.713121971019404,0.218461538461538,0.317435897435897,0.638065640687899,0.522727272727273,5,0.692754726590927,5.85220247977447,2.38084418797667,3.3,2.9,0,1,"SEC",1,1,130.213311050615,101.93824456916,0.940260404478345,3.2785832640173,"R32","R32 - NA",0.71875,0.692234973604308,-0.0265150263956925,0
"1180",2026,338,"Kennesaw St","Final - W",0.456760902923593,0.356373062834601,0.685709057539029,41.4566666666667,14.2366666666667,27.22,14.5966666666667,7.31166666666667,5.34,12.2533333333333,20.4083333333333,85.94,75.8333333333333,0.397714545788543,0.328922875375222,0.533845367355889,10.1066666666667,73.3798916666667,1.16937081578239,1.03678424941831,9.5,0.6,0.556666666666667,3.34833333333333,1.0330971659919,1.19679149797571,7.2,0.608741825203079,0.308333333333333,0.238333333333333,0.20435972870139,0.422222222222222,8,0.557675738192958,4.17438726989564,0,0,2.27272727272727,0.2,0,"Other",0,0,109.442287903025,109.026441307015,0.510635002765865,-3.98560028017895,"R64","R64 - L",0.617647058823529,0.687307391058003,0.0696603322344738,0
"1181",2026,356,"Illinois","Quarterfinals - L",0.465297097686824,0.349836176895,0.783316876671715,41.06,13.2441025641026,27.8158974358974,14.785641025641,3.71282051282051,4.72923076923077,9.02666666666667,13.114358974359,84.7353846153846,68.8841025641026,0.406502128865869,0.313859956140335,0.554434134422012,15.8512820512821,67.1511102564102,1.2612689848824,1.02614042212132,8,1,0.55,1.98615384615385,0.876930908901043,1.65042880079364,1.8,0.341389909126443,0.208717948717949,0.345641025641026,0.188736580589582,0.375,12.1,0.681592039800995,5.99893656194668,1.22222222222222,1.4,2.5,0,1,"Big Ten",0,1,130.7042837031,97.8078946025725,0.965277040202815,3.2847628388379,"R32","R32 - NA",0.75,0.836079126161529,0.0860791261615287,0
"1182",2026,2006,"Akron","Final - W",0.513956444940936,0.391145963349676,0.765810917417071,37.9548076923077,11.3740384615385,26.5807692307692,19.3086538461538,7.6875,3.05288461538462,10.8653846153846,15.9711538461538,91.3721153846154,74.7692307692308,0.426508577796869,0.343089910950815,0.603315650908127,16.6028846153846,72.1353076923077,1.26500160879299,1.03631466477497,8,0.625,0.76,3.04134615384615,1.29778414336139,1.81036084713549,2.8,0.501959673091729,0.1,0.375961538461538,0.0453465682463176,0.875,11.5,0.613756613756614,6.34212141872115,1.33333333333333,1,3.33333333333333,0.2,0,"Other",0,0,119.43186222277,107.27042033614,0.77473540456533,-0.0971693900926049,"R64","R64 - L",0.852941176470588,0.829609904160412,-0.0233312723101765,0
"1183",2026,2116,"UCF","Quarterfinals - L",0.474509934349306,0.371331362964531,0.744204742625795,37.8560606060606,12.8030303030303,25.0530303030303,16.2151515151515,5.74621212121212,3.04545454545455,11.2159090909091,17.6318181818182,83.169696969697,77.8280303030303,0.449384801361957,0.335144181835818,0.541368436775281,5.34166666666667,70.8746136363636,1.17292479417049,1.09834851563609,8,0.436507936507937,0.825,3.12045454545455,1.03296753184394,1.45215234203998,0.8,0.791782010819939,0.261363636363636,0.239393939393939,0.125767547571266,0.436507936507937,6.9,0.579606440071556,6.32793678372919,2,1,3.5,0,0,"Big12",1,1,120.251351431605,105.8822861265,0.81204966041766,1.06473886982011,"R64","R64 - L",0.65625,0.567024228916169,-0.0892257710838306,0
"1184",2026,2250,"Gonzaga","Final - W",0.510874428723241,0.340793742581489,0.696840317521185,40.2888888888889,12.0888888888889,28.2,18.3666666666667,8.57777777777778,3.75555555555556,9.75555555555555,16.9444444444444,85.9111111111111,65.9111111111111,0.393306347791642,0.303012216525133,0.563566354421975,20,70.5131111111111,1.21636563780019,0.935696841788582,8.5,0.379166666666667,0.7,7.28888888888889,1.5059055863865,1.87897010925262,3.2,0.653301483103944,0.0333333333333333,0.522222222222222,0.234984743499232,0.708333333333333,14.7,0.829977628635347,6.79682371827486,2.32,2.32,4,0.4,1,"Other",0,0,121.144585089625,93.3897761670245,0.94811848149913,3.6875490465675,"R32","R32 - NA",0.909090909090909,0.899168995252872,-0.00992191383803664,0
"1185",2026,2272,"High Point","Final - W",0.494635280420094,0.353028604465878,0.747399988945946,36.365,11.67375,24.69125,16.42875,11.07,3.9025,9.3125,18.34,90.25125,69.5275,0.423632577742152,0.315157351982457,0.570224100787542,20.72375,71.699825,1.25854198109235,0.969499674839467,8.5,0.688888888888889,0.461904761904762,8.1425,1.80001482579689,1.76409006671609,3.1,0.59744864484235,0.14625,0.46,0.235354116035836,0.527777777777778,16.9,0.629555414183891,1.38629436111989,0,0,3.7,0.4,1,"Other",0,0,116.9227714452,107.848839502435,0.711808474821825,-0.712561356107775,"R32","R32 - NA",0.882352941176471,0.893407865846698,0.0110549246702274,0
"1186",2026,2275,"Hofstra","Final - W",0.446008122165468,0.364940889394669,0.742462843833186,39.5166666666667,12.4625,27.0541666666667,13.2702380952381,5.27976190476191,3.92440476190476,10.9744047619048,16.8642857142857,75.6863095238095,65.2672619047619,0.38365523634224,0.314031712967883,0.526033906919584,10.4190476190476,66.0671845238095,1.14542612644533,0.988178834607846,7.5,0.623214285714286,0.563333333333333,1.0172619047619,0.965066065098292,1.20832210569639,6.7,0.445444442327613,0.391071428571429,0.198809523809524,0.162977866395192,0.598214285714286,6.6,0.610731270999249,4.89783979995091,0,0,2.8,0.2,0,"Other",0,0,112.97104871816,105.361571331735,0.690259810882545,-2.33028758162295,"R64","R64 - L",0.705882352941177,0.761739318165658,0.0558569652244815,0
"1187",2026,2294,"Iowa","Early Round - L",0.493975756573012,0.359009644441375,0.773879762060156,29.9839160839161,8.97668997668998,21.0072261072261,15.5207459207459,7.43286713286713,2.08624708624709,9.73216783216783,17.832634032634,75.8759906759907,64.4808857808858,0.451452407832979,0.332161458120392,0.567382294717287,11.3951048951049,63.3144673659674,1.19739407424152,1.01947116682308,8.5,0.447222222222222,0.708333333333333,4.91585081585082,1.42426416256158,1.5930223727422,2.4,0.506340700436898,0.231468531468531,0.264102564102564,0.0274365274365274,0.645833333333333,9.7,0.778275239661666,3.58351893845611,0.598104004501844,0,2.44444444444444,0.2,1,"Big Ten",0,1,121.81649550276,97.7779001220415,0.921385124890885,0.978696764154165,"R32","R32 - NA",0.636363636363636,0.755396709573492,0.119033073209855,0
"1188",2026,2305,"Kansas","Semifinals - L",0.463299519135762,0.354638573145377,0.761319960178549,38.9405594405594,9.84498834498834,29.0955710955711,14.7815850815851,5.54382284382284,5.92750582750583,10.5776223776224,14.2405594405594,76.7715617715618,68.4629370629371,0.385915406520144,0.298995673977841,0.526568241182943,8.30862470862471,68.4478018648019,1.12071234793448,0.999590506364009,8,0.674603174603175,0.535714285714286,-3.32703962703963,0.927104584289873,1.40559329120615,2.2,0.746531537146363,0.218414918414918,0.28018648018648,0.142586812695237,0.746031746031746,6.3,0.760989010989011,6.99668148817654,3,3.19047619047619,2.44444444444444,0,0,"Big12",1,1,117.693060792075,92.7913814679745,0.935709219622725,3.13826031339495,"R32","R32 - NA",0.696969696969697,0.67716719367698,-0.0198025032927174,0
"1189",2026,2329,"Lehigh","Final - W",0.461998685881727,0.35998310559989,0.727643837341055,31.7962481962482,7.81471861471861,23.9815295815296,14.1499278499279,6.78629148629149,3.30180375180375,12.3047619047619,16.2176767676768,72.9699855699856,73.989898989899,0.445902504438609,0.326311385157454,0.532890889582443,-1.01991341991342,68.9894862914863,1.05886037852611,1.07237033775281,7.5,0.626785714285714,0.685,-3.99516594516595,0.940851449275362,1.16319993412385,3.8,0.55770366990002,0.354617604617605,0.129365079365079,0.246473371426842,0.732142857142857,4.8,0.525641025641026,6.30444880242198,1,1,2,0,0,"Other",0,0,100.950962300946,112.92262556612,0.22476841216174,-6.01678519977275,"First Four","First Four - L",0.529411764705882,0.478534501965908,-0.0508772627399747,0
"1190",2026,2377,"McNeese","Final - W",0.474117399547445,0.32197283573394,0.752986585358834,35.3205128205128,12.739627039627,22.5808857808858,14.7090909090909,10.6918414918415,4.39230769230769,9.71841491841492,18.8843822843823,81.4188811188811,66.9072261072261,0.408425156682814,0.32766339869281,0.531936032308812,14.511655011655,67.9223636363636,1.19759035963662,0.985143375598691,9,0.525,0.53,8.48811188811189,1.78993783516408,1.51054846946784,4,0.671648197686035,0.216317016317016,0.282284382284382,0.104147898949435,0.675,12,0.618383814009916,0,0,0,3.1,0.2,0,"Other",0,0,113.29579858966,102.48174881834,0.760177072801355,0.355387659854285,"R64","R64 - L",0.848484848484849,0.831826766986568,-0.0166580814982801,0
"1191",2026,2378,"UMBC","Final - W",0.470864776049335,0.361060086839697,0.745189995189995,35.6038461538462,8.36346153846154,27.2403846153846,12.5101398601399,4.97762237762238,2.69458041958042,10.0622377622378,13.2763986013986,76.0564685314685,67.752972027972,0.425324968839199,0.314131441046533,0.540963918473891,8.3034965034965,67.4274458041958,1.12979826715043,1.00408346413669,8,0.620634920634921,0.583333333333333,-0.682167832167832,1.08852076258104,1.27250115776474,0.5,0.633832310606339,0.258391608391608,0.321853146853147,0.32178233833863,0.507936507936508,6.3,0.461412151067323,6.41345895716736,1,0,2.33333333333333,0.2,0,"Other",0,0,105.86732388506,110.69134078255,0.38415836530685,-2.5547451941577,"First Four","First Four - L",0.75,0.751880689730975,0.00188068973097488,0
"1192",2026,2390,"Miami","Semifinals - L",0.50346517754021,0.346679390869153,0.681126732727248,37.6824675324675,12.3204545454545,25.362012987013,16.6767857142857,8.00957792207792,3.43279220779221,11.0163961038961,15.6584415584416,82.9602272727273,70.5519480519481,0.438465534053444,0.354083788065481,0.560010581761146,12.4082792207792,69.3163506493507,1.19553029523915,1.02048855245498,7.5,0.527777777777778,0.466666666666667,5.15925324675325,1.18841919613849,1.52493882855286,2,0.524843758092611,0.222727272727273,0.305681818181818,0.278168296767498,0.527777777777778,10.5,0.618383814009916,0,0,0,2,0,0,"ACC",1,1,119.382343170155,100.23245615141,0.881850980484655,1.92901294772376,"R32","R32 - NA",0.757575757575758,0.77036707946403,0.0127913218882729,0
"1193",2026,2449,"N Dakota St","Final - W",0.464844479658585,0.367177132572414,0.726323500523834,36.931737012987,11.8899350649351,25.0418019480519,15.6292207792208,8.33944805194805,2.82345779220779,11.0693993506494,14.6795454545455,81.0961850649351,69.6917207792208,0.435375753542669,0.333086565250723,0.544040233297151,11.4044642857143,69.8704626623377,1.16120454834761,0.998144084037898,8,0.634920634920635,0.66,6.27686688311688,1.25494574447449,1.42170333186857,1,0.655592331202328,0.29650974025974,0.283441558441558,0.159767676390393,0.746031746031746,10,0.598154772409755,5.86929691313377,0.979609720959932,1,2.8,0.2,0,"Other",0,0,110.94324189691,105.902939743985,0.630294077419415,-1.67328880472636,"R64","R64 - L",0.794117647058823,0.782073463350289,-0.0120441837085348,0
"1194",2026,2460,"Northern Iowa","Final - W",0.474415359304307,0.35229215809673,0.697665652999639,32.1589743589744,6.93333333333333,25.225641025641,15.5102564102564,6.67435897435897,3.25384615384615,9.28205128205128,14.9,69.9282051282051,60.6769230769231,0.404139331751392,0.280012252877946,0.547032092952123,9.25128205128205,63.8207564102564,1.09629102167419,0.952659458079585,7,0.642857142857143,0.55,0.841025641025641,1.31171147540984,1.67219262295082,3.2,0.375151213814472,0.3,0.21025641025641,0.135165745643522,0.285714285714286,7.6,0.603225806451613,6.43133108193348,1.5,1.5,2.7,0,0,"Other",0,0,107.562816356905,96.369939837794,0.77883135808956,-2.63447916538551,"R64","R64 - L",0.657142857142857,0.757097157943,0.0999543008001431,0
"1195",2026,2504,"Prairie View","Final - W",0.442055077978048,0.331691430127701,0.759020724854359,33.8358974358974,10.0846153846154,23.7512820512821,12.2358974358974,8.45384615384615,4.77435897435897,12.0307692307692,19.2384615384615,79.8384615384615,77.0769230769231,0.442032152689189,0.33869600463231,0.491851550386881,2.76153846153846,74.723717948718,1.06806183706187,1.03118912249964,8.5,0.45,0.266666666666667,2.44871794871795,1.32368974887645,1.02018656113713,6.9,0.472850993820576,0.323076923076923,0.335897435897436,0.288324009440909,0.590277777777778,8.3,0.452325074032362,5.66988092298052,0.946326374528464,1,3.09090909090909,0.2,0,"Other",0,0,102.27460126581,113.05903665139,0.240337578956825,-6.27561080349735,"R64","R64 - L",0.514285714285714,0.577868835246204,0.0635831209604896,0
"1196",2026,2509,"Purdue","Final - W",0.507222695675706,0.389018867924528,0.748805372222382,35.7974358974359,11.274358974359,24.5230769230769,20.1307692307692,5.59487179487179,2.95897435897436,9.13076923076923,14.6666666666667,83.1512820512821,70.3128205128205,0.442781910015061,0.342477156665628,0.585757779160823,12.8384615384615,65.8161794871795,1.26276679746007,1.06948148368945,8.5,0.645833333333333,0.673333333333333,3.72564102564103,1.16322055137845,2.22872807017544,1.4,0.528517526943913,0.176923076923077,0.371794871794872,0.0960531614981877,0.708333333333333,11.8,0.692737430167598,6.57507584059962,2.14705882352941,2.21875,2.77777777777778,0,0,"Big Ten",0,1,131.20214778943,98.309113195905,0.96495564626698,4.5991113376729,"R32","R32 - NA",0.771428571428571,0.787037488993849,0.0156089175652775,0
"1197",2026,2511,"Queens","Final - W",0.48438940267784,0.35697003080088,0.738737753474596,33.5089743589744,10.2948717948718,23.2141025641026,16.0051282051282,5.72179487179487,2.98333333333333,10.9653846153846,20.1807692307692,85.0692307692308,84.6,0.472129029322192,0.363690812720848,0.569465580654506,0.469230769230769,71.1421666666667,1.19585914387285,1.18865089909768,8,0.634920634920635,0.74,-1.56410256410256,1.01199361615757,1.4786296982133,5.8,0.620091259820269,0.0833333333333333,0.352564102564103,0.0745026390580593,0.563492063492063,5.9,0.538464421595066,4.62497281328427,0,0,2.66666666666667,0,0,"Other",0,0,114.47289965385,118.287688241235,0.41056252299944,-3.47922894457725,"R64","R64 - L",0.617647058823529,0.549575910388656,-0.0680711484348735,0
"1198",2026,2541,"Santa Clara","Final - L",0.467065204391478,0.344514383598891,0.735879712949955,35.96,13.18,22.78,17.0666666666667,8.98,3.8,10.8666666666667,19.54,83.0466666666667,71.9666666666667,0.447594613639806,0.323932687354843,0.546796979009141,11.08,70.2487333333333,1.18206374486623,1.02507754630305,8,0.8125,0.466666666666667,6.05333333333333,1.31956205775483,1.57973799961752,6.7,0.522578079244155,0.173333333333333,0.273333333333333,0.274672017440876,0.625,8.7,0.580384226491405,6.89770494312864,1.25,0,2.55555555555556,0.2,0,"Other",0,0,123.31510914384,102.757454138025,0.88945094804028,1.07510332875007,"R64","R64 - L",0.764705882352941,0.76040740338313,-0.00429847896981128,0
"1199",2026,2561,"Siena","Final - W",0.457432072950122,0.298032036735389,0.770450685051908,34.5259615384615,10.3230769230769,24.2028846153846,13.1865384615385,5.99711538461538,3.04038461538462,10.3125,13.6817307692308,70.625,65.7903846153846,0.428889256532569,0.32576222796811,0.50700834094029,4.83461538461538,64.2607019230769,1.09964488628503,1.02444011840528,7.5,0.426785714285714,0.316666666666667,1.77884615384615,1.07689204097715,1.28706067769898,1.9,0.564345142768714,0.268269230769231,0.115384615384615,0.125632087450693,0.401785714285714,5.6,0.512823375746478,3.49650756146648,0,0,2.11111111111111,0.2,0,"Other",0,0,105.568976376365,107.327971544065,0.452832122378135,-3.88464569887865,"R64","R64 - L",0.676470588235294,0.648644466000423,-0.027826122234871,0
"1200",2026,2567,"SMU","Early Round - L",0.493618538324421,0.370519923315861,0.743614555427235,38.0426573426573,12.3771561771562,25.6655011655012,17.6424242424242,7.31888111888112,3.87062937062937,11.1319347319347,16.7142191142191,85.9778554778555,77.4489510489511,0.431512497382273,0.335545658767444,0.558778884428496,8.52890442890443,71.2911013986014,1.20502705139524,1.08911525351003,7,0.571428571428571,0.675,1.86666666666667,1.150746561495,1.61069316052423,4.3,0.567605506533385,0.244522144522145,0.205361305361305,0.126124306533586,0.428571428571429,9.3,0.605095541401274,6.15697898558556,1.66666666666667,0,3.125,0,0,"ACC",1,1,122.090758973195,103.912079858285,0.864588639055735,-0.00608129090103499,"First Four","First Four - L",0.606060606060606,0.668755722714028,0.0626951166534224,0
"1201",2026,2599,"St John's","Final - W",0.457662472272636,0.335523952970506,0.730285448983961,38.7132478632479,13.1970085470085,25.5162393162393,16.3553418803419,8.04145299145299,5.04102564102564,10.9373931623932,17.3544871794872,82.5720085470086,70.3997863247863,0.419815648397974,0.311682493011553,0.514447785140879,12.1722222222222,71.1192147435898,1.16026992894701,0.990204105820318,7,0.642857142857143,0.4,4.84059829059829,1.31232219682375,1.53845318544862,1.9,0.68857101909448,0.174145299145299,0.339529914529915,0.094791404998204,0.571428571428571,9.1,0.739966555183946,7.08757370555797,3.52083333333333,1,3.3,0.2,0,"Big East",0,1,120.16178911864,95.1655428452685,0.93528894931152,3.6355251382494,"R32","R32 - NA",0.823529411764706,0.788839772080822,-0.0346896396838836,0
"1202",2026,2608,"Saint Mary's","Semifinals - L",0.463044447122306,0.386492985536558,0.802712034746809,40.5,12.525,27.975,15.6583333333333,5.675,3.61666666666667,10.8166666666667,15.5916666666667,78.6166666666667,64.3166666666667,0.403300502392225,0.306806140391354,0.535018158302289,14.3,65.6170833333333,1.19840598711787,0.980333982220599,7,0.583333333333333,0.65,3.35,0.95517109121554,1.46824990793332,2.1,0.652322880320445,0.183333333333333,0.4,0.0387821674519754,0.5625,10,0.716836734693878,6.66568371778241,1.18181818181818,1.18181818181818,2.625,0.2,0,"Other",0,0,118.67579889749,97.498432147346,0.904893104987935,2.00873825431655,"R64","R64 - L",0.84375,0.838443728311783,-0.00530627168821729,0
"1203",2026,2628,"TCU","Quarterfinals - L",0.449772302820332,0.330278444165245,0.710258226325724,36.144289044289,12.2892773892774,23.8550116550117,16.0755244755245,7.93473193473193,4.68717948717949,11.0293706293706,15.9118881118881,77.9871794871795,69.7613053613054,0.43735547061634,0.336776172388542,0.509587360223717,8.22587412587413,69.4795,1.1218507993165,1.00355052704359,7.5,0.698214285714286,0.326666666666667,6.00606060606061,1.29098572037511,1.45551221938051,2.9,0.555350183861685,0.331701631701632,0.172027972027972,0.123482887463087,0.598214285714286,7.2,0.669322709163347,6.62539236800796,1.4,1,2.625,0.2,1,"Big12",1,1,113.089295508735,98.548186426906,0.828454729062755,1.19148071944824,"R32","R32 - NA",0.666666666666667,0.671389783985004,0.00472311731833719,0
"1204",2026,2633,"Tennessee","Quarterfinals - L",0.468003011481272,0.334480431848853,0.697983448196974,42.9685314685315,16.1641025641026,26.8044289044289,17.5745920745921,7.57738927738928,3.66759906759907,11.8004662004662,17.7494172494172,80.7675990675991,68.3188811188811,0.403169987727728,0.305711093610463,0.523643742395165,12.4487179487179,67.7939172494172,1.19090772691945,1.00933681101767,9,0.3,0.233333333333333,5.46736596736597,0.969192110809997,1.4833288166215,1.5,0.408405669917895,0.321445221445221,0.359207459207459,0.339499279526462,0.3875,8.3,0.664019062748213,7.13886699994552,1.81034482758621,2.14285714285714,2.33333333333333,0.2,1,"SEC",1,1,121.076530129555,94.304413342258,0.945439604001495,2.06264181539755,"R32","R32 - NA",0.666666666666667,0.762796373113501,0.0961297064468344,0
"1205",2026,2634,"Tennessee St","Final - W",0.461624351028049,0.323858540089795,0.754363115831966,38.1921328671329,12.9688811188811,25.2232517482517,13.5804195804196,9.56966783216783,3.5375,12.3494755244755,18.0507867132867,80.7949300699301,73.8759615384615,0.444884325302398,0.327061084142395,0.509980404169344,6.91896853146853,72.432236451049,1.11767148776205,1.02042481355308,7.5,0.333333333333333,0.516666666666667,5.74816433566434,1.22867385859512,1.13676723361763,3.6,0.702356446358462,0.206468531468531,0.321853146853147,0.155102040816327,0.527777777777778,7.3,0.618383814009916,0,0,0,2.8,0,0,"Other",0,0,105.01727677446,110.989531922525,0.347315583228535,-2.8241307771372,"R64","R64 - L",0.71875,0.690828812788048,-0.0279211872119517,0
"1206",2026,2641,"Texas Tech","Quarterfinals - L",0.467731818952974,0.388615517944569,0.717356264104696,37.4625641025641,12.0179487179487,25.4446153846154,15.8907692307692,6.0651282051282,3.80769230769231,10.6338461538462,16.1728205128205,81.5379487179487,72.4635897435898,0.439528614183425,0.317013565058412,0.563282930005494,9.07435897435897,68.2067615384615,1.19490927242388,1.06286941292208,7.5,0.683928571428571,0.75,1.02564102564103,0.997957016220065,1.50069124423963,3.3,0.620687122832823,0.300512820512821,0.350769230769231,0.466993718795333,0.598214285714286,8.9,0.677051726716014,5.71702770140622,1.59032560860983,2,2.66666666666667,0,1,"Big12",1,1,124.917509274295,98.7147156318185,0.93465333506895,2.53282623609055,"R32","R32 - NA",0.6875,0.705853791657196,0.0183537916571959,0
"1207",2026,2653,"Troy","Final - W",0.451124852739123,0.339485760897889,0.7465701673928,38.3003246753247,12.6238636363636,25.676461038961,16.3310064935065,8.37970779220779,3.50146103896104,11.6790584415584,16.7655844155844,81.3438311688312,73.2383116883117,0.431864183854235,0.318171905229982,0.5274354605534,8.10551948051948,70.6247402597403,1.15277518503895,1.03811873108354,7.5,0.766071428571429,0.53,2.40974025974026,1.14996985717482,1.47910854949428,3.6,0.617179236209426,0.233116883116883,0.237824675324675,0.1921692760865,0.401785714285714,8.9,0.569444444444444,6.3578422665081,1,1,2.75,0,0,"Other",0,0,111.08015967275,108.43934312499,0.568372356366695,-3.0713061030738,"R64","R64 - L",0.666666666666667,0.691265653399399,0.0245989867327326,0
"1208",2026,2670,"VCU","Final - W",0.460015192706675,0.365883250389489,0.744113554903878,36.9428571428571,11.3559523809524,25.5869047619048,14.4428571428571,7.65535714285714,4.33690476190476,10.5904761904762,17.4303571428571,82.8386904761905,71.6767857142857,0.427880838459786,0.340339562266974,0.541986073331625,11.1619047619048,69.7177023809524,1.18747049363228,1.02871520474322,8.5,0.527777777777778,0.6,1.88630952380952,1.1734756097561,1.36968212714914,1.4,0.530441293905279,0.142261904761905,0.251785714285714,0.148170214099771,0.590277777777778,7.2,0.628255652812334,4.23410650459726,0.706689736926011,0,2.9,0.2,0,"Other",0,0,118.22954061505,103.16307714376,0.825683933101255,0.860357083281825,"R32","R32 - NA",0.794117647058823,0.756858213715562,-0.0372594333432619,0
"1209",2026,2750,"Wright St","Final - W",0.486656887442509,0.350672419411348,0.72325690528373,35.3558441558442,11.3606060606061,23.9952380952381,13.5839826839827,7.68961038961039,4.29069264069264,11.147619047619,17.338961038961,80.1597402597403,72.4337662337662,0.455884499917978,0.324844909114572,0.549093966201549,7.72597402597403,68.609698051948,1.16856309223093,1.05614622201256,8.5,0.521428571428571,0.66,3.0987012987013,1.10185231435231,1.21395063270063,6.2,0.435803779516741,0.264718614718615,0.211904761904762,0.361587022987458,0.657142857142857,10.3,0.521954448753599,3.52636052461616,0,0,2.9,0.2,0,"Other",0,0,111.1367888455,106.993452855265,0.608205649535745,-3.28009390528005,"R64","R64 - L",0.676470588235294,0.693034229701992,0.0165636414666978,0
"1210",2026,2856,"CA Baptist","Final - W",0.432140067640099,0.332511175300297,0.718926223995099,40.1642857142857,14.1242857142857,26.04,10.3438095238095,5.55095238095238,2.85857142857143,12.3290476190476,18.6490476190476,73.3171428571429,67.5195238095238,0.41742250539274,0.29202980727655,0.48952604524866,5.79761904761905,67.4786571428571,1.08671108749675,0.999788160161887,7.5,0.507142857142857,0.533333333333333,3.85285714285714,0.967884467776463,0.833300060559968,7.1,0.734033976404285,0.195714285714286,0.104761904761905,0.390842397152273,0.535714285714286,5.9,0.55133671450496,5.38449506278909,0,0,2.6,0.2,1,"Other",0,0,107.310525520445,101.009156331989,0.66636794752537,-1.1460655372375,"R64","R64 - L",0.757575757575758,0.660960260917777,-0.0966154966579805,0
"1211",2026,112358,"Long Island","Final - W",0.479922716895519,0.362364405221548,0.662935141375217,34.9405982905983,11.5320512820513,23.408547008547,13.6576923076923,7.95213675213675,5.37692307692308,13.3532051282051,17.7474358974359,74.5604700854701,72.9681623931624,0.449206657765958,0.32147604757506,0.532808330276911,1.59230769230769,68.4732596153846,1.09031019383443,1.06211236593929,7,0.520833333333333,0.733333333333333,-0.636965811965812,0.987092386238296,1.03925915154375,4,0.704599832875434,0.358974358974359,0.124145299145299,0.173628169149067,0.708333333333333,6.3,0.375609901691866,4.52178857704904,0,0,2.33333333333333,0,0,"Other",0,0,104.4176607281,109.693943744565,0.362769250990105,-2.88449367701395,"R64","R64 - L",0.705882352941177,0.587083752946768,-0.118798599994409,0
