"","season","team_id","team_name","conf_perf","fgpct","threeptpct","ftpct","treb","oreb","dreb","ast","stl","blk","to","pers_fouls","ppg","opp_ppg","opp_fgpct","opp_threeptpct","efgpct","mov","pace","unadj_off_eff","unadj_def_eff","starters_shooting_threes_pct","three_pt_shooters_at_35pct_pct","extraScoreChances","oppTO_teamTO_ratio","ast_TO_ratio","foul_outs","adj_bayes_win_rate_close","close_pct","blowout_pct","healthy_rate","pct_guards","kill_shot_count","coach_career_adj_win_pct","coach_career_log_games_total","coach_career_adj_march_eff","coach_curr_school_march_eff","avg_team_exp","smdi","womens_team_tourney_flag","tourney_summary","tourney_perf","wlpct","pyth_exp","luck"
"1",2008,6,"South Alabama","Semifinals - L",0.490802568992803,0.368761747226747,0.724253262986389,39.0615384615385,11.6576923076923,24.7076923076923,15.8807692307692,6.63076923076923,2.96538461538462,13.6384615384615,16.3576923076923,75.9576923076923,64.9346153846154,0.422649745615375,0.325517805314188,0.551362417057281,11.0230769230769,65.9908653846154,1.15120557641499,0.983621882474296,0.442857142857143,0.675,1.37692307692308,1.01320159165238,1.17207521657143,3.1,0.718781214041517,0.238461538461538,0.173076923076923,1,0.571428571428571,2.9,0.595446927774606,5.8636311755981,0.978664086133734,1,2.44444444444444,0,0,"R64","R64 - L",0.806451612903226,0.843528215147444,0.037076602244218
"2",2008,8,"Arkansas","Final - L",0.460774141401782,0.36391399645131,0.666913749564612,39.2531468531469,12.2076923076923,24.6772727272727,14.1541958041958,6.01188811188811,5,14.3506993006993,19.1017482517483,73.886013986014,69.0234265734266,0.416526807822546,0.331308992642077,0.522587349339644,4.86258741258741,69.294472027972,1.06608452291352,0.997035551535986,0.480357142857143,0.7,-0.0891608391608391,0.930900832517327,0.9875783104686,3.1,0.553299250955716,0.294055944055944,0.191608391608392,0.993556097675009,0.423214285714286,4,0.55275950073842,4.99721227376411,0.834055218798919,0,2.88888888888889,0.4,0,"R32","R32 - L",0.6875,0.756317674919054,0.0688176749190538
"3",2008,12,"Arizona","Quarterfinals - L",0.47109042032826,0.389938043723986,0.74804254671863,32.4146464646465,8.05126262626263,21.9156565656566,14.8242424242424,5.58813131313131,3.43156565656566,11.3661616161616,16.2558080808081,70.670202020202,66.9472222222222,0.444641673504375,0.328694245599471,0.536575560788011,3.7229797979798,64.466702020202,1.09668614990361,1.03961082635052,0.551785714285714,0.741666666666667,-2.74065656565657,1.06922600619195,1.30982161285567,1.7,0.211471539267759,0.249242424242424,0.153030303030303,0.917052094298104,0.564285714285714,3.5,0.483944422302619,5.76205138278018,1.92342000439991,0,2.55555555555556,0,0,"R64","R64 - L",0.5625,0.702775891620897,0.140275891620897
"4",2008,24,"Stanford","Final - L",0.43225400918862,0.346329449093367,0.714152749399341,41.3916666666667,13.3666666666667,25.1333333333333,13.5916666666667,4.14166666666667,5.49166666666667,11.9,17,68.8666666666667,62.6833333333333,0.398994496271082,0.334412878787879,0.477183073742872,6.18333333333333,64.2324583333333,1.0721684636837,0.975528055643012,0.366071428571429,0.633333333333333,1.21666666666667,0.911133723880253,1.14875686147885,1.8,0.706354487020195,0.358333333333333,0.141666666666667,0.993662464860245,0.307142857142857,4.1,0.539643079294362,5.50533153593236,1.53143734520072,1,2.8,0.2,1,"S16","S16 - L",0.78125,0.840034808450634,0.0587848084506342
"5",2008,26,"UCLA","Final - W",0.482738437722615,0.347452009796014,0.738764289063567,37.8371794871795,11.9179487179487,23.3615384615385,13.8205128205128,7.48589743589744,3.95448717948718,11.7455128205128,14.2532051282051,74.3814102564103,61.1352564102564,0.439804421086207,0.356936725383165,0.531964495171128,13.2461538461538,65.0422532051282,1.14277808810651,0.940188898289704,0.511111111111111,0.5,5.84551282051282,1.18342024226452,1.17339542917744,1.2,0.850601950215629,0.232051282051282,0.336538461538462,0.972354769454581,0.494444444444444,6.5,0.644110275689223,5.99146454710798,3.5,4.66666666666667,2.66666666666667,0,0,"F4","F4 - L",0.939393939393939,0.931587201782665,-0.00780673761127437
"6",2008,30,"USC","Semifinals - L",0.478906974337226,0.371539387013059,0.69474011826953,36.1833333333333,9.09444444444444,23.7333333333333,11.5333333333333,5.31944444444444,4.80833333333333,14.1777777777778,16.2583333333333,68.4805555555556,65.15,0.400193638214953,0.310664202741219,0.534488556892909,3.33055555555556,65.4705277777778,1.04592653309214,0.995787740371265,0.428571428571429,0.5,-5.78611111111111,0.856724490327484,0.81394202925197,6.7,0.665125001753311,0.169444444444444,0.177777777777778,0.974351328366601,0.571428571428571,3.8,0.645454545454546,6.08904487544685,1.66666666666667,3,1.875,0,0,"R64","R64 - L",0.645161290322581,0.723482732532512,0.0783214422099315
"7",2008,41,"UConn","Quarterfinals - L",0.461015807689724,0.361238471673254,0.7380537841212,43.7854545454545,12.6781818181818,27.32,13.8472727272727,5.24545454545455,8.60727272727273,13.2509090909091,14.7072727272727,75.9836363636364,69.62,0.395433515961304,0.364015072270825,0.51079039878214,6.36363636363636,68.2856727272727,1.11347864661505,1.01999382426043,0.571428571428571,0.5,-3.71272727272727,0.849542015133413,1.04639585822382,1.3,0.761504064999994,0.38,0.0763636363636364,0.961980707121818,0.571428571428571,3.5,0.695652173913043,6.98656645940643,3.05263157894737,3.78571428571429,2.22222222222222,0,1,"R64","R64 - L",0.75,0.797192035313341,0.0471920353133406
"8",2008,44,"American","Final - W",0.456425342746104,0.423952998438124,0.740107296137339,36.5794871794872,9.77371794871795,23.1339743589744,12.4833333333333,4.69551282051282,2.58717948717949,13.9442307692308,17.0307692307692,66.8551282051282,62.6794871794872,0.406007292122001,0.345336930419665,0.545826713508222,4.17564102564103,60.9689615384615,1.09711553653125,1.02794757572933,0.507142857142857,0.825,-2.7224358974359,0.828526383240599,0.896175587968456,1.4,0.538950879070121,0.232051282051282,0.0230769230769231,0.992157952493894,0.294642857142857,2.1,0.547252747252747,6.12249280951439,1.8,0,2.44444444444444,0.2,0,"R64","R64 - L",0.645161290322581,0.633578383476569,-0.0115829068460116
"9",2008,46,"Georgetown","Final - L",0.465323312129613,0.36773371106642,0.688861679625823,37.7166666666667,9.86742424242424,24.4401515151515,14.6060606060606,7.03787878787879,5.01515151515152,13.7575757575758,17.9659090909091,66.9409090909091,58.6015151515152,0.376087613308193,0.297789519848343,0.541555155576919,8.33939393939394,62.6057462121212,1.06927505931815,0.936201758865464,0.558730158730159,0.65,-2.74318181818182,0.942365679701851,1.06910232295798,5,0.853835422752455,0.283333333333333,0.137121212121212,0.994184707508061,0.56984126984127,7.4,0.653573808269674,5.36129216570943,2.57261223115384,4.75,2.44444444444444,0,0,"R32","R32 - L",0.838709677419355,0.88084063183069,0.0421309544113349
"10",2008,61,"Georgia","Final - W",0.414115805963782,0.32382818176404,0.677970746376209,42.3439393939394,13.3409090909091,24.9507575757576,11.1681818181818,6.64166666666667,2.96893939393939,14.3598484848485,18.1371212121212,66.755303030303,68.8568181818182,0.440553851279449,0.314295188618169,0.47070810222451,-2.10151515151515,67.6084810606061,0.987869338953645,1.01858430533989,0.370833333333333,0.466666666666667,0.270454545454545,0.853250622174444,0.776663819635678,3.8,0.5229124915483,0.234090909090909,0.0181818181818182,0.967462137949473,0.606944444444444,1,0.57585507362264,5.62040086571715,0.93806795008577,0,2.3,0,1,"R64","R64 - L",0.483870967741935,0.524842888971847,0.0409719212299113
"11",2008,68,"Boise St","Final - W",0.506831933566918,0.407827675929052,0.665001283767869,39.8133333333333,9.58666666666667,27.425,18.01,5.37,2.49333333333333,16.1616666666667,17.705,81.7733333333333,76.7233333333333,0.437197370530704,0.345480693042196,0.581441246800928,5.05,74.623375,1.09560002228674,1.027446669515,0.725714285714286,0.833333333333333,-3.755,0.854080354953766,1.11571740896963,2.8,0.477012835140018,0.231666666666667,0.0966666666666667,0.983154082256831,0.402857142857143,3,0.541985003801736,5.05624580534831,0,0,2,0,0,"R64","R64 - L",0.75,0.708952982945527,-0.0410470170544734
"12",2008,84,"Indiana","Quarterfinals - L",0.446344940096412,0.333027134298696,0.766838335616533,39.5833333333333,11.225,25.9216666666667,12.7433333333333,6.445,3.36333333333333,13.405,17.1133333333333,71.4333333333333,66.2366666666667,0.413520214699422,0.344185401969906,0.510360980279315,5.19666666666667,66.077625,1.08143096940288,1.00245322766269,0.435714285714286,0.35,-0.913333333333333,0.909698431966112,0.955736886011579,1.3,0.609780753058301,0.468333333333333,0.14,0.957848634916124,0.564285714285714,5.9,0.530439155096387,5.6937321388027,0,0,2,0.2,0,"R64","R64 - L",0.78125,0.838273733276159,0.0570237332761594
"13",2008,87,"Notre Dame","Quarterfinals - L",0.46084685576996,0.413952205882353,0.734318285453716,45.0166666666667,12.9277777777778,28.2888888888889,18.7361111111111,5.79444444444444,3.84722222222222,13.3888888888889,15.0444444444444,81.1777777777778,74.9861111111111,0.421363216725168,0.336063806886928,0.5328931470469,6.19166666666667,72.0702083333333,1.12672583592031,1.03929516258247,0.4875,0.866666666666667,-2.75555555555556,0.881331454607317,1.4032696489593,2.1,0.647041271683355,0.172222222222222,0.152777777777778,0.999187884108867,0.5,4.3,0.64894278137489,5.91889385427315,1.31718353840106,1.5,2.75,0,1,"R32","R32 - L",0.8,0.833843267745097,0.0338432677450974
"14",2008,96,"Kentucky","Did Not Play in Conference Tournament",0.470059072621112,0.396899084381793,0.715118140961195,35.0507936507937,8.82222222222222,23.7543650793651,12.1535714285714,5.83531746031746,4.83095238095238,15.431746031746,17.8373015873016,66.5484126984127,66.1365079365079,0.406803588862082,0.317094315524275,0.536287469097024,0.411904761904762,64.8825833333333,1.02505214754161,1.02091734420807,0.34,0.5,-6.92896825396825,0.754908147173188,0.787002463854769,3.1,0.711210881982757,0.498809523809524,0.113095238095238,0.927509469781694,0.5,2.9,0.627180309528338,5.06890420222023,1.41003482603346,0,2.2,0.4,0,"R64","R64 - L",0.642857142857143,0.659924368945816,0.0170672260886734
"15",2008,97,"Louisville","Quarterfinals - L",0.458004245687174,0.334452202866651,0.653615676359039,38.8805555555556,10.7638888888889,25.7666666666667,14.9222222222222,8.6,4.55,12.7583333333333,18.3694444444444,71.6222222222222,61.2583333333333,0.384950303253026,0.303579465541491,0.522463922245119,10.3638888888889,67.1760833333333,1.06603872869209,0.91100501208767,0.598214285714286,0.366666666666667,1.23611111111111,1.15605426468466,1.17603470117541,3.3,0.477828007956687,0.272222222222222,0.230555555555556,0.992782264407537,0.521428571428571,8.3,0.727272727272727,6.52649485957079,4.04166666666667,2.375,2.5,0.2,1,"E8","E8 - L",0.774193548387097,0.867769054782651,0.0935755063955538
"16",2008,98,"Western KY","Final - W",0.473488242368251,0.38716874456345,0.686901743320939,38.1811965811966,11.9662393162393,23.7529914529915,11.9465811965812,7.62393162393162,3.54786324786325,13.6794871794872,20.5269230769231,75.8196581196581,62.9470085470086,0.404872851563472,0.303016339869281,0.536123374310989,12.8726495726496,68.60325,1.10511136697129,0.917375149949743,0.495555555555556,0.675,5.27264957264957,1.28365016135539,0.87980228362691,5,0.426509676978071,0.182905982905983,0.16965811965812,0.981419605451184,0.55,3.3,0.652792782376859,4.82028156560504,0,0,2.6,0.2,1,"S16","S16 - L",0.8125,0.861893427020653,0.0493934270206531
"17",2008,116,"Mount St Mary","Final - W",0.46069512936923,0.360782419967444,0.70130386045879,37.7952380952381,9.95476190476191,25.1119047619048,13.1642857142857,7.0702380952381,4.16904761904762,14.0166666666667,20.272619047619,71.4333333333333,66.4226190476191,0.403990112412304,0.300364033491081,0.519379087486558,5.01071428571429,68.4518333333333,1.04348772650438,0.970400015277071,0.378571428571429,0.225,-1.91904761904762,1.0422985616534,0.953951962016478,5.8,0.284120285610546,0.182142857142857,0.107142857142857,0.995459259563346,0.507142857142857,2.9,0.400400703278391,4.77068462446567,0,0,2.44444444444444,0,0,"R64","R64 - L",0.580645161290323,0.615420923121588,0.0347757618312656
"18",2008,127,"Michigan St","Semifinals - L",0.467730687659513,0.375437091503268,0.723372809263324,39.236519036519,11.2702408702409,24.3048174048174,16.9781662781663,5.7954933954934,3.9014763014763,13.6254079254079,18.4829836829837,67.6550893550894,61.5026418026418,0.40767928055527,0.314720396797498,0.518727481500796,6.15244755244755,63.5207175602176,1.06312237835833,0.969275053885113,0.238888888888889,0.75,-1.22284382284382,0.853455362470954,1.26440107588113,6.5,0.695217494218274,0.166122766122766,0.127350427350427,0.998705966930266,0.505555555555556,5.1,0.696741854636591,5.99146454710798,4.1,4.1,2.44444444444444,0.2,0,"S16","S16 - L",0.757575757575758,0.823151795784639,0.0655760382088819
"19",2008,150,"Duke","Semifinals - L",0.450451572521259,0.373305302533875,0.697619676585467,40.5424242424242,13.1090909090909,24.0888888888889,14.5191919191919,9.01111111111111,3.81313131313131,13.3787878787879,19.730303030303,82.6616161616162,71.3636363636364,0.443896677778966,0.344445743934336,0.526305370700038,11.2979797979798,73.7966212121212,1.12080013551018,0.966523453815579,0.576785714285714,0.775,5.55959595959596,1.36674615174951,1.10693773820781,4.9,0.531720043344675,0.154545454545455,0.196969696969697,0.994958949891887,0.705357142857143,5.5,0.748069498069498,6.94408720822953,4.65217391304348,4.65217391304348,2.2,0.2,0,"R32","R32 - L",0.838709677419355,0.895464455274022,0.0567547778546672
"20",2008,153,"North Carolina","Final - W",0.478716971854792,0.384644696353693,0.764251345742174,47.9447552447552,15.5815073815074,28.3682983682984,16.4162393162393,7.63115773115773,4.72758352758353,14.9835275835276,17.3923076923077,87.2748251748252,74.06891996892,0.425524813396598,0.329871794871795,0.522897525918559,13.2059052059052,76.4165641025641,1.14153681492899,0.970479204842738,0.3125,0.966666666666667,4.16930846930847,1.02854354102671,1.08742972621238,3.6,0.79631525689863,0.234965034965035,0.231623931623932,0.963348891672425,0.625,6.9,0.8,6.48616078894409,3.47222222222222,4.125,2.66666666666667,0.2,1,"F4","F4 - L",0.96969696969697,0.905398397125974,-0.0642985725709955
"21",2008,172,"Cornell","Did Not Play in Conference Tournament",0.493925725029127,0.403077522399688,0.767695583597104,38.1966666666667,9.55111111111111,25.92,14.3655555555556,5.06333333333333,2.92666666666667,13.0655555555556,18.4111111111111,76.1566666666667,64.4933333333333,0.399381588035285,0.353643043236439,0.563633620158088,11.6633333333333,66.9499611111111,1.14029975417266,0.962675256691086,0.492857142857143,0.708333333333333,0.257777777777778,1.05808766392103,1.15493544981484,2.4,0.752449052324839,0.151111111111111,0.244444444444444,0.995855855855856,0.423214285714286,1.7,0.412946546305859,5.25749537202778,0,0,2.2,0.2,1,"R64","R64 - L",0.8,0.76091343603342,-0.0390865639665796
"22",2008,198,"Oral Roberts","Final - W",0.443990350526979,0.348674083438242,0.680281527206584,40.277380952381,11.597619047619,25.1761904761905,13.6892857142857,6.68928571428571,3.78928571428571,12.6214285714286,15.9869047619048,69.772619047619,60.727380952381,0.398598324286189,0.332531102531103,0.50543973081922,9.0452380952381,65.2904761904762,1.06878076639906,0.93006719788529,0.325,0.633333333333333,2.06309523809524,1.04815319189922,1.08789984299467,3,0.568776449680561,0.247619047619048,0.16547619047619,0.973116081948287,0.5,1.5,0.586196661760901,5.50938833662798,0.919539503790822,1,2.6,0.2,1,"R64","R64 - L",0.741935483870968,0.780080957978493,0.0381454741075254
"23",2008,201,"Oklahoma","Semifinals - L",0.423077854703879,0.331168282697694,0.661439823415433,37.0205128205128,11.4431623931624,23.4115384615385,11.4376068376068,6.30982905982906,3.63418803418803,12.5683760683761,17.2807692307692,64.8098290598291,64.5628205128205,0.420255986133207,0.327330139372822,0.482101589896028,0.247008547008547,63.7708333333333,1.01285823771508,1.01512117786505,0.45,0.208333333333333,0.943589743589744,0.976998061859,0.910451586852944,3.1,0.733503742502627,0.248717948717949,0.227350427350427,0.970508066142542,0.6125,3.6,0.623737502125886,5.02388052084628,0.838506258586017,0,2.33333333333333,0,1,"R32","R32 - L",0.65625,0.701445645146207,0.0451956451462071
"24",2008,218,"Temple","Final - W",0.467480484744633,0.370180046609763,0.740157941437445,36.3293939393939,8.92272727272727,24.4743939393939,15.3737878787879,5.9680303030303,4.79257575757576,11.8381818181818,17.5816666666667,72.7969696969697,67.5995454545454,0.416976872800402,0.349441526610644,0.543542438856493,5.19742424242424,65.6399621212121,1.10761739974343,1.02859498873511,0.571428571428571,0.7,-1.84106060606061,1.033949883235,1.31174701941986,3,0.614024477840602,0.391818181818182,0.00833333333333333,0.996559585492228,0.714285714285714,3.7,0.640159045725646,6.22257626807137,1,0,2.75,0.4,1,"R64","R64 - L",0.636363636363636,0.652081761457501,0.0157181250938649
"25",2008,221,"Pitt","Final - W",0.461465483161465,0.355350436182263,0.636784258318984,40.16,14.005,22.4383333333333,15.81,6.27333333333333,3.23666666666667,12.115,16.515,73.0283333333333,67.0383333333333,0.431745214289484,0.342277489670293,0.51730341226962,5.99,65.3648083333333,1.11793420111571,1.02674914017642,0.635714285714286,0.525,2.91166666666667,1.11507114956432,1.33854950422583,3,0.573217822749888,0.188333333333333,0.14,0.964203326778013,0.435714285714286,4.1,0.744991734505476,4.91265488573605,1.63988448804469,2,2.66666666666667,0,1,"R32","R32 - L",0.764705882352941,0.812126804452469,0.0474209220995282
"26",2008,222,"Villanova","Quarterfinals - L",0.415036397085921,0.323315918000128,0.745681344622039,38.7040404040404,12.8454545454545,22.169696969697,12.6666666666667,7.71717171717172,2.78484848484849,14.2373737373737,21.4222222222222,69.3909090909091,69.6313131313131,0.442042342114928,0.366501537400009,0.473906582284337,-0.24040404040404,67.7791717171717,1.02252280002664,1.02746827268993,0.505555555555556,0.505,3.82121212121212,1.11518876117497,0.897010472541507,7.6,0.561312839523566,0.242424242424242,0.117171717171717,0.987443941921822,0.618055555555556,6.6,0.615384615384615,6.00141487796115,1.8,2.33333333333333,1.9,0.2,0,"S16","S16 - L",0.612903225806452,0.626082196557381,0.0131789707509293
"27",2008,228,"Clemson","Final - L",0.452926534365043,0.365453109065329,0.619619223993857,39.7919191919192,15.0638888888889,22.1676767676768,15.0962121212121,9.68358585858586,5.55277777777778,14.039898989899,19.8833333333333,78.5714646464646,70.5366161616162,0.437697250607316,0.293898601398601,0.517300246967068,8.03484848484849,72.6984924242424,1.08119411804476,0.970477651524446,0.375,0.7,5.12954545454545,1.26545072516745,1.07518970886114,4.3,0.553607979714673,0.385606060606061,0.205808080808081,0.987022563726973,0.5,7.3,0.56695652173913,6.35610766069589,1,0,2.5,0,0,"R64","R64 - L",0.75,0.828935447093946,0.0789354470939463
"28",2008,235,"Memphis","Final - W",0.46192094864706,0.346926650585187,0.612516029133973,43.3454545454546,14.1727272727273,26.7363636363636,15.8636363636364,8.71818181818182,5.89090909090909,11.4727272727273,16.8,79.0545454545455,59.8909090909091,0.385241453582985,0.296964867544978,0.527745677553853,19.1636363636364,69.6157272727273,1.13548970411835,0.860294150276429,0.606944444444445,0.626666666666667,8.20909090909091,1.41182950191571,1.40234674329502,2.9,0.550473586135131,0.0909090909090909,0.436363636363636,0.981599897192411,0.6625,10.6,0.736220472440945,6.23244801655052,2.5,2,2.4,0,0,"Final","Final - L",0.96969696969697,0.948764540673491,-0.0209324290234786
"29",2008,238,"Vanderbilt","Quarterfinals - L",0.450030896383999,0.379637709845704,0.726867241094215,37.5931623931624,10.0008547008547,24.1995726495727,17.3811965811966,5.35982905982906,3.53589743589744,14.1457264957265,18.0948717948718,76.2384615384615,73.6111111111111,0.437843096738832,0.344175000253577,0.530990221536172,2.62735042735043,71.6356346153846,1.06281742813733,1.0286497506683,0.564285714285714,0.525,-2.56452991452991,1.01048192395625,1.23572911856446,2.3,0.673538835813372,0.298717948717949,0.167521367521368,1,0.564285714285714,4.3,0.60958904109589,6.08449941307517,2,3,2.4,0,1,"R64","R64 - L",0.78125,0.698730339114684,-0.0825196608853164
"30",2008,239,"Baylor","Early Round - L",0.442206479984588,0.362885950505968,0.761844952383163,40.9983333333333,11.9583333333333,25.6933333333333,11.6983333333333,6.60333333333333,4.39,12.185,23.2166666666667,82.4916666666667,80.5266666666667,0.442810158739576,0.340422735159577,0.513014713740812,1.965,74.4471708333333,1.1082939422059,1.07976178424383,0.698412698412698,0.52,-0.04,1.11402918069585,0.978226711560045,7,0.328879493941681,0.119166666666667,0.05,0.996888588993852,0.698412698412698,6.4,0.444657259195793,4.91998092582813,0,0,2.6,0.4,1,"R64","R64 - L",0.666666666666667,0.73211781246682,0.0654511458001532
"31",2008,245,"Texas A&M","Semifinals - L",0.441169992204475,0.336918103448276,0.66501212335619,41.4428571428571,11.5547619047619,26.2253968253968,12.4,4.45555555555556,3.73650793650794,12.4412698412698,17.6119047619048,68.5309523809524,63.8071428571429,0.411279649801486,0.331349586867982,0.499379754170377,4.72380952380952,65.1640317460318,1.04919730031528,0.979508774403375,0.357142857142857,0.583333333333333,-0.4,0.888025513235597,1.01921738392327,2.9,0.584499294450406,0.151587301587302,0.253174603174603,0.995420721236405,0.571428571428571,5.6,0.564616163639781,5.60947179518496,2.80873153020288,0,2.5,0.2,1,"R32","R32 - L",0.727272727272727,0.852117556623074,0.124844829350347
"32",2008,250,"UT Arlington","Final - W",0.464030106319509,0.345793495491132,0.676340576910644,40.7464646464646,11.189898989899,26.5858585858586,13.4373737373737,6.65656565656566,2.57474747474748,17.0626262626263,20.1777777777778,72.6030303030303,70.910101010101,0.408521272757268,0.330532200170393,0.51917915447546,1.69292929292929,71.2564595959596,1.01882995401334,0.995541505006636,0.3125,0.583333333333333,-3.26868686868687,0.875876411170529,0.78731007554537,5.4,0.518833615387884,0.297979797979798,0.143434343434343,0.988326320421918,0.5,0.1,0.502636485547366,3.43398720448515,0,0,2.6,0.2,0,"R64","R64 - L",0.645161290322581,0.696198912513458,0.0510376221908769
"33",2008,251,"Texas","Final - L",0.434869638505652,0.36668450925802,0.674107974750179,41.6340326340326,12.8843822843823,25.2756798756799,12.1118881118881,5.44965034965035,5.16526806526807,9.27676767676768,17.4266511266511,73.0411033411033,64.9578865578866,0.387430325845263,0.318340384098845,0.502490949501093,8.08321678321678,64.9512785547786,1.12432000411885,0.999526239383725,0.75,0.675,2.06736596736597,1.22450585958892,1.30790624657734,1.5,0.754205389053038,0.285081585081585,0.172804972804973,0.985148781683315,0.666666666666667,7.2,0.655172413793103,6.45990445437753,1.9,2.27777777777778,2,0,1,"E8","E8 - L",0.818181818181818,0.855913964504328,0.0377321463225095
"34",2008,252,"BYU","Final - L",0.452840250465949,0.382444563223206,0.639310787496079,42.1183760683761,10.0504273504274,28.3974358974359,16.8952991452991,5.65042735042735,3.95641025641026,13.4538461538462,17.1645299145299,72.7444444444445,62.8760683760684,0.388993495933791,0.290236898499903,0.530806119374123,9.86837606837607,68.9559700854701,1.05347538589078,0.913185788910457,0.657142857142857,0.56,-0.154700854700855,0.963611418727698,1.27994155284853,3,0.677202662741153,0.15982905982906,0.235042735042735,1,0.571428571428571,1.9,0.678011857781048,4.15888308335967,0.694134639479277,1,2.11111111111111,0,0,"R64","R64 - L",0.8125,0.871707690150778,0.0592076901507784
"35",2008,265,"Washington St","Semifinals - L",0.466045037968055,0.397044550929919,0.716056709039548,30.4815656565657,7.71085858585859,20.055303030303,13.3247474747475,6.27525252525253,2.60454545454545,9.94419191919192,15.7606060606061,65.9532828282828,60.3262626262626,0.448682703178507,0.340421519094094,0.536821880954594,5.6270202020202,59.8451287878788,1.10202629874709,1.00823820774229,0.476190476190476,0.766666666666667,1.54646464646465,1.31619074287981,1.34039786715204,3.9,0.670018964896325,0.286363636363636,0.184343434343434,0.990978858480234,0.441269841269841,3.3,0.695985008635127,3.55534806148941,0.593402169625713,1,3.375,0,0,"S16","S16 - L",0.75,0.855234001540284,0.105234001540284
"36",2008,269,"Marquette","Semifinals - L",0.430561875052932,0.350160772492219,0.708423259862914,39.299696969697,13.5174242424242,22.5490909090909,14.6263636363636,9.22030303030303,3.61636363636364,12.9225757575758,21.4672727272727,74.1118181818182,66.1781818181818,0.420776393452371,0.288614058510763,0.489188075110349,7.93363636363636,69.1363545454546,1.07185947741672,0.957063872553392,0.656944444444444,0.475,5.59954545454545,1.29167422491973,1.12928366264188,5.5,0.448230155885052,0.139848484848485,0.297878787878788,0.996991945890624,0.618055555555556,6.2,0.652614104082001,5.52942908751142,2.19185041980737,2.375,2.77777777777778,0.2,0,"R32","R32 - L",0.727272727272727,0.860761084485875,0.133488357213147
"37",2008,275,"Wisconsin","Final - W",0.443846620518006,0.374177441453927,0.738813734677812,36.625,10.375,23.8916666666667,12.0333333333333,5.89166666666667,3.26666666666667,11,14.1833333333333,65.5166666666667,53.8,0.380931573241749,0.312041038914528,0.50568862794062,11.7166666666667,60.1437083333333,1.08983920419248,0.89568625690202,0.554166666666667,0.633333333333333,1.69166666666667,1.14651415684226,1.12353626737839,1.7,0.621630721460162,0.283333333333333,0.15,0.997727962372933,0.65,6.5,0.671043378256875,5.54126354515843,1.54143267798999,1.66666666666667,2.875,0.2,0,"S16","S16 - L",0.875,0.922732898882776,0.0477328988827761
"38",2008,277,"West Virginia","Semifinals - L",0.435623263075722,0.334221579170301,0.67976836445732,38.6769230769231,11.7779914529915,23.3096153846154,14.3882478632479,6.51602564102564,4.78611111111111,10.8673076923077,18.783547008547,70.8399572649573,64.0647435897436,0.43293455388138,0.366262298910981,0.493404454726752,6.77521367521368,65.6667179487179,1.07805570108561,0.976551108174977,0.507142857142857,0.808333333333333,4.98931623931624,1.35521021021021,1.33443230464507,4,0.44942578773719,0.168162393162393,0.282905982905983,0.993288357212408,0.492857142857143,7,0.735795454545455,6.55819780281227,1.76666666666667,0,2.5,0.2,1,"S16","S16 - L",0.705882352941177,0.870541537240426,0.164659184299249
"39",2008,301,"San Diego","Final - W",0.463327129859388,0.35543133337251,0.63663287743118,37.4367063492064,10.2828373015873,23.5106150793651,14.0769841269841,7.20138888888889,3.31954365079365,13.6985119047619,16.9357142857143,66.2999007936508,59.606746031746,0.425154623768796,0.284423188086366,0.510615253969314,6.69315476190476,65.248091765873,1.01639066098005,0.91363133916951,0.225,0.55,2.53988095238095,1.15931255045009,1.03544891640867,1.6,0.792788570563081,0.413988095238095,0.125198412698413,0.991433249845327,0.717857142857143,1.7,0.595691518320171,0,0,0,2,0,1,"R32","R32 - L",0.65625,0.625209636283354,-0.0310403637166459
"40",2008,344,"Mississippi St","Semifinals - L",0.454650348179964,0.321787257206055,0.665049415992812,44.0803418803419,11.3102564102564,29.4264957264957,12.4461538461538,5.15384615384615,8.08461538461538,15.1444444444444,15.8581196581197,71.9811965811966,65.8418803418803,0.357151477364243,0.317261655984688,0.515497140443078,6.13931623931624,69.5162222222222,1.0359043283842,0.947334632529035,0.657142857142857,0.225,-7.49401709401709,0.747681485181485,0.827980352980353,3.2,0.500749885317927,0.326495726495727,0.230769230769231,0.939164362765504,0.657142857142857,2,0.637752782578105,5.66988092298052,0.946326374528464,1,2.25,0,0,"R32","R32 - L",0.67741935483871,0.779955750801264,0.102536395962554
"41",2008,2046,"Austin Peay","Final - W",0.448960781573057,0.403741575262657,0.710740938455412,36.3510683760684,10.8232905982906,22.6192307692308,14.4884615384615,9.59935897435897,2.53012820512821,12.3649572649573,17.7688034188034,76.6965811965812,70.2365384615385,0.451214987073666,0.36720428191598,0.526540075091218,6.46004273504273,68.9851709401709,1.11174021076047,1.01831168244152,0.5,0.775,4.39465811965812,1.34286680341726,1.17348282915943,4.8,0.718196457350156,0.375213675213675,0.091025641025641,0.993650626143239,0.714285714285714,5.3,0.534516765285996,6.23048144757848,1,1,2.875,0.2,0,"R64","R64 - L",0.705882352941177,0.643954806833826,-0.0619275461073509
"42",2008,2057,"Belmont","Final - W",0.447422789040432,0.362459201261552,0.696691774270684,40.7688311688312,13.2980519480519,23.9954545454545,17.2142857142857,8.31948051948052,1.82532467532468,14.1168831168831,17.9493506493506,81.1798701298701,73.5974025974026,0.457604762852475,0.358894680566693,0.536242675346959,7.58246753246753,72.5706720779221,1.11941156003365,1.01411835575769,0.574285714285714,0.658333333333333,4.97662337662338,1.20137608117852,1.24431796932973,2.8,0.746145939661794,0.264935064935065,0.0785714285714286,0.982104416085071,0.712857142857143,1.6,0.537195508858311,5.47227067367148,0.913344413648059,1,2.4,0.2,0,"R64","R64 - L",0.75,0.703508620426587,-0.046491379573413
"43",2008,2086,"Butler","Final - W",0.440706846266194,0.355463488153294,0.720845719895881,32.7455769230769,9.04153846153846,21.4976923076923,12.8321153846154,6.24711538461538,2.57615384615385,10.0098076923077,16.8021153846154,67.0701923076923,57.5826923076923,0.411254421300191,0.327774355639968,0.52916939295316,9.4875,60.1449875,1.11556818584575,0.957477010043415,0.571428571428571,0.525,1.6425,1.3370649182451,1.30266310506718,3.1,0.778322623889888,0.345384615384615,0.0476923076923077,0.99115146718223,0.428571428571429,2.8,0.595691518320171,0,0,0,2.44444444444444,0.2,0,"R32","R32 - L",0.903225806451613,0.866664961524371,-0.0365608449272417
"44",2008,2166,"Davidson","Final - W",0.478975967131584,0.363088312518697,0.733321477428181,40.0130769230769,11.7261538461538,25.6730769230769,16.7623076923077,7.96076923076923,3.26538461538462,12.3092307692308,17.2330769230769,78.2392307692308,61.2884615384615,0.40811509600562,0.335601572877539,0.548910237085475,16.9507692307692,68.3725269230769,1.14489806706953,0.896206235003256,0.393055555555556,0.493333333333333,6.12153846153846,1.32906794493144,1.36309440985932,2.6,0.704272829789919,0.0969230769230769,0.372307692307692,0.99376849952812,0.505555555555556,4.6,0.587901701323251,6.27287700654617,1,1,2.88888888888889,0.2,0,"E8","E8 - L",0.806451612903226,0.916946296485879,0.110494683582653
"45",2008,2181,"Drake","Final - W",0.448132607122688,0.365297539990174,0.775012487512488,35.9810606060606,11.0560606060606,21.6787878787879,14.255303030303,6.08333333333333,2.49090909090909,11.180303030303,13.9371212121212,71.3477272727273,61.6916666666667,0.434041211598931,0.338648995762162,0.535201801009735,9.65606060606061,61.8333939393939,1.15404024040771,0.998982909079976,0.657142857142857,0.625,2.75833333333333,1.23105376344086,1.28751612903226,0.7,0.597298508771093,0.326515151515152,0.187878787878788,0.985029921008181,0.507142857142857,4.8,0.595691518320171,0,0,0,3,0,0,"R64","R64 - L",0.870967741935484,0.88677183735705,0.0158040954215657
"46",2008,2239,"Fullerton","Final - W",0.479579311780898,0.369013188909028,0.71998350799278,38.6030303030303,11.5919191919192,24.510101010101,15.4969696969697,8.7020202020202,1.51616161616162,13.3313131313131,17.8111111111111,82.0474747474748,71.9353535353535,0.453083393017436,0.369280152422059,0.548819921487475,10.1121212121212,72.6516262626263,1.12941904079379,0.990093839877091,0.476190476190476,0.8,4.49090909090909,1.28043234818749,1.16122893096283,2.3,0.579967168492351,0.118181818181818,0.170707070707071,0.956218169670443,0.698412698412698,0.5,0.576304162025931,4.78749174278205,0,0,2.4,0.2,0,"R64","R64 - L",0.741935483870968,0.793966055611464,0.0520305717404964
"47",2008,2244,"George Mason","Final - W",0.471941314123153,0.340072071044812,0.712187430381847,36.225,9.28333333333333,24.425,12.9416666666667,5.65833333333333,3.28333333333333,11.4083333333333,15.2,69.05,61.3083333333333,0.415283605540717,0.322286749457618,0.531158162897653,7.74166666666667,63.0024583333333,1.09627799044884,0.972917267794661,0.4875,0.366666666666667,0.175,1.02197451278837,1.15216919847594,2.7,0.259542128039729,0.2,0.158333333333333,0.998040501165501,0.6625,3.2,0.571197411003236,6.4281052726846,2.83333333333333,2.83333333333333,2.625,0,0,"R64","R64 - L",0.6875,0.769110999841665,0.0816109998416653
"48",2008,2250,"Gonzaga","Final - L",0.500656667224113,0.373690736453471,0.713704380032398,40.7642857142857,10.7571428571429,26.6,15.4214285714286,8.55714285714286,4.72857142857143,14.4,17.9285714285714,78.6571428571429,62.9214285714286,0.391849174405873,0.323146715513887,0.559192141342394,15.7357142857143,69.7949285714286,1.12698349103459,0.90151265901301,0.505555555555556,0.755,1.11428571428571,1.09867046417784,1.10132053288247,3.6,0.687234493707573,0.242857142857143,0.464285714285714,0.996463585434174,0.629166666666667,7,0.787954108303598,5.57594910314632,1.62863534512878,1.75,2.2,0.2,0,"R64","R64 - L",0.774193548387097,0.892240978283309,0.118047429896213
"49",2008,2305,"Kansas","Final - W",0.499830694600801,0.404264315142107,0.743198325355381,42.9829836829837,12.6064491064491,26.5464646464646,18.1727272727273,7.88150738150738,6.34452214452214,12.6047397047397,17.7152292152292,80.7219114219114,62.8243201243201,0.384064634073074,0.339178174805729,0.556518520913375,17.8975912975913,67.7643313908314,1.18907146809802,0.930809006461597,0.421428571428571,0.975,3.21740481740482,1.11832485322896,1.46111094385067,3.6,0.483922381792436,0.113986013986014,0.426806526806527,0.988246804019675,0.576785714285714,8.8,0.699551569506726,6.10255859461357,2.11111111111111,2,2.88888888888889,0,0,"Final","Final - W",0.909090909090909,0.95867615137153,0.049585242280621
"50",2008,2306,"Kansas St","Quarterfinals - L",0.444730917749755,0.330971866536847,0.706283670804564,43.4948717948718,15.857264957265,23.8286324786325,14.9709401709402,7.3542735042735,3.0474358974359,14.1269230769231,19.5653846153846,77.3700854700855,69.2119658119658,0.436896899172654,0.380644463761347,0.500075320260846,8.15811965811966,70.3111987179487,1.10071402577503,0.98649648334917,0.576785714285714,0.32,6.44957264957265,1.0866940432361,1.06739423608582,3.5,0.584005226785799,0.237606837606838,0.238461538461538,0.952448181443601,0.423214285714286,5.7,0.595691518320171,0,0,0,1.81818181818182,0,1,"R32","R32 - L",0.633333333333333,0.802591720563441,0.169258387230108
"51",2008,2309,"Kent State","Final - W",0.472306231374112,0.373344796831817,0.715217585897511,35.7333333333333,10.675,21.8666666666667,13.4916666666667,8.78333333333333,4.05833333333333,15.1166666666667,18.3583333333333,68.7416666666667,61.1583333333333,0.402846785116724,0.307127752599573,0.535392108490065,7.58333333333333,64.6997083333333,1.06252941271418,0.944615723356766,0.43015873015873,0.541666666666667,-1.00833333333333,1.07680196673292,0.897696198032142,1.5,0.7277058209031,0.191666666666667,0.1,0.991105553405757,0.698412698412698,4.6,0.66474968099411,5.08759633523238,0.849140689264049,1,2.55555555555556,0.4,0,"R64","R64 - L",0.84375,0.804292387615916,-0.039457612384084
"52",2008,2378,"UMBC","Final - W",0.470485140756602,0.38822925944252,0.716099571904233,36.4444444444444,10.2861111111111,22.8,15.5722222222222,6.175,3.51944444444444,8.65,14.7305555555556,75.0861111111111,66.9611111111111,0.432280176278594,0.36245319597346,0.538753088689497,8.125,64.5774861111111,1.1630740479304,1.03742506622759,0.428571428571429,0.833333333333333,2.625,1.43170272435897,1.81025641025641,2.1,0.713676448586843,0.491666666666667,0.0722222222222222,0.973746579385153,0.571428571428571,3.8,0.426779611632529,4.49980967033027,0,0,2.85714285714286,0.2,0,"R64","R64 - L",0.793103448275862,0.743325870509818,-0.0497775777660443
"53",2008,2390,"Miami","Quarterfinals - L",0.426066905655365,0.355084126276142,0.759757349673738,38.9786324786325,12.5418803418803,23.2188034188034,12.3606837606838,6.14786324786325,4.08376068376068,13.1076923076923,19.6547008547009,72.9282051282051,71.248717948718,0.426304520027272,0.361246426529445,0.483595754915083,1.67948717948718,68.8130213675214,1.05821310859293,1.03531684813564,0.369444444444444,0.625,1.03162393162393,1.11654731259798,0.949047586789763,2.6,0.718172314152828,0.363247863247863,0.0829059829059829,0.997095603065752,0.381944444444444,3,0.510764358985839,4.56434819146784,0,0,2.66666666666667,0.2,0,"R32","R32 - L",0.709677419354839,0.753884815923253,0.0442073965684139
"54",2008,2400,"Miss Valley St","Final - W",0.415589686494684,0.355926028408043,0.691776131848727,39.8757575757576,12.6757575757576,23.4280303030303,11.9878787878788,6.33106060606061,3.08636363636364,14.4659090909091,17.7030303030303,65.0454545454545,62.5825757575758,0.420515538760588,0.309151363178209,0.457169839704178,2.46287878787879,65.5927878787879,0.991912574252735,0.954467859370086,0.325,0.533333333333333,1.83181818181818,1.03667993513195,0.827293724507347,2,0.573330701953478,0.541666666666667,0.15530303030303,0.987792603777912,0.5125,0,0.511176170496777,5.6937321388027,0,0,2.2,0.2,0,"R64","R64 - L",0.516129032258065,0.364743919132654,-0.15138511312541
"55",2008,2439,"UNLV","Final - W",0.426905828561316,0.341842776608734,0.756470296084164,35.9714285714286,10.0571428571429,23.0928571428571,14.8928571428571,7.22857142857143,2.75714285714286,10.2642857142857,17.3214285714286,68.0071428571429,62.45,0.421302792758147,0.327441283516455,0.501003226348917,5.55714285714286,64.3364285714286,1.05667702466191,0.972773010722474,0.494444444444444,0.625,3.34285714285714,1.37789261654292,1.47102885093683,2.9,0.723214540881806,0.164285714285714,0.135714285714286,0.998499513355683,0.505555555555556,3.9,0.588597842835131,6.47697236288968,1.95,3,2.3,0,0,"R32","R32 - L",0.78125,0.786441393951324,0.00519139395132373
"56",2008,2483,"Oregon","Quarterfinals - L",0.47433219438015,0.399397493054209,0.715501257217359,34.9194444444444,9.15833333333333,22.4,14.2361111111111,4.15,1.86388888888889,12.1722222222222,18.4083333333333,72.5138888888889,71.4083333333333,0.454350173503827,0.340691455189462,0.559127136699857,1.10555555555556,64.6000972222222,1.12238092567742,1.10666349599181,0.571428571428571,0.85,-3.1,0.84904185202849,1.19573074908329,4.4,0.470739841841183,0.147222222222222,0.133333333333333,0.958517506599089,0.714285714285714,4.7,0.58592132505176,6.18208490671663,1.8,2,2.55555555555556,0,0,"R64","R64 - L",0.580645161290323,0.656326321723518,0.0756811604331958
"57",2008,2502,"Portland St","Final - W",0.473851492243271,0.408681170479616,0.68359810817366,38.9197802197802,11.7950549450549,24.0340659340659,16.5681318681319,6.84395604395604,3.81538461538462,13.6730769230769,18.5005494505494,78.2258241758242,67.089010989011,0.426138773095458,0.318312894339287,0.559805448346523,11.1368131868132,68.2184395604396,1.14618622390415,0.983577715632584,0.4625,0.833333333333333,2.69340659340659,1.09015181461225,1.21725073487663,2.1,0.702542441393668,0.317582417582418,0.27967032967033,0.943521034505174,0.5,2.7,0.541470852449859,4.11087386417331,0,0,2.25,0.2,0,"R64","R64 - L",0.7,0.752335474127868,0.0523354741278677
"58",2008,2509,"Purdue","Quarterfinals - L",0.420195240948242,0.386320187500696,0.707697811147082,34.3076923076923,10.6461538461538,20.6730769230769,14.0346153846154,8.35384615384615,4.28076923076923,12.3230769230769,19.8730769230769,68.2576923076923,61.2538461538462,0.433189870062473,0.33743782076589,0.502688417594359,7.00384615384615,65.3135769230769,1.04449013881348,0.936142582847828,0.495833333333333,0.866666666666667,5.95384615384615,1.39357435138129,1.14422986674158,4.9,0.678678571943869,0.338461538461538,0.123076923076923,0.978205498064564,0.505555555555556,7,0.605529268347887,4.53259949315326,0.756509440641036,1,1.55555555555556,0.2,1,"R32","R32 - L",0.741935483870968,0.78301542705518,0.0410799431842118
"59",2008,2561,"Siena","Final - W",0.442115811737303,0.362495321320266,0.651958237840591,37.8477272727273,11.975,22.5106060606061,14.3613636363636,9.37272727272727,4.11287878787879,10.2242424242424,15.1386363636364,74.4257575757576,68.8090909090909,0.447908509777309,0.367952114636221,0.497351418038723,5.61666666666667,69.0972386363636,1.07708329093285,0.995567691571875,0.442857142857143,0.975,6.09166666666667,1.68653413536776,1.42802107785603,2.2,0.619615428289867,0.243181818181818,0.326515151515152,0.96845792469205,0.571428571428571,6.4,0.537443679927377,5.78689738136671,0.965856901241281,0,2.1,0,0,"R32","R32 - L",0.67741935483871,0.698673493702305,0.0212541388635958
"60",2008,2603,"Saint Joseph's","Final - L",0.478070424973295,0.375058234610551,0.744389715200427,34.4484848484849,9.50934343434344,22.0979797979798,14.2646464646465,6.79848484848485,4.26161616161616,12.4560606060606,17.45,73.159595959596,68.3936868686869,0.443498690141032,0.374815167191929,0.546452734990493,4.76590909090909,65.2571679292929,1.1214272683786,1.04761622967327,0.666666666666667,0.65,0.0338383838383838,1.11660502852556,1.14612425102491,5.9,0.448653448859946,0.413383838383838,0.097979797979798,0.973427708138775,0.666666666666667,5.6,0.63292388165722,5.94017125272043,1.98287787769276,2,3.14285714285714,0,0,"R64","R64 - L",0.625,0.685632098608727,0.0606320986087273
"61",2008,2608,"Saint Mary's","Semifinals - L",0.456669490444631,0.376197215871369,0.647542939593218,40.9547619047619,12.7857142857143,25.4357142857143,14.4404761904762,7.33571428571429,4.99761904761905,13.2940476190476,17.2333333333333,74.2,61.777380952381,0.407332420421129,0.327686585408445,0.527851846889887,12.422619047619,67.575494047619,1.09798012099026,0.914191185826148,0.4375,0.608333333333333,2.84761904761905,1.09678594576156,1.10741132038693,2.1,0.808076031749534,0.11547619047619,0.420238095238095,1,0.5,6.8,0.557018089106434,5.2257466737132,0.872198547220915,1,2.11111111111111,0,0,"R64","R64 - L",0.793103448275862,0.892225288772203,0.0991218404963413
"62",2008,2633,"Tennessee","Semifinals - L",0.459350502730872,0.374922908904022,0.662779634752052,41.7541958041958,14.3730769230769,24.6727272727273,16.9695804195804,7.80944055944056,3.58951048951049,13.1552447552448,21.1874125874126,81.3202797202797,70.7751748251748,0.434922806331835,0.315011183034439,0.527977981930431,10.5451048951049,71.8698059440559,1.13044837047023,0.986330464842407,0.486363636363636,0.475,5.5493006993007,1.24138500847721,1.28545120233064,1.7,0.809312586345649,0.471328671328671,0.276223776223776,0.980711256208205,0.738636363636364,6.4,0.685649574556419,5.24702407216049,1.751499664533,2,2.63636363636364,0,1,"S16","S16 - L",0.875,0.869001555770178,-0.00599844422982221
"63",2008,2737,"Winthrop","Final - W",0.440463370737553,0.363953644629948,0.575353329975013,39.6033333333333,11.845,24.89,13.1866666666667,8.60166666666667,3.79333333333333,12.7466666666667,17.1983333333333,64.6016666666667,55.4683333333333,0.379124166070187,0.296774697731833,0.498164466882635,9.13333333333333,63.4765166666667,1.01798641221886,0.872468573086095,0.380357142857143,0.566666666666667,5.91666666666667,1.22187357534107,1.04058320764203,1.9,0.401281097614257,0.183333333333333,0.17,0.983447014509916,0.380357142857143,2.6,0.440431101663197,4.75359019110636,0.793393694268102,0,2.22222222222222,0,0,"R64","R64 - L",0.65625,0.781073295959951,0.124823295959951
"64",2008,2752,"Xavier","Semifinals - L",0.479831566110555,0.405338119053289,0.748069789117475,37.1935897435897,10.1474358974359,24.3525641025641,15.2183760683761,5.19188034188034,3.32692307692308,13.8940170940171,18.1311965811966,73.2277777777778,62.4209401709402,0.405203617202794,0.350642159140418,0.560584055815958,10.8068376068376,64.5919123931624,1.13338767517376,0.966669930126471,0.571428571428571,0.725,-1.18931623931624,0.925985578639252,1.11737345612908,2.2,0.759882505131194,0.25982905982906,0.281623931623932,0.993939393939394,0.571428571428571,7.2,0.647087972519497,4.56434819146784,0.76180842857044,1,2.66666666666667,0.2,1,"E8","E8 - L",0.8125,0.891872470378725,0.079372470378725
"65",2009,9,"Arizona St","Final - L",0.471966230144531,0.351385826771654,0.734712534347918,33.0138888888889,8.20833333333333,22.5472222222222,14.9472222222222,5.31944444444444,2.14444444444444,10.725,16.2722222222222,67.2333333333333,60.975,0.416391680829673,0.3096296538157,0.555095842391573,6.25833333333333,59.9127361111111,1.12175895775921,1.01848514569955,0.714285714285714,0.6,-1.72777777777778,1.01610231750484,1.39803535252343,5.4,0.586317115047708,0.227777777777778,0.144444444444444,0.970598074946267,0.857142857142857,4.8,0.59453781512605,6.16751649088834,1.33333333333333,0,2.625,0,1,"R32","R32 - L",0.727272727272727,0.833812305409384,0.106539578136657
"66",2009,12,"Arizona","Quarterfinals - L",0.467193664645965,0.37945184211007,0.716626883896837,35.24,10.5033333333333,22.0516666666667,13.55,6.19,2.485,12.5733333333333,15.9716666666667,70.84,70.5366666666667,0.450457834321169,0.367390004365707,0.530358617566238,0.303333333333334,64.7557166666667,1.09125254454235,1.09129555635607,0.55952380952381,0.833333333333333,-2.02166666666667,0.958525014376078,1.07383200669875,4.7,0.484010003128156,0.233333333333333,0.0666666666666667,0.996061243571763,0.507142857142857,3.7,0.622982339779319,0,0,0,2.14285714285714,0,0,"S16","S16 - L",0.59375,0.642631909929289,0.0488819099292894
"67",2009,25,"California","Quarterfinals - L",0.478228186674176,0.408833576085449,0.772587922096119,34.7602564102564,9.56239316239316,22.8094017094017,15.4905982905983,4.71410256410256,1.71837606837607,11.958547008547,16.9269230769231,72.9547008547009,70.5196581196581,0.456221240980805,0.362868448259024,0.538337869160946,2.43504273504274,66.2294123931624,1.10366849312476,1.06532532106606,0.428571428571429,0.833333333333333,-0.892307692307692,0.979397636836121,1.3229288817606,4.6,0.481497281911893,0.248717948717949,0.0461538461538462,0.996191966614502,0.428571428571429,3.2,0.690265486725664,6.67456139181443,1.79166666666667,0,2.625,0.2,1,"R64","R64 - L",0.6875,0.736314519195908,0.0488145191959076
"68",2009,26,"UCLA","Semifinals - L",0.487706895254322,0.417400759084407,0.748839627171546,34.3295454545455,10.5636363636364,20.9204545454545,15.4484848484848,7.76666666666667,2.89393939393939,11.7545454545455,16.7666666666667,74.8022727272727,65.6507575757576,0.453877017161092,0.387551837738996,0.561746277226155,9.15151515151515,64.565125,1.15759239187538,1.01948735767921,0.745833333333333,0.84,3.81136363636364,1.27095341380063,1.31342718141167,2.8,0.571319493240961,0.297727272727273,0.273484848484848,0.996527777777778,0.6625,6.6,0.666666666666667,6.08449941307517,3.92857142857143,5.125,2.7,0,0,"R32","R32 - L",0.757575757575758,0.882473869252086,0.124898111676328
"69",2009,30,"USC","Final - W",0.472200925812467,0.337173739286155,0.659184537024945,37.1583333333333,11.2805555555556,22.8833333333333,11.7972222222222,5.75555555555556,4.125,12.8333333333333,16.3666666666667,66.7361111111111,64.15,0.415342529459435,0.341619924266399,0.507048060936945,2.58611111111111,63.1259861111111,1.05785719839049,1.0166889093846,0.3,0.766666666666667,0.075,0.959126468202376,0.931392583702815,6.4,0.574137053229332,0.416666666666667,0.0666666666666667,0.945496625820097,0.3,4.3,0.644820295983087,6.16120732169508,1.57142857142857,2,2.2,0,0,"R32","R32 - L",0.636363636363636,0.693054319307233,0.0566906829435965
"70",2009,41,"UConn","Quarterfinals - L",0.461294881221555,0.339286044137663,0.66303409924749,46.9972222222222,15.2527777777778,29.1333333333333,15.2333333333333,5.40833333333333,8.30277777777778,13.1777777777778,12.95,76.3861111111111,64.6,0.370489600396142,0.305896843469098,0.504273002594179,11.7861111111111,68.9507083333333,1.10864970211333,0.936632094657905,0.423214285714286,0.5,-0.0472222222222222,0.909312197468199,1.19639387210004,2.4,0.633606173022287,0.0166666666666667,0.194444444444444,0.967344739875484,0.564285714285714,7.8,0.696588868940754,7.01660968389422,2.95,3.6,3,0.2,1,"F4","F4 - L",0.9,0.900442327307992,0.000442327307992318
"71",2009,44,"American","Final - W",0.47918640697724,0.398657238201176,0.628617850869199,37.4130952380952,9.72619047619048,24.5630952380952,13.4928571428571,5.05595238095238,2.82380952380952,13.2654761904762,17.5583333333333,65.9738095238095,56.4916666666667,0.37892673270722,0.305284756994303,0.556478459755338,9.48214285714286,61.2044880952381,1.07820896855969,0.922777130919434,0.416666666666667,0.95,-0.455952380952381,0.972742745668928,1.04099992210227,0.7,0.830659561447504,0.23452380952381,0.267857142857143,1,0.666666666666667,1.3,0.55327868852459,6.19236248947487,1.66666666666667,1,2.875,0.2,0,"R64","R64 - L",0.774193548387097,0.746672304029614,-0.027521244357483
"72",2009,52,"Florida St","Final - L",0.437462444275005,0.339332347322103,0.728815052272859,38.2777056277056,11.7226551226551,23.6801587301587,12.4463924963925,8.10533910533911,5.46414141414141,15.1733766233766,19.0791486291486,69.4767676767677,66.8944444444444,0.395175638217511,0.321234454384359,0.497914021170287,2.58232323232323,68.2787503607504,1.017685306402,0.980386201891236,0.308333333333333,0.316666666666667,-1.57525252525253,1.02635691146865,0.822877979567339,4.6,0.684796732449612,0.448917748917749,0.097041847041847,0.989434887854218,0.381944444444444,7.2,0.508305647840532,6.40191719672719,1.66666666666667,0,2.22222222222222,0,1,"R64","R64 - L",0.735294117647059,0.644691905670363,-0.0906022119766954
"73",2009,97,"Louisville","Final - W",0.455371514687008,0.36185471160493,0.64220084596786,39.4727272727273,12.0454545454545,24.5272727272727,16.0636363636364,9.41818181818182,6.15454545454545,13.7545454545455,17.0454545454545,72.6818181818182,62.3272727272727,0.399268920325866,0.310930735930736,0.526801177780882,10.3545454545455,68.2668181818182,1.06371998926195,0.913777847818353,0.746428571428571,0.643333333333333,1.79090909090909,1.18014362414196,1.16660062234755,2.3,0.794023085023278,0.172727272727273,0.172727272727273,1,0.633928571428571,6.9,0.728412256267409,6.57786135772105,3.96153846153846,2.5,2.625,0,1,"E8","E8 - L",0.848484848484849,0.881565636998529,0.0330807885136806
"74",2009,98,"Western KY","Final - W",0.457934102435381,0.359955499046408,0.694313576494428,39.4709090909091,13.2236363636364,23.9090909090909,13.9181818181818,5.73454545454545,3.05272727272727,13.0654545454545,17.38,73.1818181818182,65.9490909090909,0.438341248699095,0.352648723257419,0.52749123122016,7.23272727272727,65.4047454545455,1.1188171603123,1.00926432718572,0.573809523809524,0.608333333333333,3.24181818181818,1.03690927128427,1.06705447330447,2.2,0.619320677803517,0.32,0.238181818181818,0.997144068994769,0.492857142857143,6.1,0.622982339779319,0,0,0,2.33333333333333,0,0,"R32","R32 - L",0.75,0.704019222855994,-0.0459807771440062
"75",2009,99,"LSU","Semifinals - L",0.437699364465322,0.355531708621669,0.708274005111355,41.9401515151515,13.4659090909091,25.4787878787879,14.7325757575758,7.23863636363636,5.83712121212121,11.9939393939394,17.7916666666667,74.2560606060606,68.3371212121212,0.418532751528515,0.294170693647438,0.48637010357931,5.91893939393939,68.9507613636364,1.0774122950665,0.990615108292502,0.566666666666667,0.3,2.89469696969697,1.07289121240602,1.23664307828395,2.4,0.785497430634334,0.166666666666667,0.214393939393939,0.97846997502941,0.6625,6.1,0.569170346168164,5.64190707093811,1.88331484784013,0,2.7,0,1,"R32","R32 - L",0.787878787878788,0.814424675510355,0.0265458876315667
"76",2009,103,"Boston College","Quarterfinals - L",0.437616463964511,0.33117651422425,0.767124531701616,38.3619047619048,13.9619047619048,21.5761904761905,13.6222222222222,6.10079365079365,4.21825396825397,13.7325396825397,18.5873015873016,73.3039682539683,73.0992063492064,0.437081142984602,0.346168582375479,0.493400051687241,0.204761904761905,67.4772896825397,1.08621113826173,1.08366857714641,0.4,0.66,-1.66587301587302,0.892986604946193,0.996808364508492,4.8,0.64133994104376,0.311904761904762,0.0658730158730159,0.993625156493761,0.3875,3.6,0.569558101472995,6.41673228251233,1.25,1.33333333333333,2.22222222222222,0,0,"R64","R64 - L",0.666666666666667,0.663477838041528,-0.00318882862513836
"77",2009,120,"Maryland","Semifinals - L",0.417595108920315,0.329751491932956,0.750510498240835,40.3013636363636,13.3690909090909,22.4240909090909,14.579696969697,7.5330303030303,3.97893939393939,12.6737878787879,16.9412121212121,70.3881818181818,71.7772727272727,0.427503585522313,0.365390254906384,0.468187320420338,-1.38909090909091,69.2337098484848,1.01604054522707,1.03796495719902,0.407936507936508,0.516666666666667,1.63484848484848,1.20014309410335,1.152450355107,6.4,0.511813919833768,0.395606060606061,0.157575757575758,0.999385695480474,0.56984126984127,5.1,0.637803590285111,6.85435450225502,3,3.16666666666667,2.44444444444444,0,1,"R32","R32 - L",0.606060606060606,0.615811409687737,0.0097508036271311
"78",2009,127,"Michigan St","Semifinals - L",0.442300742184679,0.340185520787188,0.695126149272831,41.3,13.7833333333333,24.4033333333333,14.77,6.065,2.35166666666667,13.8533333333333,19.0083333333333,68.955,61.3866666666667,0.417586036292308,0.310060214184684,0.489828698899003,7.56833333333333,64.7843916666667,1.06384955696676,0.947522932172952,0.423214285714286,0.566666666666667,5.17666666666667,0.963964350470772,1.06638320027768,1.7,0.623978953040772,0.148333333333333,0.105,0.982271314921297,0.564285714285714,3.5,0.701149425287356,6.07764224334903,4,4,2.4,0.2,1,"Final","Final - L",0.8125,0.81319327844031,0.000693278440310086
"79",2009,130,"Michigan","Quarterfinals - L",0.420953340939101,0.329975601634384,0.741977426267811,32.4878205128205,8.86794871794872,20.7320512820513,15.2288461538462,6.44551282051282,2.38974358974359,11.3230769230769,15.0589743589744,64.2692307692308,62.8660256410256,0.448733513847841,0.323214997201093,0.504534220470071,1.40320512820513,62.4106057692308,1.03016504401859,1.00733048153279,0.712857142857143,0.217142857142857,1.49935897435897,1.17577190693629,1.35827217873451,1.1,0.648888168228251,0.148076923076923,0.130128205128205,0.979985518741671,0.831428571428571,4.2,0.606,6.21660610108486,2,0,2.45454545454545,0.2,0,"R32","R32 - L",0.606060606060606,0.666279944775558,0.060219338714952
"80",2009,135,"Minnesota","Quarterfinals - L",0.425583534446029,0.311124378109453,0.72761050182785,38.184965034965,12.3391608391608,21.9293706293706,12.6111888111888,7.95944055944056,5.74265734265734,14.7531468531469,17.6541958041958,62.9688811188811,60.3412587412587,0.403081130209135,0.360403688452469,0.478459248670784,2.62762237762238,63.0917832167832,0.999545555853183,0.955137626126855,0.3175,0.4,1.96083916083916,0.979376408971102,0.859101754672733,2.7,0.653966276601611,0.28951048951049,0.218531468531469,0.989303143803155,0.5,4.2,0.719081272084806,6.34035930372775,2.89285714285714,0,2,0.2,1,"R64","R64 - L",0.6875,0.715433281680666,0.0279332816806659
"81",2009,142,"Missouri","Final - W",0.465555298399873,0.360115165103954,0.674146012752371,37.8895299145299,12.1388888888889,23.3224358974359,17.8284188034188,10.4818376068376,3.77991452991453,12.3412393162393,19.6696581196581,79.3418803418803,67.6081196581197,0.422413089624977,0.30983367983368,0.523751700505465,11.7337606837607,71.6281794871795,1.10661654329479,0.946735728562747,0.3775,0.816666666666667,6.05726495726496,1.51740609287193,1.44420289855072,1.9,0.678661016988644,0.177136752136752,0.367094017094017,0.994957729468599,0.6225,6,0.638479027462196,5.26269018890489,1.46394095231277,0,2.4,0,0,"E8","E8 - L",0.823529411764706,0.899397738917025,0.0758683271523191
"82",2009,150,"Duke","Final - W",0.430103796322029,0.355151289514655,0.718946251998446,37.2022727272727,12.9818181818182,21.7068181818182,12.3136363636364,7.7719696969697,3.78257575757576,11.4840909090909,17.9333333333333,75.0818181818182,67.2045454545455,0.443930627199534,0.351058371748258,0.497206986630341,7.87727272727273,67.9024924242424,1.10383884902228,0.9914653368287,0.493055555555556,0.546666666666667,5.25227272727273,1.40151307361858,1.10192547143009,2,0.699050173142907,0.171969696969697,0.212878787878788,0.971189268596933,0.618055555555556,7.3,0.750467289719626,6.97634807044775,4.5,4.5,2.88888888888889,0.2,1,"S16","S16 - L",0.823529411764706,0.870529969485687,0.0470005577209812
"83",2009,153,"North Carolina","Semifinals - L",0.462106439905251,0.370401383015259,0.776195966452957,45.8764957264957,15.7166666666667,26.8200854700855,17.1226495726496,7.14786324786325,5.01111111111111,12.8581196581197,15.642735042735,87.5901709401709,75.132905982906,0.423636284325662,0.363571816559323,0.51479126934069,12.457264957265,74.7782072649573,1.17079543560705,1.00552571859818,0.43015873015873,0.808333333333333,3.9025641025641,1.09058568882098,1.32670995670996,1.6,0.583665218345246,0.3,0.237179487179487,0.982241006856391,0.580952380952381,10.5,0.806916426512968,6.54391184556479,3.63157894736842,4.6,2.77777777777778,0,1,"Final","Final - W",0.875,0.913627781156494,0.038627781156494
"84",2009,154,"Wake Forest","Quarterfinals - L",0.477943256650339,0.310866426339433,0.711910309996517,42.5583333333333,12.6666666666667,26.825,12.125,7.825,5.275,15.3666666666667,19.1916666666667,79.8,74.3666666666667,0.412971802927326,0.3138362844302,0.515480089983995,5.43333333333333,74.5063333333333,1.0701246016296,0.998807897798136,0.255555555555556,0.5,-0.833333333333333,0.958274193548387,0.787091397849462,3.7,0.699050173142907,0.208333333333333,0.208333333333333,0.998796870386773,0.494444444444444,5.3,0.406297588419158,5.40717177146012,0,0,2.44444444444444,0.2,0,"R64","R64 - L",0.8,0.833151987330264,0.0331519873302635
"85",2009,172,"Cornell","Did Not Play in Conference Tournament",0.485334851668123,0.425134180408546,0.72506217874316,40.5782051282051,9.88183760683761,27.2298076923077,15.5696581196581,6.51869658119658,3.84391025641026,13.0458333333333,17.7117521367521,74.5221153846154,61.0645299145299,0.39385263080128,0.292137277959426,0.554318137774282,13.4575854700855,66.3243867521368,1.12253093033438,0.921062676842065,0.564285714285714,0.85,0.0577991452991453,0.991848854445891,1.20415531431763,2,0.548840623605975,0.12232905982906,0.425106837606838,0.985779683254284,0.423214285714286,2.7,0.456778431275362,5.39362754635236,0.900218553234336,1,2.77777777777778,0.2,0,"R64","R64 - L",0.7,0.825701722901935,0.125701722901935
"86",2009,183,"Syracuse","Final - L",0.479991329520387,0.351689436940969,0.633202817808498,43.0516483516484,13.5027472527473,25.6087912087912,18.2604395604396,7.5478021978022,5.10714285714286,14.5813186813187,16.1241758241758,80.4494505494505,73.9703296703297,0.423341325934589,0.305323762004698,0.537379409839994,6.47912087912088,73.2151593406593,1.09944326881919,1.00968624346728,0.423214285714286,0.566666666666667,-1.71043956043956,1.00279256630188,1.25947221400638,5.3,0.696967090235721,0.198351648351648,0.181318681318681,0.976725455098561,0.423214285714286,9.1,0.734985700667302,6.95654544315157,2.66,2.66,2.5,0.2,0,"S16","S16 - L",0.742857142857143,0.779659470314733,0.0368023274575899
"87",2009,194,"Ohio State","Final - L",0.496523271800155,0.393703578246814,0.719704965180192,32,7.40883838383838,22.2010101010101,13.8679292929293,5.41060606060606,4.65681818181818,13.4015151515152,15.0664141414141,66.7568181818182,63.4164141414141,0.417561366416248,0.361348038285502,0.569427480939968,3.34040404040404,61.843803030303,1.07929746713768,1.02588830426265,0.435714285714286,0.758333333333333,-5.0290404040404,0.95506901652038,1.04838180949864,1.9,0.533402999733829,0.342676767676768,0.166919191919192,0.995366369808659,0.717857142857143,4.9,0.749700680087566,5.61312810638807,2.10792171764904,3.75,1.77777777777778,0.2,1,"R64","R64 - L",0.6875,0.704422836324578,0.0169228363245778
"88",2009,197,"Oklahoma St","Semifinals - L",0.45277769998953,0.370954076491194,0.745599299087671,36.9281818181818,9.62318181818182,25.1498484848485,11.5610606060606,7.30015151515152,2.24075757575758,12.065303030303,21.4792424242424,80.0039393939394,74.9087878787879,0.448308400460299,0.34347916560205,0.532757836875303,5.09515151515151,71.8107151515152,1.11399055264945,1.04331947399476,0.576785714285714,0.755,1.82227272727273,1.23441791555074,0.958654339278591,9.9,0.619767946172224,0.22469696969697,0.204242424242424,0.992565633536996,0.705357142857143,5.4,0.525933130437135,5.47646355193151,0.914044222221918,0,2.375,0.2,0,"R32","R32 - L",0.666666666666667,0.726946840260857,0.0602801735941907
"89",2009,201,"Oklahoma","Quarterfinals - L",0.494572694758811,0.368828695114409,0.691393442622951,41.9480341880342,12.0618803418803,27.237264957265,14.3232478632479,5.78444444444444,4.39059829059829,14.3979487179487,17.0676923076923,78.2073504273504,68.6670085470085,0.404976347394964,0.341877704210776,0.557553134745476,9.54034188034188,68.7946905982906,1.13570137617725,0.998178049954871,0.509523809523809,0.658333333333333,-3.0842735042735,0.813468614029195,1.00983873645359,2.4,0.562670656852828,0.221880341880342,0.150769230769231,0.976431122775584,0.580952380952381,8.6,0.632958534928028,5.23110861685459,0.873093477517044,1,2.44444444444444,0,1,"E8","E8 - L",0.84375,0.846289567808854,0.00253956780885378
"90",2009,218,"Temple","Final - W",0.447300275352181,0.368552299794693,0.691717706195576,40.7134848484849,11.3721212121212,26.2980303030303,15.639696969697,5.30136363636364,4.27015151515152,11.8893939393939,16.5351515151515,69.3943939393939,61.7163636363636,0.393383190063192,0.330639884572474,0.516705016963068,7.6780303030303,64.2338757575758,1.0807709959673,0.960710073274593,0.542857142857143,0.8,-0.31469696969697,0.971010066476733,1.32592098765432,2.4,0.668982550903433,0.275606060606061,0.203333333333333,0.987822887194329,0.585714285714286,4.4,0.638733705772812,6.28785856016178,1,1,2.5,0,1,"R64","R64 - L",0.666666666666667,0.716524891949616,0.0498582252829495
"91",2009,221,"Pitt","Quarterfinals - L",0.487943107610729,0.361509447598261,0.682523425321706,41.6974358974359,14.5282051282051,24.2880341880342,18.0470085470085,6.59401709401709,3.55641025641026,12.5880341880342,17.0982905982906,77.8700854700855,67.5452991452992,0.438124831515384,0.347616069397491,0.542633455490269,10.3247863247863,66.8510726495727,1.16686595035044,1.01040117822471,0.423214285714286,0.466666666666667,4.83846153846154,1.04987126163597,1.51244800950683,3.6,0.606447560229138,0,0.190598290598291,0.996042189164119,0.435714285714286,4.6,0.74723276767422,5.15329159449778,1.54818989533592,1.8,2.625,0,1,"E8","E8 - L",0.870967741935484,0.898456842738276,0.027489100802792
"92",2009,222,"Villanova","Semifinals - L",0.459417694654463,0.371585824379543,0.729523940183839,40.6025641025641,12.3692307692308,24.8185897435897,14.7737179487179,8.12692307692308,3.51923076923077,14.0685897435897,19.3935897435897,77.573717948718,70.9865384615385,0.415971205447523,0.336037000047558,0.512599867861924,6.58717948717949,70.5460192307692,1.10017673254281,1.00335581578727,0.5,0.5,2.24551282051282,1.13750801089786,1.06111217416865,5.4,0.622079413808965,0.316025641025641,0.122435897435897,0.992597331270912,0.625,6.9,0.616438356164384,6.08449941307517,2,2.5,3,0.2,1,"F4","F4 - L",0.787878787878788,0.81231350166373,0.0244347137849424
"93",2009,228,"Clemson","Early Round - L",0.447812573413201,0.382470156449044,0.680197414719064,38.7244230769231,14.5246153846154,21.4734615384615,14.5821153846154,8.8175,4.935,14.4544230769231,19.1425,77.46,72.9957692307692,0.460073471403927,0.370619933677229,0.521461771392324,4.46423076923077,70.6885605769231,1.09533294560344,1.0293937452098,0.433333333333333,0.441666666666667,3.64557692307692,1.15872918228971,1.01706544494438,1.8,0.38339939858436,0.298269230769231,0.188653846153846,1,0.505555555555556,8,0.574712643678161,6.41345895716736,1,1,2.44444444444444,0,0,"R64","R64 - L",0.741935483870968,0.833186637445132,0.0912511535741642
"94",2009,235,"Memphis","Final - W",0.454154751393051,0.343762922512005,0.703330227019751,41.1909090909091,12.6568181818182,25.5977272727273,13.4795454545455,8.17878787878788,5.78257575757576,11.844696969697,16.9666666666667,72.6787878787879,55.5287878787879,0.362162753264547,0.293500597371565,0.503883377130332,17.15,65.8035681818182,1.1042422266665,0.845493704195569,0.415873015873016,0.475,4.0280303030303,1.21165435027352,1.14770603503264,1.9,0.705596568631232,0.0992424242424242,0.423484848484849,0.998931440045898,0.70952380952381,7.5,0.751824817518248,6.30809844150953,2.9,2.9,2.55555555555556,0,0,"S16","S16 - L",0.911764705882353,0.947975797284446,0.0362110914020934
"95",2009,236,"Chattanooga","Final - W",0.448241529192479,0.349515398784624,0.655254463816432,43.2480769230769,12.840811965812,26.5732905982906,13.1339743589744,6.95213675213675,2.31474358974359,14.4961538461538,17.6002136752137,76.8720085470085,74.0529914529915,0.435886007040487,0.376283708590216,0.522697723755399,2.81901709401709,70.9805662393162,1.08407024989467,1.04305542617532,0.671428571428571,0.445,1.63675213675214,1.0005147998414,0.91323241977436,4.4,0.434663500038555,0.306410256410256,0.133974358974359,0.997522123893805,0.507142857142857,10.3,0.577589122581708,4.85203026391962,0.809823746059157,1,2.71428571428571,0,0,"R64","R64 - L",0.529411764705882,0.527504205024321,-0.00190755968156109
"96",2009,245,"Texas A&M","Early Round - L",0.443186124247603,0.370041783120367,0.680734224021977,39.0499145299145,12.5326495726496,23.8533333333333,11.4167521367521,4.5591452991453,3.55401709401709,13.2894017094017,17.5847863247863,70.9890598290598,68.9468376068376,0.445465938450587,0.369642538447682,0.503219858067718,2.04222222222222,65.6366512820513,1.08293641493292,1.05027263408392,0.375,0.833333333333333,1.11452991452991,0.905597515079652,0.904327988864257,3.1,0.505716265017914,0.254358974358974,0.0632478632478632,0.994112316378654,0.6125,3.7,0.579863356561995,5.73334127689775,1.91383633561353,1,2.44444444444444,0,1,"R32","R32 - L",0.71875,0.702018691573096,-0.016731308426904
"97",2009,251,"Texas","Semifinals - L",0.438899997260697,0.299759255059505,0.684965516847265,41.7833333333333,14.2111111111111,24.3916666666667,12.7888888888889,5.76666666666667,5.28333333333333,12.2361111111111,19.4444444444444,72.0638888888889,67.1388888888889,0.411034695111054,0.350522459781361,0.478951129027222,4.925,67.8433611111111,1.06106477165978,0.990789470857467,0.2125,0.5,2.96388888888889,1.06961371861087,1.07379149036555,3.7,0.480146848215304,0.25,0.155555555555556,0.973310706313652,0.625,3.9,0.664201183431953,6.51767127291227,1.96875,2.35,2.55555555555556,0.4,1,"R32","R32 - L",0.666666666666667,0.750114000215544,0.0834473335488771
"98",2009,252,"BYU","Semifinals - L",0.472330778941701,0.380027482393128,0.738210643526035,39.5433333333333,9.37333333333333,27.13,15.5466666666667,7.01666666666667,3.90333333333333,11.0466666666667,18.7283333333333,75.925,66.205,0.405329699841683,0.303255857859076,0.535820847901359,9.72,67.9727583333333,1.11718114846673,0.974940983547804,0.657142857142857,0.75,2.495,1.20629835214075,1.40435100682188,3.3,0.501142356316894,0.156666666666667,0.27,1,0.671428571428571,3.6,0.708658871897261,4.59511985013459,0.76694434457642,1,1.9,0,0,"R64","R64 - L",0.78125,0.877999642213543,0.0967496422135429
"99",2009,254,"Utah","Final - W",0.474304874134465,0.382039066048215,0.787961588863721,37.7592307692308,7.78615384615385,27.4807692307692,12.87,4.69076923076923,4.95692307692308,13.6069230769231,18.6776923076923,70.5830769230769,63.3507692307692,0.401298620813872,0.350615144973082,0.552298341665763,7.23230769230769,65.0254346153846,1.08415545417917,0.974659310925348,0.571428571428571,0.65,-4.99461538461538,0.71563036883936,0.957691615559033,3.1,0.76952347904045,0.178461538461538,0.137692307692308,0.992056375040544,0.571428571428571,4.8,0.577352268647645,3.52636052461616,0,0,3.14285714285714,0.4,1,"R64","R64 - L",0.727272727272727,0.764909890648347,0.0376371633756197
"100",2009,264,"Washington","Semifinals - L",0.457890528492797,0.345037593984962,0.7258173862643,42.9798484848485,14.7690909090909,25.2169696969697,12.5948484848485,7.49136363636364,2.38333333333333,14.5430303030303,19.2581818181818,79.3863636363636,71.5786363636364,0.426990638135927,0.322747402870354,0.494511881875652,7.80772727272727,72.711328030303,1.09166299835545,0.984873196846318,0.258333333333333,0.483333333333333,3.20636363636364,1.00953701451917,0.865192131688037,3.4,0.64268697290955,0.216666666666667,0.164242424242424,0.997035292358307,0.370833333333333,5.6,0.57051172825354,5.92157841964382,1.97667143753762,2.33333333333333,2.22222222222222,0.2,0,"R32","R32 - L",0.757575757575758,0.799651277130388,0.0420755195546304
"101",2009,269,"Marquette","Quarterfinals - L",0.453381749379897,0.347683455943763,0.720630496100879,36.1320124320124,11.2617715617716,22.8290598290598,14.9659673659674,7.93139083139083,2.95555555555556,10.9857031857032,16.8836052836053,77.5512043512043,70.5770007770008,0.459530314211856,0.363898193760263,0.518118541967091,6.97420357420357,68.8503842268842,1.12592718396573,1.02592232417511,0.641269841269841,0.54,4.55252525252525,1.37177429743449,1.37356326813225,2.8,0.519907789863088,0.197202797202797,0.165112665112665,0.962081803017055,0.70952380952381,5.2,0.523854454729453,3.46573590279973,0,0,3.11111111111111,0.2,0,"R32","R32 - L",0.727272727272727,0.801454736259563,0.0741820089868352
"102",2009,275,"Wisconsin","Early Round - L",0.430248091856974,0.359096763069647,0.745040022870212,32.9230769230769,9.93931623931624,20.4760683760684,12.1923076923077,5.14615384615385,2.13504273504274,9.47521367521368,16.0102564102564,62.3965811965812,58.6880341880342,0.450604455727229,0.309918476979461,0.495535013552097,3.70854700854701,58.0242521367521,1.0737406659394,1.01293803097721,0.371428571428571,0.633333333333333,4.51025641025641,1.19182853864437,1.29104171789198,2.6,0.376164481984429,0.482905982905983,0.111965811965812,1,0.7,2.3,0.69591043278189,5.67332326717149,1.75853027236481,1.85714285714286,2.625,0.2,0,"R32","R32 - L",0.612903225806452,0.723348772004891,0.110445546198439
"103",2009,277,"West Virginia","Semifinals - L",0.426342239494778,0.33495341141638,0.738152465062112,41.4333333333333,14.4918803418803,23.1235042735043,15.5467948717949,6.0982905982906,4.48931623931624,11.725641025641,18.4181623931624,71.5655982905983,63.9818376068376,0.427167503734038,0.311431063787692,0.483207738177232,7.58376068376068,65.4531923076923,1.09344489384475,0.977750282055054,0.423214285714286,0.7,5.73760683760684,1.214495477825,1.33764302059497,4.3,0.401456848099107,0.190811965811966,0.26025641025641,0.994318002212739,0.294642857142857,7,0.734143049932524,6.60934924316738,1.84375,3,2.22222222222222,0,0,"R64","R64 - L",0.676470588235294,0.854601421549222,0.178130833313928
"104",2009,325,"Cleveland St","Final - W",0.438931570444084,0.346143563357546,0.718909900549603,35.9183333333333,10.9566666666667,22.1266666666667,13.5183333333333,8.18166666666667,3.33166666666667,12.3916666666667,17.925,66.605,60.4216666666667,0.416115328663464,0.336051676928525,0.491093285959425,6.18333333333333,63.6305583333333,1.04698269069359,0.95167817026372,0.5125,0.366666666666667,2.845,1.21849409237379,1.09013175796634,1.2,0.65467557507124,0.32,0.0833333333333333,0.96454739640972,0.6125,6.1,0.545425308955346,5.91889385427315,0.987887653800795,0,2.75,0.2,0,"R32","R32 - L",0.714285714285714,0.779538730300298,0.0652530160145837
"105",2009,328,"Utah State","Final - W",0.486655793859269,0.411028072431158,0.741674466674467,36.6311965811966,10.8173076923077,23.15,15.9418803418803,5.08504273504273,2.61965811965812,11.5386752136752,15.5884615384615,71.6470085470085,62.7282051282051,0.42395375283954,0.367168799340167,0.551315915587717,8.91880341880342,61.2914017094017,1.16993906368584,1.02354613031635,0.5,0.808333333333333,0.401923076923077,0.94174516945553,1.41129983993642,3,0.815732936269468,0.158547008547009,0.11965811965812,0.998582358235824,0.6625,5.4,0.670103092783505,6.52209279817015,1,1,1.55555555555556,0,0,"R64","R64 - L",0.882352941176471,0.853053062224674,-0.0292998789517966
"106",2009,344,"Mississippi St","Final - W",0.428301404113177,0.369966688127857,0.719535501642562,40.5889743589744,11.0955128205128,26.5783333333333,12.5792307692308,6.95269230769231,6.59461538461538,13.4787179487179,16.4683333333333,75.2285897435897,70.6461538461539,0.402625209527815,0.335077167796579,0.513260874759302,4.5824358974359,70.7170570512821,1.06344675842068,0.999020125418965,0.7575,0.558333333333333,-3.95076923076923,0.981363362376021,0.936492410543043,2.2,0.463550758937469,0.30974358974359,0.112435897435897,0.997185657479775,0.77,7.9,0.643224959529341,5.78074351579233,0.964829795843928,1,2.09090909090909,0,1,"R64","R64 - L",0.657142857142857,0.715847566981828,0.0587047098389708
"107",2009,356,"Illinois","Semifinals - L",0.444513903831212,0.334402998278885,0.665185835528241,36.0649206349206,9.24777777777778,23.5155555555556,16.5168253968254,5.40857142857143,3.90888888888889,11.6326984126984,14.7946031746032,60.622380952381,57.2509523809524,0.395865559874851,0.307096600688468,0.49873548244061,3.37142857142857,60.9034896825397,0.994533859047349,0.942378488866736,0.344642857142857,0.25,-1.35253968253968,1.02942462087422,1.42301070472792,2.2,0.514488343449855,0.228095238095238,0.116984126984127,0.976190434659888,0.633928571428571,3.7,0.693555631894398,5.80814248998044,2.50429055886822,2.875,2.6,0,0,"R64","R64 - L",0.727272727272727,0.81063074936985,0.0833580220971231
"108",2009,2006,"Akron","Final - W",0.419302720442785,0.318630593718932,0.70392668299088,37.2416666666667,11.2583333333333,22.025,11.875,7.55833333333333,2.14166666666667,13.9583333333333,20.7583333333333,65.5833333333333,59.175,0.395013173108646,0.285482717958606,0.483282065620291,6.40833333333333,65.1110833333333,1.00717442365563,0.907155209248566,0.641666666666667,0.216666666666667,2.43333333333333,1.24077994398284,0.852456851086331,3.8,0.345293721212472,0.291666666666667,0.191666666666667,0.985507728334237,0.494444444444444,4.9,0.610534366120198,5.22035582507832,0,0,2.1,0.2,0,"R64","R64 - L",0.657142857142857,0.771556524428903,0.114413667286046
"109",2009,2011,"Alabama St","Final - W",0.474077380125409,0.332167378524846,0.635736677443995,39.6905555555556,11.4544444444444,25.5227777777778,14.5511111111111,5.63111111111111,4.88277777777778,13.2355555555556,17.1477777777778,70.4188888888889,60.7738888888889,0.378846299623946,0.282032410370911,0.526215594096691,9.645,65.8036305555556,1.07007327421248,0.923613275814481,0.344444444444444,0.683333333333333,-2.47055555555556,0.959016101951822,1.0987804024905,4.6,0.586467095021263,0.285555555555556,0.0961111111111111,0.942625910377707,0.555555555555556,2.4,0.501139828866628,4.52178857704904,0,0,2.22222222222222,0.2,0,"First Four","First Four - L",0.709677419354839,0.738804848840403,0.0291274294855643
"110",2009,2066,"Binghamton","Final - W",0.444145564539561,0.346102115133722,0.666788960352689,37.9121212121212,10.6868686868687,23.5141414141414,11.9717171717172,6.96868686868687,4.2969696969697,13.0232323232323,20.1464646464646,70.759595959596,66.569696969697,0.40608335121995,0.31463409257114,0.505187206172566,4.18989898989899,67.7270757575758,1.04460811104225,0.983045804484854,0.4875,0.58,-0.526262626262626,1.14108042421564,0.922908907265956,4.6,0.84236396886542,0.253535353535354,0.0535353535353535,0.947810702116058,0.629166666666667,5.1,0.533390551810144,3.43398720448515,0,0,2.11111111111111,0.2,0,"R64","R64 - L",0.741935483870968,0.635153717816756,-0.106781766054211
"111",2009,2086,"Butler","Final - L",0.444767439322793,0.340435780451806,0.743063526195261,38.1340909090909,9.83598484848485,24.8227272727273,13.007196969697,5.35151515151515,3.39356060606061,12.7284090909091,17.9193181818182,67.3962121212121,58.1719696969697,0.376075934466848,0.318469765528589,0.522892524232424,9.22424242424242,61.9620208333333,1.08762134669823,0.938656976908811,0.65,0.55,-0.830681818181818,0.956791327582879,1.02328745451669,2.8,0.578440312562003,0.340151515151515,0.151893939393939,0.998495953580699,0.6625,7.1,0.776893417385515,3.55534806148941,0.593402169625713,1,1.77777777777778,0,0,"R64","R64 - L",0.838709677419355,0.85924336354573,0.0205336861263756
"112",2009,2168,"Dayton","Semifinals - L",0.43635614189546,0.35797825448134,0.619199159021407,38.9222999222999,13.0871017871018,23.3363636363636,14.3758352758353,5.97839937839938,3.05221445221445,13.8500388500389,19.393783993784,67.1368298368298,64.3597513597514,0.421813734035408,0.32749810349801,0.488962208618674,2.77707847707848,65.7143954933955,1.02189916472388,0.978240787514036,0.331944444444444,0.525,3.24848484848485,1.01114600360297,1.0600234511906,3.5,0.816605452592815,0.39036519036519,0.0230769230769231,0.969147448682133,0.494444444444444,2.8,0.620673400513396,5.06890420222023,0.846020895620077,1,2.16666666666667,0,0,"R32","R32 - L",0.787878787878788,0.735703152687936,-0.0521756351908518
"113",2009,2193,"ETSU","Final - W",0.462415320643966,0.345238856973288,0.72392640658782,41.4643939393939,11.8659090909091,26.4333333333333,12.5962121212121,8.04924242424242,3.95454545454545,14.1469696969697,18.3719696969697,78.8356060606061,70.4212121212121,0.410286043138429,0.323552515240356,0.510150570137312,8.41439393939394,73.2224924242424,1.07536113406413,0.962966820480591,0.381944444444444,0.483333333333333,2.01287878787879,1.15455236358109,0.891372182309255,5.5,0.549139880478181,0.384090909090909,0.198484848484848,0.970729333290999,0.618055555555556,1.6,0.580077255218264,5.83773044716594,0.974341148356415,1,2.1,0,1,"R64","R64 - L",0.696969696969697,0.78159200794748,0.0846223109777829
"114",2009,2250,"Gonzaga","Final - W",0.498319040058918,0.421359280554327,0.715622302943256,41.6277777777778,10.1111111111111,28.0583333333333,14.7861111111111,7.24722222222222,4.90555555555556,11.3055555555556,15.8583333333333,80.1111111111111,61.0166666666667,0.364899699337658,0.337524600960177,0.561498249296236,19.0944444444444,68.4519027777778,1.17028521172912,0.890446256822958,0.604761904761905,0.826666666666667,1.1,1.30621527559649,1.30907439283336,0.4,0.690879596238821,0.125,0.413888888888889,1,0.671428571428571,6.2,0.788635105992083,5.6937321388027,1.58384540041244,1.66666666666667,2.75,0.2,1,"S16","S16 - L",0.838709677419355,0.942072438446006,0.103362761026651
"115",2009,2305,"Kansas","Quarterfinals - L",0.480433932958534,0.381648968142657,0.723542692939245,40.6573232323232,11.2414141414141,26.8333333333333,15.1585858585859,6.41969696969697,3.90227272727273,15.1883838383838,19.914898989899,75.8659090909091,67.6558080808081,0.393654254301465,0.341408529800768,0.543861829427754,8.21010101010101,69.4212828282828,1.09322347764676,0.974527663267592,0.442857142857143,0.808333333333333,-1.35530303030303,0.862725079051636,1.01842083984117,3.9,0.524193918968318,0.100252525252525,0.122727272727273,1,0.571428571428571,6.2,0.718106995884774,6.18826412308259,3.05,3.9,1.625,0.2,0,"S16","S16 - L",0.78125,0.85129504731887,0.0700450473188697
"116",2009,2413,"Morehead St","Final - W",0.451571061261852,0.335163899910444,0.722199917456084,42.4361111111111,13.5722222222222,25.5805555555556,13.0472222222222,5.93611111111111,4.15833333333333,15.0361111111111,18.8333333333333,71.7138888888889,66.3416666666667,0.415011149176209,0.356283007523684,0.501957703912929,5.37222222222222,66.7410555555556,1.07448897884416,0.994064365999464,0.357142857142857,0.425,0.472222222222222,0.791291229311633,0.862146452733491,8.5,0.526263332573828,0.330555555555556,0.113888888888889,0.959455760854912,0.507142857142857,4.4,0.504295402057958,4.11087386417331,0,0,1.66666666666667,0,0,"R64","R64 - L",0.575757575757576,0.637601595069693,0.0618440193121169
"117",2009,2415,"Morgan St","Final - W",0.447424453285306,0.349419131802844,0.657304143376808,41.4307692307692,13.043956043956,24.893956043956,12.1010989010989,6.38681318681319,3.63241758241758,13.0950549450549,18.6296703296703,68.6148351648352,58.9335164835165,0.384976107022332,0.287862050618888,0.496024788425224,9.68131868131868,65.4010082417582,1.04920867747187,0.901006902331717,0.473333333333333,0.766666666666667,3.53791208791209,1.15587969598911,0.927661510558866,1.7,0.569076831921121,0.339010989010989,0.171978021978022,1,0.59,1.8,0.607641854132786,5.09375020080676,1.41694632443567,0,2,0.2,0,"R64","R64 - L",0.676470588235294,0.710907056922337,0.034436468687043
"118",2009,2449,"N Dakota St","Final - W",0.490025942484959,0.410053570676315,0.730119777972539,37.775,10.4,24.55,14.4666666666667,6.99166666666667,3.43333333333333,10.5333333333333,15.7166666666667,79.0833333333333,66.2416666666667,0.436524218228471,0.351898716898717,0.551288388828548,12.8416666666667,67.4023333333333,1.17344436127503,0.982290660892857,0.551785714285714,0.775,2.83333333333333,1.18367429364368,1.37517776022121,3.2,0.591283419012988,0.283333333333333,0.316666666666667,1,0.423214285714286,6.1,0.582530926332281,3.40119738166216,0,0,2.77777777777778,0,0,"R64","R64 - L",0.8125,0.858024491400966,0.0455244914009664
"119",2009,2460,"Northern Iowa","Final - W",0.457256037551348,0.354175007167618,0.747804251602493,37.0955128205128,9.05769230769231,25.0826923076923,11.9096153846154,4.47564102564103,2.82884615384615,11.424358974359,17.9378205128205,68.5884615384615,62.3275641025641,0.410351747492615,0.340587698286065,0.526213605228159,6.26089743589744,61.9328846153846,1.10761543230232,1.00598994097611,0.3375,0.608333333333333,-0.796153846153846,0.938210436060754,1.04451045239262,3.6,0.764943082768877,0.423076923076923,0.157051282051282,0.997934530888152,0.625,5.8,0.587197083371375,4.15888308335967,0,0,2.33333333333333,0.2,0,"R64","R64 - L",0.696969696969697,0.671524724408077,-0.0254449725616198
"120",2009,2463,"CSU Northridge","Final - W",0.450227860810335,0.358063363276345,0.68777098228386,40.3295454545455,12.6227272727273,24.2625,13.5,8.81136363636364,2.59545454545455,16.925,21.9352272727273,73.1147727272727,69.0261363636364,0.420231796723395,0.339560614279137,0.510424789859907,4.08863636363636,71.1191590909091,1.02792442858246,0.970684304247348,0.45,0.65,2.21704545454545,1.01559967734073,0.80499397856848,7.1,0.583709913468418,0.279545454545455,0.188636363636364,0.941488492799717,0.666666666666667,0.9,0.531394186969759,5.87493073085203,0.98055002823772,1,2.27272727272727,0.2,0,"R64","R64 - L",0.566666666666667,0.642741416623247,0.07607474995658
"121",2009,2502,"Portland St","Final - W",0.458980710794028,0.38589207851519,0.686221932493119,36.1928571428571,10.7142857142857,22.05,15.9357142857143,7.79285714285714,2.87857142857143,13.2285714285714,16.0357142857143,73.5714285714286,68.15,0.454692338381988,0.343866554824082,0.548560629451038,5.42142857142857,66.8661785714286,1.10192815621981,1.01892666939677,0.675,0.713333333333333,1.3,1.08075221567218,1.2070034530782,1,0.750092811889926,0.292857142857143,0.114285714285714,0.994479307693371,0.375,2.3,0.590878288989611,4.54329478227,0.758294528249025,1,2.77777777777778,0.2,0,"R64","R64 - L",0.71875,0.701996206003968,-0.0167537939960316
"122",2009,2509,"Purdue","Final - W",0.449585862654924,0.361405921137215,0.704616716616717,35.7865800865801,8.89307359307359,23.7274891774892,14.6777056277056,6.74660894660895,4.60829725829726,11.4354256854257,16.811544011544,67.015873015873,60.2505772005772,0.405882399358657,0.347344454031253,0.518093314974808,6.76529581529582,63.7757860750361,1.05156033030794,0.945396248354217,0.375,0.766666666666667,0.605266955266955,1.20990057128872,1.30913878876,1.7,0.591283419012988,0.284992784992785,0.131746031746032,0.962996977756489,0.5,4.4,0.639051409980523,4.84418708645859,0.808514687581158,1,2.375,0.2,1,"S16","S16 - L",0.735294117647059,0.85276698616819,0.117472868521131
"123",2009,2515,"Radford","Final - W",0.481638332708446,0.367101192877908,0.678141525628766,45.8660839160839,12.6513986013986,30.0706293706294,15.2461538461538,6.99300699300699,4.80804195804196,16.0842657342657,17.9097902097902,78.634965034965,70.2188811188811,0.390090528965209,0.337198017453081,0.522436965237705,8.41608391608392,73.313548951049,1.07242222282072,0.957928799053011,0.3,0.716666666666667,-2.16993006993007,0.828196194049853,0.95106093093898,5.2,0.779306112630866,0.213986013986014,0.153846153846154,1,0.428571428571429,3.4,0.456971012480811,3.43398720448515,0,0,3,0.2,0,"R64","R64 - L",0.65625,0.680909101209137,0.0246591012091373
"124",2009,2523,"Robert Morris","Final - W",0.485796966277294,0.410636828050621,0.704937972222935,36.5517482517483,9.99895104895105,23.6916083916084,15.6230769230769,9.04335664335664,4.04230769230769,15.3996503496504,19.2087412587413,71.0199300699301,61.7192307692308,0.413547202058417,0.352908524369171,0.550958485767457,9.3006993006993,66.7382954545455,1.06554455396257,0.924389607331668,0.3875,0.783333333333333,0.0604895104895106,1.076135314633,1.02371881198755,3.1,0.65039510777808,0.266783216783217,0.274475524475524,0.997955802831869,0.625,2.8,0.707081397429549,3.55534806148941,0,0,2.55555555555556,0.2,0,"R64","R64 - L",0.705882352941177,0.716091310838412,0.0102089578972355
"125",2009,2561,"Siena","Final - W",0.476685062960407,0.362193302949264,0.669338103719247,39.2861111111111,12.4388888888889,23.5055555555556,15.1805555555556,8.89722222222222,4.78611111111111,12.6388888888889,14.575,79.5555555555556,72.0694444444444,0.440816368417092,0.34948504918624,0.52447241420224,7.48611111111111,72.1890416666667,1.10211261538972,0.997931870795601,0.516666666666667,0.766666666666667,3.075,1.290325331786,1.21592649901119,2.8,0.703307721626301,0.216666666666667,0.075,0.994677871148459,0.666666666666667,4.5,0.550051962607824,5.88610403145016,0.982414897921964,1,2.55555555555556,0,0,"R32","R32 - L",0.787878787878788,0.757400323029287,-0.0304784648495011
"126",2009,2617,"SF Austin","Final - W",0.432737333390308,0.304060543474887,0.635145196052371,39.0527777777778,9.37277777777778,25.9511111111111,12.6561111111111,5.71222222222222,3.16333333333333,11.6705555555556,17.6766666666667,63.3438888888889,54.7977777777778,0.368337805055465,0.26592296397198,0.482914953247475,8.54611111111111,64.7524083333333,0.977546178364481,0.847829903768426,0.426190476190476,0.233333333333333,2.45,1.21357306081123,1.08571921268704,5.3,0.771513015049684,0.285555555555556,0.173333333333333,0.988798908527688,0.507142857142857,4,0.586308462447951,5.44241771052179,0,0,2.25,0,0,"R64","R64 - L",0.774193548387097,0.864784968649037,0.0905914202619406
"127",2009,2633,"Tennessee","Final - L",0.449708927615035,0.312228302638248,0.663129629411016,40.8568181818182,14.0748484848485,23.6595454545455,15.5763636363636,6.50484848484848,3.79454545454545,12.6421212121212,18.4586363636364,76.3995454545455,72.4715151515151,0.44503271640907,0.338555154750238,0.508184728528517,3.9280303030303,70.1179681818182,1.08916720262348,1.0339873727843,0.606944444444444,0.485,5.20772727272727,1.20658237187649,1.23657244716068,3.1,0.552103401815934,0.335757575757576,0.108939393939394,0.996762203313928,0.741666666666667,4.9,0.714776071531034,5.42053499927229,1.99036093840448,2.33333333333333,2.33333333333333,0,1,"R64","R64 - L",0.636363636363636,0.709553907458988,0.0731902710953513
"128",2009,2670,"VCU","Final - W",0.459351690069819,0.362545086787511,0.699457989447685,37.8501515151515,10.6277272727273,23.7974242424242,13.6065151515152,7.02,4.32757575757576,11.6260606060606,19.5418181818182,71.1134848484848,61.4893939393939,0.382906558976379,0.306148335440371,0.518881826098419,9.62409090909091,65.6220060606061,1.08362933125917,0.937020311358505,0.455555555555556,0.596666666666667,0.411212121212121,1.19634384470057,1.18353636501959,6.1,0.491371813287999,0.343484848484849,0.213787878787879,0.979061836674569,0.618055555555556,2.8,0.730829597000698,4.21950770517611,0.704253137442467,1,2.11111111111111,0,1,"R64","R64 - L",0.727272727272727,0.803060865809234,0.0757881385365062
"129",2009,2752,"Xavier","Semifinals - L",0.469680710017233,0.411516853932584,0.680784196348399,42.5507575757576,12.2621212121212,27.1113636363636,14.1780303030303,5.36666666666667,4.88636363636364,14.4613636363636,18.3924242424242,73.0386363636364,61.7674242424242,0.395223145547535,0.328035067873303,0.540221433717449,11.2712121212121,66.2031704545455,1.1035011626206,0.933016258180267,0.425,0.8,-0.395454545454546,0.861228070175439,0.984649122807018,3.5,0.563693842770428,0.285606060606061,0.301515151515152,0.994739731258503,0.6125,4.7,0.689555729983915,4.89034912822175,1.36036553605308,1.66666666666667,2.33333333333333,0.2,1,"S16","S16 - L",0.774193548387097,0.827237263514436,0.0530437151273394
"130",2010,21,"San Diego St","Final - W",0.474266751631501,0.333464849354376,0.623952542796972,38.8272727272727,12.5779220779221,23.7311688311688,14.2136363636364,7.2525974025974,4.69480519480519,13.1649350649351,16.1603896103896,70.4655844155844,62.8935064935065,0.411999675711829,0.358659841901115,0.525941167115762,7.57207792207792,64.5624772727273,1.09167471619409,0.973763569573403,0.4625,0.536666666666667,1.58571428571429,1.02497298609329,1.09629647767046,2.7,0.596476941044233,0.355844155844156,0.135714285714286,0.979408903944213,0.5,3.3,0.616580310880829,6.36302810354046,3.61111111111111,1,2.375,0,1,"R64","R64 - L",0.757575757575758,0.812676573559314,0.055100815983556
"131",2010,25,"California","Final - L",0.478740133481785,0.366309832376858,0.765603355032217,37.6638888888889,10.9944444444444,23.0972222222222,14.1916666666667,5.72777777777778,2.09166666666667,11.7666666666667,16.6611111111111,77.4527777777778,68.5722222222222,0.440590711783352,0.311138380171955,0.536361931083645,8.88055555555555,67.4599444444444,1.14813995304792,1.01687219255857,0.423214285714286,0.8,1.18333333333333,1.111,1.21966666666667,2.1,0.488597071024439,0.263888888888889,0.191666666666667,0.964776850032754,0.423214285714286,5.7,0.689320388349515,6.71538338633468,1.73076923076923,1,3,0.2,0,"R32","R32 - L",0.696969696969697,0.808670797310897,0.1117011003412
"132",2010,46,"Georgetown","Final - L",0.502534360210644,0.395934503946184,0.710785980299807,35.3252525252525,9.17606837606838,22.7728826728827,15.7716394716395,6.86278166278166,4.48360528360528,13.2135198135198,17.3665112665113,73.9772338772339,67.7096348096348,0.425265873214225,0.330262178992616,0.569575439570069,6.26759906759907,66.1661456876457,1.11735740992817,1.02349319168206,0.435714285714286,0.833333333333333,-2.77163947163947,0.958348416109202,1.20146504472564,4.8,0.369049258341352,0.260916860916861,0.193084693084693,0.993288384921851,0.435714285714286,6,0.66137247511957,5.62762111369064,2.34818259769518,3.5,2.14285714285714,0,1,"R64","R64 - L",0.696969696969697,0.784615557253205,0.0876458602835083
"133",2010,52,"Florida St","Quarterfinals - L",0.445427816362974,0.330593565364753,0.642255730424156,38.660119047619,12.5529761904762,23.2075396825397,13.2674603174603,7.94126984126984,5.64662698412698,15.9668650793651,18.5755952380952,66.0938492063492,62.3642857142857,0.402517760582138,0.36219928802899,0.498278042927078,3.72956349206349,65.9005873015873,1.00260708680293,0.947769158426492,0.558730158730159,0.275,1.14603174603175,0.976012840292197,0.82984932219441,3.1,0.745820453042093,0.368650793650794,0.0873015873015873,0.998367194979258,0.558730158730159,6.2,0.519623233908948,6.45833828334479,1.5,1,2.44444444444444,0.2,1,"R64","R64 - L",0.709677419354839,0.806161760864656,0.0964843415098168
"134",2010,57,"Florida","Quarterfinals - L",0.442877140655144,0.314929778822201,0.703951731263758,39.3600621600622,12.8533022533023,23.0826728826729,13.5939393939394,6.77311577311577,2.48368298368298,11.6061383061383,14.2836052836053,70.7752136752137,68.4830613830614,0.44516859412207,0.339025382595939,0.495220163315893,2.29215229215229,65.4467610722611,1.08146176574764,1.04732610391961,0.507142857142857,0.516666666666667,2.24537684537685,1.06927750410509,1.18289603318641,1.1,0.586623279032005,0.384693084693085,0.0384615384615385,0.998917211820438,0.342857142857143,3.8,0.702647657841141,6.19847871649231,4.16666666666667,4.16666666666667,2.375,0.2,0,"R64","R64 - L",0.636363636363636,0.72971070513239,0.0933470687687533
"135",2010,59,"Georgia Tech","Final - L",0.457298662116912,0.379447679459022,0.640933065702134,42.0185897435897,13.0557692307692,26.1705128205128,13.8294871794872,7.99166666666667,5.7198717948718,16.4333333333333,19.1262820512821,72.5108974358974,67.5807692307692,0.38930817108203,0.335639090163296,0.516665485891554,4.93012820512821,70.5397371794872,1.02719882740667,0.960527347501906,0.233333333333333,0.716666666666667,-2.67884615384615,0.895209622310463,0.838793979130114,3,0.695068598561466,0.477564102564103,0.141666666666667,0.982638208719379,0.666666666666667,5,0.582322922956387,5.93753620508243,2.08109819104107,2.375,2.4,0.2,1,"R32","R32 - L",0.666666666666667,0.77990282865558,0.113236161988914
"136",2010,87,"Notre Dame","Semifinals - L",0.452812910911623,0.377850743695217,0.731920037603033,37.9738095238095,10.6892857142857,23.5857142857143,15.8928571428571,5.21785714285714,2.68214285714286,9.7702380952381,15.9071428571429,71.6511904761905,68.2880952380952,0.434234310736788,0.335086982393503,0.52468284324275,3.36309523809524,62.7002202380952,1.14237505251567,1.08956756164322,0.671428571428571,0.655,-0.267857142857143,0.991991577049468,1.66495973734438,4.9,0.501772417539363,0.49047619047619,0.0357142857142857,0.959460698361553,0.342857142857143,6.4,0.652272727272727,6.08904487544685,1.28571428571429,1.4,3.14285714285714,0,1,"R64","R64 - L",0.676470588235294,0.747613156614448,0.0711425683791537
"137",2010,93,"Murray St","Final - W",0.498183267964779,0.376670535566241,0.722008721232324,39.8825174825175,12.539020979021,24.0805594405594,15.6071328671329,9.14195804195804,5.53384615384615,14.1037762237762,16.907972027972,76.5632167832168,59.6958041958042,0.381583123836807,0.343074952329211,0.557297786823131,16.8674125874126,65.8489104895105,1.16364758179372,0.908459819127437,0.4375,0.925,2.43342657342657,1.16367752438262,1.10110721086062,0.9,0.694643037989722,0.153986013986014,0.422517482517483,1,0.5,4.6,0.492185939433482,5.77765232322266,0.964313863129086,0,2.5,0,0,"R32","R32 - L",0.882352941176471,0.937630622795209,0.0552776816187385
"138",2010,96,"Kentucky","Final - W",0.46419664214484,0.302679275944051,0.674216519125704,43.7746031746032,13.915873015873,26.9301587301587,13.1769841269841,7.1515873015873,7.09206349206349,14.2785714285714,17,76.8031746031746,65.3095238095238,0.378482595448243,0.283502187875041,0.512454472288483,11.4936507936508,70.0187936507937,1.09654855116027,0.932816339762005,0.564285714285714,0.3,0.203968253968254,0.966517826237452,0.920024229837314,1.1,0.787871821669942,0.121428571428571,0.231746031746032,0.996093481498453,0.705357142857143,10.4,0.760683760683761,6.37331978957701,2.90909090909091,0,2,0,1,"E8","E8 - L",0.939393939393939,0.899906232001128,-0.039487707392811
"139",2010,97,"Louisville","Early Round - L",0.440691715216747,0.349070294784581,0.707044064481165,36.6314685314685,13.4129370629371,21.4853146853147,14.7094405594406,7.35699300699301,4.37552447552448,13.6178321678322,20.1031468531469,73.5818181818182,71.2188811188811,0.4365386373801,0.35178344712512,0.512929281548322,2.36293706293706,67.0229737762238,1.09702289054955,1.0636118136378,0.723333333333333,0.45,0.21993006993007,1.04039581082077,1.08271372504843,2.3,0.530206501379921,0.284965034965035,0.152447552447552,0.982548443891324,0.66,3.7,0.733774834437086,6.62804137617953,3.89285714285714,2.58333333333333,2.36363636363636,0,0,"R64","R64 - L",0.625,0.73463849022125,0.10963849022125
"140",2010,120,"Maryland","Quarterfinals - L",0.466782871353131,0.393833590599014,0.738736082474227,42.6888888888889,13.425,25.3722222222222,16.0277777777778,7.71388888888889,4.55555555555556,12.0138888888889,16.9666666666667,79.2694444444444,68.8055555555556,0.393881942805066,0.320605225715179,0.513757702661185,10.4638888888889,70.2849166666667,1.12877334814442,0.978908089490415,0.247222222222222,0.7,0.513888888888889,1.21949956518302,1.35678370961002,1.7,0.681976205417959,0.244444444444444,0.319444444444444,0.994940094137784,0.618055555555556,2.5,0.636456211812627,6.89060912014717,2.875,3,2.77777777777778,0,0,"R32","R32 - L",0.741935483870968,0.854336505410628,0.11240102153966
"141",2010,127,"Michigan St","Quarterfinals - L",0.458811419993262,0.325274495105388,0.683614831344718,41.1457264957265,13.0350427350427,24.8012820512821,15.3397435897436,6.34957264957265,3.01965811965812,13.7525641025641,17.4777777777778,67.9047008547008,62.282905982906,0.408389553143434,0.328786767725075,0.498687842081302,5.62179487179487,64.2470534188034,1.05639455643585,0.970375904537297,0.571428571428571,0.425,1.83333333333333,0.891001483372463,1.12539271828726,2.4,0.672892801499484,0.25982905982906,0.0884615384615385,0.977617411785788,0.571428571428571,6.5,0.710359408033827,6.16120732169508,4.20833333333333,4.20833333333333,2.5,0.2,1,"F4","F4 - L",0.75,0.80915515953075,0.0591551595307496
"142",2010,135,"Minnesota","Final - L",0.469604054571076,0.415521255060729,0.722708795471164,38.1698717948718,10.4871794871795,24.4224358974359,16.2807692307692,6.59358974358974,4.97564102564103,12.7461538461538,16.0583333333333,69.9474358974359,64.500641025641,0.411085445585813,0.348413559273148,0.535087647459824,5.44679487179487,63.773016025641,1.09892039802027,1.01236947636819,0.419047619047619,0.966666666666667,-1.15705128205128,0.968719948018194,1.29026640675764,3.9,0.492495247640091,0.389102564102564,0.328205128205128,0.987754541553727,0.43015873015873,5.3,0.716193656093489,6.39692965521615,2.76666666666667,1,2.36363636363636,0.2,0,"R64","R64 - L",0.636363636363636,0.83470468989176,0.198341053528124
"143",2010,142,"Missouri","Early Round - L",0.420088001230902,0.350766573085838,0.734276795481644,38.3837606837607,12.8953846153846,21.885811965812,13.6842735042735,9.85145299145299,4.29076923076923,12.4208547008547,19.5299145299145,73.7724786324786,67.7235897435897,0.420544844256196,0.330783921960393,0.479955646088994,6.04888888888889,70.1640247863248,1.05139661976791,0.965831441035052,0.381944444444444,0.533333333333333,5.32700854700855,1.48109656679328,1.10082390475071,2.8,0.541395064434543,0.317606837606838,0.198461538461538,0.980076977810402,0.629166666666667,3.7,0.664721827968921,5.44241771052179,1.8167236633817,3,2.4,0.2,0,"R32","R32 - L",0.6875,0.859000965578599,0.171500965578599
"144",2010,149,"Montana","Final - W",0.494237401241008,0.416707230010384,0.726981885032733,36.1314285714286,9.00539682539683,24.1495238095238,12.02,6.80031746031746,3.7168253968254,11.8615873015873,18.5269841269841,72.3320634920635,63.4203174603175,0.423581787388297,0.353184089191923,0.555766248949216,8.91174603174603,63.7772333333333,1.13463636569817,0.994237604286559,0.319642857142857,0.98,-0.313015873015873,1.08174470899471,1.0839708994709,4.3,0.720311382546779,0.366666666666667,0.297460317460317,0.986863446378263,0.564285714285714,4.7,0.549362472477316,4.52178857704904,0,0,2.3,0,0,"R64","R64 - L",0.709677419354839,0.814309483698745,0.104632064343906
"145",2010,150,"Duke","Final - W",0.423781699503816,0.364071512313674,0.756244421211638,41.7833333333333,14.875,23.4166666666667,12.6666666666667,7.10555555555556,3.66111111111111,11.0555555555556,19.1833333333333,74.9138888888889,62.3138888888889,0.415109630722098,0.264155056759546,0.487052819046882,12.6,65.9740555555556,1.13448039601193,0.945725375701457,0.43015873015873,0.533333333333333,6.74444444444444,1.3124192882856,1.14798594214653,4.6,0.632033922165617,0.133333333333333,0.330555555555556,0.995384951881015,0.29047619047619,6.8,0.752484191508582,7.01031186730723,4.44,4.44,2.75,0.2,1,"Final","Final - W",0.848484848484849,0.932451770403383,0.0839669219185345
"146",2010,154,"Wake Forest","Early Round - L",0.425065171797765,0.301291527202953,0.658681284004404,43.1138888888889,14.6388888888889,25.7666666666667,11.0388888888889,6.925,5.13611111111111,14.9972222222222,20.2333333333333,71.0138888888889,71.4722222222222,0.399666015160914,0.316342663547633,0.464139844724984,-0.458333333333333,71.0592777777778,0.997674557965902,1.00772291837427,0.347619047619048,0.2,-1.325,0.906843743349649,0.729722946371568,7.9,0.644948316496046,0.380555555555556,0.208333333333333,0.998414738646101,0.43015873015873,1.4,0.444919172478695,5.53733426701854,0.924203794161037,1,2.77777777777778,0,0,"R32","R32 - L",0.655172413793103,0.668851378465094,0.0136789646719903
"147",2010,166,"New Mexico St","Final - W",0.471950334481619,0.386913038063108,0.674874531756296,37.0692307692308,10.6948717948718,24.5288461538462,14.8794871794872,6.20384615384615,3.31346153846154,11.6615384615385,16.5461538461538,78.8826923076923,76.076282051282,0.451220373994347,0.341894078739437,0.543317963051157,2.80641025641026,70.353766025641,1.1216893663745,1.08157440343279,0.576785714285714,0.815,-0.157692307692308,1.1681983873061,1.29915076825848,2.3,0.903467025635833,0.324358974358974,0.122435897435897,0.968901418686537,0.564285714285714,3.8,0.581817735553061,4.21950770517611,0,0,2.4,0,0,"R64","R64 - L",0.666666666666667,0.527663666679376,-0.139002999987291
"148",2010,167,"New Mexico","Semifinals - L",0.433858548444215,0.36913688858898,0.679100406054674,42.7285714285714,12.9960317460317,25.6396825396825,13.665873015873,6.33333333333333,3.45873015873016,11.8642857142857,17.2690476190476,73.8555555555556,66.8912698412698,0.428117319862328,0.340815295815296,0.501509641981456,6.96428571428571,66.8898055555556,1.10387129025182,1.00023075003299,0.435714285714286,0.866666666666667,5.12619047619048,1.12235191747147,1.1680608905961,1.5,0.8296091282657,0.399206349206349,0.123015873015873,0.996264674493063,0.576785714285714,1.8,0.611973392461197,6.11368217983223,1.5,0,2,0,0,"R32","R32 - L",0.878787878787879,0.812787288546395,-0.0660005902414841
"149",2010,172,"Cornell","Did Not Play in Conference Tournament",0.482492736126478,0.442158754644856,0.721915978630403,37.3376068376068,10.1213675213675,24.2717948717949,16.165811965812,7.1991452991453,3.71880341880342,11.6752136752137,17.6752136752137,74.5102564102564,59.7213675213675,0.394462663464325,0.326291396848914,0.570455230146317,14.7888888888889,64.0174871794872,1.16414936341363,0.93323475193831,0.794444444444445,0.895,3.11367521367521,1.15520231213873,1.38601902895354,2,0.723951656443845,0.186324786324786,0.385470085470085,0.988007091730496,0.483333333333333,3,0.479566692794262,5.52545293913178,0.922220751819163,1,3.2,0.2,0,"S16","S16 - L",0.870967741935484,0.87401908858533,0.00305134664984641
"150",2010,183,"Syracuse","Quarterfinals - L",0.498682386594186,0.375194719516956,0.692786053732163,39.5822222222222,12.2605128205128,24.6316239316239,17.9902564102564,8.60358974358974,5.64786324786325,14.5276923076923,14.7150427350427,78.2292307692308,69.0452991452991,0.419510952276638,0.320962019999364,0.556497632373116,9.18393162393162,69.0740316239316,1.1323252574468,1.00156798856458,0.307142857142857,0.35,-0.667521367521367,1.01708961182645,1.23605019920809,2.9,0.858559216760721,0.246666666666667,0.0615384615384615,0.999128554580003,0.423214285714286,8.6,0.735050597976081,6.99209642741589,2.67307692307692,2.67307692307692,2.625,0.2,0,"S16","S16 - L",0.875,0.897645905990093,0.022645905990093
"151",2010,194,"Ohio State","Final - W",0.485362325383846,0.367005799094355,0.707509326631795,36.2531468531469,8.89277389277389,24.1341103341103,13.9804195804196,6.73372183372183,3.32641802641803,11.3198912198912,15.1324009324009,71.3979020979021,61.9934731934732,0.419352700631008,0.343950263032042,0.546687501573805,9.4044289044289,64.3029102564103,1.11108211936109,0.963298496660005,0.5,0.841666666666667,1.56045066045066,1.18446188878236,1.23658542066155,2.2,0.546560381799188,0.143045843045843,0.187179487179487,0.986717982614837,0.675,7.2,0.742551422410614,5.7268477475872,1.979942625931,2.83333333333333,2.875,0,1,"S16","S16 - L",0.787878787878788,0.88603078365593,0.0981519957771417
"152",2010,195,"Ohio","Final - W",0.44070670641022,0.37355178651895,0.722390341050535,40.2023809523809,10.831746031746,25.1869047619048,14.3547619047619,7.18373015873016,2.47301587301587,12.5150793650794,18.490873015873,74.0968253968254,69.2694444444444,0.411479844959383,0.319885835410286,0.503472753816772,4.82738095238095,69.138496031746,1.07182134534333,1.00219986451155,0.505555555555556,0.615,-0.517857142857143,1.14653100139997,1.14708737000704,6.4,0.369364036547243,0.381746031746032,0.113888888888889,0.945122116744991,0.381944444444444,5.5,0.530364042627755,3.49650756146648,0,0,2.2,0,0,"R32","R32 - L",0.6,0.702297738076726,0.102297738076726
"153",2010,197,"Oklahoma St","Quarterfinals - L",0.445488247490652,0.365575494219576,0.718341454969618,37.6742424242424,10.1487373737374,25.1891414141414,12.8517676767677,6.8479797979798,2.30075757575758,13.3083333333333,20.3525252525253,73.6906565656566,70.5090909090909,0.433700580990492,0.376150054541369,0.531274941266863,3.18156565656566,68.7008598484849,1.07496857452325,1.02608810052532,0.5625,0.45,0.466919191919192,1.01630612696306,0.999889404998894,5.2,0.640037171824734,0.190151515151515,0.130555555555556,0.943778500384613,0.75,6,0.539971022564378,5.61312810638807,0.936854096732905,1,2.33333333333333,0.2,1,"R64","R64 - L",0.6875,0.723388247432306,0.0358882474323056
"154",2010,218,"Temple","Final - W",0.444569550075415,0.33804347826087,0.705348880715433,40.6873348873349,11.027195027195,25.8596736596737,14.9229992229992,4.70722610722611,2.75866355866356,10.5033411033411,14.6378399378399,65.7410256410256,57.2493395493396,0.382993480287262,0.299071083787945,0.500454896796588,8.49168609168609,61.8613943278943,1.06255332505642,0.925436567495612,0.366071428571429,0.4,1.55742035742036,1.04566937814228,1.42014364696253,0.6,0.792658443979046,0.112975912975913,0.164102564102564,0.988803777275548,0.564285714285714,5.2,0.63922942206655,6.3491389913798,1,1,2.625,0.2,1,"R64","R64 - L",0.848484848484849,0.835041701402533,-0.0134431470823153
"155",2010,221,"Pitt","Quarterfinals - L",0.441923975484555,0.337539361223572,0.715335149825289,39.282905982906,12.358547008547,23.5696581196581,15.2961538461538,4.89059829059829,3.82692307692308,11.5264957264957,17.9115384615385,68.6619658119658,64.1089743589744,0.418165105094846,0.330527380162417,0.491667800413838,4.55299145299145,62.7660320512821,1.09121126318559,1.02271185346657,0.408928571428571,0.516666666666667,-1.07051282051282,0.877600310669408,1.34301071113928,2.7,0.686911523513572,0.335470085470085,0.148717948717949,0.989339763325384,0.576785714285714,2.2,0.765566927303259,5.34233425196481,1.78331498416143,2,2.55555555555556,0,0,"R32","R32 - L",0.75,0.758177090261477,0.00817709026147739
"156",2010,222,"Villanova","Quarterfinals - L",0.47312047990392,0.381882369625998,0.745682478914186,41.1722222222222,12.875,24.6833333333333,13.4166666666667,7.42777777777778,3.78333333333333,14.0361111111111,23.0361111111111,81.6055555555556,75.2555555555556,0.412280526557687,0.337023231523249,0.538005463667625,6.35,71.2313333333333,1.14568728299648,1.0565913767288,0.4625,0.755,0.372222222222223,1.04012429288503,0.976481953629193,7,0.622805054688914,0.341666666666667,0.172222222222222,0.98395417447541,0.6625,4.6,0.630252100840336,6.16751649088834,2.64285714285714,3.3,2.27272727272727,0,0,"R32","R32 - L",0.774193548387097,0.797644590181939,0.0234510417948421
"157",2010,228,"Clemson","Early Round - L",0.424911326315824,0.310715531923732,0.675547882323598,38.0698412698413,12.4261904761905,22.5952380952381,12.6428571428571,8.48730158730159,4.66825396825397,14.75,18.2666666666667,68.6920634920635,65.4626984126984,0.428470515462211,0.277379661016949,0.480193603431761,3.22936507936508,68.6752777777778,0.999194197249193,0.954231456937114,0.648214285714286,0.38,1.80952380952381,1.0958615136876,0.85879917184265,3.4,0.580781145166474,0.299206349206349,0.155555555555556,0.983394973202907,0.423214285714286,3.9,0.581903276131045,6.46458830368996,1,1,2.33333333333333,0.2,0,"R64","R64 - L",0.67741935483871,0.820355395621355,0.142936040782645
"158",2010,238,"Vanderbilt","Semifinals - L",0.462065933025162,0.387399791566458,0.735135876245537,39.0866666666667,10.655,25.0016666666667,13.0433333333333,5.43166666666667,5.08166666666667,13.035,19.2466666666667,76.485,70.3483333333333,0.419981991009673,0.33333460135862,0.519372735656514,6.13666666666667,69.1701583333333,1.10560410928978,1.01756038754544,0.428571428571429,0.833333333333333,-2.80166666666667,0.999626999729534,1.00442258293268,3.3,0.724675057730625,0.318333333333333,0.113333333333333,0.977692523471751,0.428571428571429,3.4,0.620278330019881,6.22257626807137,1.8,2.33333333333333,2.4,0,1,"R64","R64 - L",0.75,0.775971848754724,0.0259718487547245
"159",2010,239,"Baylor","Semifinals - L",0.486491227889125,0.394826126068481,0.770263149698339,40.2636363636364,11.8054545454545,25.8945454545455,13.3490909090909,6.33818181818182,6.89272727272727,14.1527272727273,18.3981818181818,77.3309090909091,68.5163636363636,0.396354309165527,0.329932063119538,0.549038171412823,8.81454545454546,67.6422909090909,1.14419237530706,1.01231758229864,0.282142857142857,0.8,-4.30909090909091,0.838861503674392,0.969125306199359,4.2,0.750138466587709,0.247272727272727,0.165454545454545,0.994959540707925,0.435714285714286,7.9,0.501979135715505,5.33753807970132,0.890856991263963,1,2.5,0.2,1,"E8","E8 - L",0.78125,0.858809352281993,0.0775593522819927
"160",2010,245,"Texas A&M","Semifinals - L",0.437496820447883,0.324887924484346,0.660575948826995,39.2033333333333,11.8166666666667,24.3133333333333,11.8366666666667,6.76333333333333,3.265,12.3116666666667,18.6383333333333,70.5433333333333,65.415,0.416255658156799,0.345149497759666,0.495640905124185,5.12833333333333,66.5270166666667,1.06128145719433,0.982450873792173,0.56984126984127,0.435,3.27166666666667,1.12518021377082,0.987198608003977,1.9,0.62380611530526,0.386666666666667,0.146666666666667,0.988056338028169,0.441269841269841,4,0.591312163535242,5.83773044716594,1.62390191392736,1,2.5,0.4,1,"R32","R32 - L",0.71875,0.75175244954426,0.0330024495442603
"161",2010,248,"Houston","Final - W",0.405899272747921,0.338091110829638,0.718706862985807,38.93,13.1766666666667,21.8266666666667,11.9166666666667,9.02666666666667,3.12666666666667,9.16333333333333,18.7133333333333,75.9566666666667,72.7166666666667,0.450145806995365,0.324540990485263,0.467428009964215,3.24,70.4965,1.07737343475417,1.03233498877809,0.444642857142857,0.483333333333333,7.05,1.7730536017463,1.30091357425823,3,0.36742925711211,0.226666666666667,0.03,0.971353125392064,0.633928571428571,2.9,0.587334014300306,6.88755257166462,1.6,0,2,0.2,0,"R64","R64 - L",0.545454545454545,0.640855932773122,0.0954013873185762
"162",2010,249,"North Texas","Final - W",0.465593558227487,0.328026487190621,0.715328011562131,40.8378205128205,10.9336996336996,26.5045787545788,11.5269230769231,4.3764652014652,2.60750915750916,14.5722527472527,17.9150183150183,73.6525641025641,68.2223443223443,0.432700382781377,0.335247883119113,0.512258530943234,5.43021978021978,68.6750151098901,1.07318041600734,0.993446394088494,0.358730158730159,0.55,-1.19203296703297,0.867057089444924,0.788871153293069,3.6,0.810869693727907,0.421245421245421,0.091025641025641,0.953388900112164,0.70952380952381,3,0.530234772242087,5.59842195899838,0.934399580433247,1,2.2,0,0,"R64","R64 - L",0.75,0.676435542627625,-0.0735644573723748
"163",2010,251,"Texas","Quarterfinals - L",0.453514651991507,0.350058758228627,0.635886222734197,42.8277777777778,15.2333333333333,25.1777777777778,13.5333333333333,7.05277777777778,5.43611111111111,13.5083333333333,20.2944444444444,78.8916666666667,74.1444444444444,0.427638053924437,0.339163478073634,0.498433518121611,4.74722222222222,72.8185,1.0826668016504,1.02034582908674,0.455555555555556,0.548333333333333,3.15277777777778,1.02018175358331,1.00094530041042,5.6,0.558981112356383,0.172222222222222,0.102777777777778,0.972445431064988,0.752777777777778,5.7,0.663853727144866,6.56807791141198,1.91176470588235,2.22727272727273,2.5,0.6,1,"R64","R64 - L",0.727272727272727,0.843709013883718,0.11643628661099
"164",2010,252,"BYU","Semifinals - L",0.471047729009549,0.41906966699013,0.787269198651533,41.6444444444444,10.2023088023088,27.5891053391053,15.3849927849928,8.26349206349206,3.63383838383838,11.4018037518038,16.5062049062049,82.1792207792208,66.3717171717172,0.412004647989752,0.334376402328418,0.543851920870872,15.8075036075036,70.9047164502165,1.15902044629757,0.936509761131203,0.387301587301587,0.966666666666667,4.58470418470418,1.34099552556439,1.36071610360524,1.5,0.526077507032274,0.232395382395382,0.402453102453102,0.984289705566301,0.542857142857143,6.8,0.71755997566647,4.88280192258637,0.814959662065137,1,2.3,0.2,0,"R32","R32 - L",0.852941176470588,0.934334712082899,0.0813935356123111
"165",2010,257,"Richmond","Final - L",0.450022252074058,0.365799372998042,0.690085292552319,35.2922077922078,8.62207792207792,23.9201298701299,12.4383116883117,8.12272727272727,4.90649350649351,10.6461038961039,17.8025974025974,70.3577922077922,62.8201298701299,0.399100080350156,0.287451769336191,0.521591470297325,7.53766233766234,65.8586558441558,1.06828244133,0.953215920079541,0.516666666666667,0.625,-0.277922077922078,1.39811180493607,1.17112696996729,4.8,0.818649295730587,0.48961038961039,0.121428571428571,1,0.3875,4.1,0.499257217271838,5.06259503302697,0,0,3.125,0.2,0,"R64","R64 - L",0.787878787878788,0.774054481733105,-0.0138243061456826
"166",2010,261,"Vermont","Final - W",0.450993437705539,0.327960506451418,0.692336589707699,41.0157142857143,12.21,25.3842857142857,12.1285714285714,5.99285714285714,4.03142857142857,13.6471428571429,18.6157142857143,71.3785714285714,63.1114285714286,0.388683339317019,0.313315368870307,0.498225612552699,8.26714285714286,66.7076214285714,1.07041926616723,0.946018140337823,0.566666666666667,0.633333333333333,-0.471428571428571,0.93742160349787,0.90178673468676,5.8,0.487669732414553,0.168571428571429,0.0614285714285714,0.996896982446913,0.666666666666667,4.4,0.614656006336852,4.85203026391962,0,0,2.6,0,1,"R64","R64 - L",0.735294117647059,0.735337035131846,4.29174847869085e-05
"167",2010,264,"Washington","Final - W",0.453333156797134,0.329105072463768,0.732199411212551,40.1222222222222,12.4694444444444,24.7,13.8222222222222,6.75555555555556,3.50833333333333,12.2972222222222,21.8472222222222,78.7777777777778,69.9388888888889,0.418973310341251,0.322559791370876,0.498699196676079,8.83888888888889,71.9173333333333,1.09261939357849,0.977716977667858,0.308333333333333,0.583333333333333,3.98333333333333,1.25637311599466,1.1209808259587,1.2,0.483924429125224,0.144444444444444,0.280555555555556,0.982455626623891,0.494444444444444,3.6,0.584766584766585,6.01126717440416,1.8,2,2.3,0.2,0,"S16","S16 - L",0.727272727272727,0.809870332338256,0.0825976050655286
"168",2010,269,"Marquette","Semifinals - L",0.439330962990368,0.398806022813613,0.747593314217092,33.2808857808858,9.45431235431236,20.713986013986,14.5853146853147,7.36666666666667,1.85369075369075,9.66456876456876,16.4656565656566,70.7818958818959,65.8900543900544,0.456481711604679,0.317442189301486,0.515900789256588,4.89184149184149,63.8661868686869,1.10826501974603,1.03132315767476,0.65,0.875,2.23247863247863,1.41011444998187,1.51108700616579,3.6,0.514954031702305,0.610955710955711,0.232634032634033,0.989023174993975,0.8125,5.6,0.598603966536747,4.20469261939097,0.701780438877925,1,2.57142857142857,0,0,"R64","R64 - L",0.666666666666667,0.803292022006425,0.136625355339759
"169",2010,275,"Wisconsin","Quarterfinals - L",0.4285842205134,0.356483961560794,0.731280792204395,33.5769230769231,9.6,21.5269230769231,12.1423076923077,5.61153846153846,3.31538461538462,8.03846153846154,16.5,64.5346153846154,55.6230769230769,0.432711233995109,0.345810921858658,0.509453998170242,8.91153846153846,58.3975769230769,1.10384390662614,0.952793570155203,0.642857142857143,0.75,5.8,1.54194890077243,1.54476926123985,0.8,0.496912727503409,0.123076923076923,0.188461538461538,0.966235113126673,0.7,5.6,0.687810760992749,5.78074351579233,1.68845214272687,1.75,2.55555555555556,0.2,1,"R32","R32 - L",0.741935483870968,0.882254323189871,0.140318839318903
"170",2010,277,"West Virginia","Final - W",0.424132044662165,0.329483732575294,0.705763017423335,41.1858585858586,15.5382284382284,22.4247086247086,15.0981351981352,5.27700077700078,3.73512043512044,11.124087024087,18.1724941724942,72.012432012432,64.6668220668221,0.42669822940097,0.344006033336742,0.483087383977642,7.34560994560995,63.9273247863248,1.12583740469223,1.01193142732025,0.671428571428571,0.53,6.97412587412587,1.16529712517554,1.35839787899058,3.5,0.640146146013189,0.337839937839938,0.0808080808080808,0.993750929921143,0.328571428571429,5.8,0.730670103092783,6.65544035036765,1.79411764705882,2,2.55555555555556,0,1,"F4","F4 - L",0.818181818181818,0.814465566813323,-0.00371625136849563
"171",2010,295,"Old Dominion","Final - W",0.450041683199611,0.310170836928387,0.621123100638626,42.45,15.7,23.7307692307692,15.3846153846154,7.86538461538462,2.9,12.3615384615385,14.6923076923077,67.8384615384615,58.2961538461538,0.410131426559842,0.307548309178744,0.489047757121969,9.54230769230769,62.8405,1.07976730238688,0.927423621564713,0.378571428571429,0.191666666666667,7.09230769230769,1.11983448484426,1.24717763509898,2.2,0.829936619328294,0.192307692307692,0.173076923076923,0.999198717948718,0.576785714285714,4.6,0.653679653679654,6.13772705408623,1,1,3,0,0,"R32","R32 - L",0.764705882352941,0.862509150068202,0.0978032677152612
"172",2010,328,"Utah State","Final - L",0.501605613992172,0.431766481122924,0.748509264833768,37.754329004329,9.74090909090909,25.4863636363636,17.1883116883117,4.87092352092352,3.69415584415584,9.848556998557,15.2841991341991,73.5070707070707,59.3608225108225,0.403707732202919,0.315681437048504,0.569690793436576,14.1462481962482,61.8373625541126,1.18812871498304,0.960444809314789,0.576785714285714,0.755,0.814430014430014,1.07554343759892,1.7991453483353,3,0.572493395045701,0.112337662337662,0.350865800865801,0.992193763859738,0.576785714285714,7.3,0.679271708683473,6.57228254269401,1,1,2.27272727272727,0,0,"R64","R64 - L",0.794117647058823,0.911170843464289,0.117053196405466
"173",2010,2029,"AR-Pine Bluff","Final - W",0.416178441178239,0.293438727791957,0.656192083390733,43.1431818181818,12.5295454545455,26.5015151515152,13.4787878787879,7.41212121212121,3.86287878787879,16.9015151515152,22.8015151515152,66.0431818181818,60.5356060606061,0.380320619182947,0.299838378536754,0.456580794767275,5.50757575757576,69.4056212121212,0.950938159334501,0.87335562088072,0.414285714285714,0.35,1.57045454545455,0.915441484339408,0.792122878546575,6.3,0.609833327804419,0.500757575757576,0.109090909090909,0.961706869097168,0.571428571428571,1.1,0.502551551661888,3.46573590279973,0,0,2.77777777777778,0.2,0,"R64","R64 - L",0.516129032258065,0.478090654055053,-0.0380383782030113
"174",2010,2086,"Butler","Final - W",0.472561630846058,0.353565379403794,0.74885930017509,35.8241025641026,8.59128205128205,24.5126495726496,13.3702564102564,6.09521367521368,2.6442735042735,12.5008547008547,18.2463247863248,70.6512820512821,58.6364102564103,0.39604918173563,0.281065393730371,0.544199213350438,12.0148717948718,63.9821076923077,1.10427354276596,0.916633491406759,0.571428571428571,0.6,0.00888888888888884,1.0363134635721,1.06927420270496,3.1,0.853140316548721,0.237435897435897,0.150940170940171,0.98487139035182,0.714285714285714,4.2,0.779365594732576,4.20469261939097,0.701780438877925,1,2.875,0,0,"Final","Final - L",0.875,0.846141348310449,-0.0288586516895508
"175",2010,2193,"ETSU","Final - W",0.436825370757087,0.285273605980161,0.680766407019429,39.7884615384615,12.4307692307692,23.8269230769231,10.7423076923077,8.50384615384615,3.05769230769231,14.3153846153846,19.3807692307692,68.9230769230769,64.8153846153846,0.405710058076327,0.32048414039432,0.479516785092219,4.10769230769231,68.4606153846154,1.00693158328514,0.947059670317856,0.280555555555556,0.51,3.06153846153846,1.19411011286011,0.750889144639145,4.4,0.479534067131991,0.373076923076923,0.161538461538462,0.97064802982644,0.752777777777778,1.7,0.588052056922548,5.93224518744801,0.990116046052788,1,2.09090909090909,0.2,1,"R64","R64 - L",0.588235294117647,0.606794797060344,0.0185595029426967
"176",2010,2250,"Gonzaga","Final - L",0.501995266515744,0.35397516529592,0.65762757998159,40.7853146853147,10.9576923076923,26.7272727272727,13.8828671328671,6.28426573426573,4.60979020979021,12.6874125874126,17.5786713286713,77.5423076923077,66.9059440559441,0.407560954915346,0.321539165185835,0.549750594332392,10.6363636363636,68.6895402097902,1.12888382045691,0.97429335907326,0.3375,0.55,-0.480769230769231,1.00560549313358,1.10714107365793,3.7,0.66964410173306,0.174825174825175,0.130769230769231,0.996872246696035,0.4875,4,0.794207607040633,5.80211837537706,1.74311522559536,1.8,1.8,0,1,"R32","R32 - L",0.8125,0.833453849413106,0.0209538494131063
"177",2010,2305,"Kansas","Final - W",0.475088350359415,0.402467429211615,0.716500533487258,42.2931623931624,12.9709401709402,26.8356837606838,15.9811965811966,7.97179487179487,6.03824786324786,12.9978632478632,18.3715811965812,79.5655982905983,65.8267094017094,0.389842682740178,0.350809451985923,0.537625350125789,13.7388888888889,69.005016025641,1.15272564016491,0.954556421804879,0.380357142857143,0.533333333333333,0.742521367521368,1.01908282440782,1.23385097762577,3.4,0.846270126314411,0.129700854700855,0.270940170940171,1,0.619642857142857,7.9,0.72168905950096,6.25766758788264,3.04545454545455,3.75,2.5,0,0,"R32","R32 - L",0.941176470588235,0.938775656573288,-0.00240081401494729
"178",2010,2306,"Kansas St","Final - L",0.436306230843566,0.350522575250836,0.672744966617307,43.0780108780109,15.3948717948718,23.75337995338,14.2246309246309,7.52160062160062,4.82315462315462,14.0772338772339,22.4218337218337,77.9468531468531,70.3110334110334,0.430463664409103,0.334525929409248,0.494680219516597,7.63581973581974,71.4259968919969,1.09226476307643,0.986039861221094,0.325,0.55,6.23729603729604,1.17922732551072,1.00860064605063,3.7,0.595609087741611,0.268686868686869,0.111965811965812,0.995964325529543,0.325,5.3,0.634373939839812,4.21950770517611,0.704253137442467,1,2.45454545454545,0.2,0,"E8","E8 - L",0.787878787878788,0.81775444134394,0.029875653465152
"179",2010,2329,"Lehigh","Final - W",0.467102144816629,0.40681975208291,0.730310821712894,39.8014652014652,10.6703296703297,25.1113553113553,14.421978021978,6.15347985347985,2.31025641025641,12.3230769230769,18.2886446886447,77.6615384615385,70.8406593406593,0.428412870068977,0.334674919576782,0.527311467670354,6.82087912087912,69.7085164835165,1.11449230759649,1.0154100982886,0.411111111111111,0.591666666666667,1.78058608058608,1.14785622357051,1.17074186431329,2.5,0.504701771048443,0.0791208791208791,0.0666666666666667,0.986289338611539,0.655555555555556,0.8,0.537282686909208,4.07753744390572,0,0,2.54545454545455,0.2,1,"R64","R64 - L",0.6875,0.684024712598321,-0.00347528740167913
"180",2010,2415,"Morgan St","Final - W",0.442671606276919,0.353716785112881,0.691595091538685,43.2392551892552,15.0437118437118,24.52557997558,12.8509768009768,6.31910866910867,4.20708180708181,13.6450549450549,20.0358363858364,76.38778998779,67.3473137973138,0.418998245302735,0.316787846387597,0.493103400903389,9.04047619047619,69.9056233211233,1.09299133925691,0.96280957850598,0.3375,0.616666666666667,2.83113553113553,1.09551281300451,0.940554716126601,3.8,0.688850640585892,0.299267399267399,0.212454212454212,0.996611103904527,0.7375,2,0.614506451465885,5.28826703069454,1.32395017673445,1,2.22222222222222,0.2,0,"R64","R64 - L",0.75,0.72580141959445,-0.02419858040555
"181",2010,2439,"UNLV","Final - L",0.473318165338809,0.348290483359959,0.726910045586833,35.7301587301587,8.51746031746032,24.2920634920635,16.6063492063492,7.16904761904762,3.38650793650794,11.8253968253968,18.9730158730159,71.4595238095238,62.8984126984127,0.398440147460873,0.326608373078961,0.538092871209967,8.56111111111111,66.3680793650794,1.07694888005807,0.947921375377497,0.54,0.54,0.944444444444445,1.24816496239785,1.4168637702148,3.5,0.429125554734695,0.215873015873016,0.173015873015873,0.957425683119238,0.755,3.7,0.600558659217877,6.57507584059962,1.86363636363636,2,2.27272727272727,0.2,0,"R64","R64 - L",0.757575757575758,0.826471717390694,0.0688959598149369
"182",2010,2460,"Northern Iowa","Final - W",0.424335015708834,0.337131317641448,0.787917518347966,35.3454545454546,9.21818181818182,23.1581818181818,10.6636363636364,5.52181818181818,2.18727272727273,10.4890909090909,15.8509090909091,61.7309090909091,53.1363636363636,0.397112113401403,0.321280220878419,0.489607564380753,8.59454545454546,58.3654363636364,1.05684695215466,0.910364784035541,0.414285714285714,0.316666666666667,2.89636363636364,1.13038595381208,1.02308717856013,2,0.739623863546006,0.22,0.0490909090909091,0.974114165166256,0.571428571428571,5.7,0.610234438736709,4.58496747867057,0.765249872150823,1,2.55555555555556,0,1,"S16","S16 - L",0.875,0.844610814719662,-0.0303891852803375
"183",2010,2473,"Oakland","Final - W",0.476374259813284,0.348210955710956,0.71154802259887,41.2193939393939,13.1072727272727,24.8206060606061,14.1175757575758,6.32878787878788,5.16,13.5178787878788,18.7563636363636,80.0233333333333,71.0951515151515,0.451954537532523,0.342194478908189,0.533959371057682,8.92818181818182,70.1194060606061,1.14048923220871,1.01349915330554,0.555357142857143,0.6,2.23393939393939,0.962890926658262,1.05285628936804,2.1,0.831717778758788,0.343030303030303,0.194242424242424,0.988967343336275,0.619642857142857,6.2,0.509764154406485,5.73009978297357,0.956377149179567,1,2.75,0,0,"R64","R64 - L",0.764705882352941,0.701439126565366,-0.0632667557875748
"184",2010,2509,"Purdue","Semifinals - L",0.441550926433986,0.322967901452603,0.717525620558245,34.8383333333333,9.32166666666667,22.4083333333333,13.225,6.07166666666667,4.03166666666667,10.5983333333333,18.2833333333333,67.8533333333333,61.9883333333333,0.407417715833335,0.355950780373508,0.493666004752468,5.865,64.4137166666667,1.052941762669,0.962971243956764,0.3625,0.453333333333333,2.37833333333333,1.3558744423603,1.24932839207182,1.9,0.747115780164226,0.288333333333333,0.188333333333333,0.931540572867273,0.775,4.9,0.655751471401171,5.0998664278242,1.2767829270439,1.66666666666667,2.4,0,0,"S16","S16 - L",0.84375,0.845704439690873,0.00195443969087272
"185",2010,2523,"Robert Morris","Final - W",0.454448944748369,0.363843641032742,0.659939294422053,39.230303030303,11.455303030303,23.4931818181818,12.1537878787879,7.69772727272727,2.4,14.6204545454545,21.2356060606061,68.5833333333333,63.1234848484848,0.39631049960968,0.311140118798148,0.50620039861954,5.45984848484848,66.1721401515152,1.03567566838943,0.952984618366554,0.3875,0.35,0.976515151515151,1.04187977387176,0.830148542742668,6.8,0.744214376749377,0.242424242424242,0.143939393939394,0.997791849326189,0.5125,2.8,0.693241103779059,4.24849524204936,0.709091276205592,1,2.18181818181818,0.2,0,"R64","R64 - L",0.676470588235294,0.613731117353755,-0.0627394708815388
"186",2010,2534,"Sam Houston","Final - W",0.472233199577536,0.367675263092951,0.715782061737344,40.4333333333333,11.9583333333333,25.8583333333333,20.55,7.6,2.81666666666667,13.275,20.6583333333333,79.9833333333333,68.6583333333333,0.420686030660833,0.312223667927168,0.547865802719979,11.325,69.9998333333333,1.14253062578064,0.981100924559538,0.625,0.62,2.61666666666667,1.11454602241518,1.56037212726764,7.4,0.704868633913024,0.341666666666667,0.241666666666667,0.984464524572495,0.5,2.6,0.619107710514699,5.78074351579233,0.964829795843928,1,2.25,0.2,0,"R64","R64 - L",0.78125,0.826290002377873,0.0450400023778732
"187",2010,2540,"UCSB","Final - W",0.453790300166759,0.376094059020118,0.688262923014656,35.1063636363636,8.55909090909091,23.5127272727273,13.5945454545455,6.66909090909091,3.55727272727273,15.7418181818182,19.1527272727273,68.0672727272727,63.9481818181818,0.409331975586527,0.298846229908497,0.523714510704148,4.11909090909091,67.7370954545455,1.00459151949324,0.94394703631803,0.492857142857143,0.608333333333333,-3.08272727272727,1.02019614781861,0.861821980269753,2.9,0.798452069753635,0.532727272727273,0.175454545454545,0.978310141163851,0.833928571428571,3.2,0.553020714771709,5.78689738136671,0.965856901241281,1,2.58333333333333,0,0,"R64","R64 - L",0.689655172413793,0.60201299704982,-0.0876421753639727
"188",2010,2561,"Siena","Final - W",0.458569250496196,0.330228222436516,0.675894880874043,40.6624708624709,12.783682983683,25.2331779331779,13.6561771561772,8.47793317793318,3.31794871794872,12.1292929292929,13.477466977467,74.5590520590521,64.4662004662005,0.426315526123941,0.3403774908571,0.501582778829517,10.0928515928516,69.2096142191142,1.07707269323503,0.931449577648326,0.3,0.483333333333333,4.83162393162393,1.21782572241302,1.13821514731173,1,0.695757359058595,0.0804195804195804,0.214607614607615,0.976597767119089,0.442857142857143,6.1,0.568629078468389,5.97888576490112,0.997900549672295,1,2.77777777777778,0,0,"R64","R64 - L",0.818181818181818,0.831250727589943,0.0130689094081244
"189",2010,2608,"Saint Mary's","Final - W",0.482402364477072,0.40931209742351,0.760206968433591,38.5796825396825,9.91428571428571,26.1831746031746,15.9695238095238,5.24793650793651,5.32571428571429,11.351746031746,16.644126984127,77.1253968253968,66.3536507936508,0.423178155251175,0.300373698908352,0.556821733713721,10.771746031746,66.6518285714286,1.15700419828527,0.99561961372164,0.648214285714286,0.8,-2.13650793650794,0.967287784679089,1.43224216042059,3.4,0.614232813695996,0.132698412698413,0.159365079365079,0.995115506156696,0.576785714285714,1.7,0.615204173028354,5.53338948872752,0.923545394489304,1,2.5,0.2,0,"S16","S16 - L",0.838709677419355,0.884884191664319,0.0461745142449642
"190",2010,2633,"Tennessee","Semifinals - L",0.438893496973647,0.301382786338539,0.662492716667198,39.2562121212121,11.4762121212121,24.8122727272727,12.9275757575758,7.40045454545455,3.87045454545455,13.1954545454545,19.3498484848485,70.0689393939394,65.7509090909091,0.396682259530301,0.295587187623408,0.489941154074527,4.3180303030303,68.7035378787879,1.0179290720433,0.958369941620487,0.419191919191919,0.265,1.13409090909091,1.15550776583035,0.998450816407806,2.9,0.796452254142547,0.142121212121212,0.175454545454545,0.936162635622675,0.568686868686869,5.5,0.703686805842333,5.56068163101553,1.85620112988889,2,2.75,0,1,"E8","E8 - L",0.757575757575758,0.799397013881883,0.0418212563061258
"191",2010,2638,"UTEP","Final - L",0.470537310937636,0.338801853417238,0.678272790744898,37.5977272727273,9.27954545454546,26.0426767676768,13.8371212121212,8.49545454545455,3.82323232323232,13.2742424242424,18.7282828282828,73.3868686868687,64.3871212121212,0.394976622972466,0.312916515804834,0.522319495834962,8.99974747474748,69.7532752525253,1.05157795592858,0.923082374014914,0.336507936507936,0.483333333333333,-0.493939393939394,1.15336390435637,1.03978491101649,4.6,0.858559216760721,0.213888888888889,0.164141414141414,0.985099799712659,0.56984126984127,3.6,0.568654445978163,4.62497281328427,0,0,2.66666666666667,0.2,0,"R64","R64 - L",0.8125,0.861340253089427,0.0488402530894273
"192",2010,2737,"Winthrop","Final - W",0.393998801317472,0.26459488642555,0.642348315017543,42.5833333333333,13.9083333333333,25.5916666666667,11.6,8.3,4.28333333333333,11.5416666666667,18.7166666666667,64.5333333333333,60.1666666666667,0.391537718950469,0.279140951860146,0.429095291195874,4.36666666666667,66.430875,0.970834090697118,0.905352618017588,0.418888888888889,0.246666666666667,6.63333333333333,1.28623443069406,1.03214485962594,2.4,0.632211675630445,0.441666666666667,0.183333333333333,0.988047913741746,0.55,4.8,0.464713217113624,5.19295685089021,0.866725791342085,1,2.33333333333333,0.2,0,"First Four","First Four - L",0.59375,0.547059839929193,-0.0466901600708072
"193",2010,2747,"Wofford","Final - W",0.448425954492131,0.356466083037998,0.648179499442053,39.8675757575758,11.5445454545455,24.8921212121212,12.7315151515152,7.32787878787879,2.25939393939394,12.0690909090909,18.1812121212121,69.410303030303,59.0184848484849,0.397997140479952,0.278876779221276,0.500629378202045,10.3918181818182,65.0917984848485,1.06618794231057,0.906644138109856,0.248214285714286,0.76,3.72333333333333,1.18464009130187,1.06979783158066,2,0.676036975457879,0.221818181818182,0.0587878787878788,1,0.589285714285714,3.5,0.454638909126599,5.33753807970132,0,0,2.8,0,0,"R64","R64 - L",0.764705882352941,0.798875626706616,0.0341697443536746
"194",2010,2752,"Xavier","Semifinals - L",0.469177396075591,0.355072037112779,0.725039546670274,43.575,12.9666666666667,27.4166666666667,14.8,7.16666666666667,3.41666666666667,13.6166666666667,18.7166666666667,81.2166666666667,69.8083333333333,0.417994044739512,0.276219391198856,0.528952776778813,11.4083333333333,72.01075,1.12772123640949,0.969481573869562,0.5625,0.6,1.41666666666667,0.980097780707537,1.08593715666886,4.6,0.649661096413921,0.341666666666667,0.316666666666667,0.974565448530609,0.625,6.8,0.61671181021665,0,0,0,2.33333333333333,0,1,"S16","S16 - L",0.75,0.834996136424073,0.084996136424073
"195",2011,5,"UAB","Quarterfinals - L",0.431899385235612,0.326050847500455,0.701512765526144,40.3833333333333,11.7083333333333,24.3333333333333,13.1666666666667,5.16666666666667,3.075,12.3583333333333,17.9833333333333,67.8083333333333,64.2083333333333,0.423543150971673,0.331658472078174,0.500850209820668,3.6,64.447125,1.05151884683617,0.996200878971757,0.569642857142857,0.475,1.50833333333333,0.983368220581791,1.06575858698217,5.6,0.562248521282518,0.491666666666667,0.0833333333333333,0.965629381948816,0.521428571428571,3.2,0.612106905014725,5.79301360838414,2.29633459594673,0,2,0,0,"First Four","First Four - L",0.733333333333333,0.750589422080179,0.0172560887468461
"196",2011,12,"Arizona","Final - L",0.462102254304554,0.407498939719931,0.725970824047747,36.7959595959596,10.2159451659452,23.895670995671,13.2088023088023,4.66334776334776,2.30735930735931,12.541847041847,18.7992063492064,75.2947330447331,70.7155122655123,0.460460760979092,0.29112845406759,0.534021073361026,4.57922077922078,67.6461681096681,1.11333586189506,1.04514278106416,0.4625,0.88,0.094949494949495,0.95190991100112,1.04835780137256,4.8,0.754703002001681,0.323304473304473,0.10974025974026,1,0.5,4.4,0.679810529560021,5.29330482472449,1.76694855927321,0,2.2,0.2,0,"E8","E8 - L",0.794117647058823,0.799923607315948,0.00580596025712454
"197",2011,21,"San Diego St","Final - W",0.441915149507462,0.344676407480827,0.701575833076724,41.6763636363636,13.2418181818182,25.7815151515152,13.2087878787879,6.01,4.71909090909091,10.7945454545455,14.7157575757576,70.5548484848485,58.9960606060606,0.391541214483725,0.290633717401195,0.491508314328279,11.5587878787879,64.1543424242424,1.10059060965712,0.919509647820449,0.507142857142857,0.808333333333333,4.19606060606061,1.12740780153396,1.24116249636539,2.1,0.767899943738344,0.104242424242424,0.178787878787879,0.983684674555593,0.492857142857143,5.8,0.623164763458401,6.41999492814714,3.35,1,2.88888888888889,0,0,"S16","S16 - L",0.941176470588235,0.902763617166982,-0.0384128534212537
"198",2011,26,"UCLA","Quarterfinals - L",0.453693412835258,0.323162066525124,0.706915306915307,39.5857142857143,11.3571428571429,25.6714285714286,14.0571428571429,4.97857142857143,5.87142857142857,15.2,16.7285714285714,67.7642857142857,64.0642857142857,0.40648735975979,0.340645792563601,0.503491278050427,3.7,65.7875714285714,1.03231568626648,0.972583281100417,0.494642857142857,0.325,-4.21428571428571,0.751375013427866,0.952037582677286,3.3,0.779437173191995,0.321428571428571,0.0571428571428571,0.988049893009964,0.435714285714286,2.4,0.657425742574257,6.22653666928747,3.3125,3.9,1.77777777777778,0,1,"R32","R32 - L",0.6875,0.663482556005742,-0.0240174439942578
"199",2011,30,"USC","Semifinals - L",0.44383237265621,0.351528049857641,0.63780439215933,36.0520346320346,9.89731601731602,23.5134199134199,12.1567965367965,5.62458874458874,2.98588744588745,10.765974025974,17.9942857142857,65.6463203463204,62.2249350649351,0.414255800961082,0.322562715095039,0.502263970549179,3.42138528138528,63.013861038961,1.04175753866913,0.987541123147573,0.604761904761905,0.443333333333333,1.26683982683983,1.05777448949393,1.13913929170366,4.6,0.416131084195046,0.317748917748918,0.0771428571428572,0.995754606951248,0.671428571428571,5,0.49185482744297,5.94542060860658,1.65385846311327,0,2.5,0.2,0,"First Four","First Four - L",0.575757575757576,0.665818435129522,0.0900608593719464
"200",2011,41,"UConn","Final - W",0.431311735693534,0.333685176729758,0.743220000582584,42.7003968253968,13.7579365079365,24.9559523809524,13.275,6.36984126984127,4.90198412698413,11.5003968253968,15.7853174603175,71.8615079365079,67.2146825396825,0.408622337295557,0.325957264957265,0.483698859934693,4.6468253968254,66.506869047619,1.08029592538306,1.01052665725846,0.533333333333333,0.366666666666667,0.384920634920635,0.979662555805704,1.16135303556573,3.2,0.633057777480417,0.372619047619048,0.104761904761905,1,0.43015873015873,3.9,0.696790540540541,7.07749805356923,3.11904761904762,3.78125,1.9,0.2,1,"Final","Final - W",0.742857142857143,0.751612320006975,0.00875517714983176
"201",2011,46,"Georgetown","Early Round - L",0.453121539245757,0.338673230204961,0.741299482933033,36.3034188034188,10.2803418803419,22.6196581196581,13.4675213675214,5.26153846153846,4.37264957264957,12.9230769230769,18.234188034188,66.6222222222222,65.9871794871795,0.423131802164219,0.313110234403839,0.515757719238432,0.635042735042735,62.5847435897436,1.06439740411617,1.05677780843255,0.65,0.45,-4.19401709401709,0.80972972972973,1.04198198198198,1.9,0.752129598716258,0.270940170940171,0.115384615384615,0.97326714957882,0.4875,1.8,0.663965204672867,5.74300318780948,2.15669425579903,2.875,2.66666666666667,0,1,"R64","R64 - L",0.67741935483871,0.688294047867214,0.0108746930285044
"202",2011,52,"Florida St","Quarterfinals - L",0.437339734207599,0.326920827710301,0.656909407914332,39.8120879120879,11.3445054945055,25.4972527472527,11.7763736263736,8.66813186813187,4.92142857142857,15.2324175824176,19.0302197802198,67.2868131868132,63.6478021978022,0.378629950274113,0.315593487196497,0.490282785083637,3.63901098901099,68.3470961538462,0.984507849095152,0.931661119127691,0.568055555555556,0.56,-0.853846153846154,0.974080854309687,0.77605644546148,2.5,0.434745158862191,0.27967032967033,0.160989010989011,0.927777006273057,0.505555555555556,3.2,0.527653213751868,6.50727771238501,1.4,1,2.18181818181818,0,1,"S16","S16 - L",0.666666666666667,0.764444948007436,0.0977782813407695
"203",2011,57,"Florida","Final - L",0.460048458270392,0.370366340040566,0.670950766969555,41.4749028749029,12.9188811188811,24.5119658119658,13.5767676767677,5.52113442113442,3.24669774669775,11.4879564879565,14.6454545454545,72.6756021756022,64.8104118104118,0.431146331925904,0.314544172932331,0.51927702771792,7.86519036519037,64.8013853923854,1.12171914522156,0.999293328146021,0.423214285714286,0.633333333333333,3.12245532245532,1.05120500137525,1.22659118368725,0,0.734743501734202,0.254001554001554,0.141025641025641,0.991296449633131,0.423214285714286,5.8,0.697142857142857,6.26530121273771,3.85,3.85,2.625,0,0,"E8","E8 - L",0.787878787878788,0.800369257039481,0.0124904691606936
"204",2011,61,"Georgia","Quarterfinals - L",0.44282297169514,0.351334807607253,0.73545065686119,41.9465811965812,11.9987179487179,26.0346153846154,15.1252136752137,6.06965811965812,4.5,13.241452991453,16.5995726495727,68.4564102564103,65.1260683760684,0.400259219257233,0.307336302160647,0.490438181096574,3.33034188034188,65.4535747863248,1.04558457884478,0.995312920260019,0.4875,0.333333333333333,-1.67179487179487,0.808915157044925,1.14297070998271,2.9,0.589004242342592,0.190598290598291,0.146581196581197,0.992315152656639,0.5125,2.4,0.687317399839671,5.28826703069454,0.8826334511563,0,2.77777777777778,0,1,"R64","R64 - L",0.65625,0.67902434542402,0.0227743454240196
"205",2011,87,"Notre Dame","Semifinals - L",0.473875117671635,0.40178457688808,0.709414655338447,37.4527972027972,10.0993006993007,24.4986013986014,15.9034965034965,4.90909090909091,3.48951048951049,10.777972027972,15.2143356643357,73.8702797202797,67.020979020979,0.418038156063211,0.374303023796569,0.550935260640273,6.8493006993007,63.2466818181818,1.16772433921484,1.06069303565004,0.683333333333333,0.735,-2.28461538461538,0.938738198983297,1.48122222222222,3.4,0.895301179562872,0.244055944055944,0.277972027972028,0.972773365826857,0.5,3.5,0.652631578947368,6.16541785423142,1,1,2.625,0,1,"R32","R32 - L",0.8125,0.834041141350482,0.0215411413504822
"206",2011,96,"Kentucky","Final - W",0.456724343247974,0.388287590726615,0.729745317107533,39.4133644133644,11.7995337995338,24.9874902874903,12.3536130536131,5.37832167832168,6.1039627039627,10.429526029526,16.0463092463092,74.5014763014763,64.4001554001554,0.39446064335366,0.347429926074546,0.519166881656134,10.1013209013209,65.4832226107226,1.13744590068592,0.983950538010248,0.533333333333333,0.813333333333333,1.62773892773893,1.17154338101143,1.18373564300508,3.4,0.449568824433846,0.279409479409479,0.223931623931624,1,0.666666666666667,4.8,0.770465489566613,6.43615036836943,2.91666666666667,3,2,0.2,1,"F4","F4 - L",0.757575757575758,0.878431295933536,0.120855538357779
"207",2011,97,"Louisville","Final - L",0.439733772520734,0.352674076588042,0.678166967076469,37.7397435897436,12.4645299145299,23.2760683760684,17.0773504273504,8.6232905982906,4.45277777777778,12.5694444444444,18.6224358974359,72.2459401709402,65.4316239316239,0.398486810913124,0.305189701897019,0.508900068823368,6.81431623931624,67.5377542735043,1.069271968786,0.96899948476767,0.606944444444444,0.41,1.76324786324786,1.19516864754235,1.36467230274291,3.1,0.586736168929202,0.430555555555556,0.184401709401709,0.952360988622915,0.629166666666667,4.1,0.728426395939086,6.67076632084587,3.7,2.35714285714286,2.45454545454545,0,1,"R64","R64 - L",0.735294117647059,0.844309557767752,0.109015440120693
"208",2011,104,"Boston Univ","Final - W",0.414985269957832,0.35047043421295,0.739998343170757,39.9994227994228,11.2670274170274,24.45670995671,9.61240981240981,5.05252525252525,3.62611832611833,11.8415584415584,17.4823953823954,64.7333333333333,60.1303751803752,0.384743718676606,0.322643288084465,0.485337865480031,4.60295815295815,60.8676078643579,1.0627548745777,0.987333062380414,0.571428571428571,0.625,-1.77886002886003,0.919901331910778,0.81969076770279,3.7,0.705862119324316,0.403463203463203,0.0587301587301587,0.974368145106538,0.571428571428571,4.4,0.610568666365258,3.58351893845611,0,0,2.3,0.4,0,"R64","R64 - L",0.617647058823529,0.583597203798753,-0.0340498550247763
"209",2011,127,"Michigan St","Semifinals - L",0.421540124356359,0.329863127724573,0.712908532978409,38.9929487179487,11.4955128205128,24.3596153846154,14.0455128205128,5.46474358974359,4.97884615384615,12.1621794871795,18.5666666666667,65.4884615384615,66.148717948718,0.434925110510731,0.374662788647982,0.476555916038006,-0.66025641025641,63.8616153846154,1.02446216909043,1.0382570602881,0.65,0.525,1.00512820512821,0.859242450299621,1.15861249896702,4.1,0.723467223534303,0.447435897435897,0.156410256410256,0.991542296546723,0.6625,2,0.713725490196078,6.2363695902037,4.38461538461539,4.38461538461539,2.72727272727273,0.2,1,"R64","R64 - L",0.575757575757576,0.594106802469102,0.0183492267115264
"210",2011,130,"Michigan","Semifinals - L",0.448727055402048,0.362058075953581,0.696652653983021,31.8822843822844,7.03512043512044,22.2850038850039,13.0130536130536,4.85827505827506,1.85159285159285,9.75167055167055,17.2638694638695,64.8328671328671,64.7808857808858,0.449001167862984,0.334728441427127,0.530548089311321,0.0519813519813521,61.4373376068376,1.05422316034159,1.05564945111597,0.6,0.583333333333333,-1.23682983682984,1.14933204467354,1.33433971526755,2.7,0.546194867640445,0.42043512043512,0.0384615384615385,0.996822261347533,0.714285714285714,2.6,0.597883597883598,6.34212141872115,1.4,1,1.85714285714286,0.2,0,"R32","R32 - L",0.606060606060606,0.642203622354962,0.0361430162943563
"211",2011,142,"Missouri","Quarterfinals - L",0.444852677613652,0.357374811716781,0.755294281725082,37.5619047619048,12.2309523809524,22.3309523809524,15.2928571428571,9.35079365079365,5.0047619047619,12.5849206349206,20.597619047619,78.768253968254,73.831746031746,0.44933772335409,0.356917199599247,0.500155900665404,4.93650793650794,72.3986626984127,1.08705266165322,1.0237228179868,0.4875,0.775,3.75793650793651,1.35118448114988,1.21447429152726,4.5,0.430858065816099,0.165873015873016,0.169047619047619,0.990685002453701,0.625,3.5,0.667420030776524,5.57972982598622,1.6763036162207,2,2.2,0,0,"R64","R64 - L",0.696969696969697,0.807399756637348,0.110430059667651
"212",2011,150,"Duke","Final - W",0.452735906987474,0.349219351356425,0.752879918640172,41.9616666666667,12.7816666666667,25.7783333333333,12.83,6.80166666666667,4.365,11.9333333333333,18.0133333333333,77.3133333333333,64.7733333333333,0.399968583803065,0.316647475229338,0.514762463990672,12.54,68.511425,1.12754968265652,0.946688934918948,0.576785714285714,0.525,0.973333333333333,1.12899267399267,1.07095238095238,3.7,0.460962086689169,0.1,0.228333333333333,0.996503178928247,0.435714285714286,5.5,0.756756756756757,7.04577657687951,4.71153846153846,4.71153846153846,2.33333333333333,0.2,1,"S16","S16 - L",0.882352941176471,0.927829041867395,0.045476100690924
"213",2011,153,"North Carolina","Final - L",0.443373275997378,0.328474329742904,0.677370904069467,46.1213675213675,14.411655011655,28.141958041958,15.1686091686092,5.83993783993784,5.33885003885004,12.9500388500389,15.7665112665113,75.5397824397824,67.2296814296814,0.40426031064294,0.331388240677191,0.484522187297446,8.31010101010101,70.8514141414141,1.06579676529038,0.950323278935948,0.370833333333333,0.533333333333333,2.86783216783217,1.0415827020497,1.18414498215868,1.1,0.895781166353999,0.354623154623155,0.255011655011655,0.959150323875609,0.618055555555556,3.2,0.798439531859558,6.64639051484773,4.025,5.75,2.2,0.2,1,"E8","E8 - L",0.787878787878788,0.795570813455941,0.00769202557715276
"214",2011,163,"Princeton","Final - W",0.458876661115925,0.342373407427487,0.752882775119617,37.8972222222222,10.4960317460317,24.9702380952381,13.3946428571429,5.96170634920635,4.46865079365079,11.6345238095238,16.3130952380952,68.4569444444444,60.0093253968254,0.414031014001989,0.291550665444139,0.511808610550107,8.44761904761905,62.8622023809524,1.08896685821987,0.954487946091466,0.433333333333333,0.475,2.04563492063492,0.979245187436677,1.15328605200946,0.9,0.874311846502082,0.345634920634921,0.176587301587302,0.999222065063649,0.3375,4.2,0.510443308754319,4.47733681447821,0,0,2.55555555555556,0.2,1,"R64","R64 - L",0.806451612903226,0.744566781851728,-0.0618848310514974
"215",2011,183,"Syracuse","Semifinals - L",0.464845091717512,0.358726660544842,0.656029822067415,40.7178321678322,12.6034965034965,23.9986013986014,15.5192307692308,8.43181818181818,7.13391608391608,12.829020979021,15.7433566433566,71.6206293706294,65.1503496503497,0.404974461470131,0.330458112035577,0.525180036158001,6.47027972027972,65.6835576923077,1.09089343796924,0.992703745399838,0.576785714285714,0.515,0.378671328671329,1.0597511624695,1.21519612356705,0.8,0.707270551485698,0.247202797202797,0.183916083916084,0.971051418256627,0.423214285714286,5.2,0.738859180035651,7.02375895473844,2.61111111111111,2.61111111111111,2,0.2,0,"R32","R32 - L",0.78125,0.843541024357444,0.0622910243574436
"216",2011,194,"Ohio State","Final - W",0.48652748228062,0.41805452373813,0.707736707736708,35.4262626262626,10.4894660894661,21.9725108225108,14.2284992784993,6.35425685425685,3.01608946608947,9.8512987012987,14.6369408369408,74.0361471861472,62.5502164502165,0.441002462513019,0.345910661476251,0.556257005736513,11.4859307359307,62.3172770562771,1.1872174847655,1.00702658866976,0.5,0.641666666666667,4.62857142857143,1.33435299064438,1.43966782297908,1.6,0.813698160145093,0.316161616161616,0.287518037518038,0.998218298555377,0.6625,4.3,0.74901757595744,5.8406416573734,2.13243415279347,2.875,2.5,0.2,1,"S16","S16 - L",0.941176470588235,0.942082206868363,0.000905736280127467
"217",2011,213,"Penn State","Final - L",0.443657872535016,0.33918792669282,0.730270637781467,33.4555555555556,9.22777777777778,21.0416666666667,12.3555555555556,4.19166666666667,2.18333333333333,9.84722222222222,15.4666666666667,61.8055555555556,62.1388888888889,0.444923330926854,0.355837124930584,0.51048256673087,-0.333333333333333,57.5506527777778,1.07447582357447,1.0816571751746,0.497142857142857,0.541666666666667,0.141666666666667,0.97906156915257,1.263654250813,2.6,0.662268751647027,0.405555555555556,0.105555555555556,0.988640205941138,0.402857142857143,3.2,0.480769230769231,6.0330862217988,1,0,3,0,1,"R64","R64 - L",0.575757575757576,0.526545272522948,-0.0492123032346282
"218",2011,218,"Temple","Semifinals - L",0.442770774566475,0.375738484261054,0.715018773466834,38.9118686868687,11.2580808080808,24.4760101010101,15.6133838383838,6.82878787878788,4.69494949494949,10.3464646464646,15.6353535353535,71.9492424242424,63.2366161616162,0.424027793079948,0.369105711396733,0.504142509624696,8.71262626262626,65.5167310606061,1.09997264605437,0.965192534027544,0.45,0.808333333333333,4.02525252525253,1.29786585365854,1.53619579945799,3.5,0.680231657584867,0.168686868686869,0.151010101010101,0.914780487513987,0.55,5.9,0.65016501650165,6.4085287910595,1,1,2.55555555555556,0.2,1,"R32","R32 - L",0.78125,0.81055587442771,0.0293058744277102
"219",2011,221,"Pitt","Quarterfinals - L",0.467032486962011,0.403237098910605,0.684324829320877,40.75,12.5928571428571,25.0142857142857,15.6285714285714,4.35714285714286,3.18571428571429,11.8357142857143,18.2428571428571,70.2,60.8214285714286,0.39591973156052,0.312316066123387,0.521564284058096,9.37857142857143,61.858,1.13554476064664,0.984106576367428,0.419047619047619,0.8,0.257142857142857,0.871956698003638,1.32992520594914,2.8,0.439457348102564,0.407142857142857,0.142857142857143,0.970177674448644,0.43015873015873,3.2,0.764334885211649,5.49306144334055,1.44070846598676,1.57142857142857,2.9,0,0,"R32","R32 - L",0.84375,0.894733137372935,0.0509831373729354
"220",2011,222,"Villanova","Early Round - L",0.435857369846134,0.367108528440948,0.751806520397225,40.1433333333333,12.08,23.335,12.9216666666667,5.97833333333333,3.265,12.0166666666667,18.2266666666667,70.8533333333333,68.405,0.421347178167455,0.336967766225492,0.505933619709589,2.44833333333333,64.41685,1.09989157574821,1.0640549686056,0.492857142857143,0.458333333333333,0.45,0.960726441699893,1.07580521248663,3.2,0.419294860267123,0.426666666666667,0.075,0.969160125101878,0.564285714285714,2.5,0.638506876227898,6.23441072571837,2.4375,2.91666666666667,2.66666666666667,0,0,"R64","R64 - L",0.65625,0.757596846872636,0.101346846872636
"221",2011,228,"Clemson","Semifinals - L",0.435854446100348,0.358527801786229,0.702621798091411,37.902380952381,11.6873015873016,23.4325396825397,12.9722222222222,7.96269841269841,4.83809523809524,13.0634920634921,18.5396825396825,67.7825396825397,62.3285714285714,0.402403477319782,0.328015435747034,0.509340528166143,5.45396825396825,64.8291507936508,1.04583936316693,0.961081371309034,0.564285714285714,0.475,1.48730158730159,1.11920249049866,0.991813785128574,2.3,0.259506564067217,0.280952380952381,0.121428571428571,0.982760566569557,0.435714285714286,5.5,0.659915358452867,5.53338948872752,0.923545394489304,0,2.88888888888889,0,0,"R64","R64 - L",0.65625,0.776713444868125,0.120463444868125
"222",2011,235,"Memphis","Final - W",0.45191834480197,0.309630767729978,0.663706100922929,38.0955128205128,11.6333333333333,23.0645299145299,13.9912393162393,7.7284188034188,5.25021367521368,14.9089743589744,19.942094017094,69.0683760683761,67.5145299145299,0.418039785707758,0.340225919534241,0.49877378238683,1.55384615384615,67.802936965812,1.01854958606526,0.996251506009758,0.494444444444444,0.4,-1.85128205128205,0.935271232204222,0.944840042546228,7.4,0.869470596043244,0.477991452991453,0.132051282051282,0.961598825529954,0.741666666666667,4.2,0.673523128563607,3.55534806148941,0,0,1.66666666666667,0.2,0,"R64","R64 - L",0.735294117647059,0.649984481234464,-0.0853096364125946
"223",2011,238,"Vanderbilt","Semifinals - L",0.448091084376361,0.368941584731058,0.757274065660453,38.6422727272727,10.8322727272727,25.0339393939394,12.5198484848485,5.08590909090909,4.4669696969697,12.4575757575758,15.8330303030303,74.8104545454545,68.9559090909091,0.416524002566064,0.313377702942219,0.51821010849245,5.85454545454546,67.3170477272727,1.11121088104628,1.02492212441948,0.431944444444444,0.808333333333333,-3.04560606060606,0.920312679641948,1.00766106183789,4.4,0.504277142363168,0.241363636363636,0.118787878787879,0.981588360604799,0.370833333333333,3.9,0.626865671641791,6.28599809450886,1.66666666666667,2,2.55555555555556,0,1,"R64","R64 - L",0.696969696969697,0.788035168864277,0.0910654718945798
"224",2011,245,"Texas A&M","Semifinals - L",0.443287247105102,0.334540928338932,0.691155489403063,36.6482905982906,11.1465811965812,22.5521367521368,12.7034188034188,6.28888888888889,1.21752136752137,12.3876068376068,18.224358974359,66.2636752136752,63.3081196581197,0.428750372663685,0.338499125592785,0.49597577007294,2.95555555555556,62.3878397435897,1.06147545255007,1.01630972184404,0.579166666666667,0.593333333333333,1.19059829059829,1.02212493087194,1.03117675716957,3.3,0.770209592269381,0.306410256410256,0.192735042735043,1,0.4875,2.6,0.601313233460852,5.93224518744801,1.48517406907918,1,2.77777777777778,0,1,"R64","R64 - L",0.75,0.7917676470802,0.0417676470801999
"225",2011,251,"Texas","Final - L",0.456540153317224,0.386821102593411,0.640503020218935,42.299020979021,13.3532867132867,25.9525874125874,13.0366433566434,5.69454545454546,4.87958041958042,11.3286713286713,17.1033566433566,73.3212587412587,60.7286713286713,0.393610297051711,0.281975398855194,0.50861200555001,12.5925874125874,66.1471741258741,1.1088243257526,0.91934744033757,0.423214285714286,0.8,3.15146853146853,1.08873481357352,1.15179339477727,2.1,0.221809164222435,0.193986013986014,0.35020979020979,1,0.576785714285714,4.2,0.665771812080537,6.61472560020376,1.75,1.95833333333333,2.77777777777778,0.2,1,"R32","R32 - L",0.794117647058823,0.899445106901756,0.105327459842932
"226",2011,252,"BYU","Final - L",0.449728800045768,0.369554434636402,0.784672364672365,40.7020202020202,11.0672438672439,26.607215007215,14.2374458874459,7.36450216450216,4.19307359307359,10.917316017316,16.7588023088023,80.7729437229437,68.5420634920635,0.420557811581047,0.346056884292178,0.522464647707861,12.2308802308802,70.1555241702742,1.15151695675034,0.977622152836305,0.478571428571429,0.65,2.96428571428571,1.22967729910208,1.30625514603391,2.2,0.643087039212123,0.0142857142857143,0.275252525252525,0.963256739747094,0.657142857142857,6,0.741050906990058,5.12396397940326,0.855210598196153,1,2.375,0,0,"S16","S16 - L",0.882352941176471,0.889368318417287,0.00701537724081636
"227",2011,257,"Richmond","Final - W",0.44904942225445,0.390741344622749,0.71750791222013,35.2189754689755,9.66861471861472,23.1818181818182,14.5714285714286,6.01746031746032,4.17373737373737,10.2328282828283,14.9879509379509,69.0266233766234,61.2883116883117,0.407726641589369,0.306806714918067,0.523130814296779,7.73831168831169,62.5418683261183,1.1040246892927,0.980188747435027,0.494642857142857,0.866666666666667,-0.636363636363636,1.18652992969763,1.4280509862808,1.5,0.493717136611988,0.186940836940837,0.111327561327561,0.994494712103408,0.423214285714286,1.7,0.538236269338396,5.26269018890489,0.878364571387664,1,3.125,0.2,0,"S16","S16 - L",0.794117647058823,0.823687228558675,0.0295695814998517
"228",2011,264,"Washington","Final - W",0.463955483663076,0.353554557532577,0.669756589303058,41.9616938616939,13.6280497280497,25.1268065268065,16.7006216006216,5.95299145299145,5.5971250971251,12.6607614607615,19.8868686868687,81.3448329448329,71.711655011655,0.42468382997081,0.343713637486803,0.528756811990583,9.63317793317793,71.7870205905206,1.13283985111424,0.999201893153495,0.56,0.526666666666667,3.39448329448329,1.10778785027159,1.32743293763413,4.6,0.312866355536878,0.287101787101787,0.241336441336441,0.970126454283158,0.56,4.6,0.595936794582393,6.09582456243222,1.66666666666667,1.8,2.6,0.2,0,"R32","R32 - L",0.696969696969697,0.867626045522421,0.170656348552724
"229",2011,269,"Marquette","Quarterfinals - L",0.452766089176094,0.360411379018613,0.69170480162766,38.6014957264957,12.3683760683761,22.8901709401709,14.7952991452991,6.35833333333333,3.28290598290598,11.5777777777778,16.9816239316239,73.6760683760684,70.0831196581197,0.44521175376899,0.36053066900893,0.504303133788535,3.59294871794872,66.6191388888889,1.10556292235996,1.05296106980106,0.428571428571429,0.633333333333333,2.25,1.12854166493772,1.2680767985925,2,0.553195956937987,0.24957264957265,0.262820512820513,0.99798356982823,0.714285714285714,2.6,0.61374370969402,4.61512051684126,0.770282537859451,1,2,0.2,1,"S16","S16 - L",0.588235294117647,0.743889786404653,0.155654492287006
"230",2011,275,"Wisconsin","Quarterfinals - L",0.444444976395228,0.373394032180643,0.830135048149541,32.8423076923077,9.79230769230769,20.6576923076923,12.1076923076923,3.15,2.36153846153846,6.75384615384615,15.5653846153846,66.5230769230769,60.4038461538462,0.453781967351492,0.386075502615491,0.523183957366018,6.11923076923077,56.2975576923077,1.18070606479973,1.07387039620251,0.59047619047619,0.725,4.67307692307692,1.28563844258409,1.80697634649317,3.5,0.632641194355825,0.315384615384615,0.188461538461538,1,0.492857142857143,3.9,0.692538512905256,5.87773578177964,1.6350303378987,1.66666666666667,2.875,0,0,"S16","S16 - L",0.741935483870968,0.848124570262375,0.106189086391408
"231",2011,277,"West Virginia","Early Round - L",0.414732037087034,0.332543175720993,0.710346036941782,40.3787878787879,14.2070707070707,22.7737373737374,14.6494949494949,4.55858585858586,4.11010101010101,12,16.7868686868687,66.7090909090909,63.0424242424242,0.414428281852131,0.302128226324975,0.471848237484585,3.66666666666667,62.2461616161616,1.07032350766525,1.01379053730556,0.512698412698413,0.33,1.23333333333333,0.965677786266022,1.23151791019438,3.5,0.483601295123354,0.351515151515152,0.0717171717171717,0.983956031237809,0.441269841269841,2.9,0.734643734643735,6.70318811324086,1.94444444444444,2.83333333333333,3.22222222222222,0.2,1,"R32","R32 - L",0.645161290322581,0.710520966272247,0.0653596759496662
"232",2011,282,"Indiana St","Final - W",0.427180190470391,0.364570293492244,0.719157825973191,36.45,9.80555555555556,24.3027777777778,12.4638888888889,6.28333333333333,3.80555555555556,13.6694444444444,19.5722222222222,66.1222222222222,63.6805555555556,0.39976034329829,0.328903808869052,0.500196024830617,2.44166666666667,64.9294444444444,1.0217460813272,0.982360020040969,0.444642857142857,0.583333333333333,-1.51388888888889,0.946262438490979,0.950045562238017,4.6,0.726148808370569,0.408333333333333,0.0777777777777778,0.957607156224402,0.873214285714286,2.9,0.626297018342165,0,0,0,2.63636363636364,0.2,0,"R64","R64 - L",0.606060606060606,0.598296507243532,-0.00776409881707418
"233",2011,295,"Old Dominion","Final - W",0.440265824764272,0.313314064628784,0.677780862157198,42.6421212121212,15.0525757575758,24.5366666666667,14.6251515151515,6.76984848484849,4.07606060606061,11.684696969697,14.0427272727273,64.5760606060606,56.785,0.400312939292205,0.368250506652569,0.485239317867312,7.79106060606061,58.8115257575758,1.09870236000014,0.965095219298833,0.507142857142857,0.283333333333333,5.42560606060606,0.947243650077996,1.25648402893419,0.7,0.781221473406777,0.246818181818182,0.065,0.998956951201533,0.576785714285714,4.8,0.660642570281124,6.21260609575152,1,1,3.625,0.2,0,"R64","R64 - L",0.818181818181818,0.792280328095563,-0.0259014900862548
"234",2011,328,"Utah State","Final - W",0.475433348078174,0.365351885362156,0.752874493927125,40.221645021645,10.7920346320346,26.8820779220779,15.0261471861472,5.20735930735931,3.02917748917749,11.8781818181818,16.3649350649351,72.5933333333333,57.6606926406926,0.376162031525032,0.276126561833494,0.535072055243852,14.9326406926407,64.2288917748918,1.1333760636591,0.898048154865962,0.442857142857143,0.783333333333333,1.01125541125541,1.04613203302114,1.28722412128515,2.4,0.779186921037793,0.143030303030303,0.243549783549784,0.99838431372549,0.571428571428571,7.1,0.683578104138852,6.62007320653036,1,1,3,0.2,0,"R64","R64 - L",0.909090909090909,0.913385977734532,0.00429506864362295
"235",2011,356,"Illinois","Quarterfinals - L",0.456508472292334,0.365820840689119,0.766254228041462,37.3190476190476,9.27063492063492,24.7444444444444,15.9206349206349,4.98650793650794,4.28015873015873,12.4325396825397,17.1690476190476,67.3142857142857,64.9515873015873,0.397918791839606,0.313083209225952,0.521454659587197,2.36269841269841,64.0448055555556,1.04996949726217,1.01521737071524,0.642857142857143,0.575,-4.08650793650794,0.789368199368199,1.28150228150228,2.1,0.322201774872824,0.380952380952381,0.11031746031746,0.993743002041757,0.571428571428571,4.8,0.686567164179104,5.99893656194668,2.07142857142857,2.1,2.75,0.2,0,"R32","R32 - L",0.59375,0.726661433288284,0.132911433288284
"236",2011,2006,"Akron","Final - W",0.437482292696728,0.368804217081929,0.698819862725872,37.7713286713287,9.95874125874126,24.5664335664336,14.4692307692308,6.32027972027972,3.47552447552448,11.8286713286713,19.2853146853147,70.7769230769231,66.1622377622378,0.412064372450538,0.321085202060812,0.509988261350412,4.61468531468531,67.3445979020979,1.05105298575527,0.982459506466221,0.494444444444444,0.625,-0.508391608391608,1.13301958983777,1.22951539201539,3.4,0.667192962792942,0.253146853146853,0.15034965034965,0.998151485025475,0.494444444444444,4.7,0.623735562883678,5.54517744447956,0.925512852639037,1,3,0,0,"R64","R64 - L",0.657142857142857,0.688825881144322,0.0316830240014647
"237",2011,2011,"Alabama St","Final - W",0.412016347529847,0.295453855613638,0.610326362580359,41.4824786324786,14.2160256410256,23.2288461538462,12.1119658119658,7.54508547008547,4.57222222222222,15.3444444444444,22.6239316239316,65.0175213675214,61.6935897435897,0.395912182320195,0.332032058787831,0.456724946999299,3.32393162393162,66.3095566239316,0.980676408822055,0.930110945079826,0.294444444444444,0.02,3.4207264957265,1.05350646143417,0.790206603669735,7.5,0.553507149527053,0.135470085470085,0.132264957264957,0.953764535374336,0.45,1,0.536382272285588,5.04342511691925,0.841768331810234,1,2,0.4,0,"First Four","First Four - L",0.5,0.399131646054383,-0.100868353945617
"238",2011,2031,"Little Rock","Final - W",0.423522753002121,0.393323303078137,0.712060389090395,36.2991919191919,10.1680808080808,22.5874747474748,11.3292929292929,5.97737373737374,2.61151515151515,11.3709090909091,20.9674747474747,68.4634343434343,67.3551515151515,0.434568854568855,0.33493307987741,0.491494099450473,1.10828282828283,65.2301767676768,1.04957005344895,1.03257447256768,0.4375,0.875,1.9420202020202,1.21360375635842,0.995243685057172,2.6,0.556808626977541,0.416363636363636,0.0777777777777778,0.950772085520373,0.5625,3,0.552264669501872,5.34233425196481,0,0,2.08333333333333,0.2,1,"First Four","First Four - L",0.542857142857143,0.540651557377943,-0.00220558547920013
"239",2011,2057,"Belmont","Final - W",0.469345912935081,0.391809572200816,0.735234903094338,38.2395299145299,12.7880341880342,22.8876068376068,16.2608974358974,9.9474358974359,3.38311965811966,13.7702991452991,20.2985042735043,79.1903846153846,59.0113247863248,0.402408562961784,0.309906659702491,0.553125114750951,20.1790598290598,68.2373087606838,1.16016489990024,0.864456971912744,0.56,0.606666666666667,7.20940170940171,1.41499174266291,1.18051692919914,1.1,0.735004194948924,0.0987179487179487,0.479487179487179,1,0.66,6.2,0.568884962183726,5.8171111599632,0.970899704776032,1,2.54545454545455,0.2,0,"R64","R64 - L",0.882352941176471,0.94597037820533,0.0636174370288592
"240",2011,2083,"Bucknell","Final - W",0.449367467925771,0.399889478001945,0.793606442893783,38.0391666666667,7.78583333333333,27.0858333333333,14.4816666666667,4.85583333333333,3.57416666666667,11.2691666666667,19.2266666666667,71.7916666666667,63.1691666666667,0.381934238774112,0.284861549030665,0.510929302568873,8.6225,67.3298375,1.06660180769088,0.937702720782441,0.5,0.733333333333333,-2.01666666666667,1.04862954354792,1.28447079614374,2.9,0.860027040016894,0.300833333333333,0.195833333333333,1,0.714285714285714,5.8,0.432021445985539,4.12713438504509,0,0,2.57142857142857,0.2,0,"R64","R64 - L",0.757575757575758,0.769155338100503,0.0115795805247457
"241",2011,2086,"Butler","Final - W",0.455858732546376,0.36899567548867,0.719414354858663,36.8175213675214,10.7076923076923,23.5722222222222,12.517094017094,6.07905982905983,1.63717948717949,11.3290598290598,18.3521367521368,71.9397435897436,64.8029914529914,0.438026300806341,0.348405250256183,0.525933297174906,7.13675213675214,64.7962008547009,1.11001440452544,1.0004290264895,0.55,0.54,3.26709401709402,1.12015997043451,1.11083527545436,6.3,0.617285391838451,0.225213675213675,0.225213675213675,0.988718291341923,0.625,2.6,0.804543016411866,4.65396035015752,2.20083435167414,2.83333333333333,2.88888888888889,0,0,"Final","Final - L",0.71875,0.786982477718077,0.0682324777180765
"242",2011,2132,"Cincinnati","Quarterfinals - L",0.424283496377821,0.324575485837865,0.673848468411484,36.7785714285714,12.6422077922078,21.1545454545455,13.3922077922078,6.89025974025974,3.67727272727273,11.8435064935065,17.9941558441558,65.5298701298701,61.7584415584416,0.433330105552844,0.332353927689995,0.484700890077183,3.77142857142857,62.4117305194805,1.04965305520476,0.989708088245063,0.5,0.43,4.13961038961039,1.1327640122591,1.13227468702925,3.9,0.552663196608743,0.140909090909091,0.233766233766234,0.993725970268363,0.433333333333333,3.3,0.589555799522247,5.40717177146012,0.902479139940852,0,2.8,0.2,0,"R32","R32 - L",0.757575757575758,0.842632964580077,0.0850572070043197
"243",2011,2244,"George Mason","Semifinals - L",0.474228645367687,0.400653435430311,0.701002247713118,37.8666666666667,10.2333333333333,24.4,13.8,6.51666666666667,3.13333333333333,10.425,16.8583333333333,73.5083333333333,61.5416666666667,0.406523386585618,0.326823049937328,0.537596056608314,11.9666666666667,64.1324583333333,1.14671652666311,0.961263000996812,0.35,0.966666666666667,1.98333333333333,1.26644296074594,1.3272165304478,2.7,0.558258652665099,0.0916666666666667,0.3,1,0.5,6.9,0.578800557880056,6.57646956904822,1.875,1.875,2.77777777777778,0,0,"R32","R32 - L",0.8125,0.873441144698865,0.0609411446988654
"244",2011,2250,"Gonzaga","Final - W",0.478597893519617,0.340570157140871,0.761984934533235,40.4266233766234,11.2746753246753,25.4103896103896,14.9474025974026,7.67012987012987,4.17792207792208,12.4415584415584,18.6298701298701,76.4454545454545,64.1909090909091,0.393612237243936,0.352486486486487,0.527549361515521,12.2545454545455,67.2428344155844,1.13687944610708,0.954708742977298,0.125,0.5,2.59350649350649,1.22817622204415,1.23160438066098,3.3,0.424660803274251,0.305844155844156,0.245454545454545,0.982471198057088,0.4375,5.1,0.796804254414008,5.89989735358249,1.52183545627596,1.54545454545455,2,0,1,"R32","R32 - L",0.727272727272727,0.859358561405853,0.132085834133125
"245",2011,2261,"Hampton","Final - W",0.41154365782645,0.328893779472573,0.661334498834499,39.9367216117216,11.7044871794872,24.9590659340659,12.8208791208791,7.57289377289377,5.82106227106227,12.6100732600733,18.717673992674,70.1414835164835,64.3063186813187,0.384505332737922,0.326744468105574,0.472573782465841,5.83516483516483,69.4405128205128,1.00999488142798,0.925951978102378,0.492857142857143,0.3,1.50998168498169,1.27395039023953,1.00940125893364,1.5,0.604079713298834,0.392032967032967,0.0833333333333333,0.996032667595603,0.671428571428571,1.1,0.516118580829029,3.49650756146648,0,0,2.33333333333333,0,1,"R64","R64 - L",0.75,0.710878542389318,-0.0391214576106822
"246",2011,2305,"Kansas","Final - W",0.505715165785689,0.383127336448598,0.691105696009747,39.9133333333333,11.56,26.375,17.5933333333333,7.53166666666667,3.53666666666667,13.4633333333333,18.2033333333333,81.45,67.1183333333333,0.406596970281181,0.305634787847266,0.571592211084967,14.3316666666667,69.826075,1.16627464472969,0.961766999517811,0.359722222222222,0.616666666666667,1.90333333333333,1.00292422873724,1.31009690399934,1.1,0.897457351105926,0.223333333333333,0.423333333333333,0.966140258507696,0.741666666666667,6.1,0.734290843806104,6.32435896238131,2.875,3.35714285714286,2.6,0,0,"E8","E8 - L",0.941176470588235,0.928712397974746,-0.0124640726134894
"247",2011,2306,"Kansas St","Quarterfinals - L",0.43279132533472,0.377252290233263,0.703043747545243,38.615873015873,13.4047619047619,21.9095238095238,13.1587301587302,5.82936507936508,4.75555555555556,14.4936507936508,21.1015873015873,71.597619047619,68.165873015873,0.435868451778217,0.364629350462083,0.493661706831877,3.43174603174603,67.234626984127,1.06416754481228,1.01585455068394,0.3775,0.641666666666667,3.43888888888889,1.03213791457886,0.902829873538535,6.5,0.669772632212443,0.236507936507937,0.173015873015873,0.952071380901643,0.6125,2.3,0.677571803815281,4.65396035015752,0.776765065296755,1,2.33333333333333,0.2,1,"R32","R32 - L",0.6875,0.755502666105103,0.0680026661051032
"248",2011,2413,"Morehead St","Final - W",0.451079047534202,0.337802107394868,0.677385864608552,41.4714285714286,13.4,24.7857142857143,12.1714285714286,8.46428571428572,3.1,15.0428571428571,19.1571428571429,69.0571428571428,60.9928571428571,0.403120705041124,0.356226547379231,0.508536392304375,8.06428571428571,65.13375,1.0603125818675,0.93629108963478,0.435714285714286,0.666666666666667,3.97142857142857,0.978142282554047,0.809757834757835,4,0.667340067795692,0.0642857142857143,0.121428571428571,0.99875406283857,0.726190476190476,4.6,0.55758590662869,4.88280192258637,0.814959662065137,1,2.71428571428571,0,0,"R32","R32 - L",0.71875,0.783951647552252,0.0652016475522524
"249",2011,2427,"UNC Asheville","Final - W",0.471711860279978,0.339865679847054,0.717820804330997,37.5112820512821,10.7883760683761,23.4054700854701,14.6529914529915,8.82991452991453,4.96478632478632,14.2418803418803,19.0589743589744,72.4870085470085,64.8094017094017,0.408000969673974,0.340265573572485,0.515630789546494,7.67760683760684,68.5269641025641,1.05847641446557,0.945395299294949,0.361904761904762,0.566666666666667,0.902735042735043,1.19121980867819,1.03395433645156,2.1,0.384501006485057,0.317435897435897,0.261880341880342,0.987613564729416,0.56984126984127,5.3,0.455465587044534,6.20455776256869,1,1,2.6,0.2,0,"R64","R64 - L",0.59375,0.716604065515214,0.122854065515214
"250",2011,2439,"UNLV","Semifinals - L",0.444737142786394,0.327755421065568,0.715829750328902,38.0857142857143,11.3698412698413,24.2650793650794,15.4825396825397,7.2952380952381,3.5031746031746,11.9269841269841,18.9928571428571,70.4722222222222,64.318253968254,0.413895247118744,0.323177131128938,0.496566927616882,6.15396825396826,66.4323095238095,1.06150497426698,0.969223843789665,0.370833333333333,0.533333333333333,3.88015873015873,1.20655057675244,1.31188590653653,2.7,0.717737155845626,0.176984126984127,0.135714285714286,0.979268500128331,0.741666666666667,3.7,0.606666666666667,6.62140565176413,1.79166666666667,1.66666666666667,2.66666666666667,0.2,0,"R64","R64 - L",0.75,0.820565707347288,0.0705657073472877
"251",2011,2458,"N Colorado","Final - W",0.417815230350543,0.373306363699377,0.767430253596989,40.4382617382617,12.0252747252747,24.646953046953,11.3528471528472,5.94275724275724,2.1976023976024,12.8672327672328,18.9811188811189,70.9103896103896,65.424975024975,0.408868830822009,0.352646528186476,0.494179633170181,5.48541458541459,65.407033966034,1.08439359745155,1.00271676773196,0.564285714285714,0.775,3.55904095904096,1.04213756227974,0.891213999270871,1.2,0.771790535857646,0.425574425574426,0.103496503496504,0.997805935878901,0.423214285714286,3.3,0.626297018342165,0,0,0,2.77777777777778,0,0,"R64","R64 - L",0.67741935483871,0.736961064842035,0.059541710003325
"252",2011,2473,"Oakland","Final - W",0.514570235105205,0.403851047135444,0.709194511323158,40.4668067226891,11.6331932773109,26.2567226890756,17.0827731092437,6.5063025210084,5.87436974789916,12.1647058823529,17.1596638655462,88.7004201680672,76.6483193277311,0.447822279681699,0.344124422185859,0.586177379560151,12.0521008403361,72.5010966386555,1.2234288305711,1.05713682246013,0.657142857142857,0.85,-0.684033613445378,0.964261947973382,1.41779664678939,3.2,0.688552723394254,0.131932773109244,0.249579831932773,0.994949494949495,0.507142857142857,5.2,0.531730143718552,5.83773044716594,0.974341148356415,1,2.66666666666667,0.2,0,"R64","R64 - L",0.735294117647059,0.772363262552794,0.037069144905735
"253",2011,2509,"Purdue","Quarterfinals - L",0.444378970973618,0.357330844309649,0.727242012589197,36.7785714285714,10.1071428571429,23.4857142857143,14.6285714285714,5.89285714285714,4.24285714285714,9.65,17.9571428571429,70.7357142857143,64.3571428571429,0.427706201844133,0.344717817581523,0.503959555616318,6.37857142857143,64.7355357142857,1.09370744899187,0.994531640419682,0.519642857142857,0.451666666666667,2.87857142857143,1.30972098984521,1.52211870255349,0.7,0.526603472791966,0.207142857142857,0.192857142857143,0.99768982503822,0.858928571428571,1.2,0.684272520871317,5.29330482472449,1.23686399149125,1.5,2.44444444444444,0,1,"R32","R32 - L",0.78125,0.863528274890884,0.0822782748908841
"254",2011,2540,"UCSB","Final - W",0.458153856559958,0.375952463606677,0.749406130268199,35.8106060606061,8.42954545454545,24.830303030303,14.744696969697,6.64848484848485,4.25757575757576,13.8378787878788,19.2507575757576,68.4227272727273,64.9833333333333,0.393558414223278,0.364972666608292,0.532095838661063,3.43939393939394,65.065696969697,1.05133336364908,0.998558382695156,0.633333333333333,0.741666666666667,-4.12045454545455,0.900354948471274,1.06836429952755,1.9,0.238298774255279,0.290151515151515,0.0621212121212121,0.976980641548642,0.666666666666667,1,0.561841897685798,5.87493073085203,0.98055002823772,1,2.9,0.2,0,"R64","R64 - L",0.580645161290323,0.620975223726188,0.0403300624358652
"255",2011,2599,"St John's","Quarterfinals - L",0.446830539107943,0.336248629886737,0.73241196929435,34.9527272727273,10.7454545454545,21.4981818181818,12.0654545454545,7.93272727272727,2.50363636363636,13.0163636363636,18.6618181818182,68.2854545454545,67.0290909090909,0.44105176466046,0.358976707726764,0.485885189740071,1.25636363636364,65.7972090909091,1.0383587778253,1.01775329902193,0.1875,0.9,3.02545454545455,1.24705719066993,0.948437851113385,5,0.779419645774325,0.341818181818182,0.14,0.994919811966847,0.5125,2.7,0.647908682675979,5.41164605185504,2.40860244182632,0,3,0.2,1,"R64","R64 - L",0.65625,0.64326458333243,-0.0129854166675698
"256",2011,2612,"Saint Peter's","Final - W",0.412964956809728,0.355151351162094,0.675294039369332,40.9865384615385,11.8711538461538,25.4974358974359,11.6942307692308,7.94807692307692,4.51923076923077,15.2525641025641,19.1051282051282,65.0358974358974,60.8057692307692,0.374779489233234,0.303372625299877,0.474787440226727,4.23012820512821,66.8511698717949,0.97099266274629,0.910187109283067,0.45,0.583333333333333,-1.50705128205128,0.956865858343649,0.766234635150359,1,0.447533917751909,0.278846153846154,0.248717948717949,0.96246352153884,0.625,4.6,0.378457395572152,4.79579054559674,0,0,2.6,0.2,0,"R64","R64 - L",0.606060606060606,0.566923866020633,-0.0391367400399729
"257",2011,2633,"Tennessee","Quarterfinals - L",0.43316218534085,0.304453713377737,0.683065695534087,40.2443667443667,13.668142968143,23.3251748251748,13.1238539238539,7.75027195027195,3.4959595959596,12.6158508158508,19.1414918414918,69.1655788655789,66.8816627816628,0.424042467353381,0.335115310179681,0.481686047777473,2.28391608391608,65.9666052836053,1.04838887137685,1.01447140005464,0.555555555555556,0.258333333333333,3.90691530691531,1.10197707179637,1.05918728319075,2.3,0.46887744447271,0.353613053613054,0.104273504273504,0.968224618111278,0.655555555555556,3.1,0.71174788311912,5.6937321388027,2.03637265767313,2.2,3,0.2,1,"R64","R64 - L",0.575757575757576,0.628733269431039,0.0529756936734636
"258",2011,2636,"UTSA","Final - W",0.432842212091205,0.364967628244437,0.705597232592988,37.2924242424242,10.490404040404,23.930303030303,12.6979797979798,6.82020202020202,2.45429292929293,13.2565656565657,19.1949494949495,69.9419191919192,68.3823232323232,0.418188019367323,0.318910062133475,0.497168314901579,1.55959595959596,67.4147285353535,1.03883427731505,1.01728900831863,0.675,0.641666666666667,-1.18484848484848,1.0439583196371,0.959032936690553,4.5,0.604911089035926,0.461363636363636,0.0952020202020202,0.999393939393939,0.4875,2.5,0.508464364638282,4.80402104473326,0,0,1.8,0,0,"R64","R64 - L",0.59375,0.550000563812577,-0.0437494361874228
"259",2011,2670,"VCU","Final - L",0.424188548728073,0.349969829351116,0.74500251572327,32.9615384615385,10.8153846153846,20.2769230769231,13.3769230769231,8.53461538461539,3.52692307692308,10.9076923076923,17.95,69.8461538461539,66.3307692307692,0.462619498684287,0.366005253776152,0.498380154485588,3.51538461538462,64.20225,1.0879154180253,1.03334658659893,0.7,0.635,2.81538461538462,1.33505887255786,1.23246004150832,2.2,0.588112556815658,0.376923076923077,0.0576923076923077,0.958110098514064,0.842857142857143,2,0.700849960916345,3.61091791264422,0,0,2.6,0.2,0,"F4","F4 - L",0.676470588235294,0.656420386953292,-0.0200502012820025
"260",2011,2747,"Wofford","Final - W",0.489444976445969,0.414152141390947,0.683290113846992,36.7016317016317,11.3491841491842,21.9283605283605,13.458041958042,6.63636363636364,2.68344988344988,10.9928515928516,18.0090132090132,74.3415695415695,65.102331002331,0.431694793667777,0.330557466432266,0.543117302727202,9.23923853923854,64.3133294483295,1.15732540387268,1.01249654000389,0.371428571428571,0.841666666666667,2.9027972027972,1.18243874891616,1.22593057918975,3.8,0.587406379132561,0.194172494172494,0.187490287490288,0.998829818829819,0.571428571428571,3.6,0.491563635453073,5.49306144334055,0.916814478355212,1,3.57142857142857,0,0,"R64","R64 - L",0.636363636363636,0.716589775993746,0.0802261396301097
"261",2011,2752,"Xavier","Quarterfinals - L",0.475639835954274,0.348230812162621,0.760861207227989,38.4727272727273,10.1643939393939,25.3689393939394,13.5348484848485,5.29015151515152,3.02954545454545,11.594696969697,16.1015151515152,73.8772727272727,63.244696969697,0.399052259335902,0.340832979948286,0.529640152740793,10.6325757575758,64.9280643939394,1.13813437067317,0.973890907979091,0.5,0.566666666666667,1.20757575757576,1.08316824036229,1.2512666390422,2.8,0.641868768230356,0.228030303030303,0.340151515151515,0.998712189278227,0.5,3.7,0.696012095579807,3.58351893845611,1.79431201350553,3,3,0,1,"R64","R64 - L",0.774193548387097,0.78499272231539,0.0107991739282929
"262",2011,112358,"Long Island","Final - W",0.465674068719682,0.363195809371284,0.635917400806794,45.2882051282051,14.6634188034188,27.3017094017094,15.0319658119658,6.57367521367521,3.20461538461538,14.2864957264957,16.9454700854701,82.3340170940171,72.9413675213675,0.430420095562559,0.295998888146323,0.524121794526538,9.39264957264957,73.9306692307692,1.11356179790475,0.986833867208292,0.5,0.975,1.3425641025641,1.00523865247788,1.05835102211348,3,0.867980513221064,0.325299145299145,0.206495726495727,1,0.625,1.2,0.440803923611313,5.4510384535657,0,0,2.5,0.2,0,"R64","R64 - L",0.84375,0.773320226780308,-0.0704297732196919
"263",2012,21,"San Diego St","Final - L",0.449281640833146,0.328017822348471,0.730357524505981,38.3484126984127,10.15,25.7547619047619,11.8436507936508,5.10714285714286,2.13650793650794,12.4071428571429,16.3190476190476,69.1730158730159,63.8357142857143,0.405626573225575,0.347336457467168,0.502471849982677,5.33730158730159,65.9266984126984,1.04911290058194,0.968730323108813,0.423214285714286,0.633333333333333,0.665079365079365,0.983823401856189,0.956119351201318,2.3,0.717095030144171,0.331746031746032,0.073015873015873,0.971413216919737,0.576785714285714,3.2,0.64,6.47850964220857,3.31818181818182,1.5,2.77777777777778,0,1,"R64","R64 - L",0.787878787878788,0.787554076083458,-0.000324711795329446
"264",2012,25,"California","Semifinals - L",0.476762704174229,0.323913781656329,0.752155751095421,36.8125541125541,9.91203463203463,24.2733333333333,15.7147186147186,4.8369696969697,3.11463203463203,12.2005194805195,15.1548917748918,71.748658008658,63.7099567099567,0.423596954777159,0.315301057125811,0.51326912171274,8.0387012987013,66.9181670995671,1.07227895138024,0.951966466050417,0.294285714285714,0.35,1.71593073593074,1.0908190908034,1.29381060341821,2.3,0.475604412921732,0.263982683982684,0.21974025974026,0.996133077415227,0.597142857142857,1.9,0.683856502242152,6.7945865808765,1.67857142857143,1,2.5,0,1,"First Four","First Four - L",0.727272727272727,0.836375544805762,0.109102817533035
"265",2012,36,"Colorado St","Semifinals - L",0.470446463191137,0.38317795057607,0.76892785908396,33.8136752136752,8.04273504273504,23.5623931623932,12.4034188034188,5.1948717948718,1.83675213675214,12.1589743589744,17.9717948717949,69.842735042735,68.434188034188,0.433275729100207,0.360588241646688,0.525767489639362,1.40854700854701,64.9010213675214,1.07573305595409,1.05535105421501,0.325,0.866666666666667,-2.56923076923077,0.938724168912848,1.01867699910153,5.5,0.571992989071588,0.178632478632479,0.186324786324786,0.970407844116137,0.625,3,0.492865077658739,5.21493575760899,0,0,2.75,0.4,0,"R64","R64 - L",0.645161290322581,0.604114650116832,-0.0410466402057489
"266",2012,38,"Colorado","Final - W",0.438873002286645,0.323293650793651,0.700104884649886,37.5115384615385,9.21538461538462,25.3615384615385,10.9153846153846,6.25384615384615,3.38846153846154,12.0884615384615,16.9884615384615,66.5653846153846,63.1307692307692,0.411645929827748,0.318998643716738,0.487783785124766,3.43461538461538,65.2526346153846,1.01938302548915,0.967736926608548,0.561111111111111,0.516666666666667,-0.226923076923077,1.04675515225135,0.903230246912187,2.3,0.869122162237305,0.215384615384615,0.2,0.997729238754325,0.666666666666667,2.4,0.516721765481508,5.08140436498446,0,0,2.44444444444444,0,0,"R32","R32 - L",0.676470588235294,0.702857249529052,0.0263866612937579
"267",2012,41,"UConn","Quarterfinals - L",0.436635944320896,0.306280958550442,0.662496947496948,40.8538461538462,12.2551282051282,24.8929487179487,13.4326923076923,5.30064102564103,6.5275641025641,11.8929487179487,14.6128205128205,66.1698717948718,64.6794871794872,0.39262726966593,0.340551227915343,0.482612470444402,1.49038461538462,64.302483974359,1.02899970840085,1.00572032949855,0.375,0.2,-2.43012820512821,0.892536352536353,1.133334998335,2.4,0.325905997759148,0.381410256410256,0.157051282051282,0.967261374362229,0.4875,0.4,0.699591836734694,7.11151211649616,3.5,4.23529411764706,1.77777777777778,0.2,1,"R64","R64 - L",0.606060606060606,0.68621067278994,0.0801500667293341
"268",2012,46,"Georgetown","Quarterfinals - L",0.459212473211276,0.332729551150604,0.675427366782757,38.35,11.1269230769231,24.6269230769231,13.4576923076923,5.92692307692308,4.86923076923077,13.1769230769231,17.9,66.1807692307692,60.3076923076923,0.390428991510548,0.265211712592014,0.510783634175373,5.87307692307692,62.9693076923077,1.05151610553604,0.955784669674856,0.423214285714286,0.533333333333333,-0.565384615384615,0.924643635231871,1.02373482726424,3,0.465825448408042,0.280769230769231,0.196153846153846,0.988719310686573,0.294642857142857,0.2,0.663347738741526,5.8406416573734,1.74076257370895,2.1,2.25,0.2,1,"R32","R32 - L",0.741935483870968,0.845862270253136,0.103926786382168
"269",2012,52,"Florida St","Final - W",0.456609738267688,0.366410487131757,0.723397356464271,37.8282051282051,11.0106837606838,23.9799145299145,11.8632478632479,7.14358974358974,5.53247863247863,15.1705128205128,19.1799145299145,69.5162393162393,63.1277777777778,0.391870859350482,0.331692052976719,0.516557286642442,6.38846153846154,67.1076965811966,1.03635862003359,0.941163307312156,0.4375,0.65,-0.799145299145299,0.963407671074273,0.785360806820608,4.8,0.769820833018495,0.406410256410256,0.21965811965812,0.996867783379411,0.6125,1.4,0.534850640113798,6.55677835615804,1.33333333333333,1,2.8,0.2,0,"R32","R32 - L",0.71875,0.779026920521708,0.0602769205217084
"270",2012,57,"Florida","Semifinals - L",0.447431612783409,0.380015251976418,0.754978843625521,36.1373015873016,10.2960317460317,22.3634920634921,13.568253968254,5.5047619047619,2.97857142857143,10.3095238095238,15.8444444444444,70.8190476190476,65.484126984127,0.444609741788101,0.380342663971136,0.537989011043647,5.33492063492064,62.3218293650794,1.13513008156179,1.05267247158587,0.576785714285714,0.855,1.31587301587302,1.15939024013828,1.31719370537276,1.8,0.425321962518941,0.208730158730159,0.201587301587302,0.975308693527845,0.576785714285714,0.7,0.702846975088968,6.33327962813969,3.77272727272727,3.77272727272727,2.44444444444444,0,1,"E8","E8 - L",0.696969696969697,0.830083373605476,0.133113676635779
"271",2012,58,"South Florida","Quarterfinals - L",0.44239635391664,0.311103319308088,0.722487797619048,38.0461038961039,10.2376623376623,24.2292207792208,12.1116883116883,5.08116883116883,3.85584415584416,14.05,15.1863636363636,58.3928571428571,56.3422077922078,0.380235296952396,0.290601730825492,0.48653238406734,2.05064935064935,59.3749707792208,0.984527055448929,0.94908779160122,0.43015873015873,0.35,-3.73701298701299,0.746806526806527,0.876456876456876,2.6,0.589566693331104,0.281168831168831,0.126623376623377,0.991178467000835,0.43015873015873,0.2,0.517867352803487,5.76205138278018,0.961710002199956,0,2.44444444444444,0,0,"R32","R32 - L",0.606060606060606,0.610132639220031,0.00407203315942495
"272",2012,66,"Iowa State","Quarterfinals - L",0.446015793383542,0.380922892830098,0.668806902140236,38.6222222222222,10.5538461538462,25.6239316239316,14.4935897435897,5.98034188034188,2.65213675213675,12.2021367521368,16.3995726495727,71.4529914529915,66.6222222222222,0.439931440229711,0.293005377305296,0.527732423268377,4.83076923076923,66.4502136752137,1.07533464672889,1.00257629888828,0.65,0.65,0.78974358974359,0.943375184181967,1.19314216642109,1.4,0.729128111130055,0.196581196581197,0.167521367521368,0.999543596082533,0.6625,1.5,0.545843216107972,3.49650756146648,0,0,2.33333333333333,0,1,"R32","R32 - L",0.6875,0.734568179278097,0.0470681792780971
"273",2012,84,"Indiana","Quarterfinals - L",0.475843260028198,0.425739598164847,0.778947226940042,37.7579365079365,10.4952380952381,24.0857142857143,12.4031746031746,4.95793650793651,3.25,12.6928571428571,17.3126984126984,73.9809523809524,67.5873015873016,0.431515998686539,0.364756261289567,0.537503891190323,6.39365079365079,64.6671111111111,1.14320294033843,1.04667785998089,0.357142857142857,0.8,-1.27142857142857,0.897937942965567,0.982110236806369,1.4,0.536002568184164,0.197619047619048,0.0571428571428571,0.970257509425566,0.557142857142857,1.2,0.573979907626268,5.9427993751267,2.08294292482962,0,2.7,0,0,"S16","S16 - L",0.757575757575758,0.859430669374698,0.10185491179894
"274",2012,87,"Notre Dame","Semifinals - L",0.421325226404861,0.328960722217727,0.702023371330663,36.8811688311688,10.638961038961,23.3006493506494,14.1805194805195,5.05844155844156,3.23311688311688,10.2305194805195,13.3831168831169,63.2961038961039,59.7214285714286,0.410452204895429,0.284966520550481,0.486345624798784,3.57467532467533,60.4391396103896,1.04586083167405,0.98808011425666,0.821428571428572,0.4,-0.528571428571429,1.03507813086921,1.37915915408309,2,0.673767485897462,0.27987012987013,0.0928571428571429,0.994830483917705,0.835714285714286,1.7,0.662082514734774,6.23441072571837,1.22222222222222,1.28571428571429,2.125,0.2,1,"R64","R64 - L",0.666666666666667,0.701530422525757,0.03486375585909
"275",2012,93,"Murray St","Final - W",0.469326303958966,0.385373287092768,0.716108116060826,36.5238095238095,10.8301587301587,22.7880952380952,11.815873015873,7.84126984126984,4.17857142857143,13.6015873015873,18.1785714285714,73.6087301587302,62.6539682539683,0.421877564025276,0.314128984432913,0.540737272664913,10.9547619047619,66.0060198412698,1.11518976194439,0.949197293365252,0.350793650793651,0.833333333333333,0.217460317460317,1.16510177573752,0.867253834383118,3.1,0.598381460315599,0.182539682539683,0.0912698412698413,0.96970432486548,0.56984126984127,1.7,0.610089274330996,0,0,0,3,0,0,"R32","R32 - L",0.967741935483871,0.89263794230061,-0.0751039931832612
"276",2012,96,"Kentucky","Final - L",0.490542795995024,0.392790416096548,0.732103969963613,40.4597402597403,11.7636363636364,25.7207792207792,12.7038961038961,5.86883116883117,8.54415584415584,10.4941558441558,13.6220779220779,74.6935064935065,58.3603896103896,0.375915707368558,0.328254407753389,0.540888722033712,16.3331168831169,62.9276168831169,1.1866886189879,0.928433704453887,0.357142857142857,0.925,0.266233766233766,1.00182871182871,1.213627003627,2.5,0.727036933084563,0.105194805194805,0.400649350649351,0.998138312434978,0.492857142857143,0.8,0.770045385779123,6.49526555593701,3.19230769230769,4.75,1.71428571428571,0,1,"Final","Final - W",0.96969696969697,0.952826869624009,-0.0168701000729606
"277",2012,97,"Louisville","Final - W",0.421967326305091,0.309613890583689,0.689608612145211,39.5478021978022,12.5906593406593,24.9225274725275,13.7285714285714,8.76318681318681,4.6956043956044,14.9456043956044,17.2164835164835,67.3384615384615,62.2131868131868,0.384504712372484,0.290163744026199,0.474343267060014,5.12527472527473,67.8608406593407,0.9921954671083,0.916920702739701,0.435714285714286,0.35,-0.676923076923077,1.00106098276874,0.918921924099589,4.2,0.490536635202249,0.248351648351648,0.124175824175824,0.976813959435698,0.564285714285714,0.8,0.727825030376671,6.71417052990947,3.53125,2.1875,2.85714285714286,0,1,"F4","F4 - L",0.742857142857143,0.785384584696328,0.0425274418391851
"278",2012,98,"Western KY","Final - W",0.408297678590241,0.313572079543272,0.723280777605464,38.2343722943723,12.2137662337662,23.3159307359307,11.4017316017316,5.47090909090909,4.04709956709957,13.5359307359307,18.3176623376623,67.6838095238095,67.5568831168831,0.435664276856828,0.330095034176857,0.469223333671298,0.126926406926407,67.8662822510823,0.997475163868634,0.995350116971506,0.435714285714286,0.52,1.41125541125541,1.06731976960238,0.849521553325901,3.3,0.552145444326953,0.470822510822511,0.00666666666666667,0.98906007751938,0.574285714285714,3.4,0.610089274330996,0,0,0,1.54545454545455,0.2,0,"R64","R64 - L",0.454545454545455,0.380819066970247,-0.0737263875752079
"279",2012,108,"Harvard","Did Not Play in Conference Tournament",0.471069750187419,0.342165904135032,0.747855057655817,34.532905982906,7.79700854700855,24.275641025641,12.7376068376068,5.48675213675214,4.48034188034188,11.8042735042735,14.767094017094,64.3564102564103,54.5995726495727,0.398330704828167,0.345849894291755,0.531955702491177,9.75683760683761,59.8320769230769,1.07622062558587,0.91242173191424,0.4375,0.45,-0.607264957264957,0.997253045109355,1.08047579983593,0.6,0.742886608521455,0.220940170940171,0.186324786324786,0.985187900928932,0.625,3.9,0.560185185185185,6.07073772800249,3,0,2.44444444444444,0,0,"R64","R64 - L",0.866666666666667,0.874798467925094,0.00813180125842694
"280",2012,127,"Michigan St","Final - W",0.478090891969809,0.380417049756834,0.702009654498342,38.8333333333333,10.8466666666667,25.56,14.3733333333333,6.92666666666667,3.90666666666667,12.6133333333333,17.3133333333333,69.5033333333333,58.6466666666667,0.378544505373193,0.290662761529535,0.532419358076134,10.8566666666667,63.2470333333333,1.09808042043206,0.928800236350882,0.45,0.691666666666667,0.19,0.912203676826318,1.13474238026125,1,0.374196251695255,0.256666666666667,0.24,0.975282857832032,0.5,1.7,0.704044117647059,6.30078579466324,4.14285714285714,4.14285714285714,2.44444444444444,0.2,1,"S16","S16 - L",0.787878787878788,0.903580308821401,0.115701520942613
"281",2012,130,"Michigan","Semifinals - L",0.439260372259883,0.338389305518977,0.733578267247672,31.850641025641,8.42820512820513,21.0320512820513,11.499358974359,5.05833333333333,1.80897435897436,10.1480769230769,15.3608974358974,64.0032051282051,61.6314102564103,0.438367383711813,0.355113087395696,0.520446775223838,2.37179487179487,60.0393942307692,1.06578828827067,1.02654038167468,0.833333333333333,0.52,0.598717948717949,1.23771679054698,1.13909535607649,3,0.733121668919906,0.374358974358974,0.057051282051282,1,0.666666666666667,1.9,0.598006644518272,6.40191719672719,1.66666666666667,1,2.57142857142857,0.2,1,"R64","R64 - L",0.727272727272727,0.708216098415803,-0.0190566288569243
"282",2012,139,"Saint Louis","Semifinals - L",0.434853564065021,0.342248994389515,0.714312473303503,37.75,11.3571428571429,22.3285714285714,13.8785714285714,7.39285714285714,2.83571428571429,11.5642857142857,17.2428571428571,68.9142857142857,60.25,0.42082473144742,0.337731202352647,0.498908634090112,8.66428571428571,64.6302142857143,1.06965561889155,0.929859595463409,0.5,0.65,5.69285714285714,1.28847591828871,1.22440374884741,3.7,0.434297445447557,0.207142857142857,0.242857142857143,0.999375503626108,0.5,6.5,0.702432045779685,6.5510803350434,1.79166666666667,0,2.77777777777778,0.4,0,"R32","R32 - L",0.78125,0.883850651537723,0.102600651537723
"283",2012,142,"Missouri","Final - W",0.497024050191704,0.392125592534948,0.765891328263261,33.6970085470086,8.68696581196581,22.2831196581197,15.9040598290598,7.33547008547009,2.63974358974359,10.4818376068376,14.5042735042735,77.5848290598291,67.3818376068376,0.455444223852683,0.393794012228547,0.574137433842244,10.2029914529915,65.2745918803419,1.18832405251723,1.03206576126451,0.642857142857143,0.85,0.95,1.28555324406522,1.52137676089803,5.2,0.79284462669516,0.218803418803419,0.147649572649573,1,0.714285714285714,0.4,0.565379969205271,5.44241771052179,0.90836183169085,0,3,0.2,0,"R64","R64 - L",0.882352941176471,0.900309139726309,0.0179561985498385
"284",2012,149,"Montana","Final - W",0.485304413781032,0.392497927890593,0.726832731894185,36.0563492063492,8.16349206349206,24.5970238095238,13.9775793650794,7.71805555555556,3.3125,12.5025793650794,17.7347222222222,72.5289682539683,60.1801587301587,0.394705389244334,0.318090046147996,0.548320577325849,12.3488095238095,66.2596904761905,1.09453241805005,0.908304876949884,0.507142857142857,0.975,0.650595238095238,1.26599713459832,1.11808926797926,2.4,0.714660502491294,0.0910714285714286,0.221031746031746,0.996774526323029,0.492857142857143,3.8,0.590710237030872,5.04985600724954,0.842841673775246,1,3,0,0,"R64","R64 - L",0.806451612903226,0.816568427867797,0.0101168149645711
"285",2012,150,"Duke","Semifinals - L",0.440597173923199,0.359079016221873,0.720563822728419,39.5248484848485,12.5122727272727,24.1506060606061,12.0813636363636,5.8330303030303,3.76484848484849,11.6175757575758,18.5424242424242,75.3139393939394,67.9209090909091,0.431211265719837,0.310651909415597,0.511781534800023,7.3930303030303,67.0527583333333,1.12290505328945,1.01297076918275,0.642857142857143,0.8,0.867727272727273,1.05415978270001,1.05194547898407,3.5,0.596700652799071,0.398484848484848,0.127121212121212,0.988873951138102,0.571428571428571,0.5,0.760135135135135,7.07749805356923,4.64814814814815,4.64814814814815,2.44444444444444,0.2,1,"R64","R64 - L",0.818181818181818,0.796949746741732,-0.0212320714400858
"286",2012,152,"NC State","Semifinals - L",0.452240111838769,0.345553221288515,0.68596135025651,39.2181096681097,11.825974025974,24.9708513708514,15.0018037518038,7.24675324675325,3.62712842712843,12.4006493506494,16.6531024531025,71.3234487734488,66.5290764790765,0.413823092467681,0.314781111657649,0.498831203693447,4.79437229437229,67.3986244588745,1.05817002739568,0.987097145264176,0.5,0.7,0.941702741702742,1.0340654265527,1.22280457157098,5.1,0.603739324832039,0.441774891774892,0.156782106782107,0.996482640865111,0.428571428571429,1.5,0.64203233256351,6.07304453410041,1.28571428571429,0,3,0,0,"S16","S16 - L",0.647058823529412,0.697026229332106,0.0499674058026942
"287",2012,153,"North Carolina","Final - L",0.450154890230618,0.320600098204265,0.700602594246516,47.5412698412698,15.184126984127,29.3007936507937,16.5674603174603,6.24920634920635,5.66666666666667,11.6111111111111,15.165873015873,78.8904761904762,66.0333333333333,0.395608454668671,0.324456361319491,0.489740359306051,12.8571428571429,71.0850515873016,1.10891700508202,0.929984254362129,0.420833333333333,0.666666666666667,5.8,1.1095747027106,1.43801239060845,1.5,0.558126749462242,0.158730158730159,0.270634920634921,0.986923705591077,0.35,0.9,0.797766749379653,6.69332366826995,3.97619047619048,5.35714285714286,2.25,0.2,0,"E8","E8 - L",0.878787878787879,0.911593954083907,0.0328060752960285
"288",2012,156,"Creighton","Final - W",0.513835755090508,0.410521026592455,0.748840322709482,38.3546231546232,8.68772338772339,26.9656565656566,16.9276612276612,3.92960372960373,2.2964257964258,12.1397047397047,16.4881118881119,78.5339549339549,69.7693084693085,0.439772499629715,0.365081453634085,0.593324675988395,8.76464646464646,66.3889071484072,1.18296421590019,1.0518241699537,0.571428571428571,0.675,-3.296891996892,0.727777686590061,1.39395092950446,1.5,0.820768423899108,0.322843822843823,0.217249417249417,1,0.571428571428571,2.3,0.541825683294629,5.76832099579377,0.962756426319518,0,2.55555555555556,0,1,"R32","R32 - L",0.848484848484849,0.824142970153807,-0.0243418783310417
"289",2012,166,"New Mexico St","Final - W",0.482796880054959,0.321065895623617,0.673661983998862,42.5205194805195,14.3471428571429,25.8393506493506,14.7516883116883,6.86922077922078,4.45142857142857,14.4101298701299,17.0677922077922,78.3938961038961,67.1948051948052,0.424413218149508,0.295033177205308,0.520923101208815,11.1990909090909,70.207638961039,1.11702382117363,0.956863922244346,0.435714285714286,0.35,3.13844155844156,0.964517262143717,1.02557354624797,5.7,0.599109407430499,0.274415584415584,0.241168831168831,0.99740284411637,0.294642857142857,3.7,0.574946049277892,4.90527477843843,0.818710473853368,1,2.875,0.2,0,"R64","R64 - L",0.742857142857143,0.828280995363246,0.0854238525061034
"290",2012,167,"New Mexico","Final - W",0.468138396414858,0.385162439611129,0.70519407825905,39.7047619047619,10.5801587301587,26.6246031746032,16.1904761904762,6.33730158730159,3.37777777777778,12.7944444444444,17.3793650793651,72.9285714285714,60.1349206349206,0.387873756705445,0.315891420033083,0.540641180731897,12.7936507936508,65.7241190476191,1.11040867913251,0.914395228924959,0.55,0.75,1.67936507936508,1.06979267779929,1.33271112449195,0.8,0.545750318868973,0.123015873015873,0.307936507936508,0.987910300585634,0.6625,3,0.629558541266795,6.25766758788264,1,1,2.7,0,0,"R32","R32 - L",0.818181818181818,0.913224365629525,0.095042547447707
"291",2012,179,"St Bonaventure","Final - W",0.464442858501755,0.354830509206108,0.766741573033708,40.0083333333333,11.65,24.8,13.9416666666667,5.525,4.26666666666667,13.8833333333333,18.7583333333333,72.5333333333333,66.9083333333333,0.422153761679769,0.318909074637551,0.52024150697598,5.625,66.1177916666667,1.09682805832119,1.0119439712659,0.380357142857143,0.3,-0.508333333333333,0.857340533519817,1.00828598622372,3.1,0.801914296029093,0.183333333333333,0.266666666666667,0.99624047966294,0.619642857142857,3.8,0.470081272440117,5.68697535633982,0,0,2.3,0,1,"R64","R64 - L",0.633333333333333,0.708794535590366,0.075461202257033
"292",2012,183,"Syracuse","Semifinals - L",0.451564845663783,0.334755895792165,0.691761546852711,37.0616883116883,11.7766233766234,22.5597402597403,15.211038961039,8.52077922077922,6.87077922077922,10.3292207792208,15.3753246753247,71.2922077922078,61.4649350649351,0.388738717353287,0.29652931186112,0.505660098897853,9.82727272727273,64.6783603896104,1.10183266170283,0.95062586369694,0.698412698412698,0.4,1.51883116883117,1.45728822358499,1.47216939009578,2,0.812386447539609,0.288961038961039,0.145454545454545,0.981012268717008,0.43015873015873,0.9,0.739844425237684,7.05444965813294,2.625,2.625,2.4,0.4,0,"E8","E8 - L",0.939393939393939,0.910535747846637,-0.0288581915473021
"293",2012,194,"Ohio State","Final - L",0.481631682195488,0.322974619040176,0.71026468823079,38.7466666666667,11.7166666666667,24.7533333333333,13.71,6.77,3.21,11.97,16.05,72.81,60.34,0.406408264987216,0.317402421698904,0.523306346279872,12.47,65.2727,1.11529378976564,0.925010274629316,0.502857142857143,0.4,4.40666666666667,1.14665713557223,1.1635511522304,0.6,0.500158591896954,0.306666666666667,0.323333333333333,0.998141051773339,0.597142857142857,2,0.767135015943801,5.9427993751267,2.25927671740779,2.9,2.11111111111111,0,1,"F4","F4 - L",0.818181818181818,0.936576806567268,0.11839498838545
"294",2012,195,"Ohio","Final - W",0.415607779317457,0.320868187006382,0.691929099239809,37.5288111888112,12.7474125874126,21.1737062937063,12.5606993006993,9.55272727272727,2.74167832167832,13.153006993007,19.533006993007,68.9243356643357,62.7303496503497,0.417701998080044,0.314149969244508,0.479515293420671,6.19398601398601,66.6668034965035,1.03356308004107,0.941491643248145,0.5,0.483333333333333,6.20237762237762,1.34145409426882,0.954388209510969,4.6,0.625732099215473,0.364895104895105,0.135384615384615,1,0.5125,3.7,0.554451351401298,4.65396035015752,0.776765065296755,1,2.33333333333333,0.2,0,"S16","S16 - L",0.794117647058823,0.798524762756783,0.00440711569795971
"295",2012,218,"Temple","Quarterfinals - L",0.482363973848767,0.404684549405046,0.743741539763113,37.4305555555556,9.95555555555556,24.6,15.4777777777778,7.91388888888889,4.28888888888889,12.4916666666667,17.4888888888889,76.3194444444444,70.1722222222222,0.432298878409659,0.37569304575547,0.54763538220558,6.14722222222222,68.2687777777778,1.11781474410943,1.02804057800399,0.5,0.55,-0.55,1.06308190987994,1.23823598404879,1,0.86432887108844,0.233333333333333,0.111111111111111,0.974634449499223,0.5,4.5,0.65625,6.46302945692067,1,1,3.125,0.2,0,"R64","R64 - L",0.766666666666667,0.703326240270829,-0.0633404263958381
"296",2012,235,"Memphis","Final - W",0.512168079887517,0.368423505254318,0.722470343073251,36.2615384615385,8.43942307692308,24.5548076923077,15.1346153846154,8.27307692307692,5.03846153846154,12.3336538461538,18.9894230769231,74.6990384615385,61.0625,0.391134161813084,0.319300370475919,0.56204432869328,13.6365384615385,66.5352259615385,1.12279771366485,0.916939711370071,0.426984126984127,0.43,-1.02884615384615,1.13331618582655,1.22970108364233,3.3,0.515316781172379,0.302884615384615,0.325,0.986076323659068,0.720634920634921,6.3,0.681037865153881,4.24849524204936,0.709091276205592,1,2.33333333333333,0.4,0,"R64","R64 - L",0.764705882352941,0.87383413334027,0.109128250987329
"297",2012,238,"Vanderbilt","Final - W",0.456245741539859,0.397447688667885,0.711812668463612,37.0753846153846,10.0923076923077,23.4253846153846,12.9353846153846,5.29846153846154,4.20153846153846,12.4576923076923,15.7669230769231,71.1838461538462,63.4538461538462,0.411837217156366,0.299846175430158,0.544281199303357,7.73,64.0571653846154,1.11204441316947,0.990756233379186,0.428571428571429,0.866666666666667,-2.38615384615385,0.953445665566713,1.0488826495206,2.5,0.45934920490726,0.0630769230769231,0.163076923076923,0.997688811188811,0.428571428571429,3,0.629824561403509,6.34738920965601,1.28571428571429,1.4,3,0,1,"R32","R32 - L",0.696969696969697,0.78112368834031,0.0841539913706127
"298",2012,239,"Baylor","Final - L",0.462241384088018,0.366683816388119,0.767127183161666,37.5425213675214,12.3145299145299,22.8405982905983,14.9626068376068,7.05961538461538,3.9207264957265,13.4055555555556,17.9621794871795,73.6559829059829,67.6380341880342,0.435808526929733,0.343637827993008,0.519098947251351,6.01794871794872,66.4365897435897,1.10860118542077,1.01953508262006,0.366071428571429,0.966666666666667,1.33418803418803,0.98822357537196,1.11874497596238,2.8,0.693385545842361,0.323076923076923,0.142735042735043,0.99237294629355,0.282142857142857,1.1,0.541098695303919,5.61677109766657,1.87492425382963,2,2.1,0.2,1,"E8","E8 - L",0.794117647058823,0.827326957061328,0.0332093100025046
"299",2012,251,"Texas","Semifinals - L",0.421560585352379,0.318197442260151,0.738906981719638,38.1800310800311,13.1464646464646,21.7290598290598,11.579797979798,6.61196581196581,3.26169386169386,12.3339549339549,19.6715617715618,70.4235431235431,68.3637917637918,0.440810165415671,0.370165259338458,0.470140361356374,2.05975135975136,66.3329642579642,1.06123882954536,1.02943737767185,0.45,0.3,3.3948717948718,1.08285348084188,0.937320561252024,7.6,0.316781528718973,0.330536130536131,0.0230769230769231,0.985985849808854,0.5,2.7,0.670934699103713,6.66185474054531,1.81578947368421,2.03846153846154,2,0.2,1,"R64","R64 - L",0.606060606060606,0.727595068984957,0.121534462924351
"300",2012,252,"BYU","Semifinals - L",0.452563603024815,0.307035895830684,0.713528379486401,41.247619047619,10.7571428571429,26.8371428571429,15.9585714285714,8.57666666666667,3.83095238095238,12.6547619047619,18.5238095238095,76.8876190476191,68.5866666666667,0.424114224994791,0.294821776028387,0.505194060678046,8.30095238095238,72.5030928571429,1.06041964436943,0.945953931832382,0.443055555555556,0.28,3.9952380952381,1.24233944248348,1.26163535161553,4.7,0.71641143029292,0.156666666666667,0.160952380952381,0.97702555808502,0.618055555555556,4.3,0.760520825560509,5.32300997913841,1.24380506839365,1.4,2.1,0,1,"R64","R64 - L",0.75,0.847442286423346,0.0974422864233458
"301",2012,258,"Virginia","Quarterfinals - L",0.452854421661356,0.329924123495552,0.71633547008547,34.1576923076923,7.64230769230769,23.9653846153846,11.8653846153846,6.41923076923077,2.57307692307692,11.2269230769231,15.7923076923077,60.6884615384615,55.5307692307692,0.404606577924725,0.309096198520287,0.503044190032294,5.15769230769231,60.5381538461538,1.0027597983098,0.916455739746308,0.420833333333333,0.4,0.103846153846154,1.13960921411944,1.08229124697824,2.5,0.48212326619603,0.607692307692308,0.196153846153846,0.98064722778632,0.6625,3.4,0.609805340009509,5.10594547390058,1.70440647149124,0,2.6,0.2,0,"R64","R64 - L",0.709677419354839,0.854808556459496,0.145131137104657
"302",2012,261,"Vermont","Final - W",0.442310521774211,0.353672330831243,0.769899477966933,40.3214285714286,11.1826118326118,25.6724386724387,13.5471861471861,6.5501443001443,2.39430014430014,12.3266955266955,17.0290764790765,69.8326118326118,59.6616883116883,0.398525111252384,0.307111383108935,0.496496323179522,10.1709235209235,64.250161976912,1.08733404789547,0.929009404654325,0.492857142857143,0.491666666666667,1.40548340548341,1.05553303573772,1.11978310989804,0.9,0.7401524735039,0.276262626262626,0.223232323232323,0.997558125599233,0.492857142857143,5.7,0.610089274330996,0,0,0,2.5,0.2,0,"R64","R64 - L",0.676470588235294,0.762405902276703,0.085935314041409
"303",2012,269,"Marquette","Quarterfinals - L",0.455341118699291,0.33833119977242,0.724962145792775,38.4709401709402,11.6910256410256,23.3529914529915,16.4940170940171,8.71794871794872,3.31581196581197,13.4700854700855,17.3423076923077,74.4961538461538,68.3794871794872,0.419328642130836,0.317657525172231,0.507235107213443,6.11666666666667,69.5459337606838,1.07167522620071,0.982947539884158,0.361904761904762,0.633333333333333,0.45042735042735,1.20168650793651,1.23730158730159,1.8,0.786193542745671,0.254273504273504,0.0905982905982906,0.969496193987269,0.56984126984127,0.5,0.60659428079971,4.92725368515721,1.37063140584315,1.66666666666667,2,0,0,"S16","S16 - L",0.78125,0.818529563439142,0.0372795634391423
"304",2012,275,"Wisconsin","Semifinals - L",0.404692911834444,0.345599762811918,0.760534917068267,35.04,9.41333333333333,22.98,10.8,4.61333333333333,3.23666666666667,9.29666666666667,14.9,61.4166666666667,57.22,0.40819854087437,0.312675216571897,0.47595023382402,4.19666666666667,58.4349833333333,1.05087686626884,0.979114921961071,0.70952380952381,0.715,0.463333333333333,1.05553390877687,1.16499806080941,2.2,0.592463793688964,0.306666666666667,0.11,1,0.564285714285714,1.5,0.697104134481853,5.96870755998537,1.79316317796782,1.8,2.75,0,0,"S16","S16 - L",0.727272727272727,0.888829050952759,0.161556323680032
"305",2012,277,"West Virginia","Early Round - L",0.423944676421859,0.280884843979726,0.707984383155624,42.5642857142857,15.3928571428571,23,14.0928571428571,6.24285714285714,2.25714285714286,11.7714285714286,16.0285714285714,69.3,65.9071428571429,0.454756662571186,0.30626706378754,0.469086590786685,3.39285714285714,64.27675,1.07759980907205,1.02645823975839,0.480357142857143,0.0333333333333333,6.24285714285714,1.02624358490147,1.20104048639962,2.4,0.394937291862979,0.371428571428571,0.178571428571429,0.987412398921833,0.423214285714286,1.9,0.730814639905549,6.7428806357919,2,2.875,2.125,0.2,1,"R64","R64 - L",0.59375,0.705509371470799,0.111759371470799
"306",2012,299,"Long Beach St","Final - W",0.471990845238138,0.360503706919716,0.659388928742229,38.4807692307692,11.3641025641026,24.9326923076923,14.0596153846154,7.0448717948718,2.67628205128205,12.0955128205128,14.2948717948718,74.5628205128205,61.5224358974359,0.407621201673005,0.326265938069217,0.536589697626847,13.0403846153846,66.6704166666667,1.11902513143001,0.923316354348294,0.5,0.541666666666667,2.87820512820513,1.23236978409418,1.16904214478197,0.8,0.494214366794096,0.148717948717949,0.298076923076923,0.963157842259722,0.571428571428571,4.2,0.546318289786223,6.04500531403601,2,0,2.85714285714286,0,0,"R64","R64 - L",0.757575757575758,0.840195087911676,0.0826193303359181
"307",2012,314,"Iona","Semifinals - L",0.502786504712545,0.396347699586107,0.698766833299327,37.8598290598291,11.0273504273504,23.617094017094,18.8722222222222,6.99700854700855,2.20555555555556,11.5132478632479,16.5038461538462,82.1688034188034,70.0709401709402,0.440492046229234,0.330035163182371,0.567858551852221,12.0978632478632,69.6957435897436,1.1798487442607,1.00559289016506,0.576785714285714,0.61,3.52948717948718,1.35355336717723,1.65130454177394,1.3,0.46482861873338,0.16965811965812,0.304273504273504,0.993285986511684,0.717857142857143,4.5,0.649908617985933,3.63758615972639,0,0,2.55555555555556,0,0,"First Four","First Four - L",0.78125,0.819268381391883,0.0380183813918827
"308",2012,333,"Alabama","Quarterfinals - L",0.448150447998445,0.292464731101367,0.722870988631951,37.5136363636364,10.5370629370629,24.1391608391608,11.6416083916084,7.6541958041958,3.84370629370629,13.3199300699301,17.9185314685315,64.0101398601399,59.0548951048951,0.401663626507216,0.297747735749469,0.489393770365886,4.95524475524476,63.1759073426573,1.01337853176785,0.935005482983765,0.542857142857143,0.238333333333333,0.257342657342657,1.03166018855209,0.875497103925344,2.2,0.474171779535486,0.194055944055944,0.0685314685314685,0.910127785453936,0.619642857142857,0.8,0.682199460141148,5.14166355650266,0.858164730188463,0,2.1,0.2,0,"R64","R64 - L",0.65625,0.771909256910284,0.115659256910284
"309",2012,2057,"Belmont","Final - W",0.494357105330367,0.396485671191554,0.740710731995553,38.8083333333333,11.4130952380952,24.5809523809524,18.2595238095238,7.07142857142857,2.53690476190476,12.4,16.8380952380952,82.697619047619,66.5333333333333,0.421813891927589,0.339967490728279,0.571865842332199,16.1642857142857,68.8885773809524,1.20071107275653,0.966069534581303,0.571428571428571,0.6,2.35595238095238,1.17808511617207,1.4704237405107,2.7,0.57256875411653,0.133333333333333,0.345238095238095,0.982560137457045,0.571428571428571,6.3,0.594789232831095,5.91620206260743,0.987438382734506,1,3.2,0.2,0,"R64","R64 - L",0.794117647058823,0.891484443225774,0.0973667961669505
"310",2012,2132,"Cincinnati","Final - L",0.407970292658345,0.323167701479246,0.645819694713788,39.2846153846154,13.6882478632479,22.4696581196581,12.7517094017094,8.23739316239316,4.17884615384615,9.85641025641026,15.5418803418803,67.1739316239316,63.0361111111111,0.420596366154211,0.322029837130054,0.465943664084076,4.13782051282051,64.4672040598291,1.04203426732363,0.978915563817475,0.633333333333333,0.391666666666667,4.99700854700855,1.36505220281848,1.30977339763098,2.2,0.698074608017535,0.534188034188034,0.0955128205128205,0.981721096912669,0.494444444444444,1.7,0.607229704934329,5.55295958492162,0.926811723788297,1,2.2,0,0,"S16","S16 - L",0.705882352941177,0.776221651958736,0.07033929901756
"311",2012,2166,"Davidson","Final - W",0.457592843606966,0.351078668470887,0.745575778388278,43.5747474747475,12.7050505050505,27.230303030303,14.4808080808081,5.41313131313131,3.85151515151515,10.9909090909091,20.1444444444444,79.3383838383838,66.4373737373737,0.417440033005215,0.345871333301501,0.525952045071107,12.9010101010101,68.3511717171717,1.16139873102673,0.971595104580198,0.625,0.4,4.20606060606061,1.09529444774543,1.37181290024427,5.7,0.684338429852843,0.218181818181818,0.383838383838384,0.994096144561694,0.625,5.8,0.603915662650602,6.49978704065585,1.4,1.4,2.375,0.2,0,"R64","R64 - L",0.774193548387097,0.835783930143666,0.0615903817565695
"312",2012,2174,"Detroit Mercy","Final - W",0.454551322130165,0.322746660961243,0.735377746732694,35.4083333333333,11.7416666666667,20.9770833333333,12.9118055555556,8.24861111111111,4.02777777777778,12.4986111111111,19.6868055555556,72.6388888888889,66.9972222222222,0.448087873949151,0.387814369312201,0.503763280356872,5.64166666666667,66.1065277777778,1.09897100578385,1.01336045622345,0.419047619047619,0.3,5.66458333333333,1.25598969547008,1.03342406032756,3.3,0.677282561089067,0.409027777777778,0.06875,0.989974670807759,0.558730158730159,5.9,0.514423076923077,6.0330862217988,1,0,2.75,0.2,0,"R64","R64 - L",0.628571428571429,0.691303749218813,0.0627323206473844
"313",2012,2250,"Gonzaga","Final - L",0.480111011704131,0.360720982609485,0.727566265608693,40.85,10.1461538461538,26.8423076923077,13.8115384615385,6.57307692307692,3.36538461538462,13.4230769230769,15.2076923076923,73.4846153846154,63.1307692307692,0.409889758660768,0.305147792479246,0.539616339153142,10.3538461538462,66.4727884615385,1.10476502941599,0.951377220578322,0.219047619047619,0.5,-0.642307692307692,0.93046559926586,1.02924827130978,1,0.525974568492184,0.15,0.223076923076923,0.998401598401598,0.441269841269841,2.1,0.791979949874687,5.99146454710798,1.5,1.5,2.22222222222222,0.2,1,"R32","R32 - L",0.806451612903226,0.8496291666248,0.0431775537215739
"314",2012,2305,"Kansas","Semifinals - L",0.487789042900717,0.360490046284553,0.701526042666522,38.2777777777778,10.7671717171717,25.2484848484848,15.3772727272727,7.30732323232323,5.77045454545455,12.5757575757576,17.3878787878788,74.5328282828283,62.7792929292929,0.387018870183927,0.348493317452467,0.544008456980785,11.7535353535354,66.29525,1.12346662621918,0.947686763627394,0.507142857142857,0.616666666666667,0.687373737373737,1.03743201243201,1.22432983682984,1.4,0.709586290285606,0.143686868686869,0.176010101010101,1,0.657142857142857,1.1,0.746218487394958,6.39024066706535,2.88461538461538,3.3125,3.125,0,1,"Final","Final - L",0.84375,0.901544403855422,0.0577944038554222
"315",2012,2306,"Kansas St","Quarterfinals - L",0.436688482948135,0.342677550640489,0.675139486252271,37.8888888888889,13.7305555555556,21.3944444444444,13.8944444444444,6.25277777777778,4.525,14.4055555555556,19.7416666666667,68.7166666666667,64.8166666666667,0.431035555375232,0.335848264693647,0.490096421560226,3.9,65.9507777777778,1.04152504809316,0.983626912517466,0.394444444444444,0.458333333333333,4.53055555555556,1.10781739811912,0.965164576802508,4.5,0.444117426301366,0.294444444444444,0.075,0.97033695273894,0.5625,2.5,0.67458950413387,4.93447393313069,0.823583932498192,1,2.1,0.2,1,"R32","R32 - L",0.67741935483871,0.778432809838331,0.101013454999621
"316",2012,2320,"Lamar","Final - W",0.446565467981354,0.34459215184153,0.707063918757467,41.0095238095238,14.0309523809524,24.3142857142857,12.747619047619,8.23452380952381,4.13928571428571,11.1095238095238,16.3797619047619,74.4059523809524,64.4654761904762,0.429136071981567,0.339348065879858,0.488058376621594,9.94047619047619,67.44575,1.10308009354488,0.955735736954023,0.475,0.466666666666667,5.9202380952381,1.28271317829457,1.1526893261777,1.7,0.43436652530654,0.0976190476190476,0.267857142857143,0.977459786308874,0.6625,6.3,0.484367824362838,4.71849887129509,0,0,2.6,0.2,0,"First Four","First Four - L",0.676470588235294,0.793032124425572,0.116561536190278
"317",2012,2329,"Lehigh","Final - W",0.446629099089287,0.369402963102543,0.774655418597197,39.0766666666667,10.815,23.9666666666667,13.0033333333333,7.82333333333333,3.01833333333333,10.5891666666667,16.0075,74.3383333333333,64.0116666666667,0.417247564681939,0.351886151820075,0.516853393803182,10.3266666666667,66.6232458333333,1.11566026522522,0.961276604446979,0.771428571428571,0.46,5.22333333333333,1.37438251552234,1.22812413426304,1.3,0.730643824764698,0.2075,0.209166666666667,0.961707788882778,0.442857142857143,2.7,0.561168834768548,4.81218435537242,0.803173300540551,1,2.8,0.2,0,"R32","R32 - L",0.787878787878788,0.850062571421734,0.0621837835429457
"318",2012,2352,"Loyola MD","Final - W",0.42953097515939,0.342697868079163,0.740784463593671,38.2042929292929,12.6967171717172,22.0237373737374,12.0040404040404,7.34671717171717,4.73030303030303,13.3477272727273,17.9502525252525,66.9015151515152,62.5305555555556,0.418907231850739,0.350305157155935,0.47898541853553,4.3709595959596,63.7511022727273,1.04954512171759,0.981004873941087,0.378571428571429,0.583333333333333,2.10378787878788,1.0321159973509,0.899204121754457,3.6,0.658536133608617,0.287373737373737,0.00833333333333333,0.992804319008789,0.564285714285714,3.3,0.477812154157513,5.36129216570943,0,0,2.625,0,0,"R64","R64 - L",0.75,0.653221652150143,-0.0967783478498568
"319",2012,2400,"Miss Valley St","Final - W",0.415038712728703,0.330467158579334,0.644417086736872,42.1361111111111,14.1527777777778,24.9083333333333,13.9833333333333,9.42222222222222,2.66944444444444,14.8166666666667,19.6916666666667,71.0416666666667,64.0694444444444,0.415833445688512,0.353064564396065,0.480960554548695,6.97222222222222,69.8708055555555,1.0174015043138,0.917413812342318,0.838095238095238,0.541666666666667,6.08055555555556,1.15478066110596,0.949683348779734,5,0.847557398520838,0.238888888888889,0.136111111111111,0.954757809912698,0.564285714285714,1.2,0.37491502792635,4.57471097850338,0,0,2.75,0.6,0,"First Four","First Four - L",0.636363636363636,0.485530323793535,-0.150833312570101
"320",2012,2427,"UNC Asheville","Final - W",0.483324832918462,0.338287828827442,0.773254449220045,37.0522435897436,11.1349358974359,23.1503205128205,16.4012820512821,8.65352564102564,2.34519230769231,13.9586538461538,17.150641025641,79.625641025641,71.1067307692308,0.447286683521491,0.377073650986694,0.539470350409524,8.51891025641026,69.7710801282051,1.140354368972,1.01940604307415,0.395238095238095,0.316666666666667,0.868269230769231,1.13006349206349,1.21226984126984,2.9,0.39747551154949,0.181410256410256,0.197435897435897,0.973550226676118,0.671428571428571,3.3,0.464015151515151,6.2709884318583,1,1,2.77777777777778,0.2,0,"R64","R64 - L",0.727272727272727,0.80638796606907,0.079115238796343
"321",2012,2439,"UNLV","Semifinals - L",0.444428786735499,0.361162556313418,0.655251095971318,39.4748366013072,11.2617647058824,25.6705882352941,16.7490196078431,7.9656862745098,4.42254901960784,13.137908496732,16.8915032679739,73.2434640522876,66.4575163398693,0.414754883920938,0.327768851051712,0.513246077710145,6.7859477124183,69.2563741830065,1.05751497839163,0.959450203100775,0.75,0.466666666666667,2.10915032679739,1.08033108341809,1.26826420922499,3.5,0.634968373011844,0.395098039215686,0.190522875816993,0.992726422235119,0.655555555555556,5.3,0.610089274330996,0,0,0,3.22222222222222,0.2,0,"R64","R64 - L",0.764705882352941,0.842092277076676,0.0773863947237348
"322",2012,2450,"Norfolk St","Final - W",0.442603563083452,0.317621765232596,0.660933183604716,40.3630952380952,12.525,24.5642857142857,12.6738095238095,6.55595238095238,4.23928571428571,13.9630952380952,18.7345238095238,71.1345238095238,66.5119047619048,0.412040289831187,0.31957042098641,0.498188192991596,4.62261904761905,68.7246428571429,1.03623223027747,0.968915058021773,0.269444444444444,0.65,0.603571428571429,1.00433182238514,0.915850223399189,2.4,0.607733448022532,0.245238095238095,0.0714285714285714,0.986677280279907,0.618055555555556,4.4,0.456382999605305,4.8283137373023,0,0,3,0.2,0,"R32","R32 - L",0.735294117647059,0.615236763538682,-0.120057354108377
"323",2012,2509,"Purdue","Quarterfinals - L",0.432385082934172,0.386855659177618,0.675629315304948,34.7233333333333,10.6266666666667,20.82,13.24,5.64333333333333,2.88,7.97333333333333,17.03,70.6533333333333,69.4233333333333,0.474617680867366,0.374767266477253,0.510607038682222,1.23,63.3725333333333,1.11473320532528,1.09633742330993,0.381944444444444,0.841666666666667,5.03,1.41687866927593,1.69437377690802,1.8,0.442469565178223,0.29,0.183333333333333,0.963555709356682,0.741666666666667,1.5,0.694243045464482,5.4510384535657,1.21306755873723,1.4,2.7,0.2,1,"R32","R32 - L",0.636363636363636,0.728073047649093,0.0917094112854563
"324",2012,2571,"S Dakota St","Final - W",0.476763428689671,0.401827682129914,0.755844190516094,35.93125,9.09375,23.9125,14.225,6.55,1.8,9.58125,15.73125,76.10625,64.35625,0.446488032706373,0.337095388537856,0.548229493505445,11.75,65.12946875,1.16962788483551,0.98719798624718,0.657142857142857,0.88,3.50625,1.33537149653655,1.52188958829736,1.1,0.609178775237229,0.2125,0.375,0.997354184277261,0.714285714285714,4.4,0.409265811698326,5.20948615284142,0,0,2.5,0.2,1,"R64","R64 - L",0.794117647058823,0.840071461046683,0.0459538139878597
"325",2012,2572,"Southern Miss","Semifinals - L",0.410066146119054,0.334963684555324,0.720074972871658,38.6266666666667,13.3233333333333,22.1866666666667,10.8033333333333,6.16666666666667,2.60333333333333,10.42,18.9366666666667,70.1733333333333,67.4066666666667,0.467183403565202,0.370375507440231,0.462414057814685,2.76666666666667,65.3848166666667,1.07397578716738,1.03099249711986,0.519642857142857,0.608333333333333,9.07666666666667,1.36647931303669,1.03905932864949,3.7,0.705513012936988,0.57,0.0266666666666667,0.988229343925606,0.717857142857143,5.1,0.60223642172524,6.44094654063292,1.66666666666667,0,2.22222222222222,0.4,0,"R64","R64 - L",0.757575757575758,0.745633149316708,-0.0119426082590497
"326",2012,2608,"Saint Mary's","Final - W",0.476031699301594,0.345759620867257,0.726486798391327,36.8833333333333,11.4466666666667,23.6409523809524,15.1485714285714,6.29952380952381,2.81,11.5595238095238,16.2180952380952,74.1704761904762,65.4942857142857,0.45304555868455,0.391391941391941,0.544137464626661,8.67619047619048,63.9147238095238,1.16104180274694,1.02509671353198,0.8125,0.4,2.17428571428571,1.01160430000621,1.32372261231591,0.6,0.758549741262927,0.106666666666667,0.153809523809524,0.96561708690556,0.65,1.6,0.648534365939063,5.77144112313002,1.60546198060924,1.66666666666667,2.88888888888889,0.2,0,"R64","R64 - L",0.84375,0.88271429091852,0.0389642909185205
"327",2012,2670,"VCU","Final - W",0.404820699353412,0.333790228897064,0.673908583360344,36.241452991453,12.2435897435897,21.9117521367521,12.2792735042735,10.8100427350427,3.90854700854701,11.1604700854701,18.1036324786325,67.7608974358974,59.1388888888889,0.413872227496701,0.314087565790566,0.472671015141487,8.62200854700855,65.1530897435897,1.03998411644829,0.907504726586095,0.4875,0.416666666666667,7.84188034188034,1.58824668909173,1.10148739800744,1.2,0.734731159643043,0.357051282051282,0.161324786324786,1,0.75,3.7,0.692445482209841,4.34380542185368,3.26249521208913,4.5,2.25,0.2,0,"R32","R32 - L",0.823529411764706,0.814828403975837,-0.00870100778886895
"328",2012,2724,"Wichita St","Semifinals - L",0.494137097338588,0.38366082080649,0.785887530750307,39.6886363636364,9.69621212121212,27.1068181818182,14.3492424242424,5.73106060606061,3.99545454545455,11.6318181818182,16.2916666666667,76.9234848484848,62.8356060606061,0.394481005700705,0.325588057806631,0.561679760310923,14.0878787878788,66.5172386363636,1.15694212889753,0.944072991350589,0.423214285714286,0.666666666666667,-0.071969696969697,1.01514792200476,1.25152351487398,1.5,0.720121202826018,0.24469696969697,0.324242424242424,0.985895031294082,0.576785714285714,5.6,0.666666666666667,6.0282785202307,1,0,2.55555555555556,0,0,"R64","R64 - L",0.838709677419355,0.903670961097096,0.064961283677741
"329",2012,2752,"Xavier","Final - L",0.458951739967835,0.360469228804903,0.715682111276478,38.4923076923077,10.1153846153846,25.5370629370629,14.1538461538462,5.60944055944056,3.61573426573427,12.3667832167832,18.8975524475524,71.3489510489511,68.2101398601399,0.404453923317969,0.317075074732012,0.506593942429486,3.13881118881119,67.3042744755245,1.06004074043787,1.01386970203711,0.325,0.55,-0.272027972027972,0.981072003795588,1.14870546323233,3.6,0.621012222184482,0.297202797202797,0.0730769230769231,0.992508475692044,0.5,3.2,0.705994031630907,4.21950770517611,1.40850627488493,2,2.8,0,0,"S16","S16 - L",0.65625,0.645618145407665,-0.0106318545923347
"330",2012,112358,"Long Island","Final - W",0.479973217183712,0.353154825302933,0.739052465482421,42.9691558441558,11.6100649350649,27.5470779220779,15.2103896103896,6.18961038961039,3.49123376623377,15.2339285714286,15.6767857142857,83.8969155844156,77.8642857142857,0.446189556954389,0.323784030815434,0.535104189896085,6.03262987012987,75.2237767857143,1.11614953535572,1.03505122382384,0.423214285714286,0.533333333333333,-3.79253246753247,0.897047109752992,1.00981614463967,4.1,0.861392429714382,0.200162337662338,0.168506493506494,0.999111282843895,0.564285714285714,1.1,0.481121384890047,5.5834963087817,0.931908428211729,1,3,0,0,"R64","R64 - L",0.757575757575758,0.652095637899356,-0.105480119676402
"331",2013,12,"Arizona","Semifinals - L",0.43915634259622,0.351079912251639,0.744600329644347,38.9744949494949,11.4967171717172,24.2527777777778,13.1527777777778,6.54090909090909,3.90681818181818,12.4833333333333,16.5608585858586,71.8128787878788,65.6914141414141,0.427218996034407,0.365057338657589,0.508578805645911,6.12146464646465,66.5526805555556,1.07908600509558,0.987073300659061,0.635714285714286,0.7,2.76515151515152,1.04276538201488,1.05730223123732,5.1,0.64798891443881,0.288383838383838,0.0944444444444444,0.995942265795207,0.435714285714286,0.5,0.692983869735689,5.605802066296,2.0583889713249,3,2.44444444444444,0.2,0,"S16","S16 - L",0.78125,0.823970210552642,0.0427202105526422
"332",2013,21,"San Diego St","Semifinals - L",0.429596723271811,0.306478051383416,0.686214761228233,39.8905982905983,10.9777777777778,25.7132478632479,11.8153846153846,6.56495726495726,4.21880341880342,11.4055555555556,15.607264957265,67.4876068376068,62.2089743589744,0.391989405900904,0.324121375700323,0.485532061252141,5.27863247863248,65.9291987179487,1.02343066622045,0.943966395597661,0.494444444444444,0.25,1.47222222222222,1.03546620603477,1.03960401757822,2,0.542591953239892,0.252136752136752,0.214102564102564,0.965883686048441,0.494444444444444,0.9,0.646198830409357,6.52941883826223,2.95833333333333,1,2.44444444444444,0.2,0,"R32","R32 - L",0.6875,0.810389048883382,0.122889048883382
"333",2013,25,"California","Quarterfinals - L",0.438434004512925,0.299951120492656,0.730891545837875,38.4361111111111,10.5916666666667,25.1388888888889,14.1166666666667,6.15833333333333,4.85277777777778,12.0222222222222,16.5722222222222,65.6666666666667,64.1527777777778,0.398500198606963,0.341462297854284,0.479441567751299,1.51388888888889,65.5549166666667,1.00203949331255,0.978196208951318,0.410714285714286,0.216666666666667,-1.95,0.919898351446686,1.17642939656072,4.2,0.744488801608802,0.313888888888889,0.025,0.982751902846574,0.576785714285714,1.2,0.684665226781857,6.83195356556585,1.5,1,2.71428571428571,0,1,"R32","R32 - L",0.645161290322581,0.628839221449113,-0.0163220688734674
"334",2013,26,"UCLA","Final - L",0.440510639393612,0.337664711019974,0.720603273392533,37.7173076923077,10.3145299145299,24.5032051282051,15.1094017094017,8.36517094017094,3.40576923076923,10.9529914529915,14.8901709401709,71.9311965811966,68.6260683760684,0.423560383041672,0.300313342608439,0.484163597750902,3.30512820512821,69.7841228632479,1.03051619304455,0.983591089969616,0.366071428571429,0.433333333333333,-0.136324786324786,1.30529284114636,1.37530077625109,2.5,0.799919980834109,0.382905982905983,0.0307692307692308,0.972645120156673,0.705357142857143,1,0.653846153846154,6.35088571671474,3.27777777777778,3.75,2.14285714285714,0,1,"R64","R64 - L",0.735294117647059,0.708412652853264,-0.0268814647937945
"335",2013,36,"Colorado St","Semifinals - L",0.442094962958247,0.322865840632343,0.698649659355514,41.9853846153846,13.8438461538462,25.5053846153846,12.2661538461538,4.48153846153846,1.79615384615385,10.6923076923077,17.3961538461538,71.9853846153846,65.0307692307692,0.421502216473315,0.356183979771702,0.48938002889738,6.95461538461539,64.2320807692308,1.12070205302104,1.01253190623241,0.428571428571429,0.5,6.04153846153846,0.999545420672181,1.14832029212311,1.9,0.676054508466083,0.28,0.208461538461538,0.990012403164369,0.571428571428571,3.9,0.609090909090909,6.49375383985169,1,0,3.42857142857143,0,0,"R32","R32 - L",0.757575757575758,0.840238803457784,0.0826630458820269
"336",2013,38,"Colorado","Quarterfinals - L",0.421487926491098,0.328191871016756,0.696512286169092,39.1391414141414,11.75,24.3068181818182,9.66818181818182,6.95909090909091,2.77651515151515,12.355303030303,15.7290404040404,65.9507575757576,63.4472222222222,0.409940992363067,0.320016322475339,0.473317766003583,2.50353535353535,64.9398535353535,1.01451939131005,0.978716575247951,0.478571428571429,0.233333333333333,0.777525252525253,1.04251643975178,0.785775746198696,3.3,0.51196583283692,0.287373737373737,0.113888888888889,0.973020684677021,0.671428571428571,1.6,0.54218920405237,5.28320372873799,0.881788365298454,1,2.11111111111111,0.2,1,"R64","R64 - L",0.65625,0.674756913644121,0.0185069136441209
"337",2013,46,"Georgetown","Semifinals - L",0.453120746263676,0.367390469325232,0.690620679563642,35.7343434343434,9.31212121212121,23.279797979798,14.5535353535354,7.03838383838384,3.51212121212121,12.9424242424242,17.9979797979798,63.7474747474747,56.1414141414141,0.376493087097951,0.292371831162664,0.513911666217989,7.60606060606061,61.4758080808081,1.03681399723132,0.913634088235132,0.59047619047619,0.725,-1.27070707070707,1.04711476466796,1.1265892972276,6.6,0.592097521470844,0.235353535353535,0.205050505050505,0.998530852105779,0.492857142857143,0.1,0.669800937731455,5.93224518744801,1.91834983922728,2.25,2.125,0.2,0,"R64","R64 - L",0.806451612903226,0.834657463377453,0.0282058504742269
"338",2013,57,"Florida","Final - L",0.489137160190337,0.391836366705322,0.675712555418438,37.3997474747475,9.69065656565657,24.6732323232323,15.4679292929293,6.85151515151515,3.2540404040404,10.8358585858586,14.2813131313131,71.6643939393939,53.640404040404,0.377566924008415,0.293147728830585,0.567114757949739,18.0239898989899,62.2994217171717,1.15051460312903,0.860796089241804,0.625,0.78,2.57323232323232,1.28191616645036,1.43571950032446,2.1,0.436884501697297,0.0924242424242424,0.517676767676768,0.953705513165761,0.5,1.7,0.702838063439065,6.39692965521615,3.70833333333333,3.70833333333333,3.125,0,0,"E8","E8 - L",0.8125,0.964122775983194,0.151622775983194
"339",2013,66,"Iowa State","Semifinals - L",0.451110101935511,0.374230423443661,0.741250672941987,39.7274242424242,11.1371212121212,25.5256060606061,15.3966666666667,5.82393939393939,2.33848484848485,12.4580303030303,17.289696969697,78.3693939393939,73.2440909090909,0.439479278891044,0.312542797161955,0.54394538292488,5.12530303030303,69.350825,1.13040664244101,1.05716963438467,0.8,0.75,-0.391515151515151,0.999423889386762,1.26304767704588,4.3,0.570839248054023,0.221818181818182,0.17,0.997694717994628,0.65,4.4,0.602133279233581,4.20469261939097,0.701780438877925,1,2.77777777777778,0,1,"R32","R32 - L",0.666666666666667,0.773798532960704,0.107131866294037
"340",2013,68,"Boise St","Quarterfinals - L",0.449530405119498,0.387185161721747,0.74018531714422,36.25,9.63888888888889,23.7027777777778,12.4166666666667,6.17222222222222,1.47777777777778,12.1333333333333,19.4833333333333,70.65,65.2222222222222,0.427150178683749,0.338825025092004,0.520730864859612,5.42777777777778,65.8492916666667,1.07216694532023,0.99083684658494,0.330357142857143,0.833333333333333,2.61388888888889,1.07871176228242,1.04780358430322,7.1,0.502629034728579,0.291666666666667,0.163888888888889,0.934023925998855,0.746428571428571,7.6,0.565552715411691,4.18965474202643,0,0,2.22222222222222,0.2,0,"First Four","First Four - L",0.67741935483871,0.789257290263919,0.11183793542521
"341",2013,84,"Indiana","Semifinals - L",0.471044127831778,0.410075081168831,0.743304266492503,39.7214285714286,12.2190476190476,24.1753968253968,12.9388888888889,7.04920634920635,3.66746031746032,12.6666666666667,17.4460317460317,75.5484126984127,64.1198412698413,0.406224352907591,0.311962381734967,0.541394669808467,11.4285714285714,64.9103015873016,1.16350725030617,0.990268940210004,0.4875,0.7,0.374603174603175,1.05190942751918,1.03073448683205,1.9,0.532046365854237,0.303174603174603,0.304761904761905,0.998838970217062,0.5,0.8,0.588942307692308,6.0330862217988,2.25,3,2.55555555555556,0,0,"S16","S16 - L",0.818181818181818,0.938397071566238,0.12021525338442
"342",2013,87,"Notre Dame","Semifinals - L",0.441619198441733,0.367407215340554,0.718239752041167,38.7138888888889,11.291452991453,23.8188034188034,15.9405982905983,4.77136752136752,3.43931623931624,11.049358974359,15.0814102564103,67.7245726495727,64.5839743589744,0.437737656835216,0.319123934295072,0.500396473917676,3.14059829059829,62.8596111111111,1.07606017991171,1.02897102870948,0.585714285714286,0.63,-0.0547008547008547,0.922851161995899,1.44330285942128,3.6,0.606573600321562,0.219444444444444,0.127350427350427,0.97606695265507,0.585714285714286,0.7,0.661141804788214,6.29894924685594,1.2,1.25,2.55555555555556,0,1,"R64","R64 - L",0.735294117647059,0.767413953364204,0.0321198357171454
"343",2013,97,"Louisville","Final - W",0.43955780690653,0.328904428904429,0.720618627563295,39.2551282051282,13.2773504273504,23.6897435897436,14.9944444444444,10.367735042735,4.66132478632479,12.6899572649573,17.782264957265,71.4258547008547,58.2959401709402,0.384433204528852,0.318311441481555,0.488831928684801,13.1299145299145,66.2876976495726,1.07955106522861,0.880495632047576,0.444444444444444,0.441666666666667,5.36068376068376,1.40875939136311,1.20024925277797,2.7,0.499956939648143,0.24465811965812,0.189316239316239,0.983746201108943,0.494444444444444,2,0.728852838933951,6.76157276880406,3.70588235294118,2.66666666666667,2.66666666666667,0.2,1,"Final","Final - W",0.852941176470588,0.932115301221092,0.0791741247505039
"344",2013,98,"Western KY","Final - W",0.428211047735448,0.338756423205373,0.69824230514194,37.0083333333333,11.495,23.2516666666667,10.9233333333333,5.65166666666667,3.17833333333333,14.65,19.2583333333333,66.6516666666667,66.1633333333333,0.428017329102677,0.333881401778788,0.492515149620084,0.488333333333333,65.7212333333333,1.01414838208683,1.00641066243281,0.3375,0.758333333333333,0.08,0.944398580143261,0.74832019044785,2.7,0.559114264663915,0.343333333333333,0.0833333333333333,0.916403243445425,0.625,3.9,0.60374689515143,2.99573227355399,0.5,1,2.36363636363636,0.2,0,"R64","R64 - L",0.571428571428571,0.561173492562684,-0.0102550788658872
"345",2013,108,"Harvard","Did Not Play in Conference Tournament",0.490897963362121,0.387170452286731,0.712855386083733,30.6458333333333,6.4,21.6458333333333,12.7791666666667,7.3625,4.6,13.2291666666667,15.5291666666667,68.7958333333333,63.7,0.436593063928633,0.328167766111089,0.555573398317102,5.09583333333333,64.0839791666667,1.07344873590877,0.994020760057497,0.428571428571429,0.666666666666667,-3.5375,1.04389408884496,0.963575761099161,3.1,0.628589223350252,0.370833333333333,0.0583333333333333,0.995855743378741,0.571428571428571,4.9,0.578833693304536,6.13988455222626,1,1,2.28571428571429,0.2,0,"R32","R32 - L",0.678571428571429,0.698601166835542,0.020029738264113
"346",2013,127,"Michigan St","Semifinals - L",0.449937622828836,0.352443967060508,0.725689532900159,39.0476190476191,11.0674603174603,24.8801587301587,12.6174603174603,7.71031746031746,3.45,12.3111111111111,15.484126984127,67.015873015873,60.3777777777778,0.410190364142593,0.295817714240938,0.505091341139704,6.63809523809524,63.0909682539683,1.06244099746941,0.957423850909695,0.366071428571429,0.433333333333333,0.964285714285714,0.964770316290413,1.04635753931119,0.7,0.595032370626374,0.461904761904762,0.117460317460317,0.979975238628904,0.576785714285714,0.6,0.709122203098107,6.36647044773144,4.06666666666667,4.06666666666667,2.22222222222222,0,1,"S16","S16 - L",0.757575757575758,0.824926517273605,0.067350759697847
"347",2013,130,"Michigan","Quarterfinals - L",0.470194131033243,0.369131250941812,0.698390318883426,37.4885003885004,10.4672882672883,23.5560217560218,13.2445221445221,6.38065268065268,2.96052836052836,8.9965034965035,13.7362859362859,72.7622377622378,65.1138306138306,0.427514258853745,0.342938946541879,0.531702398430381,7.64840714840715,63.6932987567988,1.1441069933849,1.02125911463651,0.492857142857143,0.833333333333333,2.31196581196581,1.34972394755003,1.53095238095238,0.4,0.552134602959532,0.277389277389277,0.225951825951826,0.989492410072454,0.492857142857143,1.3,0.60377358490566,6.45676965557216,1.57142857142857,1,1.875,0.2,1,"Final","Final - L",0.787878787878788,0.876096319342403,0.0882175314636147
"348",2013,135,"Minnesota","Early Round - L",0.424613622284209,0.326985009472037,0.669231414754202,41.0571428571429,13.95,23.6857142857143,13.6214285714286,6.05714285714286,5.16428571428571,13.4428571428571,18.15,63.9428571428571,62.8285714285714,0.406508870232039,0.351641061452514,0.474120832966107,1.11428571428571,61.36725,1.04280759818307,1.02455226800576,0.328571428571429,0.3,0.528571428571429,0.810649064906491,1.05361936193619,2.4,0.474715040879502,0.357142857142857,0.192857142857143,0.990969007192998,0.507142857142857,1.9,0.69701280227596,6.55677835615804,2.53125,1,2.7,0,0,"R32","R32 - L",0.625,0.758089867050427,0.133089867050427
"349",2013,139,"Saint Louis","Final - W",0.441230153665116,0.332808080808081,0.70379919236344,36.3905982905983,9.63888888888889,23.9337606837607,12.4059829059829,8.45042735042735,2.9448717948718,11.117094017094,18.6012820512821,70.251282051282,60.0192307692308,0.416595092111492,0.318437507370314,0.501624141961803,10.2320512820513,66.039,1.06515071254725,0.908857319658942,0.444642857142857,0.35,4.48931623931624,1.41039414110015,1.11772874712799,3.8,0.532644213952113,0.10982905982906,0.127350427350427,0.998276818641689,0.366071428571429,3.2,0.502849002849003,6.55535689181067,1,0,3.22222222222222,0.4,0,"R32","R32 - L",0.8125,0.864695524453005,0.0521955244530051
"350",2013,142,"Missouri","Quarterfinals - L",0.461737471664396,0.336539532592164,0.745538556306111,42.2484848484848,12.3251515151515,26.6056060606061,13.4374242424242,6.98575757575758,3.48560606060606,13.3122727272727,17.2233333333333,74.5045454545455,66.7957575757576,0.414871947403408,0.336781415149736,0.519580269181704,7.70878787878788,67.6637189393939,1.10091340093494,0.987431882696202,0.428571428571429,0.566666666666667,0.878636363636364,0.934025685745997,1.021098250621,2.4,0.48698985400123,0.323939393939394,0.258030303030303,0.956368102128483,0.571428571428571,3,0.601943770734863,5.5834963087817,0.931908428211729,1,2.66666666666667,0,0,"R64","R64 - L",0.696969696969697,0.825869980018553,0.128900283048856
"351",2013,145,"Ole Miss","Final - W",0.433258819829376,0.338300051203277,0.687062347125546,42.0613636363636,12.6139393939394,25.1331818181818,11.9490909090909,7.76772727272727,4.77893939393939,10.9319696969697,16.3398484848485,76.4083333333333,68.9993939393939,0.422332120184274,0.323699448699449,0.493910440353868,7.40893939393939,70.3484371212121,1.08529581315225,0.982310537383915,0.366071428571429,0.4,4.17318181818182,1.32068611627944,1.09092038027014,5,0.639273541196742,0.246818181818182,0.121666666666667,0.955212129334475,0.576785714285714,4.1,0.617118047735965,5.47227067367148,0,0,2.44444444444444,0,0,"R32","R32 - L",0.757575757575758,0.837783258812332,0.0802075012365744
"352",2013,149,"Montana","Final - W",0.48359822914901,0.380452894258864,0.777128207158695,33.7944444444444,8.14222222222222,22.8444444444444,13.1488888888889,5.89777777777778,2.87333333333333,11.8144444444444,16.3388888888889,72.7155555555556,65.7677777777778,0.436683777452099,0.329936063778951,0.549928993524317,6.94777777777778,64.4269666666667,1.12897671518716,1.02103704729799,0.525,0.646666666666667,-1.71888888888889,1.02000991134849,1.11494686415946,2.1,0.793720249206864,0.195555555555556,0.118888888888889,0.930661850555423,0.5,4.8,0.621357411577394,5.23644196282995,0.873983634828904,1,2.4,0.2,1,"R64","R64 - L",0.806451612903226,0.728337025561332,-0.0781145873418936
"353",2013,150,"Duke","Quarterfinals - L",0.472709988535512,0.398613646278183,0.74220526062082,35.2636363636364,9.60732323232323,23.1808080808081,13.8752525252525,6.17878787878788,3.24444444444444,10.4535353535354,18.0775252525253,76.9712121212121,66.6012626262626,0.433118123171539,0.282936264174124,0.545687266122672,10.3699494949495,67.4613800505051,1.14107575671324,0.987593128998652,0.595833333333333,0.7,1.61060606060606,1.34070855614973,1.33554239877769,6.1,0.704492611030908,0.287373737373737,0.310353535353535,0.960669434855281,0.516666666666667,0.4,0.761083743842365,7.10578612948127,4.51785714285714,4.51785714285714,2.75,0,1,"E8","E8 - L",0.84375,0.878317526682286,0.0345675266822864
"354",2013,152,"NC State","Semifinals - L",0.476419893969737,0.395517758604243,0.69202681126558,40.2970085470085,11.9356837606838,25.2297008547009,14.3702991452991,6.47628205128205,4.05192307692308,12.2108974358974,15.3681623931624,75.907264957265,70.382264957265,0.424822588644286,0.299046467724307,0.523978358839231,5.525,67.9979711538462,1.11512271134226,1.03503448852167,0.395238095238095,0.75,-0.773717948717949,0.923630255522753,1.17505785740948,3.5,0.545109078746366,0.398717948717949,0.0307692307692308,0.985229753435691,0.342857142857143,0.9,0.642553191489362,6.15485809401642,1.5,3,2.42857142857143,0.2,0,"R64","R64 - L",0.705882352941177,0.752975208722479,0.0470928557813026
"355",2013,153,"North Carolina","Final - L",0.43654765109066,0.37153428242754,0.681846317454258,40.0122766122766,12.6065268065268,23.9451437451437,16.2481740481741,7.60637140637141,3.22261072261072,11.2822843822844,14.2819735819736,74.1494172494172,67.9993783993784,0.438181623083676,0.348157287975779,0.495576428259249,6.15003885003885,69.4201888111888,1.06792793039684,0.980896855756666,0.65,0.6,6.09471639471639,1.34767917092395,1.44185358179666,1.3,0.647102680318678,0.136363636363636,0.225951825951826,0.970702768010426,0.8125,1.5,0.799763033175355,6.73933662735717,3.84090909090909,4.8125,2,0.2,1,"R32","R32 - L",0.727272727272727,0.786548981837975,0.0592762545652477
"356",2013,156,"Creighton","Final - W",0.510336680914448,0.420534682080925,0.750822830140527,37.1307692307692,8.44615384615385,26.3615384615385,17.4,4.3,2.53461538461538,12.4807692307692,16.3192307692308,74.1115384615385,64.05,0.41751225433887,0.330657096092205,0.599482333152921,10.0615384615385,63.2679230769231,1.17100267210583,1.01294956278338,0.633928571428571,0.755,-4.2,0.761553690928352,1.40235382270108,1.8,0.443168376144834,0.203846153846154,0.203846153846154,0.997427157418636,0.576785714285714,2.5,0.569006713809035,5.87211778947542,0.980080536787926,1,3.22222222222222,0,1,"R32","R32 - L",0.794117647058823,0.876362708463634,0.0822450614048106
"357",2013,166,"New Mexico St","Final - W",0.474005662249908,0.342745414567619,0.658972252350668,39.1857142857143,11.8785714285714,25.1557142857143,11.3871428571429,5.77142857142857,6.03571428571429,13.3542857142857,14.68,69.6142857142857,62.1342857142857,0.401801595248691,0.342963458707,0.516011947727052,7.48,64.7984857142857,1.07460035501706,0.9586095111221,0.125,0.4,0.335714285714286,0.975799942879568,0.859317821780144,2.2,0.701135114410281,0.331428571428571,0.0757142857142857,0.93630307871441,0.375,3.9,0.60404888944976,5.14166355650266,0.858164730188463,1,2.4,0,0,"R64","R64 - L",0.705882352941177,0.730213132593133,0.0243307796519567
"358",2013,167,"New Mexico","Final - W",0.431883878165535,0.363087395696091,0.699546664826509,37.6739393939394,8.84484848484849,26.0760606060606,15.0136363636364,6.07,3.94121212121212,10.5566666666667,14.9090909090909,66.7393939393939,59.2430303030303,0.380818970776448,0.335545866134864,0.492340156485336,7.49636363636364,63.5709590909091,1.04989659329369,0.932868497323435,0.492857142857143,0.75,0.278787878787879,1.14646785987122,1.43174178762414,3.6,0.74811770868934,0.26969696969697,0.145454545454545,0.989986068651482,0.717857142857143,2.2,0.640287769784173,6.32256523992728,1.33333333333333,1,3,0.2,0,"R64","R64 - L",0.852941176470588,0.770438844926374,-0.0825023315442139
"359",2013,183,"Syracuse","Final - L",0.426593441690759,0.333954521496875,0.70827455899065,40.5623931623932,13.5290598290598,22.6068376068376,13.4564102564103,7.97350427350427,5.70769230769231,11.7760683760684,16.465811965812,66.8760683760684,60.5521367521368,0.389361123411414,0.313167837560763,0.482576377977557,6.32393162393162,62.6400384615385,1.06648207577877,0.972090251801542,0.435714285714286,0.458333333333333,3.02649572649573,1.19639785534522,1.14107561002298,4.7,0.568098669737046,0.296581196581197,0.241025641025641,0.970107586141008,0.294642857142857,0.9,0.745393634840871,7.08590146436561,2.63793103448276,2.63793103448276,2.33333333333333,0.2,1,"F4","F4 - L",0.742857142857143,0.868638760351194,0.125781617494051
"360",2013,194,"Ohio State","Final - W",0.45225290165188,0.34812043371027,0.692880601596071,35.8489898989899,9.49949494949495,24.0835858585859,12.5143939393939,6.6239898989899,4.51464646464647,10.7558080808081,14.9080808080808,66.2189393939394,58.8267676767677,0.403979049140842,0.328278132475038,0.506579922887201,7.39217171717172,62.7706439393939,1.05395848795186,0.938071380159365,0.275,0.05,1.56641414141414,1.16217455107827,1.16958645931781,1.4,0.57767193438122,0.189141414141414,0.22979797979798,1,0.375,0.3,0.770883054892601,6.04025471127741,2.7,3.5,2.625,0.2,0,"E8","E8 - L",0.78125,0.878366733644146,0.0971167336441463
"361",2013,197,"Oklahoma St","Semifinals - L",0.438000263367762,0.311768730756073,0.746401838170456,39.0858585858586,10.6457070707071,25.4555555555556,11.9032828282828,7.50050505050505,4.41969696969697,12.3691919191919,18.5883838383838,72.6305555555556,65.6169191919192,0.398718248572122,0.330716733203349,0.489803025523413,7.01363636363636,69.0709608585859,1.05149202560526,0.949878847767972,0.3875,0.458333333333333,1.58863636363636,1.16164842011571,0.96411971517579,2.6,0.737795430465562,0.285353535353535,0.13989898989899,0.980438638010396,0.2625,1.3,0.545181670842246,5.92425579741453,0.988782584096923,1,1.88888888888889,0.4,1,"R64","R64 - L",0.75,0.825390410997606,0.0753904109976056
"362",2013,201,"Oklahoma","Quarterfinals - L",0.444444509681443,0.332818893387314,0.755620824732214,39.4833333333333,11.4138888888889,24.9916666666667,12.6666666666667,5.93333333333333,2.48888888888889,11.3416666666667,17.725,72.475,68.7166666666667,0.422494492424154,0.341592091511443,0.488997747104464,3.75833333333333,67.3472916666667,1.07667152995352,1.0196382748751,0.288888888888889,0.4,1.00833333333333,1.09392624503672,1.11974376940977,2.9,0.394551211256832,0.236111111111111,0.0694444444444444,0.975511089039934,0.666666666666667,2.8,0.606879606879607,6.70318811324086,1.73076923076923,0,2.55555555555556,0.2,1,"R64","R64 - L",0.645161290322581,0.688054251161187,0.0428929608386066
"363",2013,218,"Temple","Quarterfinals - L",0.43418303299656,0.342853479702061,0.724570478534723,36.4916666666667,10.8933333333333,22.7,14.47,7.68666666666667,3.5,10.6233333333333,16.9033333333333,72.7483333333333,69.445,0.439666761392913,0.366725355023227,0.498329504542988,3.30333333333333,67.4506,1.07755774212531,1.02908416590348,0.428571428571429,0.633333333333333,2.64,1.28611845487259,1.37992504117752,2.3,0.553702255295146,0.476666666666667,0.0583333333333333,0.980502025412674,0.571428571428571,3.9,0.660714285714286,6.51174532964473,1,1,3.375,0,0,"R32","R32 - L",0.71875,0.674273603271717,-0.0444763967282832
"364",2013,221,"Pitt","Quarterfinals - L",0.451467769131924,0.368944362942281,0.65300382709204,38.2642857142857,12.7285714285714,22.4357142857143,15.0071428571429,6.40714285714286,3.77142857142857,11.9214285714286,18.3428571428571,66.6928571428572,57.2,0.395713257611314,0.310768600122976,0.502887985051476,9.49285714285714,61.4757142857143,1.08553983478714,0.930968420244056,0.393333333333333,0.641666666666667,4.20714285714286,1.12743397713835,1.27862845571812,1,0.479706404484922,0.207142857142857,0.214285714285714,0.986784488337749,0.505555555555556,2,0.75055863216017,5.75574221358691,1.68114970798567,1.75,2.8,0,0,"R64","R64 - L",0.75,0.924254158242975,0.174254158242975
"365",2013,222,"Villanova","Quarterfinals - L",0.416535294232453,0.324925416991734,0.723912792010708,39.3999222999223,10.901554001554,24.8756798756799,12.3846930846931,7.57210567210567,3.18057498057498,15.6233877233877,19.0157731157731,66.3952602952603,64.0220668220668,0.402251251547318,0.36955938955911,0.4741817360878,2.37319347319347,67.026986013986,0.990503537287272,0.955176752650565,0.43015873015873,0.458333333333333,-0.502797202797203,0.951646413043034,0.793559634003182,4.7,0.422132573078417,0.285081585081585,0.112975912975913,1,0.56984126984127,1.8,0.625435540069686,6.35437004079735,2.27777777777778,2.64285714285714,2.55555555555556,0,1,"R64","R64 - L",0.606060606060606,0.623232175741629,0.0171715696810228
"366",2013,235,"Memphis","Final - W",0.481493318539941,0.396300466187494,0.661615549850844,41.6284188034188,12.1290598290598,26.2884615384615,17.858547008547,8.64807692307692,6.78183760683761,14.4397435897436,17.6559829059829,76.7102564102564,65.1861111111111,0.403382965981005,0.332501370625363,0.538001291005257,11.5241452991453,70.0100288461538,1.09551245721179,0.931247948198496,0.5125,0.615,1.21068376068376,1.02855718355718,1.23513634513635,5.9,0.731246502490469,0.168162393162393,0.144017094017094,0.975597161642031,0.75,4.8,0.700480633843442,4.65396035015752,0.776765065296755,1,2.5,0.2,0,"R32","R32 - L",0.882352941176471,0.842060864582561,-0.04029207659391
"367",2013,256,"James Madison","Final - W",0.411006681783011,0.327367699175933,0.695432891919059,37.0403846153846,10.3675213675214,23.1869658119658,11.5444444444444,7.53910256410256,4.50918803418803,10.5202991452991,17.2320512820513,63.7963675213675,61.8130341880342,0.414478917458744,0.327809118919499,0.463291081850834,1.98333333333333,63.0347232905983,1.01213859261439,0.979891399893896,0.492857142857143,0.416666666666667,3.48012820512821,1.28356311021852,1.11889118504073,2.3,0.606140977005732,0.399786324786325,0.152350427350427,0.953412850108034,0.846428571428571,4.5,0.550880210966764,5.55295958492162,0,0,2.22222222222222,0.2,0,"R64","R64 - L",0.588235294117647,0.534911779875221,-0.0533235142424257
"368",2013,269,"Marquette","Quarterfinals - L",0.460618708173931,0.29317581643163,0.713559680094413,38.5333333333333,11.8083333333333,23.1583333333333,13.6833333333333,6.00555555555556,3.33333333333333,13.5388888888889,16.9555555555556,68.0861111111111,63.2277777777778,0.405538095910471,0.321830661342551,0.50340720825025,4.85833333333333,63.7861111111111,1.06768124728946,0.991608995380937,0.359722222222222,0.216666666666667,-1.36944444444444,0.914145658263305,1.05890557543149,1.9,0.607288795034716,0.263888888888889,0.141666666666667,0.995598666274588,0.618055555555556,1.6,0.637997658317704,5.15329159449778,1.72021099481769,2,2.90909090909091,0.4,0,"E8","E8 - L",0.741935483870968,0.73997545442376,-0.00196002944720797
"369",2013,275,"Wisconsin","Final - L",0.412652272693302,0.324872287457398,0.625305811493185,39.1735042735043,10.9115773115773,25.6188811188811,12.4815073815074,4.80497280497281,4.19184149184149,10.0584304584305,14.0902874902875,62.793783993784,55.998445998446,0.390645494142035,0.28461893231869,0.480156671110202,6.795337995338,61.362965034965,1.02274204406201,0.912912301409525,0.628571428571429,0.44,1.52128982128982,1.00885073260073,1.24483516483516,2.5,0.608585780057355,0.35959595959596,0.232634032634033,0.998262689691261,0.428571428571429,2.9,0.699530516431925,6.05678401322862,1.90909090909091,1.90909090909091,2.625,0,0,"R64","R64 - L",0.696969696969697,0.861139627276187,0.16416993030649
"370",2013,279,"Pacific","Final - W",0.441965211245942,0.392045484218303,0.694782531542243,34.8370629370629,9.94013986013986,22.133986013986,14.6274125874126,6.04195804195804,1.34853146853147,10.7946853146853,17.8987412587413,67.1655944055944,62.4872727272727,0.421257200675709,0.352255657836347,0.510797657542708,4.67832167832168,62.5687713286713,1.07349691018616,0.99862078735812,0.36,0.75,2.51370629370629,1.2276214282089,1.3659182611785,3.7,0.681326929711343,0.345734265734266,0.110769230769231,0.993271221532091,0.5,5,0.572614107883817,6.58479139238572,1,1,2,0.2,0,"R64","R64 - L",0.647058823529412,0.660802134220717,0.0137433106913051
"371",2013,314,"Iona","Final - W",0.459007119736767,0.37758108380619,0.768887094626277,39.9705128205128,11.3346153846154,24.6403846153846,15.2967948717949,6.53525641025641,3.14423076923077,11.4192307692308,16.201282051282,80.2435897435898,75.2564102564103,0.448376113151937,0.369632826636506,0.526302267322966,4.98717948717949,70.5726442307692,1.13566261782099,1.06626374662609,0.498412698412698,0.46,0.891025641025641,1.16109053521319,1.35405793314474,2.8,0.466439670291753,0.547435897435897,0.0153846153846154,0.952234943539245,0.70952380952381,4.7,0.68954639167689,4.26267987704132,0.711458749947685,1,2.3,0,0,"R64","R64 - L",0.606060606060606,0.667031265519209,0.060970659458603
"372",2013,356,"Illinois","Quarterfinals - L",0.397999452654625,0.299494984224926,0.735977560801439,35.4022366522367,11.5980519480519,20.5686868686869,9.2959595959596,6.4492784992785,3.46659451659452,11.1496392496393,18.8867965367965,64.8928571428571,65.3526695526696,0.436793028141119,0.353618482779013,0.46047619247396,-0.45981240981241,64.2147918470419,1.00883842563552,1.01850926483287,0.571428571428571,0.3,3.82186147186147,1.25095299128826,0.834857277773495,4.8,0.761109350641079,0.246681096681097,0.209379509379509,0.99478390461997,0.571428571428571,1.9,0.607280828952661,4.95582705760126,0.827147856527564,0,3.25,0.2,0,"R32","R32 - L",0.647058823529412,0.650515885087315,0.00345706155790337
"373",2013,399,"Albany","Final - W",0.435329357349262,0.344500917963088,0.736568735867801,38.594227994228,10.0056277056277,24.2381673881674,11.0751082251082,5.52352092352092,2.08073593073593,13.3630591630592,15.4194083694084,63.1452380952381,59.15,0.416153880133847,0.337638771435132,0.488521579451811,3.9952380952381,62.3301818181818,1.01303149571092,0.948893741296083,0.317857142857143,0.45,0.387085137085137,0.944686937046594,0.831370806757875,2.5,0.602272322997465,0.275252525252525,0.194083694083694,0.973125214488834,0.394642857142857,4,0.457002886703102,5.79605775076537,0.967385804454617,1,2.7,0.2,1,"R64","R64 - L",0.705882352941177,0.674076135907806,-0.0318062170333701
"374",2013,526,"FGCU","Final - W",0.457162387613761,0.342912477695086,0.674539925608183,40.4448051948052,12.0972582972583,25.0578643578644,13.8830447330447,8.60779220779221,4.20093795093795,13.3305194805195,17.5551226551227,74.2888888888889,66.6554834054834,0.401338387250398,0.325950672660592,0.517470269547689,7.63340548340548,69.1462366522367,1.07459850320277,0.963772591036176,0.5,0.575,2.24314574314574,1.1504224457257,1.04854824604096,4.8,0.838377018025113,0.194083694083694,0.213492063492064,0.999526627218935,0.555555555555556,4.6,0.535292194470127,3.49650756146648,0,0,2.55555555555556,0,0,"S16","S16 - L",0.705882352941177,0.733795695236736,0.0279133422955596
"375",2013,2006,"Akron","Final - W",0.448901031621226,0.331175617297119,0.620767243296888,42.165,13.285,25.57,14.7833333333333,7.105,5.41,13.4983333333333,17.6583333333333,70.6916666666667,60.6566666666667,0.383991187856049,0.296356408177328,0.512498792077698,10.035,66.6058166666667,1.0610407956223,0.910651756245901,0.621428571428571,0.535,2.8,1.00093223742978,1.10093923170846,1.9,0.688174520657778,0.263333333333333,0.113333333333333,0.955927102390702,0.287142857142857,4.2,0.627721469797431,5.78689738136671,0.965856901241281,1,2.45454545454545,0.2,0,"R64","R64 - L",0.8125,0.853166995143749,0.0406669951437494
"376",2013,2057,"Belmont","Final - W",0.510735850597823,0.394403469848694,0.744262012497307,32.6482905982906,8.89615384615385,21.6290598290598,16.5636752136752,10.4303418803419,2.2982905982906,13.4525641025641,17.9444444444444,78.882905982906,64.8004273504274,0.42744808644211,0.342943242116568,0.590535931198371,14.0824786324786,68.3166111111111,1.15419228541935,0.94888218534335,0.5,0.583333333333333,2.57905982905983,1.34261164991502,1.23472099820414,0.8,0.629396979603689,0.173076923076923,0.316239316239316,0.994965277777778,0.571428571428571,6.7,0.609876543209876,6.00635315960173,1,1,3.25,0,0,"R64","R64 - L",0.8125,0.88659718524202,0.0740971852420204
"377",2013,2083,"Bucknell","Final - W",0.451697110600644,0.364712998102467,0.725799051375974,38.6201587301587,9.34460317460318,26.8277777777778,13.8744444444444,3.55587301587302,4.08365079365079,9.55492063492063,14.2128571428571,66.1101587301587,56.872380952381,0.383530743537125,0.309303279790261,0.498990250875831,9.23777777777778,61.7944706349206,1.06983458827329,0.920303430954454,0.29047619047619,0.75,0.625873015873016,0.976323361000956,1.47282910116507,0.2,0.450338453293879,0.283650793650794,0.0542857142857143,0.999274455841881,0.70952380952381,4.3,0.561504372065374,4.87519732320115,0.813690423246243,1,2.8,0,0,"R64","R64 - L",0.848484848484849,0.849249298493451,0.000764450008602036
"378",2013,2086,"Butler","Semifinals - L",0.447202797980126,0.343076997463114,0.684867275207977,39.1583333333333,11.1537878787879,25.325,12.9689393939394,5.2469696969697,2.44166666666667,13.7212121212121,17.330303030303,67.1060606060606,63.3477272727273,0.416094657736245,0.332716242091242,0.509124813158955,3.75833333333333,64.1845795454545,1.04608897922788,0.986400804083396,0.29047619047619,0.683333333333333,-0.49469696969697,0.790565998329156,0.948196184906711,4,0.607911044014065,0.298484848484849,0.0621212121212121,0.974211610353362,0.43015873015873,1.9,0.756813077241117,5.19295685089021,2.81685882186178,3.25,2.77777777777778,0.2,0,"R32","R32 - L",0.764705882352941,0.711979908315562,-0.052725974037379
"379",2013,2132,"Cincinnati","Quarterfinals - L",0.379168673302036,0.301701678543485,0.664510128375675,40.7269841269841,13.065873015873,24.0126984126984,10.8833333333333,5.66190476190476,5.74285714285714,12.5619047619048,17.8730158730159,60.5674603174603,59.4047619047619,0.405038982875742,0.30173505381775,0.443189284146114,1.16269841269841,62.2017261904762,0.972782817651478,0.959880646868939,0.485714285714286,0.333333333333333,1.84761904761905,0.914511285479027,0.865596241402693,3.8,0.526201572956712,0.297619047619048,0.0857142857142857,0.9789735853247,0.442857142857143,0.9,0.619530352904343,5.68697535633982,1.42376925832388,2,2.3,0.2,0,"R64","R64 - L",0.666666666666667,0.799654068271141,0.132987401604474
"380",2013,2166,"Davidson","Final - W",0.470168677101375,0.358526685191896,0.801398414169499,37.4416666666667,9.17222222222222,25.5055555555556,14.0777777777778,5.51944444444444,3.03055555555556,10.4555555555556,17.2694444444444,74.4777777777778,59.925,0.403383278451446,0.315304984870202,0.54144230270063,14.5527777777778,64.34375,1.15699167176422,0.933454604161896,0.633928571428571,0.72,2.05277777777778,1.15483383980053,1.35010226741468,1.9,0.702433092581341,0.116666666666667,0.366666666666667,0.991723451604021,0.705357142857143,6.6,0.611190817790531,6.54821910276237,1.33333333333333,1.33333333333333,3.375,0,0,"R64","R64 - L",0.787878787878788,0.866949426442155,0.079070638563367
"381",2013,2250,"Gonzaga","Final - W",0.495461767473024,0.368856076337619,0.726478293149936,39.6467532467532,11.0233766233766,25.5928571428571,14.9064935064935,7.61428571428571,3.08831168831169,10.3038961038961,15.375974025974,75.9720779220779,57.7266233766234,0.372027531014287,0.301529950237406,0.554660538463432,18.2454545454545,63.3926136363636,1.19794119683396,0.911416215611862,0.245,0.55,2.03181818181818,1.25637166816412,1.450438754118,0.2,0.738426331638472,0.200649350649351,0.383766233766234,0.992354885369828,0.6125,0.9,0.791666666666667,6.07073772800249,1.46153846153846,1.46153846153846,2.54545454545455,0.2,1,"R32","R32 - L",0.939393939393939,0.949820679981491,0.010426740587552
"382",2013,2305,"Kansas","Final - W",0.469984273636244,0.361520924452794,0.730292297697889,42.1516666666667,11.37,27.8183333333333,14.925,7.1,6.01166666666667,13.9466666666667,17.1966666666667,74.135,62.4866666666667,0.366193924784745,0.305675531407873,0.524787502132551,11.6483333333333,67.8732916666667,1.09177695809435,0.921330796804001,0.564285714285714,0.425,-1.37166666666667,0.895843289851098,1.07502850937327,3.7,0.587201069046116,0.215,0.325,0.999177379859198,0.564285714285714,0.2,0.750788643533123,6.45362499889269,3.14285714285714,3.66666666666667,2.625,0,1,"S16","S16 - L",0.852941176470588,0.904145440497895,0.0512042640273068
"383",2013,2306,"Kansas St","Final - L",0.444195990878807,0.375883429285491,0.711959917623912,34.875641025641,11.8775641025641,20.6371794871795,16.1166666666667,7.02307692307692,3.26410256410256,10.9728632478632,18.8989316239316,69.1760683760684,62.2826923076923,0.436225274920171,0.340980048692854,0.512972505197936,6.89337606837607,62.7243867521368,1.10272516548309,0.993795602419576,0.687301587301587,0.61,3.98696581196581,1.26399677629187,1.47739731006907,3.4,0.628684465749871,0.18482905982906,0.205769230769231,0.983607148407148,0.698412698412698,1.5,0.668803418803419,6.15060276844628,2.1875,0,2.81818181818182,0.2,0,"R64","R64 - L",0.794117647058823,0.818413859776262,0.0242962127174389
"384",2013,2325,"La Salle","Quarterfinals - L",0.44495541451499,0.365541023856475,0.743412041918004,33.8045454545455,10.0227272727273,20.9363636363636,14.5954545454545,8.28636363636364,3.55909090909091,11.8,15.6227272727273,71.2136363636364,66.1318181818182,0.459884681964728,0.294920286408728,0.515798920187531,5.08181818181818,66.8567045454545,1.06515659905482,0.989128639334478,0.657142857142857,0.46,2.43181818181818,1.29472491694352,1.26195681063123,3.7,0.704525039217191,0.213636363636364,0.172727272727273,0.981913150492012,0.714285714285714,3.8,0.505175983436853,6.18208490671663,0,0,2.5,0.4,0,"S16","S16 - L",0.7,0.73666133817273,0.0366613381727301
"385",2013,2335,"Liberty","Final - W",0.437060021580276,0.371189524588484,0.755620169233887,39.4746031746032,10.1353174603175,26,11.625,5.10793650793651,2.8515873015873,12.0349206349206,19.0833333333333,71.9507936507937,70.9202380952381,0.412939761027922,0.310446161713887,0.499943619509339,1.03055555555556,67.3906686507937,1.06751675703228,1.05238312099484,0.443055555555556,0.446666666666667,-4.43253968253968,0.834961492233025,0.968766534300972,2.5,0.459693357356888,0.404761904761905,0.0658730158730159,0.991061023951095,0.516666666666667,4,0.502676958738627,5.72031177660741,0.954743490782825,0,1.88888888888889,0,1,"First Four","First Four - L",0.428571428571429,0.467247892497028,0.0386764639255996
"386",2013,2390,"Miami","Final - W",0.460028947804843,0.355245039426691,0.676302277444583,39.2327272727273,10.0127272727273,25.8254545454545,11.0945454545455,5.99272727272727,4.59454545454545,10.9490909090909,15.4545454545455,69.5036363636364,60.4,0.408441679544936,0.331998033945548,0.526096705406354,9.10363636363636,63.8627090909091,1.08844138880622,0.945598057779128,0.714285714285714,0.66,1.42545454545455,1.05151096793987,1.01791685841387,2.4,0.594613821483811,0.270909090909091,0.178181818181818,0.977133207091697,0.571428571428571,1,0.589285714285714,6.66568371778241,2.1,0,3.57142857142857,0.2,1,"S16","S16 - L",0.8125,0.827554469746093,0.0150544697460928
"387",2013,2393,"MTSU","Semifinals - L",0.476739166775655,0.381493506493506,0.702433948371448,39.0694805194805,11.0525974025974,25.5032467532468,14.1201298701299,6.71298701298701,4.17077922077922,13.4220779220779,20.588961038961,72.2857142857143,56.9090909090909,0.382365217346099,0.304417922822793,0.532606593570394,15.3766233766234,65.7601525974026,1.09918512848517,0.865464510796808,0.266666666666667,1,2.7512987012987,1.14825080062946,1.07496727407679,2.1,0.694529516938754,0.21038961038961,0.285714285714286,0.988831218014002,0.666666666666667,4.4,0.578341013824885,6.07534603108868,1,0,2.6,0.2,1,"First Four","First Four - L",0.848484848484849,0.909075931066668,0.0605910825818197
"388",2013,2439,"UNLV","Final - L",0.432466560157717,0.320818529981616,0.702622129643406,42.8907692307692,11.132027972028,28.013006993007,15.4542657342657,6.57958041958042,5.97804195804196,13.7707692307692,16.2830769230769,68.4005594405594,62.5271328671329,0.392177763711411,0.319988573130293,0.490711091519578,5.87342657342657,67.3931888111888,1.01432902288225,0.928137078489441,0.775,0.3,-0.45944055944056,0.875104060764688,1.11806990328864,2.4,0.542748670381758,0.319440559440559,0.148531468531469,0.986611564121852,0.564285714285714,6.7,0.696916121854648,3.58351893845611,0.598104004501844,1,2.5,0.2,0,"R64","R64 - L",0.735294117647059,0.805229569196619,0.0699354515495602
"389",2013,2448,"NC A&T","Final - W",0.400597570200219,0.299011730205279,0.64438555031413,39.8076923076923,10.9225274725275,25.0368131868132,10.8945054945055,6.9978021978022,4.54725274725275,14.6247252747253,18.6928571428571,61.0417582417582,56.9362637362637,0.369027310569517,0.310288065843621,0.457149318954729,4.10549450549451,65.2920549450549,0.935005844179316,0.871039374447287,0.635714285714286,0.325,0.55989010989011,1.10957767722474,0.757164404223228,5.3,0.590880079342366,0.375274725274725,0.167032967032967,0.982718476003202,0.435714285714286,0.7,0.528505392912173,6.47697236288968,1,0,3,0.2,0,"R64","R64 - L",0.542857142857143,0.548252648211367,0.00539550535422428
"390",2013,2466,"N'Western St","Final - W",0.457477413814224,0.327276261461095,0.698156021817232,41.5388888888889,13.3027777777778,24.8694444444444,15.3166666666667,9.89722222222222,4.58055555555556,13.4166666666667,19.4305555555556,79.5861111111111,70.4972222222222,0.428855150938826,0.336120470931923,0.504683016045317,9.08888888888889,73.0064861111111,1.09040360734506,0.96786948078277,0.4,0.475,2.73055555555556,1.24738948968008,1.15128481599942,1.3,0.761837523129096,0.275,0.208333333333333,0.985374028437799,0.5,4.7,0.495049504950495,6.00388706710654,1,1,2.6,0.8,0,"R64","R64 - L",0.733333333333333,0.802309193159946,0.068975859826613
"391",2013,2483,"Oregon","Final - W",0.43810369430133,0.321479403740753,0.700511768311436,38.5952991452991,11.5380341880342,24.1724358974359,12.2782051282051,7.95192307692308,3.86346153846154,14.2301282051282,16.8517094017094,69.1551282051282,65.0356837606838,0.427057222036595,0.367363211669019,0.481584943440444,4.11944444444444,68.6219861111111,1.00746484612287,0.948216958500583,0.63015873015873,0.325,2.68717948717949,1.04026389114892,0.86344235718117,0.6,0.665421192938162,0.396581196581197,0.129487179487179,0.971927068222831,0.419047619047619,2.3,0.626721763085399,6.58892647753352,1,0,2.33333333333333,0.2,0,"S16","S16 - L",0.764705882352941,0.789349976943884,0.0246440945909426
"392",2013,2571,"S Dakota St","Final - W",0.481313255046371,0.425652065033133,0.775851668861721,36.8738095238095,8.87571428571428,25.8657142857143,14.4747619047619,5.26904761904762,1.8102380952381,9.80738095238095,13.5790476190476,75.2359523809524,63.5330952380952,0.433062730278998,0.343275837755628,0.559648841936693,11.7028571428571,64.0290642857143,1.17541050999495,0.991458048419442,0.77,0.85,1.71928571428571,1.13734956316874,1.4888340041229,2.8,0.439038026839253,0.171666666666667,0.198095238095238,0.996461660437196,0.6025,5.8,0.461254379615564,5.38449506278909,0.898694304281268,1,2.88888888888889,0,1,"R64","R64 - L",0.735294117647059,0.788313281304411,0.0530191636573524
"393",2013,2582,"Southern","Final - W",0.436119811093917,0.374805785183412,0.682365762597195,38.794696969697,9.17853535353535,26.3537878787879,10.7744949494949,7.3520202020202,4.11969696969697,10.3209595959596,16.5146464646465,68.4921717171717,56.1431818181818,0.354636912124292,0.289833328035432,0.497750376685739,12.3489898989899,64.4789343434343,1.06369577863522,0.869501292184221,0.358333333333333,0.733333333333333,0.156060606060606,1.30280214649963,1.0534160330799,4.2,0.651354653089061,0.25959595959596,0.310353535353535,0.981689483082857,0.741666666666667,2.4,0.582178618353077,3.46573590279973,0,0,2.55555555555556,0.2,0,"R64","R64 - L",0.71875,0.866830230927806,0.148080230927806
"394",2013,2608,"Saint Mary's","Final - L",0.458680152170319,0.357518786507184,0.694665986633785,40.052380952381,12.5261904761905,24.6047619047619,14.0190476190476,6.33095238095238,2.74126984126984,11.4777777777778,17.4325396825397,72.902380952381,62.0277777777778,0.422089734599682,0.357419990595956,0.527245612222453,10.8746031746032,63.9278055555556,1.14024299117944,0.970225020445841,0.5125,0.575,5.05952380952381,1.03878107707895,1.22428298651703,2.7,0.701491960431289,0.207142857142857,0.267460317460317,0.981281901380075,0.6125,2.9,0.664964351451874,5.86929691313377,1.4694145814399,1.5,2.88888888888889,0.4,0,"R64","R64 - L",0.818181818181818,0.870392940547452,0.052211122365634
"395",2013,2670,"VCU","Final - L",0.453302227617114,0.348202808034523,0.71495888192651,36.3876456876457,13.5736596736597,20.5599067599068,14.1048174048174,11.2877233877234,3.14630924630925,11.4386946386946,20.4691530691531,78.0934731934732,67.4126651126651,0.45139693485054,0.353438841859894,0.515428958708701,10.6808080808081,69.0456200466201,1.13112400949587,0.977087294988341,0.514285714285714,0.583333333333333,9.78158508158508,1.73392293569418,1.25123336067765,1.5,0.753076033169115,0.150738150738151,0.225951825951826,0.99296320606367,0.857142857142857,4.1,0.724375773991069,4.72738781871234,2.16980612991093,2.75,2.6,0,0,"R32","R32 - L",0.787878787878788,0.883066463709111,0.0951876758303233
"396",2013,2674,"Valparaiso","Final - W",0.501477233229058,0.381004609524374,0.738169602758005,34.6167207792208,8.71347402597403,23.1517857142857,14.3672077922078,6.46314935064935,3.45438311688312,13.4602272727273,17.425,74.025974025974,64.9433441558442,0.426707967701718,0.324791007461229,0.580509499075131,9.08262987012987,65.0031956168831,1.13870552927022,0.998883277297168,0.455555555555556,0.715,-2.24983766233766,0.90482572982573,1.07618111055611,3.4,0.785239060083266,0.189935064935065,0.243668831168831,0.97384213683049,0.666666666666667,4.4,0.639531721184478,3.55534806148941,0,0,3.4,0.2,0,"R64","R64 - L",0.787878787878788,0.825710741265166,0.0378319533863777
"397",2013,2724,"Wichita St","Final - L",0.439366777685079,0.347299863617257,0.69934819793477,41.8982905982906,13.249358974359,25.0596153846154,13.7271367521368,6.99551282051282,4.41987179487179,12.1626068376068,17.3918803418803,69.2666666666667,62.2931623931624,0.408494026446414,0.344339470818287,0.503421848752016,6.97350427350427,63.5890245726496,1.08931344362684,0.980006175144195,0.443055555555556,0.473333333333333,4.70405982905983,1.00929743134712,1.13674066616613,1.9,0.499893858927513,0.354273504273504,0.111965811965812,0.967720073253705,0.629166666666667,4.1,0.677852348993289,6.10479323241498,1,1,2,0.4,1,"F4","F4 - L",0.764705882352941,0.814396325433173,0.0496904430802323
"398",2013,112358,"Long Island","Final - W",0.497114204657914,0.391982899194512,0.686121073460302,39.8277777777778,11.9555555555556,23.9916666666667,15.1611111111111,6.64444444444444,3.36111111111111,14.8055555555556,17.6055555555556,80.5083333333333,75.4166666666667,0.451325055703651,0.365949384653154,0.567435519132294,5.09166666666667,70.1067638888889,1.14895175591488,1.07544921472858,0.480357142857143,0.506666666666667,-2.73888888888889,0.872773977250575,1.04869803726098,5.6,0.51117611487061,0.288888888888889,0.166666666666667,0.961499500875603,0.507142857142857,3.9,0.628546421881807,0,0,0,3,0.2,0,"First Four","First Four - L",0.606060606060606,0.606374804600743,0.000314198540136479
"399",2014,9,"Arizona St","Quarterfinals - L",0.429965236553011,0.378891080071253,0.698574083890159,34.3478632478632,7.96068376068376,26.3871794871795,12.7401709401709,5.09529914529915,4.76196581196581,12.1397435897436,20.3952991452991,72.7363247863248,71.7901709401709,0.432525097873928,0.354377346889479,0.502849875754668,0.946153846153847,70.8272841880342,1.02862921890089,1.011918464252,0.538095238095238,0.675,-3.1534188034188,1.02204231509005,1.0672087194731,5.4,0.630646947471324,0.243162393162393,0.248290598290598,0.987533066682977,0.435714285714286,4,0.583463338533541,6.46458830368996,1.28571428571429,1,2.33333333333333,0,1,"R64","R64 - L",0.65625,0.719448105998482,0.0631981059984817
"400",2014,12,"Arizona","Final - L",0.458053897053261,0.342665557865558,0.645901785714286,38.3126068376068,12.3397435897436,25.9728632478632,14.8955128205128,6.09679487179487,3.89722222222222,10.0619658119658,16.6222222222222,71.6446581196581,58.7581196581197,0.38497076239705,0.327167855544504,0.504890696280654,12.8865384615385,64.5214123931624,1.11074306189048,0.91051590130075,0.414285714285714,0.566666666666667,5.50705128205128,1.26878276314652,1.48992434185535,2.4,0.712677698096766,0.359188034188034,0.398290598290598,0.927378864647332,0.428571428571429,4.5,0.701941917423131,5.7268477475872,2.23028019932458,3,1.875,0,0,"E8","E8 - L",0.882352941176471,0.924922276527864,0.0425693353513937
"401",2014,13,"Cal Poly","Final - W",0.403740978030286,0.368001229567482,0.702030249285644,31.5916666666667,10.85,20.7416666666667,11.7916666666667,5.66666666666667,2.81666666666667,8.325,17.6,62.6583333333333,63.2833333333333,0.437767439961456,0.345865488515338,0.468088126456453,-0.625,59.2287083333333,1.0581334796827,1.06880593825485,0.393055555555556,0.775,3.41666666666667,1.35272707388849,1.43732303348445,0.7,0.539791670912138,0.333333333333333,0.0833333333333333,0.946699359661087,0.6625,2.9,0.522339222002478,4.84418708645859,0,0,2.25,0.2,0,"R64","R64 - L",0.40625,0.490501996806144,0.0842519968061439
"402",2014,21,"San Diego St","Final - L",0.427372105732452,0.325544875350007,0.655471651249394,36.6714840714841,13.0612276612277,23.6102564102564,9.46946386946387,7.58073038073038,4.91111111111111,9.52766122766123,16.51554001554,68.2874125874126,57.9003885003885,0.40104663974093,0.296235146966854,0.471937548871339,10.3870240870241,63.3224638694639,1.07800833409177,0.915568133380824,0.3775,0.433333333333333,7.12781662781663,1.41754439370878,1.01060121765601,2.5,0.853901206017532,0.213364413364413,0.175912975912976,0.984929491931916,0.255,8.5,0.647632311977716,6.57786135772105,2.96153846153846,1.33333333333333,2.4,0,0,"S16","S16 - L",0.878787878787879,0.918722293721538,0.0399344149336588
"403",2014,24,"Stanford","Semifinals - L",0.452602513144895,0.349307722534267,0.699166337155661,34.0583333333333,9.97777777777778,24.0805555555556,11.0222222222222,5.14722222222222,3.70555555555556,11.0305555555556,18.0888888888889,71.7111111111111,68.3805555555556,0.435475476618141,0.363543823326432,0.511048503947237,3.33055555555556,66.2273472222222,1.08269903652472,1.03190796900563,0.507142857142857,0.483333333333333,1.28611111111111,1.07424242424242,1.00309111178676,5.2,0.506171479547012,0.241666666666667,0.205555555555556,0.997137404580153,0.435714285714286,2,0.567740338775168,5.12989871492307,0,0,3.5,0.2,1,"S16","S16 - L",0.636363636363636,0.680345398894433,0.0439817625307969
"404",2014,26,"UCLA","Final - W",0.475369634357539,0.391572636862162,0.751949487363208,35.3267094017094,10.1811965811966,25.1455128205128,16.7023504273504,8.78311965811966,2.70790598290598,10.4275641025641,18.3912393162393,80.2621794871795,71.1950854700855,0.438514201915377,0.351340783853078,0.531252798835877,9.06709401709402,70.1031388888889,1.14403023840636,1.0155722527168,0.4375,0.591666666666667,4.39380341880342,1.38665829241369,1.62379429789502,4.8,0.510587855436367,0.307692307692308,0.173931623931624,0.985140454150039,0.625,9.6,0.651438240270728,6.38350663488401,1.28571428571429,0,2.375,0.2,0,"S16","S16 - L",0.764705882352941,0.831633576643155,0.0669276942902135
"405",2014,38,"Colorado","Semifinals - L",0.428684069516659,0.319102136048989,0.705892654159592,36.5034188034188,11.1337606837607,25.3696581196581,10.8888888888889,5.56047008547009,3.6284188034188,13.2805555555556,15.9673076923077,68.0044871794872,68.5247863247863,0.430400890888387,0.356978978978979,0.473043678698591,-0.520299145299145,66.7397467948718,1.01768395769215,1.02698923271619,0.366071428571429,0.6,-0.0886752136752137,0.883100866393097,0.82606645116846,2.1,0.799849569373581,0.327991452991453,0.247435897435897,0.985393698532894,0.576785714285714,3.1,0.552391822325534,5.4380793089232,0.907637734675089,1,1.8,0,0,"R64","R64 - L",0.676470588235294,0.613395139838886,-0.063075448396408
"406",2014,41,"UConn","Final - L",0.438334640945511,0.368644657799021,0.759624489446398,35.2816783216783,10.1841958041958,25.0974825174825,12.1911888111888,6.88909090909091,6.01020979020979,12.0022377622378,18.4741258741259,69.754965034965,62.4664335664336,0.388008825226704,0.338319023371754,0.499828467551562,7.28853146853147,65.0525258741259,1.07170007737782,0.961130655459435,0.576785714285714,0.73,-1.65216783216783,1.0741236835427,1.02567408958254,3.2,0.742881579299548,0.262517482517483,0.266293706293706,0.98113222935506,0.576785714285714,5.4,0.645322364139343,3.43398720448515,0,0,2.8,0.2,1,"Final","Final - W",0.764705882352941,0.806251160466785,0.0415452781138441
"407",2014,44,"American","Final - W",0.50168353655867,0.402515189133927,0.731760918280285,29.7727272727273,6.69545454545455,23.0772727272727,15.4727272727273,5.91363636363636,3.63181818181818,13.7454545454545,16.1227272727273,64.5681818181818,58.0181818181818,0.408633107633294,0.321508660283214,0.577678794417678,6.55,60.4116363636364,1.06902423396348,0.960583530819676,0.4875,0.7,-4.58181818181818,0.859888098278903,1.12843763303533,1.1,0.522438690603064,0.281818181818182,0.127272727272727,0.994863613894756,0.5,4.6,0.616662848551095,0,0,0,2.57142857142857,0,0,"R64","R64 - L",0.625,0.721957639151189,0.0969576391511888
"408",2014,45,"G Washington","Semifinals - L",0.460831574762609,0.354482323232323,0.644013406783036,37.3876068376068,11.6799145299145,25.7076923076923,13.8893162393162,6.59786324786325,3.36153846153846,13.2850427350427,18.2970085470085,72.0589743589744,67.4239316239316,0.417345215564978,0.302588473713624,0.515630516886389,4.63504273504274,67.5398290598291,1.06682515085408,0.998861900169311,0.353571428571429,0.6,0.23034188034188,0.967232611548556,1.04715599786138,3.6,0.688712784450063,0.152136752136752,0.111965811965812,0.95556746811793,0.564285714285714,2.4,0.586723319386631,5.54517744447956,0.925512852639037,0,2.875,0.2,0,"R64","R64 - L",0.75,0.735949794126866,-0.0140502058731338
"409",2014,48,"Delaware","Final - W",0.445226449465022,0.337231211586814,0.707919806162489,36.3932867132867,10.6426573426573,25.7506293706294,10.6625174825175,6.05916083916084,3.77398601398601,8.5013986013986,17.9751048951049,78.7948251748252,72.786993006993,0.425464789108871,0.323137301674285,0.505089984355175,6.00783216783217,69.4680174825175,1.13445290495439,1.0474927259458,0.5,0.583333333333333,1.26979020979021,1.40436167865496,1.2735298530515,4,0.774033891482987,0.433426573426573,0,0.933604707307115,0.571428571428571,4.4,0.427820027888731,5.40267738187228,0,0,2.5,0.2,0,"R64","R64 - L",0.735294117647059,0.651009442278793,-0.084284675368266
"410",2014,57,"Florida","Final - W",0.462928360379314,0.366408005890103,0.658089610500322,35.195,11.1883333333333,24.0066666666667,13.6966666666667,7.21666666666667,2.755,11.2916666666667,16.3533333333333,70.16,57.6133333333333,0.401124242711234,0.331141277641278,0.535943590114719,12.5466666666667,62.3422666666667,1.12520004691171,0.924354998719366,0.419047619047619,0.666666666666667,4.065,1.21503890058952,1.21583422290182,2.7,0.832798104842573,0.231666666666667,0.236666666666667,0.966561056685981,0.419047619047619,8.1,0.707547169811321,6.45676965557216,3.65384615384615,3.65384615384615,2.88888888888889,0.2,1,"F4","F4 - L",0.941176470588235,0.899770752024654,-0.0414057185635811
"411",2014,66,"Iowa State","Final - W",0.463185966366381,0.342801759650201,0.69168391623107,37.3361111111111,10.2111111111111,27.125,18.3027777777778,6.25833333333333,2.90277777777778,10.7388888888889,17.7138888888889,80.7083333333333,76.4111111111111,0.426374335131327,0.358136425466972,0.529165153421922,4.29722222222222,72.712625,1.10984107428656,1.05138291229583,0.728571428571429,0.486666666666667,0.183333333333333,1.13833387924446,1.73858581722896,4.7,0.699045370654116,0.152777777777778,0.0916666666666667,0.997611317254174,0.571428571428571,3,0.614500324281229,4.62497281328427,0.77192692653363,1,2.14285714285714,0.2,1,"S16","S16 - L",0.787878787878788,0.779022059439851,-0.00885672843893681
"412",2014,96,"Kentucky","Final - L",0.439088368295811,0.330590105263705,0.693445507499906,39.7826923076923,14.2482905982906,25.5344017094017,11.1307692307692,5.11666666666667,5.84871794871795,11.9207264957265,19.0303418803419,73.6235042735043,66.6918803418803,0.414509542132787,0.318695240350462,0.488330944778996,6.93162393162393,66.2734861111111,1.11058506605005,1.00619712275725,0.357142857142857,0.5,2.89957264957265,0.936688750411526,0.933931279412003,4.3,0.398972517319682,0.320299145299145,0.11965811965812,1,0.442857142857143,4.1,0.773841961852861,6.59987049921284,3.78571428571429,7,1.55555555555556,0,1,"Final","Final - L",0.705882352941177,0.80717669401159,0.101294341070414
"413",2014,97,"Louisville","Final - W",0.472364254949423,0.375203705588924,0.659507656447779,36.6547619047619,12.8730158730159,23.781746031746,15.6048340548341,10.3764069264069,4.30324675324675,10.6763347763348,19.3916305916306,80.5777777777778,60.7246753246753,0.39385772883221,0.279710087994972,0.538021431327109,19.8531024531025,68.8577337662338,1.17015889055952,0.881917915755841,0.698412698412698,0.58,7.7518759018759,1.61854313696134,1.46298832712949,3.6,0.557523055531425,0.0898989898989899,0.475468975468975,0.976305023734681,0.558730158730159,10.3,0.735326688815061,6.80682936039218,4.13888888888889,3.55,2.66666666666667,0,1,"S16","S16 - L",0.852941176470588,0.963574294237152,0.110633117766563
"414",2014,108,"Harvard","Did Not Play in Conference Tournament",0.466697783351548,0.396578115117015,0.721382375237294,33.1833333333333,9.69166666666667,23.4916666666667,14.0333333333333,7.29166666666667,4.74166666666667,10.9333333333333,17.575,72.1583333333333,59.4583333333333,0.406742298598175,0.334052879306429,0.535664338588051,12.7,64.1969166666667,1.12431503209882,0.925513187099223,0.483333333333333,0.7,3.96666666666667,1.31693956587249,1.28549592711178,3.5,0.64908309936382,0.15,0.325,0.982227824509622,0.65,5.6,0.584178498985801,6.20253551718792,1,1,3,0.2,0,"R32","R32 - L",0.866666666666667,0.896692130160143,0.0300254634934766
"415",2014,113,"UMass","Quarterfinals - L",0.455684895228346,0.336586570111916,0.682855223544476,37.2722222222222,11.6085858585859,25.6636363636364,14.8010101010101,7.13257575757576,5.50277777777778,13.109595959596,19.6714646464646,74.2542929292929,70.8131313131313,0.428814373931956,0.327915997859818,0.5018637017557,3.44116161616162,70.2601982323232,1.05662519337772,1.00843738296492,0.571428571428571,0.525,0.53459595959596,1.05993431855501,1.13772577996716,5.8,0.701441875339526,0.519949494949495,0.0527777777777778,0.995957129290463,0.428571428571429,3.1,0.53847164927854,5.09375020080676,0,0,3.28571428571429,0,0,"R64","R64 - L",0.75,0.690177564169205,-0.0598224358307948
"416",2014,116,"Mount St Mary","Final - W",0.453792929292865,0.37029430925062,0.754962446220338,33.1050505050505,10.5189393939394,22.5861111111111,12.1108585858586,7.36161616161616,3.53838383838384,11.9989898989899,18.4085858585859,78.8032828282828,75.8568181818182,0.480174032784964,0.31369086118098,0.533727566054644,2.94646464646465,70.1126148989899,1.12393673908811,1.08208650093393,0.618055555555556,0.74,0.557070707070707,1.11460828255947,1.00902670783046,2.7,0.617432898327548,0.340151515151515,0.123232323232323,0.994724737674285,0.618055555555556,3.4,0.585054414916804,3.49650756146648,0,0,2.375,0,0,"First Four","First Four - L",0.5,0.439005886954776,-0.0609941130452238
"417",2014,127,"Michigan St","Final - W",0.467687385893221,0.393183945203599,0.684004693202437,35.0121794871795,10.6929487179487,24.3192307692308,16.0119658119658,6.73226495726496,4.98782051282051,11.3982905982906,19.5807692307692,72.608547008547,65.4737179487179,0.413391538888789,0.34425290340137,0.5415992134679,7.13482905982906,64.3924006410256,1.12710282559353,1.01775657177015,0.746428571428571,0.66,1.35769230769231,1.01384361317342,1.404016752332,1.7,0.535812793126664,0.315384615384615,0.0307692307692308,0.904391202277314,0.507142857142857,5.3,0.711507293354943,6.42648845745769,4,4,2.5,0.2,1,"E8","E8 - L",0.764705882352941,0.839791051678944,0.075085169326003
"418",2014,130,"Michigan","Final - L",0.478967213114754,0.397009046719258,0.772232580393931,29.9777777777778,8.08888888888889,21.8888888888889,13.5916666666667,4.76388888888889,2.36666666666667,9.47777777777778,14.175,72.5305555555556,66.0916666666667,0.455173743841191,0.311952196984553,0.560447209267311,6.43888888888889,61.9090555555556,1.17116770599208,1.06857305295594,0.575,0.806666666666667,-0.263888888888889,1.11410425044158,1.438994701041,1.6,0.8374617944595,0.327777777777778,0.180555555555556,0.995571015815085,0.5,6,0.614814814814815,6.51619307604296,2.1875,2.375,2.22222222222222,0.2,0,"E8","E8 - L",0.757575757575758,0.805885320181795,0.0483095626060376
"419",2014,139,"Saint Louis","Quarterfinals - L",0.448850112703142,0.331203620026909,0.702942551439524,35.4436507936508,9.29047619047619,26.1531746031746,13.9492063492063,7,3.80079365079365,13.3468253968254,17.4960317460317,69.2071428571429,63.4380952380952,0.406309794457608,0.300182684047494,0.5041740918882,5.76904761904762,67.4847658730159,1.02546133396451,0.940301164952377,0.657142857142857,0.375,-1.1531746031746,1.01255571410954,1.04954107429135,2.5,0.663383827436249,0.436507936507937,0.169047619047619,1,0.492857142857143,3,0.516960651289009,6.60394382460047,1,1,3,0,0,"R32","R32 - L",0.8125,0.813734185566626,0.00123418556662569
"420",2014,150,"Duke","Final - L",0.445203659692329,0.386878126075023,0.723430012991329,34.1057692307692,12.7551282051282,21.350641025641,13.5809829059829,6.93141025641026,2.90235042735043,9.01773504273504,19.5540598290598,75.7119658119658,66.1818376068376,0.460893530267061,0.322850241545894,0.524432084283741,9.53012820512821,63.4443034188034,1.19270276988323,1.04486188168821,0.692857142857143,0.795,4.79209401709402,1.29457281013367,1.52783721160376,4,0.655956264683189,0.221581196581197,0.29957264957265,0.996736273199199,0.564285714285714,4.9,0.763157894736842,7.13489085156588,4.46551724137931,4.46551724137931,2.7,0.2,1,"R64","R64 - L",0.764705882352941,0.851773216181323,0.0870673338283817
"421",2014,152,"NC State","Semifinals - L",0.44635933524173,0.304380171680458,0.670107876883169,33.3480769230769,11.7598290598291,21.5882478632479,12.3758547008547,4.65833333333333,3.60405982905983,10.4724358974359,18.7760683760684,68.808547008547,70.5876068376068,0.437914170664257,0.338638773346383,0.485286626044572,-1.77905982905983,64.4247873931624,1.06743046367648,1.09602736835548,0.2375,0.433333333333333,-0.666452991452991,1.06137974041638,1.18094308073955,2.9,0.598927613007747,0.323076923076923,0.109188034188034,0.986490822325345,0.45,1.7,0.645544554455446,6.22653666928747,1.44444444444444,2,1.88888888888889,0.4,1,"R64","R64 - L",0.617647058823529,0.551713623274233,-0.0659334355492962
"422",2014,153,"North Carolina","Quarterfinals - L",0.456732498178363,0.328733376934816,0.625635650897821,38.9619658119658,14.1623931623932,24.7995726495726,15.4136752136752,6.83974358974359,4.1957264957265,11.6692307692308,20.4119658119658,74.1965811965812,69.4816239316239,0.430441068318787,0.314038550173133,0.497442978796969,4.71495726495727,68.3393418803419,1.08530125035669,1.01778508170232,0.282142857142857,0.55,3.97564102564103,1.09092111592112,1.31900673400673,7.2,0.711188835630259,0.26965811965812,0.0675213675213675,0.995694226408512,0.423214285714286,3.8,0.795454545454545,6.78105762593618,3.71739130434783,4.38888888888889,2,0,1,"R32","R32 - L",0.71875,0.749898956343545,0.0311489563435449
"423",2014,156,"Creighton","Final - L",0.508890616228354,0.418602886869543,0.746315804488833,32.9987179487179,7.63397435897436,25.3647435897436,17.2262820512821,3.65897435897436,0.981410256410256,9.48461538461538,17.7820512820513,78.8025641025641,69.2608974358974,0.433522544985365,0.345949452435436,0.601543396887186,9.54166666666667,64.4195865384615,1.22272716356495,1.07646308252331,0.55,0.875,-2.79871794871795,0.958834568204247,1.81916862251811,1.8,0.710454521390253,0.191025641025641,0.221794871794872,0.963393856861855,0.7375,5.7,0.587291471898714,5.96870755998537,0.996201765537676,1,3.11111111111111,0,0,"R32","R32 - L",0.787878787878788,0.860393703331789,0.0725149154530007
"424",2014,158,"Nebraska","Quarterfinals - L",0.424768706425202,0.331576162628794,0.712760770615755,32.7538461538462,8.00512820512821,24.7487179487179,9.16752136752137,6.11538461538462,2.82649572649573,11.0871794871795,19.1641025641026,64.1666666666667,64.017094017094,0.416598810051958,0.324723019204827,0.484083808068846,0.14957264957265,63.7835769230769,1.00478831076031,1.00399246850879,0.370833333333333,0.533333333333333,-1.04871794871795,1.03617410689115,0.827145651447927,2.9,0.565581130289038,0.307692307692308,0.126495726495726,0.984626122700204,0.381944444444444,3.4,0.501803225480313,5.51745289646471,0.920885511895072,0,2,0,1,"R64","R64 - L",0.612903225806452,0.587882059057421,-0.0250211667490309
"425",2014,166,"New Mexico St","Final - W",0.498407390900112,0.376239104364104,0.682607496310737,37.4096590909091,11.8977272727273,25.5119318181818,13.3539772727273,4.56193181818182,6.56022727272727,12.1664772727273,16.7670454545455,77.8426136363636,65.9795454545455,0.402264118306096,0.328482261086478,0.554784354456973,11.8630681818182,66.1448636363636,1.17636388660498,0.998078556202579,0.29047619047619,1,-1.59545454545455,0.905022092838069,1.10113797560714,3.8,0.574378998538047,0.244318181818182,0.365909090909091,0.937624525035146,0.56984126984127,4.8,0.614858836515092,5.32787616878958,0.8892443787156,1,2.3,0,0,"R64","R64 - L",0.742857142857143,0.82876886916627,0.0859117263091271
"426",2014,167,"New Mexico","Final - W",0.468150156135149,0.34612305016214,0.711656949865404,37.2805555555556,9.81666666666667,27.4638888888889,15.7333333333333,4.7,4.81388888888889,9.94722222222222,16.675,73.4194444444445,64.4333333333333,0.385493962376253,0.343782739055328,0.526631437606827,8.98611111111111,64.7716666666667,1.13357608175179,0.994661243888187,0.435714285714286,0.483333333333333,-1.16111111111111,0.971805210198885,1.60167273873031,2.2,0.624634298342703,0.347222222222222,0.105555555555556,0.984468361938351,0.705357142857143,6,0.616662848551095,0,0,0,2.5,0.2,0,"R64","R64 - L",0.818181818181818,0.784530203656861,-0.0336516145249577
"427",2014,183,"Syracuse","Quarterfinals - L",0.417430355705234,0.317089585572618,0.715512200014653,35.1760683760684,13.1273504273504,22.048717948718,10.7098290598291,6.98547008547009,4.88675213675214,8.18632478632479,15.5880341880342,64.1042735042735,58.7888888888889,0.411190917580136,0.354430105321488,0.463723586796315,5.31538461538462,58.5232841880342,1.09428447976337,1.0051036017698,0.282142857142857,0.3,6.20128205128205,1.41828226823628,1.30764793987807,3.1,0.664363295542112,0.424358974358974,0.0807692307692308,0.984573856221427,0.282142857142857,4.4,0.745542949756888,7.11882624906208,2.7,2.7,2.33333333333333,0,1,"R32","R32 - L",0.84375,0.816691674051707,-0.0270583259482927
"428",2014,194,"Ohio State","Semifinals - L",0.437243534711191,0.31384480319214,0.689815959402462,32.5193362193362,9.60808080808081,22.9112554112554,11.2822510822511,7.80238095238095,4.28174603174603,11.5116883116883,17.1679653679654,66.9657287157287,62.2647186147186,0.426007906808223,0.320309441980207,0.488629194910806,4.7010101010101,64.9971114718615,1.03179580119036,0.958202320443793,0.5,0.333333333333333,2.35577200577201,1.22093262276361,1.00214439791905,3.1,0.562537229577073,0.368759018759019,0.073015873015873,0.992857142857143,0.494444444444444,3.1,0.771929824561403,6.12468339089421,2.72727272727273,3.42857142857143,2.88888888888889,0.2,0,"R64","R64 - L",0.735294117647059,0.846379026706115,0.111084909059056
"429",2014,197,"Oklahoma St","Quarterfinals - L",0.446081868680963,0.359147394034115,0.729216406463049,33.8622377622378,8.92804972804973,24.934188034188,12.9289044289044,7.17482517482518,4.07459207459207,10.2965034965035,19.9508935508936,77.1351204351204,71.7247863247863,0.422470301445287,0.334085535691152,0.511542404535941,5.41033411033411,70.081372960373,1.09977379309808,1.02466533510962,0.5,0.508333333333333,0.19013209013209,1.32601049595107,1.25723907830258,6,0.309867069225023,0.339238539238539,0.195881895881896,0.975757429644315,0.3375,4.1,0.559113300492611,6.00881318544259,1,1,2.75,0.2,1,"R64","R64 - L",0.636363636363636,0.840019923949227,0.203656287585591
"430",2014,201,"Oklahoma","Quarterfinals - L",0.439759306833488,0.378765907073099,0.767011142769588,36.4230769230769,11.324358974359,25.098717948718,14.4508547008547,6.37478632478633,2.81538461538462,10.8816239316239,18.5042735042735,79.484188034188,74.9769230769231,0.444528100648644,0.359640278655409,0.5158491894564,4.50726495726496,70.4517200854701,1.1283430528284,1.0643710368796,0.575,0.703333333333333,1.83760683760684,1.11236478338397,1.32742593548403,1.8,0.700608429337881,0.317521367521368,0.0730769230769231,0.996473042159156,0.717857142857143,5.6,0.607565011820331,6.74170069465205,1.67857142857143,1,2.11111111111111,0,1,"R64","R64 - L",0.71875,0.705762683527066,-0.0129873164729336
"431",2014,202,"Tulsa","Final - W",0.449852413355081,0.308661781406386,0.694390707686473,37.1730380730381,10.8675990675991,26.305439005439,11.8789432789433,7.20878010878011,3.93908313908314,11.443512043512,19.9356643356643,73.4867132867133,63.2563325563326,0.386402207059735,0.340508083857918,0.498181194207285,10.2303807303807,67.83872999223,1.08432375891062,0.93200289884136,0.320833333333333,0.233333333333333,3.68228438228438,1.29153255196945,1.03824445110853,6.8,0.653920887860417,0.292773892773893,0.194172494172494,0.978232239725718,0.516666666666667,4.8,0.556916928987202,3.52636052461616,0,0,2.2,0.2,0,"R64","R64 - L",0.636363636363636,0.710452983681887,0.0740893473182506
"432",2014,221,"Pitt","Semifinals - L",0.450947913063531,0.367643334161883,0.695736063608888,34.8683760683761,11.7401709401709,23.1282051282051,14.8807692307692,7.00619658119658,2.82393162393162,10.8145299145299,18.2346153846154,70.3478632478632,63.9865384615385,0.420039547022036,0.336684233640755,0.501582711983224,6.36132478632479,63.1888856837607,1.11294267754223,1.01278066160291,0.207936507936508,0.95,3.09465811965812,1.12265826873385,1.40668604651163,3.3,0.477094627346186,0.518803418803419,0.169017094017094,0.999025048287703,0.558730158730159,3,0.749772795990668,5.85507192220243,1.41156240571101,1.44444444444444,2.4,0,0,"R32","R32 - L",0.735294117647059,0.839440300357993,0.104146182710934
"433",2014,222,"Villanova","Quarterfinals - L",0.464990749002532,0.381884652981427,0.704048290769915,35.5465811965812,10.4089743589744,25.1376068376068,15.208547008547,6.31880341880342,3.51880341880342,11.2944444444444,19.2803418803419,77.6628205128205,67.3380341880342,0.417555811944796,0.365359477124183,0.54934143397777,10.3247863247863,66.9873760683761,1.15950603244528,1.00397678690611,0.5,0.86,1.7491452991453,1.1341504649197,1.36422853164935,3.5,0.745775773286131,0.225213675213675,0.323931623931624,0.997750750276418,0.75,5,0.623355263157895,6.4118182677099,1.95,2.1875,2.55555555555556,0,0,"R32","R32 - L",0.875,0.85981387770343,-0.0151861222965699
"434",2014,235,"Memphis","Quarterfinals - L",0.472844383591118,0.34410974070653,0.652879642161513,36.8537878787879,11.7962121212121,25.0575757575758,17.2532828282828,7.99242424242424,4.23383838383838,13.8126262626263,17.9709595959596,74.7972222222222,71.3820707070707,0.436483754088638,0.318933409121121,0.521589845238871,3.41515151515152,69.9125391414141,1.06971241758287,1.0212286222681,0.59047619047619,0.541666666666667,-0.955050505050505,0.95448362459688,1.25294863483832,4.6,0.66536524477798,0.164141414141414,0.187121212121212,0.998312133072407,0.657142857142857,5.2,0.732694884867568,4.94875989037817,0.825968317340187,1,2.55555555555556,0.2,0,"R32","R32 - L",0.71875,0.744454887408921,0.0257048874089214
"435",2014,239,"Baylor","Final - L",0.439488579317269,0.380047309456086,0.675982987587883,38.2433333333333,14.5266666666667,23.7166666666667,14.5557692307692,5.27602564102564,5.4848717948718,11.3474358974359,17.6573076923077,73.8334615384615,69.2426923076923,0.436264554951764,0.368582773307183,0.510181197815486,4.59076923076923,64.5821967948718,1.14386641580881,1.07339731760122,0.433333333333333,0.325,1.97012820512821,0.914934226855299,1.28346674112683,2.2,0.49683996946537,0.228717948717949,0.143461538461538,0.994529308359096,0.381944444444444,3.4,0.574037544965075,5.85793315448346,2.28133048044028,2.33333333333333,2.44444444444444,0.2,1,"S16","S16 - L",0.685714285714286,0.740228831899992,0.0545145461857066
"436",2014,251,"Texas","Semifinals - L",0.42617797912349,0.313315802373158,0.684017985896754,40.9889665889666,15.2918414918415,25.6971250971251,12.978243978244,5.08104118104118,5.54180264180264,12.1391608391608,18.7132867132867,72.0317793317793,70.3168609168609,0.401129280575504,0.341690268494392,0.471482273212724,1.71491841491842,67.1505462315462,1.07215136182145,1.04827796558747,0.325,0.266666666666667,1.57785547785548,0.85973021945865,1.07453935492225,2.5,0.735432262218233,0.261693861693862,0.0685314685314685,0.980653110594179,0.5,3.2,0.659599528857479,6.74523634948436,1.675,1.82142857142857,1.7,0,1,"R32","R32 - L",0.696969696969697,0.651243755389573,-0.0457259415801242
"437",2014,252,"BYU","Final - L",0.47093230958873,0.367191590086327,0.701912662899591,39.3066666666667,13.4155555555556,25.8911111111111,14.5511111111111,7.18444444444444,2.70888888888889,11.3188888888889,19.9988888888889,82.2433333333333,75.3433333333333,0.440305192481397,0.36157982090474,0.516214277531594,6.9,71.0609111111111,1.15925062717865,1.05991478402062,0.410714285714286,0.483333333333333,3.74888888888889,1.10707800623309,1.30145994260617,4.2,0.697286262328407,0.214444444444444,0.115555555555556,0.987851480434548,0.717857142857143,4,0.751122836381903,5.62040086571715,1.25075726678103,1.33333333333333,2.1,0,1,"R64","R64 - L",0.676470588235294,0.727078862113927,0.0506082738786324
"438",2014,258,"Virginia","Final - W",0.456302453381159,0.3798641296919,0.667688568360092,34.6649572649573,10.6946581196581,23.9702991452991,13.4149572649573,5.04230769230769,3.77735042735043,8.99017094017094,16.1117521367521,66.590811965812,54.6497863247863,0.386572700210169,0.31456173753614,0.514106787312882,11.9410256410256,59.1889209401709,1.124890268443,0.923546430614142,0.494642857142857,0.583333333333333,3.90405982905983,1.25580481057263,1.52968026211727,0.4,0.681146406866652,0.231410256410256,0.265598290598291,1,0.564285714285714,7.1,0.626701649154043,5.44673737166631,1.5151380014133,1,2.44444444444444,0.2,0,"S16","S16 - L",0.823529411764706,0.874029021110668,0.0504996093459622
"439",2014,270,"Milwaukee","Final - W",0.424700846402026,0.322399599189729,0.728616791122898,33.8395604395604,10.1851648351648,23.6543956043956,13.1565934065934,6.15494505494506,2.65714285714286,13.8945054945055,18.2736263736264,70.189010989011,71.8021978021978,0.442060286108287,0.334789269484774,0.489508066927525,-1.61318681318681,68.4079065934066,1.0257727196096,1.0494556548167,0.507142857142857,0.483333333333333,-1.04120879120879,0.928535724643509,0.957323570197822,4.5,0.671228294952015,0.16978021978022,0.205494505494505,0.975008716649486,0.342857142857143,3.5,0.512231796758253,5.54907608489522,0.926163551710191,1,2.22222222222222,0,0,"R64","R64 - L",0.617647058823529,0.518294725365528,-0.0993523334580014
"440",2014,275,"Wisconsin","Semifinals - L",0.453685868676343,0.36097855891672,0.746457826270469,32.3775446775447,8.35811965811966,24.019425019425,11.7488733488733,4.95819735819736,3.50536130536131,7.82657342657343,15.2142191142191,72.8188034188034,66.5029526029526,0.43812805766429,0.353425614864585,0.524167387641242,6.31585081585082,62.801608003108,1.16031661438826,1.05943134166326,0.585714285714286,0.775,0.23022533022533,1.19830674047542,1.50771011975831,1.5,0.664553600956209,0.277389277389277,0.166122766122766,0.999357629361826,0.571428571428571,4,0.696312364425163,6.13556489108174,1.83333333333333,1.83333333333333,2.5,0,0,"F4","F4 - L",0.787878787878788,0.807011966151615,0.0191331782728268
"441",2014,309,"Louisiana","Final - W",0.464446944655191,0.375464088456699,0.67348135310014,37.7938034188034,13.6903846153846,24.1034188034188,13.4521367521368,7.19893162393162,4.26303418803419,13.0713675213675,21.0916666666667,80.350641025641,74.7976495726496,0.446970409417462,0.344860459106766,0.525814645746688,5.55299145299145,71.3104551282051,1.12742025658752,1.04833616889742,0.582539682539683,0.51,3.14551282051282,1.03056298844716,1.03317635774153,6.4,0.643308648079632,0.356410256410256,0.179487179487179,0.963022731283774,0.671428571428571,4.8,0.595555555555556,6.11146733950268,1,0,2.44444444444444,0,0,"R64","R64 - L",0.676470588235294,0.707810580191127,0.0313399919558327
"442",2014,324,"Coast Car","Final - W",0.444555492557311,0.346560682905418,0.699477872176543,38.8705516705517,12.333411033411,26.5371406371406,10.4789432789433,6.16946386946387,2.9972804972805,13.4954156954157,19.261926961927,72.737296037296,68.2288267288267,0.398100885516802,0.31821999990958,0.510996930672701,4.50846930846931,68.4873566433566,1.06229564879488,0.996397226942558,0.429166666666667,0.556666666666667,0.155555555555556,0.910252624826259,0.777914879361346,4.6,0.710672614901558,0.434809634809635,0.0307692307692308,0.991935544392548,0.5125,3.1,0.611111111111111,6.96885037834195,1.75,0,2,0.2,0,"R64","R64 - L",0.636363636363636,0.662855445596354,0.0264918092327179
"443",2014,399,"Albany","Final - W",0.440981261438181,0.379119482430741,0.736131452581032,34.9625874125874,10.929020979021,24.0335664335664,11.0744755244755,5.7486013986014,2.93986013986014,13.0195804195804,17.0342657342657,66.7346153846154,62.6695804195804,0.412155357696595,0.3506738751987,0.497313513218478,4.06503496503497,63.2984615384615,1.05502887115803,0.98975436134827,0.347619047619048,0.7,0.77972027972028,0.947217531703051,0.848423256752666,4.3,0.472113589792615,0.23951048951049,0.140909090909091,0.97445726675878,0.29047619047619,4.7,0.476077522565967,5.89715386763674,0.984259160889675,1,2.44444444444444,0,1,"R64","R64 - L",0.5625,0.591600001506833,0.0291000015068327
"444",2014,2132,"Cincinnati","Semifinals - L",0.425233602805794,0.330744347472484,0.701687861074078,34.7864024864025,12.1583527583528,22.6280497280497,12.6347319347319,7.68958818958819,5.42983682983683,11.1902874902875,16.8243978243978,66.5965811965812,59.2532245532246,0.400816338727027,0.300615410709761,0.47827399006943,7.34335664335664,62.4531697746698,1.06651945297695,0.949020749624224,0.419047619047619,0.4,3.4956487956488,1.22408501251034,1.15324961819107,3.1,0.731695003094657,0.413752913752914,0.181507381507382,1,0.70952380952381,5.4,0.621778743547553,5.79605775076537,1.35434012623646,1.66666666666667,2.33333333333333,0.2,0,"R64","R64 - L",0.818181818181818,0.858598324230855,0.040416506049037
"445",2014,2168,"Dayton","Quarterfinals - L",0.46119911295505,0.37897522152817,0.680158308228484,34.838073038073,11.2033411033411,23.6347319347319,12.8683760683761,5.20769230769231,2.41414141414141,12.0030303030303,20.1529137529138,71.6218337218337,67.83885003885,0.438479290378399,0.353033194195985,0.526014061371634,3.78298368298368,65.0744335664336,1.10049659110063,1.04277266314126,0.370833333333333,0.8,1.8001554001554,1.0121978021978,1.07228530728531,2.4,0.554785183333498,0.302486402486402,0.112975912975913,0.986238536776571,0.494444444444444,4.2,0.589812668075854,4.17438726989564,0,0,2.5,0.2,1,"E8","E8 - L",0.696969696969697,0.710672328595455,0.0137026316257579
"446",2014,2198,"E Kentucky","Final - W",0.498474784245236,0.402140207442442,0.758177758144009,24.9341103341103,7.06045066045066,17.8736596736597,14.3691530691531,8.14226884226884,1.92851592851593,11.0418026418026,20.8480186480186,79.4337995337995,72.3975912975913,0.499340060532346,0.362978270901467,0.585146842775149,7.03620823620824,67.1567567987568,1.18169035786563,1.07777720295398,0.758333333333333,0.766666666666667,3.68275058275058,1.54226786623663,1.30958524302609,7,0.678208818279254,0.231934731934732,0.173815073815074,0.999482870071105,0.8375,3.4,0.56494654638336,5.54517744447956,0.925512852639037,1,2.77777777777778,0,0,"R64","R64 - L",0.727272727272727,0.774718520573988,0.0474457933012606
"447",2014,2250,"Gonzaga","Final - W",0.49297188691105,0.374959608601661,0.71575704145757,34.843956043956,8.90604395604396,25.9379120879121,14.4637362637363,6.50274725274725,4.06263736263736,11.5659340659341,17.7247252747253,74.1532967032967,63.4928571428571,0.392598519367177,0.318884061176571,0.558781202620519,10.6604395604396,65.1448461538462,1.13920661753079,0.974823078414408,0.492857142857143,0.733333333333333,-1.30879120879121,1.02942864271457,1.27651363938789,2.1,0.731581195678277,0.243956043956044,0.188461538461538,0.96938680372811,0.717857142857143,5.8,0.800856531049251,6.14846829591765,1.42857142857143,1.42857142857143,3.125,0,1,"R32","R32 - L",0.823529411764706,0.86365808595788,0.040128674193174
"448",2014,2294,"Iowa","Early Round - L",0.457725644252027,0.343656250550906,0.743696693995838,37.6642857142857,13.2928571428571,24.3714285714286,15.2285714285714,7.27142857142857,4.67142857142857,11.0928571428571,18.5928571428571,78.9142857142857,73.1928571428572,0.451387776504028,0.355369307309606,0.507014007935382,5.72142857142857,68.5565357142857,1.15128840515852,1.06897463933838,0.44,0.5,5.42857142857143,1.1821478993233,1.40240260941532,2.8,0.269469447987519,0.278571428571429,0.2,0.995345188284519,0.34,5.3,0.573308270676692,6.27852142416584,1,0,2.63636363636364,0.4,1,"First Four","First Four - L",0.625,0.84886693529919,0.22386693529919
"449",2014,2305,"Kansas","Semifinals - L",0.488474810213941,0.347551571235782,0.725240239647088,38.0998484848485,12.1665151515152,25.9333333333333,14.5966666666667,5.82515151515152,5.56772727272727,13.015,20.8589393939394,79.5543939393939,71.3760606060606,0.41861113378944,0.364313391249581,0.542005391258025,8.17833333333333,68.9165598484849,1.15511177682695,1.03505803899788,0.380357142857143,0.5,-0.282727272727273,0.886427825048515,1.14048216151664,4.2,0.539215014928014,0.195909090909091,0.230454545454545,0.967586232469275,0.507142857142857,6.4,0.755588673621461,6.51025834052315,3,3.4,1.875,0,0,"R32","R32 - L",0.727272727272727,0.793039846451741,0.065767119179014
"450",2014,2306,"Kansas St","Quarterfinals - L",0.445186479594945,0.352184389732844,0.668890744029516,34.8209401709402,11.434188034188,23.3867521367521,15.5230769230769,5.71111111111111,3.21837606837607,12.5478632478632,22.3974358974359,70.7773504273504,70.0457264957265,0.417007076023893,0.311039210930552,0.504271601814571,0.731623931623932,67.0026666666667,1.05675757432272,1.04421411656942,0.381944444444444,0.733333333333333,-1.46196581196581,0.926047313655092,1.24515909776085,4.5,0.607295312057247,0.256410256410256,0.125213675213675,0.982931361164003,0.505555555555556,3.9,0.675944333996024,6.22257626807137,2.05555555555556,1,2.5,0,0,"R64","R64 - L",0.625,0.656995861351485,0.031995861351485
"451",2014,2363,"Manhattan","Final - W",0.463521663936341,0.381262317381952,0.636838259029623,37.4818181818182,12.2583333333333,25.2234848484848,13.0878787878788,8.21843434343434,6.03005050505051,14.0315656565657,23.1664141414141,77.2651515151515,69.1515151515152,0.408785325121695,0.332204060307509,0.524121615288188,8.11363636363637,71.1209457070707,1.08625976948195,0.972561726592862,0.3375,0.8,1.80252525252525,1.13251896511992,0.936341943913901,4.1,0.567668878687333,0.378030303030303,0.0888888888888889,0.976768825375246,0.55,4.9,0.55605721739955,4.20469261939097,0,0,2.8,0.2,0,"R64","R64 - L",0.78125,0.750607211806694,-0.0306427881933063
"452",2014,2382,"Mercer","Final - W",0.464348124412022,0.385010151139183,0.722164415001091,36.5541847041847,11.5899711399711,24.9642135642136,15.3050505050505,6.56060606060606,4.11933621933622,11.2852813852814,18.505266955267,76.5917748917749,65.6871572871573,0.410528507265598,0.312276457134937,0.541705248835967,10.9046176046176,66.5373632756133,1.15108717343026,0.986905478844802,0.4875,0.8,2.86161616161616,1.18054957814419,1.36986219078104,1.4,0.638571656833381,0.137662337662338,0.335786435786436,0.995906080674293,0.5,9.6,0.530254196929509,5.76205138278018,0,0,3.25,0,0,"R32","R32 - L",0.764705882352941,0.876083513421366,0.111377631068425
"453",2014,2428,"NC Central","Final - W",0.462761606024222,0.342764510142179,0.726286903519543,35.159595959596,11.809595959596,23.35,14.5186868686869,8,4.03939393939394,10.8204545454545,19.255303030303,73.8285353535354,56.2146464646465,0.369682683244383,0.301206811638371,0.514255970227563,17.6138888888889,64.1426237373737,1.15115670534302,0.876460974387446,0.282142857142857,0.3,6.94191919191919,1.54774729423609,1.36301703163017,6.8,0.671857024878082,0.127777777777778,0.323737373737374,0.994725080114691,0.576785714285714,4.2,0.522962363429849,4.81218435537242,0,0,3.11111111111111,0,0,"R64","R64 - L",0.84375,0.929855205453055,0.0861052054530554
"454",2014,2449,"N Dakota St","Final - W",0.506304164831728,0.377494832575444,0.751772285953694,33.0753968253968,9.26587301587302,23.8095238095238,11.4047619047619,6.49126984126984,4.42460317460317,9.71111111111111,16.7484126984127,74.8031746031746,61.9468253968254,0.415333137449173,0.37093559710581,0.560111989274431,12.8563492063492,62.9784246031746,1.18751105669006,0.983400559329439,0.444642857142857,0.608333333333333,3.73888888888889,1.24569703243616,1.18941338854382,3.3,0.689528043127233,0.250793650793651,0.275396825396825,0.991944074567244,0.507142857142857,6.1,0.587985776027064,5.2257466737132,0.872198547220915,1,3.22222222222222,0,0,"R32","R32 - L",0.806451612903226,0.847587759046647,0.0411361461434212
"455",2014,2483,"Oregon","Quarterfinals - L",0.448615482251543,0.379309440785225,0.767728482837592,33.2315656565657,10.9308080808081,22.3007575757576,13.4856060606061,7.79570707070707,3.20126262626263,11.2843434343434,21.4840909090909,77.880303030303,73.6760101010101,0.453501836378975,0.333703736813874,0.520194578353917,4.20429292929293,69.4190126262626,1.12116381278061,1.06171789818538,0.5125,0.75,3.22550505050505,1.21374484661581,1.19315197749283,2.7,0.393553922309927,0.32449494949495,0.0871212121212121,0.949886461514369,0.6125,5.4,0.63302752293578,6.63856778916652,1,1,2.5,0.2,0,"R32","R32 - L",0.71875,0.751796244755211,0.033046244755211
"456",2014,2507,"Providence","Final - W",0.432157307367391,0.362308726220017,0.769992375894258,36.6011904761905,11.9678571428571,24.6333333333333,13.55,4.99761904761905,5.27857142857143,11.5011904761905,17.6452380952381,73.7047619047619,71.5869047619048,0.444481427155934,0.317110996813967,0.497932006856045,2.11785714285714,66.3030833333333,1.11153922831727,1.08024179569621,0.59047619047619,0.55,-0.501190476190476,0.859964995429642,1.1778540031964,7.7,0.712058459874548,0.316666666666667,0.113095238095238,0.993698264438959,0.342857142857143,4,0.560845085249986,5.42934562895444,0,0,3,0,0,"R64","R64 - L",0.676470588235294,0.638021037688159,-0.0384495505471355
"457",2014,2603,"Saint Joseph's","Final - W",0.471156092282711,0.38607390299236,0.63317244940643,35.0777777777778,8.96111111111111,26.1166666666667,14.2277777777778,4.58611111111111,4.775,12.5416666666667,15.2055555555556,69.95,65.5722222222222,0.412142894339426,0.345455397660694,0.545987179550152,4.37777777777778,65.1347083333333,1.07380373886248,1.00657669455087,0.492857142857143,0.533333333333333,-3.51111111111111,0.823442258224867,1.14332575636923,3.3,0.766724969197017,0.441666666666667,0.0694444444444444,0.981901204382867,0.328571428571429,7.3,0.587826086956522,6.35610766069589,1.8,1.8,3.125,0,1,"R64","R64 - L",0.727272727272727,0.665964070775815,-0.061308656496912
"458",2014,2617,"SF Austin","Final - W",0.471885312212947,0.355534074036277,0.723546719432512,34.5034965034965,13.293006993007,21.2104895104895,17.7773892773893,7.59121989121989,3.42268842268842,11.4181041181041,20.4343434343434,77.1612276612277,62.1197358197358,0.450699821322216,0.3502785992885,0.537127718340484,15.0414918414918,65.2622191142191,1.18256989807507,0.951939266894088,0.419047619047619,0.933333333333333,9.51825951825952,1.39315697356345,1.56442018313376,1.7,0.80738662864863,0.14972804972805,0.299456099456099,0.999490656929827,0.441269841269841,8.5,0.616662848551095,0,0,0,2,0,0,"R32","R32 - L",0.939393939393939,0.899998985374707,-0.0393949540192324
"459",2014,2633,"Tennessee","Semifinals - L",0.44587977823169,0.328743215081904,0.725407904478874,38.5995454545454,13.0125757575758,25.5869696969697,12.7745454545455,5.11257575757576,4.61121212121212,11.2634848484848,16.4357575757576,69.5698484848485,60.0469696969697,0.400796419971832,0.335434339671628,0.500396188869755,9.52287878787879,62.2759795454545,1.11621643909094,0.964716697653973,0.423214285714286,0.6,2.81454545454545,0.926663411657003,1.13501983521514,2.4,0.287701231614206,0.18469696969697,0.244242424242424,0.993646365430996,0.576785714285714,5.4,0.595278743488294,5.13579843705026,0,0,2.5,0,1,"S16","S16 - L",0.636363636363636,0.846896580379483,0.210532944015847
"460",2014,2640,"Texas Southern","Final - W",0.47272558182623,0.3678208750956,0.704806845839159,37.2,10.6472222222222,26.5527777777778,13.4833333333333,4.65555555555556,3.96111111111111,13.3694444444444,16.6138888888889,76.1888888888889,70.2944444444445,0.429928772873147,0.346036415514731,0.538054743746084,5.89444444444444,68.6196944444444,1.10987556570418,1.02464821914912,0.442857142857143,0.816666666666667,-2.36944444444444,0.829800548507851,1.01247764375585,8.8,0.635675213860766,0.411111111111111,0.191666666666667,0.98099370367659,0.557142857142857,2,0.604761904761905,6.04263283368238,2.1,0,3.25,0.2,0,"First Four","First Four - L",0.575757575757576,0.592345768713331,0.0165881929557556
"461",2014,2670,"VCU","Final - L",0.415545168597638,0.350049783813329,0.672053313221612,38.9655122655123,14.2232323232323,24.7422799422799,13.262481962482,10.2241702741703,4.47258297258297,12.1056277056277,19.6287157287157,74.6207792207792,64.9078643578644,0.423534385340443,0.2875161202499,0.476370622534239,9.71291486291486,70.6702041847042,1.05599986593939,0.918427203647352,0.512698412698413,0.69,8.34949494949495,1.41633753501401,1.09524891774892,0.8,0.455209842662603,0.157792207792208,0.0285714285714286,0.991497126326133,0.838095238095238,6.7,0.728023258212552,5.00394630594546,2.36634094308193,2.83333333333333,2.7,0.2,0,"R64","R64 - L",0.764705882352941,0.831277704888513,0.0665718225355718
"462",2014,2692,"Weber St","Final - W",0.485677627372683,0.407772657450077,0.748857142857143,33.8525,8.23416666666667,25.6183333333333,13.3358333333333,3.83166666666667,3.885,12.6958333333333,18.29,73.2041666666667,66.4808333333333,0.430975238586559,0.328393748769101,0.566102986018542,6.72333333333333,64.2864666666667,1.13899834271289,1.03449130720568,0.435714285714286,0.95,-4.95416666666667,0.720818830891765,1.05722816100128,2.7,0.523753650733195,0.259166666666667,0.173333333333333,0.998359580052493,0.576785714285714,6.4,0.66190177870942,5.42053499927229,0.904709517456583,1,2.25,0,0,"R64","R64 - L",0.633333333333333,0.743063218491027,0.109729885157694
"463",2014,2711,"W Michigan","Final - W",0.478373510766803,0.346504549962084,0.724694716840703,34.9709090909091,9.94,25.0309090909091,11.8454545454545,6.26545454545455,3.54,14.9327272727273,17.7654545454545,72.9709090909091,67.5909090909091,0.404881957968525,0.307594032549729,0.537940992011718,5.38,67.1461181818182,1.08676191947302,1.00662005079412,0.426190476190476,0.733333333333333,-4.28,0.860602152338679,0.795034785573708,1.3,0.766995375071053,0.314545454545455,0.14,0.989313557048752,0.671428571428571,7,0.557281341516198,5.78996017089725,0.966368093372431,1,2.44444444444444,0,0,"R64","R64 - L",0.71875,0.689169286925775,-0.0295807130742254
"464",2014,2724,"Wichita St","Final - W",0.460554073685387,0.356204966076215,0.727254165224176,38.1470085470085,11.7626068376068,26.3844017094017,13.6363247863248,6.78568376068376,5.46837606837607,10.6373931623932,16.2604700854701,74.5162393162393,58.3215811965812,0.386820932379805,0.309029771604459,0.531043276817608,16.1946581196581,63.5804711538462,1.17189959459431,0.916985943399569,0.626984126984127,0.54,3.60106837606838,1.10871875,1.28315625,0.7,0.718396752234071,0.057051282051282,0.318162393162393,0.99928168757956,0.56984126984127,8.4,0.685185185185185,6.18826412308259,1.38888888888889,2.75,2.22222222222222,0.2,1,"R32","R32 - L",1,0.930805790049914,-0.0691942099500856
"465",2014,2747,"Wofford","Final - W",0.460840304839187,0.387421397274785,0.658266805507347,32.839898989899,10.6353535353535,22.2045454545455,12.9328282828283,6.18661616161616,1.84343434343434,9.18409090909091,16.9901515151515,69.1621212121212,61.5603535353535,0.445701133129645,0.333265064819898,0.515228113743264,7.60176767676768,62.0896174242424,1.11448177922495,0.990909042166994,0.427777777777778,0.583333333333333,5.67247474747475,1.38882287905174,1.44855542849189,2.2,0.596242425297802,0.241919191919192,0.22979797979798,0.997204448507008,0.516666666666667,6.5,0.498766471350048,5.8348107370626,0.973853836768342,1,2.3,0,0,"R64","R64 - L",0.625,0.708584116541248,0.0835841165412484
"466",2014,2752,"Xavier","Semifinals - L",0.475133738791467,0.348527778427444,0.717228400342173,33.6532467532468,10.3344155844156,23.3188311688312,14.6941558441558,5.29935064935065,2.00974025974026,11.8305194805195,18.9974025974026,71.662987012987,70.4422077922078,0.444439424003893,0.371426067628771,0.526974769976398,1.22077922077922,64.9087792207792,1.10430567291052,1.08592206879418,0.423214285714286,0.466666666666667,-0.122077922077922,0.935080809922533,1.26789417336382,3.6,0.705489649874182,0.074025974025974,0.119480519480519,0.980222910284783,0.435714285714286,3.4,0.661674684612054,4.90527477843843,1.91032443899119,2.33333333333333,2.22222222222222,0,0,"First Four","First Four - L",0.636363636363636,0.661707029601503,0.0253433932378663
"467",2015,5,"UAB","Final - W",0.44456304910782,0.360184711928898,0.756477661160945,37.3132478632479,11.6502136752137,25.6630341880342,14.6790598290598,6.25235042735043,5.29166666666667,13.2653846153846,17.7952991452991,70.2653846153846,65.5294871794872,0.410997129444242,0.312837935502139,0.49887994217286,4.73589743589744,66.1766175213675,1.06137292608929,0.989831942252773,0.233333333333333,0.233333333333333,-0.586324786324786,0.953143006809848,1.11201256258878,2,0.563841567896324,0.440384615384615,0.0598290598290598,0.982639066575324,0.555555555555556,5.1,0.560808020726698,4.17438726989564,0,0,1.8,0,0,"R32","R32 - L",0.558823529411765,0.547253100156402,-0.011570429255363
"468",2015,8,"Arkansas","Final - L",0.436688016760907,0.327856003099456,0.731023439521943,34.92,12.6516666666667,22.2683333333333,14.7733333333333,7.48666666666667,5.11166666666667,11.5383333333333,19.0933333333333,75.2683333333333,69.695,0.427523794967928,0.365287726201886,0.48863375270248,5.57333333333333,69.4518916666667,1.0826914622709,1.00434741984528,0.49,0.325,4.50166666666667,1.36972789115646,1.2812925170068,3.6,0.63823263707512,0.42,0.145,0.990435022895942,0.6225,4.1,0.654008578832523,5.98393628068719,1.33165800195448,0,2.5,0.2,1,"R32","R32 - L",0.764705882352941,0.763400048803899,-0.00130583354904235
"469",2015,12,"Arizona","Final - W",0.484750239236279,0.352678744396492,0.72544895505122,37.5275641025641,11.3352564102564,26.1923076923077,13.7557692307692,6.63290598290598,3.61217948717949,10.7931623931624,17.8583333333333,76.508547008547,57.7307692307692,0.389270956658466,0.332780676102351,0.52496936744131,18.7777777777778,66.1681506410256,1.15638907793965,0.872174916677068,0.357142857142857,0.833333333333333,7.40534188034188,1.29395866617509,1.26935551595592,2.4,0.48900558037423,0.121794871794872,0.555128205128205,0.995109672779576,0.428571428571429,9.1,0.721488710763608,5.84354441703136,2.36861370057518,3,2.22222222222222,0,0,"E8","E8 - L",0.911764705882353,0.948842944010267,0.0370782381279146
"470",2015,21,"San Diego St","Final - L",0.426525656703021,0.346066341234489,0.639947074918814,34.7809523809524,11.4345238095238,23.3464285714286,10.9166666666667,6.05476190476191,4.68809523809524,10.5,13.9107142857143,61.2035714285714,52.4011904761905,0.37950394595994,0.314141004323246,0.478817955598678,8.80238095238095,59.4731190476191,1.03097602479832,0.884388323522068,0.284444444444444,0.633333333333333,4.01904761904762,1.13740842490843,1.04716117216117,1.5,0.628792844284408,0.244047619047619,0.220238095238095,0.982790572108448,0.34,7.5,0.657824933687003,6.62671774924902,2.82142857142857,1.28571428571429,2.63636363636364,0,0,"R32","R32 - L",0.764705882352941,0.8399961609849,0.075290278631959
"471",2015,26,"UCLA","Semifinals - L",0.445728934073731,0.367355812617934,0.684032144399736,36.1052059052059,11.6197358197358,24.4854700854701,13.3525252525253,6.55019425019425,3.37241647241647,11.1505827505828,17.617871017871,70.1807303807304,66.716317016317,0.424116343080126,0.37622914308378,0.497558296378847,3.46441336441336,65.5695318570319,1.07095932482785,1.01776902997819,0.428571428571429,0.366666666666667,3.28492618492619,1.10995618993782,1.20400885622762,5.8,0.626445931318739,0.225252525252525,0.173815073815074,0.991064681040231,0.442857142857143,6.5,0.657643312101911,6.44413125670044,1.5,3,2,0,0,"S16","S16 - L",0.606060606060606,0.651091774472498,0.0450311684118921
"472",2015,46,"Georgetown","Semifinals - L",0.44534725013927,0.347222170374795,0.716864911938687,34.525,10.4138888888889,24.1111111111111,12.9527777777778,7.53055555555556,4.62222222222222,12.05,20.3916666666667,69.5083333333333,64.0666666666667,0.4048237666353,0.367286821705426,0.506244238794497,5.44166666666667,64.6584305555556,1.07493303304345,0.990935249133068,0.225,0.65,0.863888888888889,1.08932742247184,1.07919214451792,4,0.545699668908164,0.325,0.163888888888889,0.992831541218638,0.4375,4.3,0.668934240362812,6.0913098820777,1.61111111111111,1.78571428571429,2.77777777777778,0,0,"R32","R32 - L",0.67741935483871,0.728368561607185,0.0509492067684754
"473",2015,61,"Georgia","Semifinals - L",0.424209405663407,0.358528735632184,0.703024779012197,37.4454545454545,10.7909090909091,26.6545454545455,12.2272727272727,5.07454545454545,4.34,12.4818181818182,17.8709090909091,66.7690909090909,64.2836363636364,0.391881469361784,0.319011291657699,0.48907638833733,2.48545454545455,64.3552727272727,1.03783681330041,0.999144008874753,0.380357142857143,0.766666666666667,-2.14909090909091,0.836988788788789,0.978962962962963,5.2,0.632010064519036,0.405454545454545,0.0581818181818182,0.949236617920498,0.394642857142857,2,0.633969102054229,5.79605775076537,0.967385804454617,1,2.66666666666667,0,0,"R64","R64 - L",0.65625,0.666002058606441,0.00975205860644124
"474",2015,66,"Iowa State","Final - W",0.473474080274206,0.365386783736762,0.680661410981069,35.6291375291375,9.44118104118104,26.1879564879565,14.9977466977467,5.9988344988345,4.08065268065268,10.9508935508936,16.0062937062937,76.3582750582751,70.4905205905206,0.421379976098261,0.361315778345878,0.540741521934146,5.86775446775447,68.6987731157731,1.11108528715584,1.02675973302989,0.614285714285714,0.816666666666667,-0.546309246309246,1.13808091168091,1.36309173789174,2.4,0.697698116930973,0.479487179487179,0.125252525252525,0.995358548526447,0.442857142857143,5.4,0.651921412947643,4.92725368515721,1.37063140584315,1.66666666666667,2.75,0.2,1,"R64","R64 - L",0.757575757575758,0.795173306871459,0.0375975492957017
"475",2015,68,"Boise St","Semifinals - L",0.451406074685719,0.400772123407993,0.736512528526313,32.25,8.76666666666667,23.4833333333333,12.1428571428571,6.84365079365079,2.44365079365079,10.3230158730159,16.4936507936508,69.518253968254,58.9579365079365,0.42198237680811,0.302929629204454,0.542475465381855,10.5603174603175,62.3161904761905,1.11486418143902,0.94679583203885,0.441269841269841,0.96,3.23095238095238,1.26665302659664,1.19555348706142,2.9,0.600627805592967,0.26031746031746,0.161904761904762,0.962952516024789,0.698412698412698,8.2,0.595359156874701,4.88280192258637,0.814959662065137,1,2.41666666666667,0.2,1,"First Four","First Four - L",0.757575757575758,0.853732253742318,0.0961564961665607
"476",2015,84,"Indiana","Quarterfinals - L",0.447842463562692,0.401568938168954,0.713139697329728,33.8396825396825,11.8095238095238,22.0301587301587,13.252380952381,4.6452380952381,2.83412698412698,10.9396825396825,18.1626984126984,73.0325396825397,71.4126984126984,0.474040154831555,0.346286556394389,0.534441021689941,1.61984126984127,64.504503968254,1.13124504259546,1.10860761796079,0.571428571428571,0.875,1.62857142857143,0.966218402426694,1.23217391304348,2.9,0.490235057523255,0.293650793650794,0.135714285714286,0.966928194859812,0.571428571428571,3.1,0.601239669421488,6.18414889093748,2.35714285714286,3,1.9,0.2,0,"R64","R64 - L",0.606060606060606,0.710105357763564,0.104044751702958
"477",2015,87,"Notre Dame","Final - W",0.484001242325917,0.37846269236478,0.748567981058191,31.2952380952381,8.08690476190476,23.2083333333333,14.7607142857143,6.52261904761905,3.54880952380952,9.41190476190476,14.5595238095238,74.9559523809524,68.177380952381,0.443253033531199,0.330755720113435,0.558505669836649,6.77857142857143,64.1826428571429,1.16798210974917,1.06333914027913,0.726190476190476,0.74,-2.68690476190476,1.13361487591294,1.57085189491661,2.1,0.68310577639191,0.372619047619048,0.154761904761905,0.984495497960873,0.580952380952381,5.6,0.654098360655738,6.4150969591716,1.18181818181818,1.22222222222222,2.375,0,1,"E8","E8 - L",0.852941176470588,0.882062308379342,0.0291211319087537
"478",2015,96,"Kentucky","Final - W",0.467574351240788,0.365609891009415,0.746483712939101,36.4450854700855,11.8820512820513,24.5630341880342,13.7707264957265,5.7724358974359,6.27029914529915,10.0880341880342,16.9771367521368,74.8557692307692,56.7929487179487,0.382077484368023,0.276435433546684,0.520943140630608,18.0628205128205,63.7689764957265,1.1730479736827,0.891141537596255,0.3675,0.766666666666667,4.1284188034188,1.29500148544266,1.36548573975045,3.7,0.736115258445511,0.0861111111111111,0.278205128205128,0.981667601512386,0.49,7.5,0.771317829457364,6.65286302935335,3.96666666666667,6.875,1.81818181818182,0.2,1,"F4","F4 - L",1,0.973573058276118,-0.0264269417238822
"479",2015,97,"Louisville","Quarterfinals - L",0.430160153095933,0.313671560855679,0.664623175028506,35.7448717948718,11.674358974359,24.0705128205128,11.4675213675214,7.00683760683761,4.90598290598291,10.8602564102564,17.6222222222222,66.824358974359,62.3709401709402,0.408849852966186,0.293911345003048,0.481470266769927,4.4534188034188,64.338905982906,1.03818638349463,0.971201390226857,0.428571428571429,0.333333333333333,1.88290598290598,1.12521484668679,1.0612905837584,4,0.626445931318739,0.238888888888889,0.0884615384615385,0.979267482988822,0.557142857142857,6.5,0.73936170212766,6.84694313958538,4.07894736842105,3.5,1.9,0,1,"E8","E8 - L",0.75,0.840033095580607,0.0900330955806073
"480",2015,99,"LSU","Quarterfinals - L",0.453197070332269,0.340134944730174,0.669797606830261,38.4266666666667,11.9766666666667,26.45,15.4883333333333,7.03,6.235,14.56,16.4766666666667,72.9366666666667,68.4266666666667,0.402877640388717,0.305214796678211,0.507632445040184,4.51,70.4965166666667,1.03456420011429,0.970957935647829,0.533333333333333,0.526666666666667,-2.70666666666667,0.93197109689647,1.06938543214663,4.4,0.544168186350655,0.385,0.075,0.975120124572624,0.5,5.9,0.564814814814815,6.07073772800249,1,0,2.14285714285714,0,1,"R64","R64 - L",0.6875,0.716907043769215,0.0294070437692148
"481",2015,108,"Harvard","Final - W",0.43174139475241,0.348362747759978,0.722516376841958,35.1090909090909,11.2409090909091,23.8681818181818,13.1681818181818,6.92727272727273,3.90909090909091,11.35,15.9181818181818,64.4545454545455,56.8181818181818,0.397322059151327,0.326996035676739,0.482613493861561,7.63636363636364,61.4480227272727,1.0492451453112,0.924603365215136,0.472222222222222,0.483333333333333,3.9,1.12975857813586,1.17252982311806,2.3,0.800028460046066,0.268181818181818,0.236363636363636,0.994761614224702,0.655555555555556,4.8,0.6,6.26530121273771,1.5,1,3,0.2,0,"R64","R64 - L",0.758620689655172,0.778554093551131,0.0199334038959583
"482",2015,111,"Northeastern","Final - W",0.497895230751413,0.397721471360699,0.729181129237533,32.8783333333333,8.075,24.8033333333333,14.0016666666667,5.385,3.905,13.6433333333333,14.7066666666667,69.91,65.92,0.442281052864168,0.358392724601725,0.56283335619482,3.99,64.1664333333333,1.08844559281847,1.02678364680231,0.357142857142857,0.75,-4.38666666666667,0.728643085141033,1.02952983518989,2.8,0.538724821621056,0.28,0.0566666666666667,0.988017057569296,0.571428571428571,3.5,0.489625341547226,5.54517744447956,0,0,2.875,0,0,"R64","R64 - L",0.676470588235294,0.643610909886005,-0.0328596783492892
"483",2015,120,"Maryland","Semifinals - L",0.421352473899865,0.377965943730168,0.760700009632056,33.4396825396825,8.95555555555556,24.484126984127,10.4698412698413,4.73492063492063,4.06507936507936,11.7238095238095,16.8134920634921,66.6357142857143,64.4111111111111,0.411037998861068,0.334067826913019,0.496843948080665,2.22460317460318,63.4723531746032,1.0494273052119,1.01536012135683,0.645714285714286,0.65,-3.13809523809524,0.939150619495447,0.892671107628004,1.1,0.762864030860067,0.304761904761905,0.0714285714285714,0.9941062506373,0.564285714285714,3.2,0.604696673189824,6.23832462503951,1,0,2.3,0.2,1,"R32","R32 - L",0.818181818181818,0.737974439997678,-0.0802073781841403
"484",2015,127,"Michigan St","Final - L",0.466085575747482,0.37554144194558,0.631579934457299,36.8869047619048,11.6809523809524,25.2059523809524,16.6988095238095,5.09404761904762,4.83095238095238,11.0630952380952,18.4404761904762,70.652380952381,64.8702380952381,0.414489131368885,0.346017560564956,0.532567025345638,5.78214285714286,63.4056071428571,1.11447526424647,1.02401081039252,0.43015873015873,0.7,2.06309523809524,0.930260747705351,1.51337764437531,4.9,0.570314758716398,0.253571428571429,0.183333333333333,0.989280312777589,0.56984126984127,6.9,0.714503816793893,6.48616078894409,3.94117647058824,3.94117647058824,2.55555555555556,0.2,0,"F4","F4 - L",0.676470588235294,0.798861726130788,0.122391137895494
"485",2015,145,"Ole Miss","Early Round - L",0.427734107460788,0.348966069948869,0.777004228658623,37.0866666666667,12.2683333333333,24.8183333333333,13.0666666666667,6.51666666666667,3.405,11.06,19.4516666666667,72.9816666666667,68.6583333333333,0.409112129315559,0.355311406872199,0.489965046961563,4.32333333333333,66.5199416666667,1.09715269956627,1.03216534458673,0.377777777777778,0.466666666666667,2.015,1.16304119850187,1.2265468164794,4.5,0.406275268530134,0.425,0.106666666666667,0.987265164602249,0.555555555555556,6.3,0.627506670413753,5.7268477475872,0.955834371139104,1,3.2,0.2,0,"R64","R64 - L",0.625,0.691042540623849,0.0660425406238492
"486",2015,150,"Duke","Semifinals - L",0.491411525774541,0.38738062306527,0.690686668241594,37.2194444444444,12.2666666666667,24.9527777777778,14.8333333333333,6.61944444444444,3.80833333333333,11.3638888888889,15.8805555555556,78.7472222222222,67.6166666666667,0.436784805686237,0.337646198830409,0.559229464502545,11.1305555555556,66.1086527777778,1.19049478281027,1.02405661217943,0.642857142857143,0.6,1.47222222222222,1.04412966878083,1.30448555320648,2.5,0.695815499511766,0.169444444444444,0.269444444444444,0.990237809407286,0.571428571428571,6.7,0.762606671838635,7.16239749735572,4.35,4.35,2.22222222222222,0,1,"Final","Final - W",0.878787878787879,0.906365639088041,0.0275777603001619
"487",2015,152,"NC State","Quarterfinals - L",0.426225581280376,0.361256951713148,0.691395682145206,36.8233766233766,12.387012987013,24.4363636363636,12.0246753246753,4.14415584415584,4.96818181818182,9.82142857142857,17.4337662337662,68.887012987013,66.461038961039,0.412476433074451,0.340956552360386,0.489950376327759,2.42597402597403,63.7803441558442,1.08030542249179,1.04210903119156,0.3375,0.833333333333333,0.873376623376623,1.01626066883334,1.23681696686207,4.3,0.378512293605,0.353246753246753,0.0668831168831169,0.967474780121395,0.3375,5.1,0.643253234750462,6.29526600143965,1.4,1.66666666666667,2.1,0.2,0,"S16","S16 - L",0.606060606060606,0.69111929697207,0.085058690911464
"488",2015,153,"North Carolina","Final - L",0.481159600517429,0.369009785271115,0.70459400103577,39.3615384615385,12.7615384615385,26.6,17.4837606837607,6.17094017094017,4.14358974358974,12.2581196581197,18.4769230769231,76.2923076923077,69.8401709401709,0.418495918761587,0.322206791320182,0.523517785929235,6.45213675213675,68.5059444444445,1.11332933451839,1.02037905578832,0.294642857142857,0.45,1.08547008547009,0.929028312511459,1.42816937743904,3.7,0.613311398422905,0.256410256410256,0.167521367521368,0.995181552228532,0.282142857142857,4.5,0.792122538293217,6.81892406527552,3.6875,4.25,2.1,0,1,"S16","S16 - L",0.685714285714286,0.807306330400658,0.121592044686372
"489",2015,166,"New Mexico St","Final - W",0.478511201612577,0.377564091571637,0.716461845011977,35.0533333333333,11.8022222222222,23.2511111111111,12.3822222222222,6.24888888888889,3.70444444444444,13.2888888888889,14.0022222222222,67.7888888888889,55.7955555555556,0.405348591480652,0.296807205261608,0.528735454241859,11.9933333333333,60.85,1.11481684983227,0.916358614205088,0.344285714285714,0.55,1.90666666666667,0.958462793068298,0.937003058103976,1.6,0.741116810158742,0.228888888888889,0.215555555555556,0.951863452809006,0.445714285714286,3.7,0.630538193640085,5.48893772615669,0.916126213048551,1,2.18181818181818,0.2,1,"R64","R64 - L",0.696969696969697,0.828900371755826,0.131930674786129
"490",2015,194,"Ohio State","Quarterfinals - L",0.467057790006156,0.352717701205604,0.655963561007163,34.9201298701299,11.1538961038961,23.7662337662338,13.9590909090909,7.09350649350649,4.96948051948052,11.1480519480519,16.7662337662338,71.3811688311688,63.9155844155844,0.419716187608173,0.325799229407477,0.524432797471466,7.46558441558442,64.8364090909091,1.10006308801241,0.986761562174677,0.378571428571429,0.641666666666667,2.17792207792208,1.15694478661958,1.25071446169007,0.7,0.609240062388847,0.277272727272727,0.257142857142857,0.978523282395731,0.423214285714286,7,0.767820773930754,6.19847871649231,2.41666666666667,2.875,2.7,0.2,1,"R32","R32 - L",0.696969696969697,0.89506637066711,0.198096673697413
"491",2015,197,"Oklahoma St","Quarterfinals - L",0.431008702015425,0.356203297736218,0.744096385542169,30.2138888888889,8.50277777777778,21.7111111111111,11.3111111111111,7.025,5.00833333333333,12.1138888888889,20.05,64.2388888888889,63.975,0.417290568155348,0.357716703653407,0.499825391511603,0.263888888888889,62.9375555555556,1.02137696053687,1.0168209620098,0.642857142857143,0.458333333333333,-2.16111111111111,1.06790073226141,0.933146522291003,3.5,0.517913184032032,0.247222222222222,0.0944444444444444,0.992889263631254,0.657142857142857,2.9,0.563636363636364,6.08904487544685,1,1,2.4,0,1,"R64","R64 - L",0.580645161290323,0.70033441393065,0.119689252640327
"492",2015,201,"Oklahoma","Semifinals - L",0.430508316419868,0.351569869980723,0.740887488355998,37.0628787878788,11.1732323232323,25.8896464646465,12.1272727272727,6.79242424242424,5.00227272727273,11.9752525252525,16.2679292929293,70.9888888888889,64.2325757575758,0.39726063981817,0.32720688476594,0.490811797693216,6.75631313131313,67.4246868686869,1.05382127289506,0.953138877598988,0.59047619047619,0.575,0.0883838383838384,1.14249712130236,1.03382568989478,1,0.509653467714655,0.286363636363636,0.168686868686869,0.995665566800704,0.671428571428571,6.7,0.610921501706485,6.77992190747225,1.63333333333333,1,2.33333333333333,0,1,"S16","S16 - L",0.6875,0.818025983917592,0.130525983917592
"493",2015,222,"Villanova","Final - W",0.466326523563581,0.404093626851474,0.732575536256518,34.3230769230769,10.3,24.0230769230769,16.3653846153846,7.26538461538462,3.76538461538462,10.6615384615385,16.5307692307692,76.4346153846154,61.55,0.405645515838251,0.31036871137655,0.560807112697606,14.8846153846154,64.0874038461538,1.19212761189673,0.961301105506458,0.625,0.96,1.83461538461538,1.26043738008024,1.55679945054945,2.6,0.683306213290001,0.169230769230769,0.323076923076923,0.998957340140867,0.625,9.4,0.635514018691589,6.46614472423762,1.86363636363636,2.05555555555556,2.875,0.2,0,"R32","R32 - L",0.941176470588235,0.922580495995928,-0.0185959745923077
"494",2015,239,"Baylor","Semifinals - L",0.426261048580188,0.377319422150883,0.687681090264628,38.1274242424242,14.2495454545455,23.8778787878788,13.9033333333333,7.83272727272727,3.72090909090909,12.5609090909091,16.8113636363636,68.814696969697,62.7612121212121,0.412607334010638,0.311799325475051,0.4935603533763,6.05348484848485,63.3082371212121,1.08886421208034,0.991294425534309,0.576785714285714,0.585,2.12136363636364,0.93622910578609,1.1263159945451,3.8,0.572676469564282,0.281363636363636,0.193333333333333,0.982168657202146,0.435714285714286,5.3,0.584206738203214,5.96100533962327,2.48729058344365,2.5,2.44444444444444,0.2,1,"R64","R64 - L",0.727272727272727,0.825413444471362,0.0981407171986344
"495",2015,251,"Texas","Quarterfinals - L",0.424737990804379,0.333444417864399,0.722874425216262,37.6519036519037,11.8942501942502,25.7576534576535,12.9480186480186,3.56993006993007,8.12432012432012,12.1488733488733,17.0202797202797,65.8715617715618,63.0107226107226,0.388446916092876,0.3779813387375,0.488283654696114,2.86083916083916,63.0328006993007,1.04491495148312,1.00025570252826,0.492857142857143,0.483333333333333,-2.65330225330225,0.714200360695338,1.06595496873112,2.4,0.434984386506285,0.331546231546232,0.217249417249417,0.978402338975126,0.492857142857143,4.8,0.660633484162896,6.78558764500793,1.73809523809524,1.9,2.5,0.4,1,"R64","R64 - L",0.606060606060606,0.784992308478659,0.178931702418053
"496",2015,252,"BYU","Final - L",0.463246280162555,0.393706696359669,0.767906416220785,38.022380952381,12.12,25.902380952381,16.1085714285714,6.9597619047619,3.35404761904762,11.1247619047619,20.4471428571429,80.5435714285714,69.9064285714286,0.432192596302106,0.314226234516337,0.537466573767383,10.6371428571429,68.0365738095238,1.18408844006286,1.02678208956329,0.564285714285714,0.75,2.445,1.08344051262353,1.45301966907851,3.2,0.632756384750197,0.257142857142857,0.281428571428571,0.93274486812426,0.705357142857143,7.5,0.743360137484665,5.73979291217923,1.2317078213861,1.28571428571429,2.5,0.4,1,"First Four","First Four - L",0.735294117647059,0.825301323439953,0.0900072057928941
"497",2015,254,"Utah","Semifinals - L",0.475373092962887,0.410727609202613,0.72422599563557,33.5694444444444,8.8770202020202,24.6924242424242,14.1113636363636,5.56994949494949,4.78156565656566,10.8068181818182,16.9848484848485,70.2871212121212,56.9724747474747,0.3907271842076,0.302904581757041,0.559186477079236,13.3146464646465,61.2367474747475,1.14663184924187,0.932256101368131,0.444444444444444,0.741666666666667,-0.85,1.09035294117647,1.37095825426945,1.5,0.513631019091797,0.0787878787878788,0.44469696969697,0.989481443669152,0.269444444444444,8.5,0.543657861710234,5.07517381523383,0.847067319739639,0,2,0.2,0,"S16","S16 - L",0.75,0.930613064906823,0.180613064906823
"498",2015,258,"Virginia","Semifinals - L",0.449489922328738,0.350440206769321,0.712247503766695,34.4820707070707,9.79116161616162,24.6909090909091,12.3941919191919,5.52550505050505,3.96666666666667,9.45252525252525,14.15,63.0583333333333,51.8393939393939,0.377059071087378,0.308727011502372,0.500036535114035,11.2189393939394,58.4320593434343,1.07895068936771,0.88676260819842,0.425,0.366666666666667,2.86035353535354,1.2387918575202,1.39341005984985,0.6,0.670271282823779,0.270707070707071,0.176010101010101,0.956156798802519,0.5,7.4,0.65137771261591,5.59471137960184,1.40067040427595,1,2.5,0,0,"R32","R32 - L",0.90625,0.941599301611786,0.0353493016117863
"499",2015,275,"Wisconsin","Final - W",0.474045658961954,0.364628576094492,0.770748346408245,32.4464285714286,9.43452380952381,23.0119047619048,12.5178571428571,3.85357142857143,3.16309523809524,6.70595238095238,11.1547619047619,70.5059523809524,57.2619047619048,0.433834872917949,0.369711299153808,0.541672778302141,13.2440476190476,57.5224464285714,1.2265950059701,0.996647488514527,0.838095238095238,0.51,3.78452380952381,1.32143264779861,1.88488089450656,1.5,0.604520538875605,0.0904761904761905,0.225,0.991437462545886,0.342857142857143,7,0.703406813627255,6.21460809842219,2.19230769230769,2.19230769230769,3.25,0,0,"Final","Final - L",0.911764705882353,0.938392526738673,0.0266278208563198
"500",2015,277,"West Virginia","Quarterfinals - L",0.400722478932945,0.321156338035461,0.656276668222833,35.7478632478633,16.1653846153846,19.5824786324786,13.7935897435897,9.60726495726496,2.49273504273504,13.6688034188034,24.8782051282051,71.1145299145299,70.2363247863248,0.479262179532561,0.38253839644214,0.460346045226646,0.878205128205129,68.6601431623932,1.03526963332401,1.02348127528803,0.495555555555556,0.525,11.1636752136752,1.34321518427918,1.04651968784769,7.8,0.649135056162861,0.200854700854701,0.198290598290598,0.943562512370436,0.56,2.9,0.706878306878307,6.85224256905188,1.95,2.5,2.1,0.2,0,"S16","S16 - L",0.71875,0.752033215727556,0.0332832157275563
"501",2015,300,"UC Irvine","Final - W",0.455019759041514,0.40453880476922,0.683365646459863,35.8628205128205,9.65128205128205,26.2115384615385,14.45,5.36217948717949,5.09935897435897,10.7897435897436,16.4365384615385,67.6012820512821,62.499358974359,0.394389236763123,0.345754448928367,0.518534575972107,5.10192307692308,63.1784326923077,1.07014460335502,0.98942185318804,0.384444444444444,0.808333333333333,-1.8474358974359,0.958589647411853,1.34508627156789,0.4,0.555190743918591,0.197435897435897,0.107051282051282,0.886120759579116,0.66,5.5,0.529056174664517,4.91998092582813,0,0,3.09090909090909,0.2,0,"R64","R64 - L",0.636363636363636,0.719674722431288,0.0833110860676513
"502",2015,322,"Lafayette","Final - W",0.478203248222589,0.405910024514676,0.765054006895011,29.7441919191919,8.07424242424242,21.6699494949495,15.3502525252525,5.03737373737374,2.54545454545455,10.2199494949495,15.4007575757576,71.2888888888889,71.0108585858586,0.468587311562011,0.384343286592169,0.554709992522846,0.278030303030303,63.2585972222222,1.12631207937076,1.1225759215527,0.642857142857143,0.741666666666667,-1.44545454545455,1.04716285370259,1.50922314440526,1,0.605942696598764,0.420707070707071,0.0863636363636364,0.979413030763063,0.671428571428571,3.1,0.475177304964539,6.33682573114644,1,1,2.77777777777778,0,0,"R64","R64 - L",0.625,0.567603986205638,-0.0573960137943615
"503",2015,324,"Coast Car","Final - W",0.440524229815098,0.355673612102184,0.696321549957668,38.8120435120435,12.7804972804973,26.0315462315462,11.6613830613831,6.6044289044289,3.46526806526807,11.3184149184149,16.8125097125097,71.9416472416472,64.9876456876457,0.406436627454452,0.340607856008408,0.502576976307325,6.95400155400155,64.8975116550117,1.11082954707962,1.00202359332299,0.428571428571429,0.566666666666667,3.00613830613831,0.962263897291121,1.04580224507629,4.2,0.69197025480933,0.196192696192696,0.11965811965812,0.989703807142826,0.507142857142857,6.7,0.611313868613139,7.00033446027523,1.66666666666667,1,2.55555555555556,0.2,0,"R64","R64 - L",0.727272727272727,0.839936329396373,0.112663602123646
"504",2015,331,"E Washington","Final - W",0.473550891836982,0.398476708842864,0.73409372869555,34.0388888888889,9.91388888888889,24.125,13.2166666666667,6.08611111111111,4.58055555555556,10.7333333333333,17.2583333333333,80.8194444444445,74.75,0.457920768795368,0.407088272897477,0.560969792068348,6.06944444444444,68.8129444444445,1.17462039848395,1.08614373064958,0.70952380952381,0.72,1.525,1.14597555414679,1.2277668412799,2.8,0.642784737032571,0.411111111111111,0.130555555555556,0.950073994452262,0.564285714285714,7,0.474282776954945,4.55387689160054,0,0,2.375,0,0,"R64","R64 - L",0.757575757575758,0.735436008186429,-0.0221397493893289
"505",2015,399,"Albany","Final - W",0.446895396701552,0.362726088833891,0.765178571428571,34.1361111111111,9.79040404040404,24.3457070707071,10.8795454545455,5.7209595959596,1.57979797979798,11.3265151515152,15.6729797979798,65.584595959596,56.7527777777778,0.4012150194287,0.340001352222846,0.512228759068946,8.83181818181818,60.0948181818182,1.09152514435878,0.943556068076331,0.685714285714286,0.686666666666667,3.1290404040404,1.08455842106958,0.964325960269165,1.8,0.723826431027982,0.298232323232323,0.0363636363636364,0.95753329491635,0.571428571428571,5.1,0.481231799552028,5.98645200528444,0.999163386216486,1,1.88888888888889,0.4,1,"R64","R64 - L",0.75,0.716004924659436,-0.033995075340564
"506",2015,2057,"Belmont","Final - W",0.486274686708971,0.383170411021551,0.679482035050466,33.7734265734266,10.3146853146853,23.4587412587413,15.8597902097902,6.32202797202797,1.89125874125874,13.4353146853147,16.1772727272727,75.7409090909091,70.8076923076923,0.458712018145634,0.34076337070955,0.578312862948386,4.93321678321678,66.2850576923077,1.14309903130503,1.06909586752558,0.69,0.591666666666667,-0.118181818181818,0.939534036535399,1.18230227046674,0.1,0.7043500184659,0.477972027972028,0.176223776223776,0.995744753688679,0.6025,7.2,0.630801687763713,6.16331480403464,1,1,2.88888888888889,0,0,"R64","R64 - L",0.6875,0.651773050451329,-0.0357269495486706
"507",2015,2084,"Buffalo","Final - W",0.438713750177688,0.335621653756337,0.71812781181999,38.1563636363636,13.1745454545455,24.9818181818182,12.9363636363636,7.80909090909091,3.78909090909091,10.6927272727273,18.0981818181818,76.18,69.7545454545455,0.432320908852828,0.344535461594402,0.49117133528655,6.42545454545455,68.1615636363636,1.1177374988427,1.02349221935834,0.494642857142857,0.575,4.94909090909091,1.29402748414376,1.28427443035001,4,0.553884285199137,0.350909090909091,0.0981818181818182,0.983355799044638,0.564285714285714,6.8,0.643732847117091,3.40119738166216,0,0,2.25,0,0,"R64","R64 - L",0.71875,0.737377434931107,0.0186274349311065
"508",2015,2086,"Butler","Quarterfinals - L",0.433981115132541,0.369092336235193,0.702019275673528,36.6293650793651,11.7674603174603,24.8619047619048,11.1825396825397,5.37063492063492,2.98571428571429,11.0142857142857,17.8849206349206,68.8920634920635,63.8039682539683,0.424799485634948,0.324464400363904,0.489911706021388,5.08809523809524,64.3631349206349,1.07069307152587,0.991520808468801,0.40952380952381,0.8,3.89206349206349,1.0079820401574,1.0383230753708,3.4,0.606715004301087,0.466666666666667,0.176190476190476,0.973284891134961,0.328571428571429,4.4,0.490867226485106,4.59511985013459,0,0,2.875,0,0,"R32","R32 - L",0.6875,0.803940928619435,0.116440928619435
"509",2015,2132,"Cincinnati","Quarterfinals - L",0.458742765308482,0.354401675082948,0.669802298402805,33.3433333333333,10.4266666666667,22.9166666666667,12.0766666666667,6.59333333333333,5.32333333333333,12.8,14.4,61.55,55.4,0.39475751758276,0.332019704433498,0.518244956430128,6.15,58.7381916666667,1.04640454993108,0.944073776228874,0.557142857142857,0.45,-1.56833333333333,0.933790412486065,0.95778149386845,0.6,0.378798559250095,0.236666666666667,0.145,1,0.428571428571429,4.5,0.637969110962646,5.89440283426485,0.983800002139714,1,2,0.2,0,"R32","R32 - L",0.6875,0.790515976345565,0.103015976345565
"510",2015,2166,"Davidson","Semifinals - L",0.466411983091995,0.393063656636687,0.697432806666172,34.230303030303,9.93030303030303,24.3,16.9353535353535,5.63535353535354,2.74646464646465,9.31818181818182,17.7191919191919,77.3444444444444,68.3242424242424,0.443905733516123,0.305011494252874,0.556219913238258,9.02020202020202,65.9337626262626,1.17382785340873,1.03557131334494,0.625,0.78,1.34444444444444,1.29898862199747,1.86649898159854,3.3,0.539321424238336,0.226262626262626,0.368686868686869,0.94994966349816,0.6125,5.1,0.617801047120419,6.63987583382654,1.28571428571429,1.28571428571429,2,0,0,"R64","R64 - L",0.774193548387097,0.834650370013086,0.0604568216259891
"511",2015,2168,"Dayton","Final - L",0.474850279017885,0.361820142059868,0.693348497566159,30.7055555555556,6.84722222222222,23.8583333333333,13.7833333333333,7.03888888888889,2.63611111111111,11.3555555555556,15.3833333333333,68.4277777777778,61.3,0.432006750487462,0.319878004129627,0.543084428519894,7.12777777777778,63.5362638888889,1.07705710727099,0.964958214596918,0.687301587301587,0.41,0.111111111111111,1.18734915700201,1.22467709222468,4,0.698489281475765,0.372222222222222,0.105555555555556,0.993049568965517,0.558730158730159,5.1,0.624891233022322,4.62497281328427,0.77192692653363,1,2.375,0,1,"R32","R32 - L",0.757575757575758,0.776543906219202,0.0189681486434448
"512",2015,2247,"Georgia St","Final - W",0.481168480117702,0.324390050712388,0.752562864465327,32.9222222222222,9.33333333333333,23.5888888888889,13.1666666666667,8.99444444444445,4.37222222222222,10.7472222222222,18.8055555555556,72.0444444444445,61.7972222222222,0.374733857581393,0.31860646034397,0.52532433677416,10.2472222222222,64.5258194444445,1.11523559801824,0.959008092421221,0.282142857142857,0.5,1.18055555555556,1.39349389350269,1.24530877707214,4.2,0.514052368470048,0.322222222222222,0.219444444444444,0.9638590844568,0.564285714285714,8.2,0.567134268537074,6.21460809842219,1,0,3,0.4,0,"R32","R32 - L",0.727272727272727,0.832388195354523,0.105115468081796
"513",2015,2250,"Gonzaga","Final - W",0.526419414914817,0.425745491382753,0.677782602402663,36.8114285714286,9.34,27.4714285714286,15.9185714285714,5.84857142857143,3.32285714285714,10.1428571428571,17.0785714285714,77.8014285714286,61.7871428571429,0.39028608377405,0.341703653304964,0.595813970761348,16.0142857142857,63.7509928571429,1.2199263938873,0.968400126864072,0.423214285714286,0.866666666666667,-1.28142857142857,1.0481983805668,1.56843876518219,1.4,0.527031422664479,0.0971428571428572,0.268571428571429,0.997441742654509,0.576785714285714,10.4,0.801192842942346,6.22257626807137,1.53333333333333,1.53333333333333,3,0,1,"E8","E8 - L",0.941176470588235,0.946677783594157,0.00550131300592127
"514",2015,2261,"Hampton","Final - W",0.40924176274988,0.297694143876534,0.650544202438326,36.4981684981685,12.0732600732601,24.4249084249084,10.6553113553114,6.71043956043956,4.26776556776557,13.4168498168498,20.8657509157509,68.0401098901099,67.9690476190476,0.4316318321049,0.357690108633505,0.462054007492487,0.0710622710622708,69.0368104395604,0.985151131664941,0.984645092477215,0.507142857142857,0.4,2.67362637362637,1.06411233739144,0.796241107661633,4.8,0.563716755068807,0.460622710622711,0.122527472527473,0.938733996664685,0.633928571428571,3.3,0.530151750546692,5.08140436498446,0.84810722404044,1,2.76923076923077,0.4,0,"R64","R64 - L",0.484848484848485,0.465525186406851,-0.0193232984416334
"515",2015,2294,"Iowa","Early Round - L",0.436634288054929,0.348112575532665,0.734208857823276,36.3174603174603,11.9785714285714,24.3388888888889,13.515873015873,5.86031746031746,4.28730158730159,10.1928571428571,15.9936507936508,68.5936507936508,63.6730158730159,0.405035609504103,0.338340386825629,0.491586888940901,4.92063492063492,62.2652936507937,1.10216165783229,1.02426769840936,0.3375,0.758333333333333,1.93650793650794,1.04809482175965,1.33647400958635,2.3,0.456379293912865,0.280952380952381,0.198412698412698,0.995823483057526,0.5,3,0.575221238938053,6.33859407820318,1,1,2.88888888888889,0.2,1,"R32","R32 - L",0.65625,0.779622475782552,0.123372475782552
"516",2015,2305,"Kansas","Final - L",0.445759724722902,0.369147038561769,0.716245649137498,37.6483333333333,11.1116666666667,26.5366666666667,13.4333333333333,6.525,5.135,12.66,18.1566666666667,71.2566666666667,64.6383333333333,0.385571582193368,0.296946591402518,0.497308061734051,6.61833333333333,67.1040333333333,1.06068828207076,0.964028279478475,0.444444444444444,0.725,-2.765,0.935512179555366,1.07037549196894,3.4,0.62042757285551,0.398333333333333,0.115,0.951062333417008,0.566666666666667,3.8,0.753541076487252,6.56103066589657,2.875,3.18181818181818,1.8,0,0,"R32","R32 - L",0.764705882352941,0.742300052366037,-0.0224058299869045
"517",2015,2363,"Manhattan","Final - W",0.438653818550528,0.351658660338774,0.715538290788013,32.9085858585859,10.5361111111111,22.3724747474747,14.7012626262626,8.39747474747475,3.11035353535354,14.0775252525253,22.8929292929293,72.4209595959596,68.6732323232323,0.436695222205295,0.323381514170096,0.508199219330503,3.74772727272727,68.7710732323232,1.05268348624217,0.99842674211354,0.3875,0.925,1.45959595959596,1.13563587244116,1.04794546720512,7,0.539633768859166,0.279292929292929,0.00909090909090909,0.974303330741528,0.5,4.8,0.611301625719523,4.60517018598809,0.768621786840241,1,2.6,0.2,0,"First Four","First Four - L",0.59375,0.593965636034074,0.000215636034073818
"518",2015,2449,"N Dakota St","Final - W",0.442533420398687,0.391775175819644,0.695283328430892,33.0083916083916,7.97937062937063,25.029020979021,9.46083916083916,4.76188811188811,3.68461538461538,9.76013986013986,15.4608391608392,64.9783216783217,61.2800699300699,0.417454263192967,0.371384068794679,0.512781046560651,3.69825174825175,61.1131643356643,1.06408027790755,1.00175855815141,0.442857142857143,0.808333333333333,1.55559440559441,1.04303410553411,0.972812097812098,4.3,0.782563412896367,0.388111888111888,0.0884615384615385,0.991230010745212,0.714285714285714,3.6,0.628711916170337,0,0,0,2.42857142857143,0.2,0,"R64","R64 - L",0.71875,0.625387940777705,-0.0933620592222951
"519",2015,2454,"North Florida","Final - W",0.461808187526786,0.398357177635839,0.762786179645789,35.1247727272727,10.1157575757576,25.0090151515152,13.86,6.37598484848485,4.3405303030303,11.3425,15.2333333333333,76.5307575757576,66.2479545454545,0.424235608019076,0.304828086149286,0.544955027362567,10.282803030303,66.1962386363636,1.15586043743608,1.0008131556458,0.5,0.708333333333333,-1.22916666666667,1.06459940704734,1.22694112596409,3,0.460587072404186,0.0696969696969697,0.161893939393939,0.989861482104547,0.571428571428571,6.7,0.479861147668263,5.08759633523238,0,0,2.44444444444444,0.2,0,"First Four","First Four - L",0.676470588235294,0.771880130036583,0.0954095418012885
"520",2015,2460,"Northern Iowa","Final - W",0.481287253267618,0.40263025588103,0.735340584715848,30.1388888888889,7.08333333333333,23.0555555555556,11.7944444444444,5.85833333333333,2.37222222222222,9.98055555555556,13.2083333333333,64.0583333333333,52.7388888888889,0.390062703911931,0.318169002540775,0.571069523183277,11.3194444444444,56.3278055555556,1.13724927281506,0.936250484097948,0.444444444444444,0.75,-0.0916666666666666,1.11600317646894,1.18448868645313,1.2,0.61197977979397,0.1,0.0916666666666667,1,0.666666666666667,7.9,0.622190005283596,5.59098698051086,0.933158652037684,1,3.22222222222222,0.2,0,"R32","R32 - L",0.909090909090909,0.884856527813847,-0.0242343812770617
"521",2015,2483,"Oregon","Final - L",0.465222471530332,0.367810887919986,0.769711013251454,33.3555555555556,9.30854700854701,24.0470085470085,12.5617521367521,5.68739316239316,3.65405982905983,11.1196581196581,18.359188034188,73.8245726495726,71.6779914529914,0.442707440223658,0.317419212554555,0.523797944576428,2.1465811965812,67.2222606837607,1.09830806663672,1.06686931890922,0.4125,0.833333333333333,-1.80790598290598,1.04722851733387,1.12593518266183,4.7,0.864346304743787,0.312606837606838,0.158547008547009,0.992076621994033,0.5,4.5,0.636135508155583,6.68210859744981,1,1,1.625,0.2,0,"R32","R32 - L",0.735294117647059,0.673846664733244,-0.0614474529138151
"522",2015,2507,"Providence","Semifinals - L",0.43268489436969,0.302167098532987,0.714955732088172,36.4538961038961,12.7902597402597,23.6636363636364,13.4103896103896,6.72792207792208,4.57402597402597,11.8220779220779,19.075974025974,70.2032467532467,67.9616883116883,0.426577006532125,0.358682516408323,0.478343369237086,2.24155844155844,65.8493863636364,1.06626853627079,1.0321822344016,0.317857142857143,0.283333333333333,3.59220779220779,1.05765729585007,1.13558232931727,1.6,0.662574803999711,0.300649350649351,0.126623376623377,0.983637736873532,0.492857142857143,6.3,0.572902042410745,5.57215403217776,0.930015355739255,1,2.33333333333333,0.2,0,"R64","R64 - L",0.666666666666667,0.682811770370329,0.0161451037036626
"523",2015,2509,"Purdue","Semifinals - L",0.447511061264761,0.326728597408155,0.678112139283866,35.6909090909091,11.1922077922078,24.4987012987013,14.0025974025974,5.21103896103896,5.02467532467532,13.025974025974,18.9357142857143,66.7974025974026,63.9746753246753,0.394008237114251,0.329474889662073,0.502252106466728,2.82272727272727,63.4334383116883,1.0519915523714,1.00965439901509,0.497142857142857,0.2,-2.94025974025974,0.79383725778092,1.07435242083129,4.6,0.685751664194613,0.367532467532468,0.0954545454545455,0.993264200518403,0.574285714285714,6.9,0.64804861798336,5.8111409929767,1.52413369338407,1.66666666666667,1.9,0,0,"R64","R64 - L",0.636363636363636,0.71044505189664,0.0740814155330041
"524",2015,2523,"Robert Morris","Final - W",0.471092621264485,0.409691945468915,0.728628783457017,32.725,9.76439393939394,22.9606060606061,12.8257575757576,8.33181818181818,2.62045454545455,13.3727272727273,17.4356060606061,70.6371212121212,65.5742424242424,0.41471716519368,0.338618413401376,0.53169048985286,5.06287878787879,65.8664393939394,1.0732222615795,0.995074129234017,0.308333333333333,0.966666666666667,-2.2280303030303,1.09564558161573,0.976413172234068,2.7,0.619533317844238,0.440151515151515,0.206818181818182,0.932128745180803,0.629166666666667,4.9,0.640395425255234,4.94875989037817,0,0,1.9,0,0,"R64","R64 - L",0.575757575757576,0.55102009558485,-0.0247374801727263
"525",2015,2567,"SMU","Final - W",0.480318803176555,0.355037324746363,0.68510069260034,35.7115384615385,11.5987179487179,24.1128205128205,15.799358974359,7.12948717948718,4.22820512820513,11.6352564102564,15.7564102564103,68.6128205128205,59.2358974358974,0.382918967649191,0.329099620953653,0.520529566341245,9.37692307692308,61.4772692307692,1.11611710638176,0.96404918158033,0.145833333333333,0.966666666666667,2.40512820512821,1.09671342915922,1.3673911130962,2.5,0.736115258445511,0.0916666666666667,0.123076923076923,0.99113662456946,0.505555555555556,6,0.709662674109642,5.73009978297357,4.1670718642824,0,2.66666666666667,0.2,0,"R64","R64 - L",0.818181818181818,0.838802048658386,0.020620230476568
"526",2015,2599,"St John's","Quarterfinals - L",0.434352147333345,0.372020398251578,0.699581607920984,33.4977777777778,10.0446153846154,23.4531623931624,12.5584615384615,6.7348717948718,6.0357264957265,10.7890598290598,17.7878632478632,70.7140170940171,72.0981196581197,0.424325944248613,0.345157370809545,0.493343001582678,-1.38410256410256,67.3607034188034,1.05122794118055,1.07006803213919,0.435714285714286,0.566666666666667,-2.11931623931624,1.17926691853914,1.18481474116789,6.8,0.478870447733939,0.231111111111111,0.18974358974359,0.94679024848734,0.854761904761905,2.9,0.610538846671001,5.87211778947542,2.3801955893421,1,3.125,0,0,"R64","R64 - L",0.65625,0.638662167887928,-0.017587832112072
"527",2015,2617,"SF Austin","Final - W",0.514761017432388,0.405807063664101,0.73767256693313,34.4893550893551,11.789898989899,22.6994560994561,19.0214452214452,7.27381507381507,3.44988344988345,13.5224553224553,21.4871017871018,83.5379953379953,66.920979020979,0.438971727682052,0.348468253491386,0.586893395951997,16.6170163170163,68.6727288267288,1.21603634219404,0.974551547668445,0.331944444444444,0.833333333333333,5.56783216783217,1.24813376456195,1.41713129496403,2.5,0.665164443224705,0.0608391608391608,0.306138306138306,0.98769508822941,0.505555555555556,6.4,0.799514748403945,3.58351893845611,0.598104004501844,1,2.1,0.2,0,"R64","R64 - L",0.878787878787879,0.907274905469471,0.0284870266815923
"528",2015,2640,"Texas Southern","Final - W",0.456216895917415,0.351298154462711,0.678475763753742,35.9267094017094,11.4036324786325,24.5230769230769,11.1724358974359,5.66816239316239,3.18888888888889,12.6472222222222,17.0700854700855,72.0955128205128,65.6903846153846,0.422554755101596,0.313804299794424,0.510984348696347,6.40512820512821,66.2392307692308,1.08809383798051,0.992203604834222,0.330555555555556,0.383333333333333,-0.572649572649573,0.985316884373488,0.89363121155574,2.3,0.656421157549871,0.403632478632479,0.158547008547009,0.943546369267012,0.381944444444444,2.2,0.601321585903084,6.12029741895095,1.91666666666667,1,1.9,0.2,0,"R64","R64 - L",0.647058823529412,0.529784981194236,-0.117273842335175
"529",2015,2670,"VCU","Final - W",0.410206735964611,0.328334607459208,0.660823597815727,35.6111111111111,12.0410256410256,23.5700854700855,11.5247863247863,9.57350427350427,4.49487179487179,10.725641025641,19.2213675213675,70.8162393162393,64.8333333333333,0.427687261087523,0.32490496696877,0.476230972196812,5.98290598290598,67.6663888888889,1.04650302018092,0.958131760704507,0.6875,0.39,6.5957264957265,1.49312424054841,1.0878751404269,1.3,0.466883502822471,0.288888888888889,0.204273504273504,0.936053377157575,0.8625,5.9,0.733091293072432,5.21493575760899,2.06718613236219,2.375,2.2,0,0,"R64","R64 - L",0.742857142857143,0.7525639933012,0.00970685044405695
"530",2015,2674,"Valparaiso","Final - W",0.449052278229942,0.367479557479557,0.690762556652387,37.3488888888889,11.6155555555556,25.7333333333333,12.3466666666667,5.23555555555556,4.34,12.3133333333333,16.6155555555556,67.2066666666667,59.5622222222222,0.383396763821939,0.318384390413692,0.511215914910039,7.64444444444444,62.5359444444445,1.07406112247683,0.95324892559831,0.3875,0.508333333333333,0.0422222222222222,0.874328309305374,1.00225808213194,2.2,0.727759685843329,0.38,0.135555555555556,0.969434104178867,0.5,3.9,0.642904263085335,4.63472898822964,0.77355527213572,1,2,0,0,"R64","R64 - L",0.848484848484849,0.858294568485034,0.00980972000018521
"531",2015,2724,"Wichita St","Semifinals - L",0.448066754106409,0.349303685387315,0.706462573259442,34.7521367521368,11.0683760683761,23.6837606837607,13.6675213675214,6.93760683760684,4.25897435897436,9.06752136752137,15.8863247863248,67.5747863247863,53.8021367521368,0.384974989505526,0.326242922374429,0.510599366420565,13.7726495726496,59.8546217948718,1.12901990219566,0.898357078829954,0.657142857142857,0.25,5.88034188034188,1.45199175824176,1.58525159051475,0.6,0.593274242922164,0.123076923076923,0.314102564102564,0.996053414670436,0.657142857142857,7.8,0.704980842911877,6.25958146406492,1.55,2.83333333333333,2.4,0,1,"S16","S16 - L",0.875,0.920355407374845,0.0453554073748448
"532",2015,2747,"Wofford","Final - W",0.465885115055068,0.366769421055135,0.699710111317254,32.3136752136752,9.08696581196581,23.2267094017094,13.3121794871795,6.35555555555556,3.09188034188034,10.2273504273504,16.4651709401709,67.6850427350427,58.9628205128205,0.411374738700487,0.309197070204533,0.531826394868736,8.72222222222222,61.1409893162393,1.10751302062278,0.964354387875238,0.394642857142857,0.7,1.78952991452991,1.19166977303332,1.31383665015633,0.8,0.805897748551871,0.403632478632479,0.169017094017094,0.979175241845422,0.619642857142857,3.5,0.506676442460876,5.92692602597041,0.989228256191765,1,2.7,0,0,"R64","R64 - L",0.823529411764706,0.777583387697141,-0.0459460240675653
"533",2015,2751,"Wyoming","Final - W",0.442277032133005,0.320522351663358,0.714778406087873,30.1892857142857,6.20238095238095,23.9869047619048,13.6940476190476,5.30714285714286,2.8297619047619,11.5678571428571,13.6797619047619,60.552380952381,58.2345238095238,0.401388235219803,0.338795438266631,0.508369286142343,2.31785714285714,60.4824107142857,1.00347207614507,0.962333546034893,0.507142857142857,0.466666666666667,-3.84642857142857,0.909700610812861,1.18840803176603,2.4,0.666629614358655,0.371428571428571,0.169047619047619,0.961290220958206,0.576785714285714,4.3,0.530822480867318,5.64544689764324,0,0,2.9,0,0,"R64","R64 - L",0.735294117647059,0.744185507690848,0.0088913900437888
"534",2015,2752,"Xavier","Final - L",0.459755267695773,0.326994528724956,0.724273501333104,34.1153846153846,9.72307692307692,24.3923076923077,15.9961538461538,5.66153846153846,2.61538461538462,11.9538461538462,17.9961538461538,70.5346153846154,68.2461538461538,0.438937241930158,0.352351886763297,0.519170426538014,2.28846153846154,65.5240961538462,1.07599672265703,1.04203114886949,0.555555555555556,0.365,0.857692307692308,1.02412299091544,1.34811087817377,4.2,0.603037852387499,0.303846153846154,0.0692307692307692,0.993781464455142,0.629166666666667,5.8,0.656112381132988,5.12989871492307,1.71240225977778,2,2.55555555555556,0.2,0,"S16","S16 - L",0.617647058823529,0.715367356735088,0.0977202979115589
"535",2016,12,"Arizona","Semifinals - L",0.483785587104171,0.406768840764528,0.730918955384404,39.7020979020979,11.5125097125097,28.1895881895882,14.2872571872572,4.38585858585859,5.18080808080808,12.4750582750583,18.3721056721057,82.2983682983683,72.5169386169386,0.417152317319848,0.335260520535203,0.547419565299024,9.78142968142968,71.3406643356643,1.15457755642817,1.01552646754421,0.330555555555556,0.786666666666667,-0.626029526029526,0.871612477897689,1.15931513322358,3.8,0.598615817480602,0.34024864024864,0.200854700854701,0.96300998987379,0.505555555555556,5.7,0.739917119228255,5.94803498918065,2.4818785717641,3,2.77777777777778,0,0,"R64","R64 - L",0.757575757575758,0.85723817095496,0.0996624133792029
"536",2016,25,"California","Semifinals - L",0.458573228341222,0.380176812171165,0.656134866387608,38.5146464646465,10.5893939393939,27.9252525252525,12.6361111111111,4.25,4.45277777777778,12.0462121212121,21.5972222222222,74.1929292929293,68.1777777777778,0.404544470214257,0.334482837008411,0.526457854090639,6.01515151515151,68.5089482323232,1.08382550951276,0.994851790021341,0.507142857142857,0.825,-1.52121212121212,0.812441861737636,1.07225012858816,7.4,0.622283658178079,0.341161616161616,0.122222222222222,0.970028366041959,0.576785714285714,5.3,0.595821369931979,5.48063892334199,2.7442233264924,0,2.88888888888889,0,0,"R64","R64 - L",0.6875,0.777504524441842,0.0900045244418419
"537",2016,30,"USC","Quarterfinals - L",0.454193185549468,0.376131373878631,0.680297688993341,38.0744366744367,11.4604506604507,26.613986013986,14.2905205905206,5.92750582750583,4.96130536130536,12.0558663558664,17.8686091686092,79.7501165501165,77.9125874125874,0.436115215453854,0.330450344661348,0.513412124919436,1.83752913752914,73.5338613053613,1.08463283708189,1.05943284811897,0.585714285714286,0.655,-1.06534576534577,0.977312016143383,1.18612004222435,4.6,0.581691973769048,0.0975912975912976,0.159440559440559,0.995774152721136,0.571428571428571,3.8,0.505412662192567,4.89783979995091,2.45240863637341,0,2.75,0.2,0,"R64","R64 - L",0.636363636363636,0.702992575872909,0.0666289395092726
"538",2016,38,"Colorado","Quarterfinals - L",0.4077344422305,0.384055883623794,0.742382647621112,41.55,13.4787878787879,28.0712121212121,12.414898989899,5.27146464646465,4.69848484848485,13.2171717171717,19.4002525252525,72.5391414141414,71.0606060606061,0.421949733672478,0.350692518961488,0.468860213858123,1.47853535353535,70.0691957070707,1.03467150716443,1.01429105431165,0.411111111111111,0.775,2.06691919191919,0.84079625036475,0.941705755763058,3.1,0.575495841651565,0.430050505050505,0.161363636363636,0.981859847932146,0.666666666666667,4.8,0.553419976125123,5.70044357339069,0.951427406199413,1,2.88888888888889,0,0,"R64","R64 - L",0.65625,0.673054233107946,0.016804233107946
"539",2016,41,"UConn","Final - W",0.438817471578039,0.35637707297931,0.81228354978355,35.8216666666667,9.35,26.4716666666667,13.255,5.72333333333333,4.71333333333333,10.8866666666667,17.71,70.5633333333333,62.7116666666667,0.381784552777101,0.336663862430711,0.499955765593316,7.85166666666667,66.070325,1.06778514916972,0.949757605823558,0.3875,0.65,-0.861666666666667,1.11394302708072,1.21909291498629,2.5,0.361763859741681,0.268333333333333,0.248333333333333,0.970789323233711,0.625,6.8,0.669782370181862,4.66343909411207,8.95099172508251,11.5,3.33333333333333,0.2,1,"R32","R32 - L",0.705882352941177,0.841181963437466,0.135299610496289
"540",2016,43,"Yale","Did Not Play in Conference Tournament",0.496826597608777,0.394344292423933,0.661789396455188,39.3777777777778,12.129797979798,27.2479797979798,15.6464646464646,5.76717171717172,4.39444444444444,12.6892676767677,17.3864898989899,77.6872474747475,62.2359848484848,0.400265312783019,0.312910295061325,0.559906345766296,15.4512626262626,67.0522058080808,1.15858951577221,0.928205929338832,0.4375,0.683333333333333,3.81060606060606,1.01170203155297,1.23914694606029,3.4,0.659164172224839,0.107070707070707,0.41969696969697,0.981488480493146,0.576785714285714,6.3,0.498920086393089,6.13988455222626,0,0,3.5,0,0,"R32","R32 - L",0.785714285714286,0.872041556929327,0.0863272712150415
"541",2016,62,"Hawai'i","Final - W",0.453344612436375,0.329140221601523,0.698160484873601,37.3921717171717,10.3383838383838,27.0537878787879,15.4858585858586,7.48106060606061,3.60025252525253,13.3954545454545,20.0646464646465,76.5603535353535,66.2065656565657,0.397783948673848,0.30568229826785,0.521763435223858,10.3537878787879,71.1028737373737,1.07681736509819,0.931469739910956,0.561111111111111,0.583333333333333,0.785858585858586,1.0532191916742,1.1621340741884,4.7,0.680168735061678,0.198484848484848,0.159343434343434,0.951835305625161,0.6625,6.1,0.60969867850541,1.79175946922805,0,0,2.66666666666667,0.2,1,"R32","R32 - L",0.84375,0.845160085412288,0.00141008541228849
"542",2016,66,"Iowa State","Quarterfinals - L",0.497931120200481,0.39369634403469,0.716173033368819,34.8770202020202,8.76818181818182,26.1088383838384,15.7232323232323,5.45479797979798,4.19974747474747,11.785101010101,16.1027777777778,79.9689393939394,76.6010101010101,0.441167776356776,0.326183445819273,0.566580284348477,3.36792929292929,70.8852954545455,1.12815071362292,1.0809504160459,0.685714285714286,0.808333333333333,-4.11388888888889,0.995319284125808,1.35960923435349,5.4,0.362187674527524,0.385606060606061,0.05,0.978177053537632,0.507142857142857,7.3,0.751268164585892,4.89783979995091,0.817469545457804,0,3.22222222222222,0.2,0,"S16","S16 - L",0.65625,0.724151015726053,0.0679010157260528
"543",2016,84,"Indiana","Quarterfinals - L",0.479718222108945,0.394514190964296,0.740427832649988,36.6904761904762,11.4888888888889,25.2015873015873,15.1849206349206,6.33015873015873,3.61984126984127,12.9142857142857,18.3626984126984,78.2579365079365,68.4142857142857,0.446970627265789,0.348799435028249,0.563295512849304,9.8436507936508,67.3726468253968,1.16226140853786,1.01533778564734,0.675,0.67,1.68412698412698,0.935597892673364,1.20270698902774,2.6,0.549872568108738,0.325396825396825,0.253174603174603,0.976504162425181,0.3875,7.9,0.6003861003861,6.25190388316589,2.1875,2.33333333333333,2.5,0.2,1,"S16","S16 - L",0.78125,0.875594869822887,0.0943448698228869
"544",2016,87,"Notre Dame","Semifinals - L",0.460031329785131,0.358223510348281,0.74911663216011,35.2782828282828,10.7242424242424,24.5540404040404,12.5050505050505,5.44520202020202,3.64292929292929,9.5760101010101,15.939898989899,74.2133838383838,71.9060606060606,0.430734040343876,0.370472807324761,0.519238330259827,2.30732323232323,64.9566944444445,1.14243120176168,1.10707002318597,0.571428571428571,0.575,-1.38409090909091,1.03270400153016,1.34037672242722,0.6,0.64999379079391,0.339141414141414,0.258585858585859,0.988159264399722,0.571428571428571,3.6,0.665123456790123,6.47543271670409,1.33333333333333,1.4,2.375,0,1,"E8","E8 - L",0.65625,0.683721225675345,0.027471225675345
"545",2016,96,"Kentucky","Final - W",0.48202552945539,0.388974358974359,0.687733838503434,38.4700854700855,12.7200466200466,25.7500388500389,14.8449883449883,5.32688422688423,5.40637140637141,10.2911421911422,20.8172494172494,80.3962703962704,68.667365967366,0.397910356420057,0.335260603934637,0.547587489840876,11.7289044289044,67.4660380730381,1.19248814640867,1.01694313511385,0.423214285714286,0.8,2.34972804972805,1.14849155935817,1.45894819664103,9.8,0.555063541350624,0.124475524475524,0.291064491064491,0.961662897398051,0.435714285714286,6.8,0.781057810578106,6.70196036600254,4.125,6.8,2,0,1,"R32","R32 - L",0.757575757575758,0.843133462482713,0.0855577049069557
"546",2016,107,"Holy Cross","Final - W",0.403894222695398,0.310369748570972,0.679920234651296,30.2967948717949,8.43269230769231,21.8641025641026,13.5487179487179,6.59294871794872,2.41025641025641,10.2967948717949,17.2442307692308,64.6044871794872,69.6576923076923,0.459743736852171,0.362963228993556,0.466926934888865,-5.05320512820513,65.6477275641026,0.98390489372091,1.06104102483199,0.728571428571429,0.346666666666667,2.51346153846154,1.28704034174208,1.31936934432031,2.3,0.582207997708921,0.422435897435897,0.193589743589744,0.987376204736825,0.442857142857143,3.4,0.547206165703276,6.25382881157547,1,0,2.44444444444444,0.2,0,"R64","R64 - L",0.424242424242424,0.330391362446119,-0.0938510617963056
"547",2016,120,"Maryland","Semifinals - L",0.475332733412388,0.364931386347643,0.757052741415291,35.8040404040404,9.16717171717172,26.6368686868687,13.6191919191919,5.66767676767677,5.61893939393939,12.6853535353535,16.9522727272727,74.5199494949495,67.3416666666667,0.404528206334875,0.323132354148877,0.542710084832462,7.17828282828283,67.3545871212121,1.10526827330215,1.00180223425107,0.657142857142857,0.48,-4.30126262626263,0.848357709256605,1.07233574750229,1.6,0.648445878412838,0.370959595959596,0.227777777777778,0.993899753347428,0.428571428571429,4.4,0.617216117216117,6.30444880242198,1.33333333333333,1,2.55555555555556,0,1,"S16","S16 - L",0.75,0.820879874123448,0.0708798741234484
"548",2016,127,"Michigan St","Final - W",0.481479493791434,0.453771112594642,0.75240589668634,40.9613053613054,11.9669774669775,28.9943278943279,20.0777777777778,4.20691530691531,4.84055944055944,11.3760683760684,19.1986790986791,79.3602952602953,64.5689976689977,0.385019720423756,0.311834733893557,0.565632135945998,14.7912975912976,66.6184848484849,1.19172953918234,0.969604454285867,0.375,1,0.33993783993784,0.814948381233936,1.76258955768158,0.7,0.449437918387707,0.233954933954934,0.361305361305361,0.944444332126051,0.6375,7.4,0.713256484149856,6.54391184556479,4.08333333333333,4.08333333333333,2.66666666666667,0,1,"R64","R64 - L",0.848484848484849,0.915797031208653,0.0673121827238046
"549",2016,130,"Michigan","Semifinals - L",0.446262412990441,0.366411406904969,0.746085823675338,31.1989898989899,7.8977466977467,23.3012432012432,14.0568764568765,5.23838383838384,2.01243201243201,9.79549339549339,15.4422688422688,71.7323232323232,70.5970473970474,0.464838166324563,0.342049705033262,0.530794189452974,1.13527583527584,65.77718997669,1.09040592457102,1.07295609709812,0.821428571428572,0.64,0.982672882672883,1.1575493612079,1.42998960816676,1.5,0.744586164242281,0.26969696969697,0.105982905982906,0.995535815535816,0.821428571428572,6,0.616935483870968,6.61338421837956,2.27777777777778,2.5,2.44444444444444,0.2,0,"R64","R64 - L",0.666666666666667,0.763310493024098,0.0966438263574319
"550",2016,150,"Duke","Quarterfinals - L",0.450560262814851,0.386188722363755,0.724691163187724,34.1434343434343,11.0734848484848,23.0699494949495,13.5305555555556,6.11262626262626,3.40631313131313,9.97752525252525,16.564898989899,77.915404040404,72.9651515151515,0.453139139115274,0.329204863939623,0.537407539079712,4.95025252525252,67.0651136363636,1.16112384979998,1.08866537647394,0.754761904761905,0.78,-0.432323232323232,1.16558280763917,1.36784471831439,4.9,0.434878697333405,0.376262626262626,0.102777777777778,0.989997170630084,0.657142857142857,4.7,0.766566265060241,7.19218205871325,4.58064516129032,4.58064516129032,2.25,0.2,0,"S16","S16 - L",0.6875,0.794653813661636,0.107153813661636
"551",2016,153,"North Carolina","Final - W",0.467576820978965,0.294850423075565,0.735333726209185,40.8642857142857,14.4285714285714,26.4357142857143,17.475,6.92738095238095,4.5047619047619,11.0488095238095,18.025,80.1488095238095,69.225,0.403334298487687,0.345207351882849,0.511263761544102,10.9238095238095,70.17325,1.14185337603341,0.987104885244733,0.4,0.38,4.22142857142857,1.1908560410359,1.59066021314223,1.5,0.563016546612121,0.364285714285714,0.241666666666667,0.981596803718119,0.375,7.4,0.78781512605042,6.8596149036542,3.66,4.13636363636364,3,0,0,"Final","Final - L",0.823529411764706,0.863593563763641,0.0400641519989354
"552",2016,161,"Fair Dickinson","Final - W",0.473194578260489,0.376205984984667,0.727378052490053,33.8,10.4136363636364,23.3863636363636,14.4272727272727,6.78636363636364,2.73181818181818,13.1045454545455,21.0818181818182,78.9818181818182,77.05,0.443368933349256,0.351416497633536,0.538033376710149,1.93181818181818,71.8597954545455,1.09939727032788,1.07171713570036,0.657142857142857,0.575,-0.686363636363636,1.13675908378426,1.10082697622743,5.7,0.679183940180283,0.345454545454545,0.0727272727272727,0.971666678984126,0.507142857142857,4.6,0.398506471025695,4.11087386417331,0,0,1.77777777777778,0,0,"First Four","First Four - L",0.5625,0.4878950818796,-0.0746049181203997
"553",2016,183,"Syracuse","Early Round - L",0.42479293392357,0.368548834628191,0.687234857362382,34.8753968253968,11.6698412698413,23.2055555555556,13.7650793650794,7.63730158730159,3.18015873015873,12.4388888888889,16.6833333333333,69.0444444444444,66.4714285714286,0.426989546480951,0.297194310145532,0.50585344611347,2.57301587301587,65.0705317460317,1.06106358014956,1.0215617438336,0.666666666666667,0.875,0.521428571428571,1.07342064400131,1.10743638988776,2.6,0.459336086458534,0.318253968253968,0.121428571428571,1,0.333333333333333,5.1,0.74364896073903,7.17011954344963,2.70967741935484,2.70967741935484,2.57142857142857,0.2,1,"F4","F4 - L",0.59375,0.67448525647088,0.0807352564708795
"554",2016,201,"Oklahoma","Semifinals - L",0.447348719296408,0.415496484686877,0.738868282388332,36.9461111111111,10.56,26.3861111111111,14.0488888888889,7.07777777777778,5.28333333333333,13.1138888888889,16.9911111111111,78.02,72.0627777777778,0.424388301914483,0.368478710002261,0.539798782083221,5.95722222222222,70.7837972222222,1.10184474684256,1.01860521519404,0.683333333333333,0.9,-1.125,1.00548965517241,1.07328490040694,2.4,0.614074830904675,0.523888888888889,0.183333333333333,0.996806562660221,0.516666666666667,4.6,0.613785557986871,6.81892406527552,1.71875,1.66666666666667,2.55555555555556,0,1,"F4","F4 - L",0.774193548387097,0.796286509263955,0.0220929608768587
"555",2016,202,"Tulsa","Quarterfinals - L",0.437542252337483,0.324298461633274,0.683224979888798,35.2666666666667,10.3,24.9666666666667,13.8,6.59166666666667,2.68333333333333,10.7083333333333,16.4833333333333,72.6583333333333,68.85,0.412931364308627,0.356240542619397,0.501781127285758,3.80833333333333,68.4112916666667,1.06182999046638,1.00531246420738,0.375,0.233333333333333,1.8,1.29582177250938,1.28922443229619,2.6,0.563729032191668,0.225,0.0583333333333333,0.977035150813349,0.625,4.8,0.619488087285944,5.91079664404053,0.986536196211594,0,3.44444444444444,0.2,0,"First Four","First Four - L",0.633333333333333,0.66359477753248,0.0302614441991471
"556",2016,204,"Oregon St","Quarterfinals - L",0.435146490009382,0.360094807153631,0.658241578902534,33.5040404040404,10.2323232323232,23.2717171717172,12.9393939393939,7.62525252525252,3.05555555555556,10.8080808080808,20.5878787878788,70.9161616161616,71.389898989899,0.44093328963049,0.339849308255555,0.493723030516138,-0.473737373737374,67.9967575757576,1.04302775571396,1.04982519372718,0.518055555555556,0.58,2.08686868686869,1.28044871794872,1.20591422466422,3.5,0.827866300932319,0.196969696969697,0.0717171717171717,0.955979587704351,0.55,3.7,0.624342074666572,5.63835466933375,0.941064513526216,0,2.33333333333333,0.4,1,"R64","R64 - L",0.612903225806452,0.580494126680471,-0.0324090991259804
"557",2016,218,"Temple","Semifinals - L",0.405497022143748,0.348219802419038,0.651152027561408,36.4572727272727,10.8309090909091,25.6263636363636,13.6336363636364,5.81272727272727,3.22272727272727,9.46,15.3845454545455,67.51,66.0390909090909,0.416950290189727,0.307415265336057,0.473018457074132,1.47090909090909,66.5948181818182,1.01316261064226,0.991162322203039,0.741666666666667,0.71,2.30545454545455,1.2194174301151,1.45111815832746,0.8,0.738540249418797,0.417272727272727,0.05,0.985964044994359,0.5125,4.6,0.649870801033592,6.65286302935335,1,1,2.88888888888889,0.2,0,"R64","R64 - L",0.67741935483871,0.557205398997502,-0.120213955841208
"558",2016,221,"Pitt","Quarterfinals - L",0.443603462659482,0.337409119806733,0.727179926391522,36.1181818181818,12.7060606060606,23.4121212121212,15.5262626262626,5.12727272727273,2.92929292929293,11.820202020202,17.6181818181818,72.1808080808081,69.879797979798,0.46329559576418,0.384003619967409,0.494924479856688,2.3010101010101,66.2222272727273,1.08790753308504,1.05625147891287,0.557142857142857,0.315,3.95050505050505,0.99167506841423,1.31622616559362,1.3,0.675964273114587,0.361616161616162,0.188888888888889,0.988176697854117,0.492857142857143,5.7,0.73444976076555,6.03787091992214,1.6,1.6,3,0.4,0,"R64","R64 - L",0.645161290322581,0.770726375272976,0.125565084950395
"559",2016,222,"Villanova","Final - L",0.464647901430367,0.354805232942013,0.790756345407607,35.4544871794872,8.78141025641026,26.6730769230769,15.9442307692308,6.44166666666667,3.32948717948718,11.550641025641,17.5480769230769,76.8185897435898,65.7551282051282,0.413246528920182,0.340534499808537,0.539509264981783,11.0634615384615,68.2841185897436,1.1250960939201,0.962781711530281,0.6375,0.573333333333333,0.849358974358974,1.16136645962733,1.39810276679842,4.4,0.682788763736317,0.153846153846154,0.196794871794872,0.987603845977219,0.625,7.9,0.650442477876106,6.5206211275587,1.95833333333333,2.15,2.75,0.2,0,"Final","Final - W",0.848484848484849,0.878163879470478,0.0296790309856296
"560",2016,236,"Chattanooga","Final - W",0.448745666092179,0.347283982474292,0.742406137629925,35.6861111111111,10.9638888888889,24.7222222222222,13.6916666666667,7.46111111111111,4.66944444444444,12.125,17.3111111111111,75.3472222222222,66.7361111111111,0.433280796839564,0.317438034188034,0.514941657628289,8.61111111111111,67.5732361111111,1.11417523443555,0.98764414061915,0.431944444444444,0.683333333333333,2.71944444444444,1.17814494273975,1.18079464988198,1.3,0.798307142020728,0.158333333333333,0.130555555555556,0.989982372423199,0.505555555555556,7,0.61383651645565,0,0,0,3.11111111111111,0.2,1,"R64","R64 - L",0.848484848484849,0.8040077917047,-0.0444770567801481
"561",2016,238,"Vanderbilt","Early Round - L",0.453266725874258,0.383540969212274,0.696417706040597,38.334595959596,9.39318181818182,28.9414141414141,14.9512626262626,3.85858585858586,5.46969696969697,12.1474747474747,18.9732323232323,75.4876262626263,69.8065656565657,0.397803863461473,0.300210512575277,0.527408656404453,5.68106060606061,69.6281351010101,1.08447621536679,1.00210762214652,0.816666666666667,0.666666666666667,-5.89949494949495,0.756925085616438,1.23861087328767,7.8,0.438149414828736,0.242929292929293,0.103787878787879,0.93608431501676,0.505555555555556,5.4,0.618439716312057,6.55961523749324,1.5,1.66666666666667,2.5,0,0,"First Four","First Four - L",0.59375,0.808172059541233,0.214422059541233
"562",2016,239,"Baylor","Semifinals - L",0.463502478209222,0.368980443562383,0.726001844260018,35.5109090909091,12.9654545454545,22.5454545454545,15.6709090909091,7.43090909090909,3.99818181818182,13.0909090909091,19.6854545454545,75.3290909090909,71.8454545454545,0.461597288706293,0.389148978397028,0.517005099855504,3.48363636363636,67.4402454545454,1.11842664994668,1.06736962114681,0.448214285714286,0.493333333333333,3.70545454545455,0.996803238866397,1.2165012145749,4.5,0.649438427549684,0.236363636363636,0.130909090909091,0.989284930047656,0.576785714285714,8.7,0.593824228028504,6.04500531403601,2.2,2.2,2.55555555555556,0,1,"R64","R64 - L",0.65625,0.756711859681074,0.100461859681074
"563",2016,245,"Texas A&M","Final - L",0.436617899221905,0.340044027233989,0.694159004991558,38.8166666666667,12.8216666666667,25.995,15.885,6.62,3.695,11.3116666666667,17.4233333333333,74.435,66.04,0.410869499311614,0.335238784692722,0.502435699140784,8.395,67.9426416666667,1.09549053571459,0.9723208705382,0.5625,0.475,4.10166666666667,1.22436363603988,1.43660212361709,1,0.558582487141134,0.418333333333333,0.156666666666667,0.986016274475757,0.625,5.9,0.540229885057471,6.25958146406492,1,0,2.88888888888889,0,1,"S16","S16 - L",0.764705882352941,0.834491304026624,0.0697854216736831
"564",2016,251,"Texas","Quarterfinals - L",0.424772629594702,0.325715594815295,0.686537838244848,32.9216666666667,9.865,23.0566666666667,11.2666666666667,5.21166666666667,3.68166666666667,9.57,20.4483333333333,68.94,67.8866666666667,0.430592496346273,0.341033332439646,0.48534417036805,1.05333333333333,65.6365583333333,1.04941141136083,1.0347527859166,0.519642857142857,0.306666666666667,1.075,1.20957349768386,1.20150310933435,2.7,0.639188606031363,0.295,0.0483333333333333,0.998861283643892,0.589285714285714,4.5,0.731275176863955,5.39362754635236,1.89045896179211,0,3,0.4,1,"R64","R64 - L",0.625,0.626660509373634,0.00166050937363371
"565",2016,254,"Utah","Final - L",0.479107336299428,0.361874090821459,0.706471143076792,35.7111111111111,9.41666666666667,26.2944444444444,15.025,5.62777777777778,3.73611111111111,12.0388888888889,15.3611111111111,74.5111111111111,68.0694444444444,0.417599660729432,0.347523698116956,0.546779805062908,6.44166666666667,67.0151944444444,1.1111098642407,1.01615759580936,0.423214285714286,0.833333333333333,-2.91944444444444,0.897800415800416,1.24980526680527,2,0.754456657287855,0.311111111111111,0.25,0.999273826346365,0.294642857142857,5.5,0.572625462324603,5.27299955856375,1.46680874575955,3,2.55555555555556,0,0,"R32","R32 - L",0.787878787878788,0.805639038097526,0.0177602502187377
"566",2016,258,"Virginia","Final - L",0.48242432603331,0.402584239495234,0.745937761742156,31.0108585858586,8.35378787878788,22.6570707070707,14.0161616161616,5.27929292929293,3.04974747474747,9.72626262626263,16.1469696969697,68.1712121212121,59.9171717171717,0.426367290144546,0.363592573501915,0.542818530625787,8.2540404040404,60.586851010101,1.12494325356173,0.989047009540319,0.25,1,2.04545454545455,1.19083856892176,1.44126296493592,2.6,0.564662025901317,0.354292929292929,0.157828282828283,0.991880756614014,0.625,3.8,0.67579622452316,5.71373280550937,1.71656178035489,1.66666666666667,3.22222222222222,0,0,"E8","E8 - L",0.78125,0.843997487396715,0.0627474873967151
"567",2016,275,"Wisconsin","Early Round - L",0.44037596457938,0.371541896350591,0.698821310702499,32.1038461538462,9.82692307692308,22.2769230769231,11.4923076923077,6.35769230769231,2.62307692307692,10.5884615384615,16.5307692307692,68.6076923076923,64.4230769230769,0.434742798353909,0.381011941130065,0.509775639071518,4.18461538461538,63.2242692307692,1.08477152407267,1.01905560179447,0.614285714285714,0.603333333333333,2.44615384615385,1.17674311926606,1.08601413339945,1.7,0.422222279632137,0.288461538461538,0.0576923076923077,1,0.428571428571429,4.4,0.61383651645565,0,0,0,2.33333333333333,0,0,"S16","S16 - L",0.645161290322581,0.687227506345103,0.0420662160225227
"568",2016,277,"West Virginia","Final - L",0.438908131829807,0.335416589394558,0.673496415040029,38.3111111111111,15.1740481740482,23.1370629370629,13.7160839160839,9.18119658119658,2.52393162393162,13.7259518259518,23.299222999223,76.3799533799534,68.8216783216783,0.433891947123794,0.35936660929432,0.490580693945535,7.55827505827506,70.189,1.08795623528388,0.980392652802248,0.483333333333333,0.516666666666667,9.22626262626263,1.24448003623892,1.02972885523846,5.1,0.706554878267694,0.192307692307692,0.190986790986791,0.964550714945232,0.494444444444444,4.6,0.707142857142857,6.88857245956536,2,2.58333333333333,2.3,0.2,1,"R64","R64 - L",0.757575757575758,0.855723521508781,0.0981477639330229
"569",2016,278,"Fresno St","Final - W",0.429153493428724,0.347956708315158,0.699068163424692,36.1437229437229,11.0207070707071,25.1230158730159,13.1435064935065,8.58845598845599,3.65007215007215,9.97481962481963,21.7251803751804,74.9061327561328,71.3623376623377,0.422512725798171,0.332210465258624,0.488932038071617,3.54379509379509,70.1406240981241,1.06775019437584,1.01778999586266,0.4375,0.45,5.2037518037518,1.47563843039552,1.32209436312675,8.8,0.803468975088679,0.337590187590188,0.0587301587301587,0.926342876096796,0.625,6.7,0.477868910537073,4.90527477843843,0,0,2.63636363636364,0.2,0,"R64","R64 - L",0.735294117647059,0.676374588922793,-0.0589195287242663
"570",2016,314,"Iona","Final - W",0.455518536942895,0.363536777681456,0.721479858766527,37.7183333333333,11.0966666666667,26.6216666666667,16.5388888888889,7.35333333333333,4.35111111111111,12.6733333333333,18.9977777777778,79.2827777777778,71.7705555555556,0.411647866225543,0.352574660633484,0.538291698186448,7.51222222222222,71.379125,1.11085878833616,1.00522506294513,0.576785714285714,0.78,0.487777777777778,1.1157276119403,1.31216329068941,3.2,0.396871402747167,0.147777777777778,0.04,0.970062230278525,0.705357142857143,7.1,0.675944730271175,5.15329159449778,0.860105497408846,1,2.55555555555556,0.2,1,"R64","R64 - L",0.67741935483871,0.692847276709291,0.0154279218705816
"571",2016,350,"UNC Wilmington","Final - W",0.45481972754081,0.351649060806347,0.701768552584416,35.875,11.4,24.475,12.8333333333333,6.625,4.2,11.2666666666667,23.3916666666667,76.5166666666667,71.4833333333333,0.42265574708533,0.33943203374954,0.515860272425751,5.03333333333333,69.3430416666667,1.10341591261695,1.0320413923558,0.487301587301587,0.725,2.76666666666667,1.2416942519966,1.13936723970319,6.5,0.694818321519012,0.441666666666667,0.05,0.993656086901564,0.698412698412698,6.5,0.583877477800707,3.49650756146648,0,0,2.81818181818182,0,0,"R64","R64 - L",0.78125,0.757181877301274,-0.0240681226987257
"572",2016,526,"FGCU","Final - W",0.496231451651166,0.373187772925764,0.644989136571694,38.849025974026,11.0487012987013,27.8003246753247,13.138474025974,6.04448051948052,3.81087662337662,11.0702922077922,18.4563311688312,77.036038961039,70.6912337662338,0.426573009987054,0.337896603077796,0.540150237798726,6.3448051948052,68.3768863636364,1.12749686109185,1.03543349291081,0.385555555555556,0.583333333333333,1.70844155844156,1.00609859887159,1.20962564506254,2.3,0.677867008096752,0.269805194805195,0.193019480519481,0.956577196174773,0.55,8.2,0.576461510620148,5.18178355029209,0,0,2.8,0.2,0,"R64","R64 - L",0.606060606060606,0.725694058742624,0.119633452682018
"573",2016,2031,"Little Rock","Final - W",0.46637916948476,0.411074195285637,0.710330687830688,33.9430303030303,8.91939393939394,25.0236363636364,13.055303030303,6.23075757575758,2.96590909090909,10.5980303030303,18.6380303030303,71.5675757575758,61.6675757575758,0.397197000318476,0.297289495361914,0.541545471384011,9.9,64.6785151515152,1.10674316183747,0.953151141172881,0.494444444444444,0.85,1.30984848484848,1.22775194206715,1.2528676761027,1.6,0.698870082601614,0.270151515151515,0.238787878787879,0.998144322007958,0.494444444444444,6.4,0.61383651645565,0,0,0,2.7,0.4,0,"R32","R32 - L",0.878787878787879,0.870925230922939,-0.00786264786493995
"574",2016,2046,"Austin Peay","Final - W",0.46846051929728,0.352428898459628,0.667115656051074,35.6666666666667,10.675,24.9916666666667,13.785,7.16333333333333,2.755,13.975,17.7916666666667,76.425,76.33,0.458775464753733,0.345302292845885,0.531543504457649,0.095,70.92965,1.07756648250279,1.07618761687939,0.45,0.416666666666667,-0.536666666666667,0.978772466334031,0.98572823496049,3.7,0.64301440126213,0.336666666666667,0.0683333333333333,0.968018665043619,0.629166666666667,3.7,0.511780104712042,6.63987583382654,1,1,1.66666666666667,0,0,"R64","R64 - L",0.514285714285714,0.501033638832878,-0.0132520754528366
"575",2016,2084,"Buffalo","Final - W",0.447523916246026,0.345539532263706,0.708984393215311,39.008547008547,11.6399572649573,27.3685897435897,12.7970085470085,6.59978632478632,3.62264957264957,13.7149572649573,21.2938034188034,77.6848290598291,74.8899572649573,0.431435202081826,0.338349995247491,0.514774934679838,2.7948717948718,72.0148760683761,1.07867382204576,1.03966761958712,0.630555555555556,0.49,0.0354700854700855,0.923638635227841,0.942475637181409,7.3,0.555072100331588,0.229273504273504,0.0878205128205128,0.965363222466185,0.494444444444444,4,0.61383651645565,0,0,0,1.9,0.2,1,"R64","R64 - L",0.588235294117647,0.586007934370276,-0.00222735974737098
"576",2016,2086,"Butler","Quarterfinals - L",0.443730341662215,0.405955238118802,0.730727764118175,34.4333333333333,10.7083333333333,23.725,13.225,6.55833333333333,3.45,10.6833333333333,19.7666666666667,76.2833333333333,71.7666666666667,0.449472803260551,0.349950174447237,0.509535586382906,4.51666666666667,68.8781666666667,1.1067379658033,1.04238284111093,0.385714285714286,0.673333333333333,4.43333333333333,1.2571446258496,1.24278500303151,4.9,0.50794303216862,0.208333333333333,0.191666666666667,0.980810261938225,0.3,6,0.527104431926619,4.89034912822175,0.81621932163185,1,3.75,0.2,0,"R32","R32 - L",0.666666666666667,0.799981223251102,0.133314556584435
"577",2016,2132,"Cincinnati","Quarterfinals - L",0.411055691858939,0.335454058325575,0.702822097033692,39.0428571428571,13.5,25.5428571428571,14.7642857142857,7.9,5.82857142857143,10.5857142857143,15.9571428571429,70.5571428571429,63.2714285714286,0.395846738752983,0.357582823059149,0.471082455459233,7.28571428571429,66.5370357142857,1.06112816966776,0.950853029413524,0.5,0.4,5.49285714285714,1.3636915478004,1.43653002815861,2.1,0.604895533500579,0.428571428571429,0.135714285714286,0.973029303927105,0.5,6,0.641379490168806,5.98393628068719,1.28409878759896,1.4,2.44444444444444,0.2,0,"R64","R64 - L",0.6875,0.841660617011098,0.154160617011098
"578",2016,2168,"Dayton","Semifinals - L",0.453857461742516,0.348248067799703,0.676146053886195,38.6896464646465,9.63989898989899,29.0497474747475,14.6166666666667,5.83257575757576,4.19191919191919,12.3376262626263,18.5863636363636,72.9315656565657,65.5527777777778,0.403220852906466,0.332654490742074,0.517004944246905,7.37878787878788,69.2106275252525,1.05461651490204,0.947477466713881,0.557142857142857,0.641666666666667,1.22676767676768,1.02037561308748,1.22049171167815,4.4,0.743018662463852,0.374494949494949,0.167676767676768,0.958366044729681,0.571428571428571,7.1,0.649279227247008,4.92725368515721,1.64475768701178,2,2.27272727272727,0,0,"R64","R64 - L",0.78125,0.762849059062116,-0.0184009409378845
"579",2016,2250,"Gonzaga","Final - W",0.479571232521049,0.378782593058802,0.777178475307587,39.3761904761905,10.3166666666667,29.0595238095238,13.975,5.02976190476191,3.14642857142857,10.6880952380952,17.475,80.2583333333333,66.7678571428571,0.403652684826258,0.292990033997849,0.551870299762312,13.4904761904762,67.9396904761905,1.18170576998986,0.983748039838461,0.7625,0.66,0.0666666666666667,0.943186462800671,1.31192075330971,2.3,0.474398939556457,0.323809523809524,0.373809523809524,0.990749307378484,0.705357142857143,8,0.809611829944547,6.29526600143965,1.625,1.625,3,0,0,"S16","S16 - L",0.787878787878788,0.88432243376441,0.0964436458856222
"580",2016,2261,"Hampton","Final - W",0.415397939856144,0.315542716138545,0.668747855308492,42.22,14.48,27.74,12.51,5.06,3.71,14.13,20.61,75.41,71.95,0.417284947748722,0.312981446526403,0.475128680643414,3.46,72.91395,1.03454053425575,0.986774757011115,0.4375,0.433333333333333,3.04,0.885201417904454,0.886439204845972,3.4,0.732545269424897,0.44,0.2,0.960889030573176,0.7375,5.3,0.520329945589493,5.27811465923052,0.880938978730703,1,3,0.2,0,"R64","R64 - L",0.666666666666667,0.509855364766911,-0.156811301899756
"581",2016,2294,"Iowa","Early Round - L",0.437377657081415,0.372551508462104,0.711168531287284,37.7538461538462,11.9769230769231,25.7769230769231,14.6461538461538,6.74230769230769,4.07307692307692,10.2692307692308,16.0192307692308,75.6115384615385,69.0576923076923,0.424107670736109,0.317414027792925,0.501101127937048,6.55384615384615,68.0536730769231,1.11104359679521,1.0149872091268,0.452380952380952,0.833333333333333,2.8,1.23617072580468,1.43203801729259,1.4,0.345570067873851,0.273076923076923,0.0961538461538462,0.997308842375053,0.43015873015873,5.9,0.579298831385643,6.39692965521615,1,1,2.77777777777778,0,0,"R32","R32 - L",0.67741935483871,0.803552244026335,0.126132889187625
"582",2016,2305,"Kansas","Final - W",0.487053169445049,0.416446537725508,0.7046350164165,37.7666666666667,10.5766666666667,27.19,14.94,6.17166666666667,3.98,13.0816666666667,19.3466666666667,79.2666666666667,69.0566666666667,0.399642159182913,0.330208739251292,0.562545683023832,10.21,69.5767083333333,1.13779423240735,0.992823090607756,0.6825,0.713333333333333,-1.35333333333333,0.981041077573924,1.1715032550799,2.4,0.810651198505125,0.123333333333333,0.213333333333333,0.995893039918117,0.6025,4.9,0.753369272237197,6.61069604471776,2.88235294117647,3.16666666666667,2.81818181818182,0,0,"E8","E8 - L",0.882352941176471,0.885227077118427,0.00287413594195618
"583",2016,2390,"Miami","Semifinals - L",0.460692640375704,0.342530503575994,0.736567763415589,33.089898989899,9.69292929292929,23.3969696969697,12.1494949494949,6.17373737373737,3.62929292929293,10.4747474747475,15.9606060606061,71.3363636363636,67.0444444444445,0.439412868201109,0.338372343115022,0.522291818299198,4.29191919191919,64.2156767676768,1.11058879910888,1.04380639070688,0.494444444444444,0.566666666666667,-0.104040404040404,1.09818127680564,1.16404329806368,2.9,0.678118200867402,0.197979797979798,0.0909090909090909,0.976727563230718,0.666666666666667,3.5,0.598204264870932,6.79346613258001,2.25,3,3.11111111111111,0,1,"S16","S16 - L",0.774193548387097,0.784298363776479,0.0101048153893827
"584",2016,2393,"MTSU","Final - W",0.454478100331042,0.394892439399166,0.602532596937911,36.4083333333333,10.9388888888889,25.4694444444444,13.1888888888889,6.32777777777778,3.35,11.4833333333333,20.325,73.5805555555556,69.0166666666667,0.439561947940401,0.357583222449983,0.525951684704337,4.56388888888889,68.2269722222222,1.07830422586088,1.01157909109043,0.4875,0.623333333333333,4.01666666666667,1.18182497013142,1.16544703305456,3.7,0.859126360588215,0.294444444444444,0.0944444444444444,0.940879209353899,0.625,4.8,0.599627560521415,6.28785856016178,1,1,2.1,0.2,1,"R32","R32 - L",0.727272727272727,0.665032244086359,-0.0622404831863687
"585",2016,2427,"UNC Asheville","Final - W",0.452265656018851,0.332984724565731,0.698342298342298,37.2714285714286,12.174025974026,25.0974025974026,12.0168831168831,10.0993506493506,3.42337662337662,12.4909090909091,16.6422077922078,75.5597402597403,68.4077922077922,0.425429506160374,0.296691365342818,0.504087908013559,7.15194805194805,69.6742402597403,1.08598867378821,0.983189653885801,0.485714285714286,0.566666666666667,4.89285714285714,1.35169326835212,0.962656411818459,3.4,0.262799967514398,0.36038961038961,0.0811688311688312,0.938769928297668,0.571428571428571,4.6,0.540327652221363,4.15888308335967,0,0,2.22222222222222,0,1,"R64","R64 - L",0.666666666666667,0.778056221265884,0.111389554599218
"586",2016,2460,"Northern Iowa","Final - W",0.437766614820709,0.359364164939678,0.769529201665109,30.027380952381,5.35833333333333,24.6690476190476,11.347619047619,5.68928571428571,2.85595238095238,9.06428571428571,14.4261904761905,64.7357142857143,60.0916666666667,0.411128111902237,0.329684829985884,0.511060723525737,4.64404761904762,62.0210535714286,1.04307361750806,0.96873911004886,0.576785714285714,0.655,-0.826190476190476,1.30487516869096,1.26685222672065,2.5,0.720015517430768,0.363095238095238,0.128571428571429,0.996449041978274,0.717857142857143,4.8,0.65053409383361,5.71373280550937,1.58940905588415,1.66666666666667,3.375,0.2,0,"R32","R32 - L",0.647058823529412,0.701723747962719,0.0546649244333071
"587",2016,2483,"Oregon","Final - W",0.467551679149339,0.35957826790343,0.720011220247949,35.4222222222222,11.7277777777778,23.6944444444444,13.325,7.29166666666667,5.69166666666667,10.9222222222222,18.3916666666667,79.2555555555556,70.7638888888889,0.439166932268232,0.376595728275118,0.527935392764319,8.49166666666667,68.9768888888889,1.14917525994229,1.02617558156901,0.7,0.61,3.74722222222222,1.25437742159774,1.23298180586896,3.2,0.52277458388655,0.152777777777778,0.169444444444444,0.994471715755026,0.285714285714286,6.8,0.639855942376951,6.72623340235875,1.18181818181818,1.66666666666667,1.85714285714286,0,0,"E8","E8 - L",0.818181818181818,0.802887258682833,-0.0152945594989848
"588",2016,2507,"Providence","Semifinals - L",0.403845269958023,0.315834157712207,0.732306787770659,36.3126984126984,11.6325396825397,24.6801587301587,15.6277777777778,6.59761904761905,3.39444444444444,12.3944444444444,17.5730158730159,72.7103174603175,71.35,0.437173169769091,0.310847325985345,0.470920622591246,1.36031746031746,70.9723888888889,1.02492069039739,1.00516490964668,0.785714285714286,0.203333333333333,2.58095238095238,1.18397321741218,1.26801841865677,3.8,0.698265569068447,0.349206349206349,0.0658730158730159,0.984320890419858,0.571428571428571,3.4,0.579498291628471,5.6937321388027,0.950307240247463,1,2.375,0,0,"R32","R32 - L",0.696969696969697,0.656943707955682,-0.0400259890140154
"589",2016,2509,"Purdue","Final - L",0.473635044508601,0.379081274921722,0.733605705406843,39.2415584415584,11.5675324675325,27.674025974026,17.3233044733045,3.87474747474747,3.9988455988456,11.411038961039,17.1689033189033,76.7349206349206,67.8751082251082,0.419481362801109,0.328596552885531,0.540029101827532,8.85981240981241,66.9182117604618,1.14666764676331,1.01501965885945,0.5225,0.833333333333333,0.711544011544012,0.754330956540901,1.52069068643654,1,0.584307230689705,0.270707070707071,0.148051948051948,0.990174623467651,0.6225,8.5,0.645332065623785,5.90808293816893,1.47912490136173,1.57142857142857,2.6,0,1,"R64","R64 - L",0.764705882352941,0.884734377094106,0.120028494741165
"590",2016,2550,"Seton Hall","Final - W",0.450394791137633,0.352393983116905,0.670394973578385,40.060101010101,12.5325757575758,27.5275252525253,13.6353535353535,7.08737373737374,4.725,13.8037878787879,19.0608585858586,75.0962121212121,70.1194444444444,0.400289038634688,0.320601625724004,0.505749733434311,4.97676767676768,70.871601010101,1.059622867611,0.98932770936329,0.371428571428571,0.766666666666667,-0.672222222222222,0.937783437087342,0.991497830598,5.4,0.701451507731414,0.241919191919192,0.025,0.998841416474211,0.428571428571429,3.8,0.502922091461154,5.55295958492162,0,0,2.125,0,1,"R64","R64 - L",0.75,0.746762659245947,-0.00323734075405346
"591",2016,2571,"S Dakota St","Final - W",0.448331360262256,0.348855517884488,0.746773739411999,37.0701298701299,10.6961038961039,26.374025974026,11.0422077922078,4.27142857142857,2.04220779220779,10.7792207792208,19.3603896103896,75.462987012987,68.2623376623377,0.427422369608791,0.336433566433566,0.510777692767564,7.20064935064935,67.4518344155844,1.119208306317,1.01193159251947,0.501587301587302,0.466666666666667,2.70454545454545,1.03935447747715,1.03725661958603,3.7,0.761134296020554,0.253246753246753,0.116883116883117,0.963253268825929,0.720634920634921,3.8,0.51782088219422,5.76832099579377,0.962756426319518,1,2.6,0.2,1,"R64","R64 - L",0.787878787878788,0.785372198263667,-0.0025065896151204
"592",2016,2582,"Southern","Final - W",0.442037648365009,0.3384348591469,0.68278117426746,36.3224358974359,10.1938034188034,26.1286324786325,10.8931623931624,7.43589743589744,3.37350427350427,10.6683760683761,19.0147435897436,72.358547008547,67.9758547008547,0.412858947115867,0.31215983593701,0.49315905985529,4.38269230769231,68.4502606837607,1.05712170622738,0.993034315820943,0.423214285714286,0.7,0.896581196581197,1.21122391639828,1.02700617283951,1.6,0.705598183829981,0.247435897435897,0.195299145299145,0.985139027564666,0.692857142857143,2.5,0.592606607884579,4.88280192258637,0.814959662065137,1,2.33333333333333,0.2,0,"First Four","First Four - L",0.647058823529412,0.64608874891745,-0.000970074611961746
"593",2016,2603,"Saint Joseph's","Final - W",0.463948520863428,0.335070636213947,0.711246926702526,38.165811965812,9.87863247863248,28.2871794871795,15.4666666666667,5.28269230769231,2.75897435897436,9.76260683760684,15.8702991452991,78.8596153846154,70.4448717948718,0.42718980710769,0.314543898523588,0.524507866059647,8.41474358974359,70.1721431623932,1.12389910174633,1.00391730483389,0.625,0.4,3.00042735042735,1.21568300522298,1.59938041669058,2.6,0.718524198296791,0.199145299145299,0.174145299145299,0.990262981281123,0.375,7.8,0.5859375,6.46302945692067,1.66666666666667,1.66666666666667,2.875,0.2,0,"R32","R32 - L",0.794117647058823,0.758779638498056,-0.0353380085607673
"594",2016,2617,"SF Austin","Final - W",0.508200164095631,0.396120229343105,0.738904663361102,35.7078282828283,11.5979797979798,24.1098484848485,19.4343434343434,8.68257575757576,3.40378787878788,12.6664141414141,20.0343434343434,82.9464646464646,60.8156565656566,0.422743983370094,0.301885222154804,0.579646760466438,22.1308080808081,69.1159482323232,1.20062120763188,0.879801553528022,0.378571428571429,0.75,7.34318181818182,1.42842114407332,1.53374864266169,1.2,0.699604791557686,0.0621212121212121,0.717424242424242,0.998923594801941,0.576785714285714,11.3,0.805448192526911,4.24849524204936,0.709091276205592,1,2.44444444444444,0.2,0,"R32","R32 - L",0.84375,0.936964647520224,0.0932146475202245
"595",2016,2619,"Stony Brook","Final - W",0.475162356287924,0.373577877806734,0.675757273500415,38.975,11.95,27.025,15.4791666666667,6.45416666666667,4.39583333333333,11.1833333333333,16.225,76.0666666666667,61.8458333333333,0.395387907438377,0.318947791116035,0.533287669203037,14.2208333333333,67.2376666666667,1.13215597412624,0.921293970926085,0.570833333333333,0.75,4.475,1.18940648723257,1.39230550426203,1.6,0.672410241594419,0.05,0.320833333333333,0.978525260364879,0.6625,6.6,0.530401162628274,5.75574221358691,0,0,2.9,0.2,0,"R64","R64 - L",0.8125,0.891333432389852,0.0788334323898524
"596",2016,2641,"Texas Tech","Early Round - L",0.441591069556473,0.357627727002136,0.753800617896944,32.6187878787879,10.15,22.4687878787879,12.760404040404,6.08575757575758,4.13686868686869,11.9806060606061,18.6368686868687,70.8540404040404,71.9033333333333,0.442772948151146,0.376621853687258,0.506151540943774,-1.04929292929293,66.3329419191919,1.06805223898045,1.08493028448651,0.425,0.616666666666667,-1.19757575757576,1.01873408930402,1.0668299675979,1.9,0.500550455398769,0.322121212121212,0.100909090909091,0.98031187229907,0.5125,4.2,0.671660424469413,6.68710860786651,2.55882352941176,0,2.33333333333333,0.2,0,"R64","R64 - L",0.6,0.598066659912792,-0.00193334008720836
"597",2016,2670,"VCU","Final - L",0.462605988136142,0.350563202461758,0.689205936920223,37.6527777777778,12.1361111111111,25.5166666666667,14.2777777777778,8.13888888888889,4.05277777777778,11.0277777777778,19.0138888888889,78.3444444444444,67.6,0.437906642757362,0.324480867180358,0.524400201946131,10.7444444444444,70.1109861111111,1.11902409575055,0.963531300254966,0.556944444444444,0.65,5.85277777777778,1.31289622231871,1.30535694183111,3.9,0.486749581381339,0.227777777777778,0.252777777777778,0.981328228536026,0.730555555555556,6.3,0.614919056453654,4.18965474202643,0,0,2.7,0.2,0,"R32","R32 - L",0.727272727272727,0.831504709817411,0.104231982544684
"598",2016,2692,"Weber St","Final - W",0.475531739231772,0.355823801620181,0.669993912231884,36.8583333333333,8.3042735042735,28.5540598290598,13.1662393162393,4.78846153846154,3.33119658119658,13.3589743589744,17.9747863247863,74.6502136752137,66.0162393162393,0.415861003869075,0.335707104862559,0.555105415352719,8.63397435897436,69.0753344017094,1.08057933049266,0.955624754889013,0.377777777777778,0.566666666666667,-3.5982905982906,0.824395351025786,0.998417403852186,1.1,0.676573541312996,0.379487179487179,0.111965811965812,0.974526490609414,0.666666666666667,3.3,0.635115426393133,5.65948221575962,0.944590787654981,1,2.1,0.2,0,"R64","R64 - L",0.764705882352941,0.820027095518413,0.0553212131654722
"599",2016,2724,"Wichita St","Semifinals - L",0.445652955772962,0.330916614141522,0.718227745767385,37.9767676767677,11.2,26.7767676767677,14.6487373737374,7.22777777777778,4.14040404040404,9.48282828282828,19.849494949495,74.1416666666667,57.3441919191919,0.367720954183241,0.30678069322135,0.511408503088689,16.7974747474747,65.8808547979798,1.12577559540231,0.870398918240534,0.56,0.33,8.39343434343434,1.63291488058788,1.57992957746479,1.7,0.346691962748935,0.20479797979798,0.535606060606061,0.988393879888725,0.45,8.4,0.714542190305206,6.32435896238131,1.68181818181818,2.875,3,0.2,0,"R32","R32 - L",0.75,0.911213556339854,0.161213556339854
"600",2016,2739,"Green Bay","Final - W",0.45023494667212,0.348122212931996,0.674389065871569,38.6373015873016,12.6980158730159,25.9392857142857,14.3797619047619,9.33253968253968,4.82857142857143,11.8853174603175,19.3333333333333,84.4130952380952,79.7194444444444,0.44653373447205,0.369312627947939,0.507864799255992,4.69365079365079,76.8300138888889,1.09919380415655,1.03780542046936,0.48,0.516666666666667,5.09444444444444,1.36909568175096,1.23750739426205,4.6,0.578097073340348,0.237698412698413,0.0964285714285714,0.998982188295165,0.745,6.5,0.61383651645565,0,0,0,2.4,0,1,"R64","R64 - L",0.657142857142857,0.64881336485352,-0.00832949228933721
"601",2016,2752,"Xavier","Semifinals - L",0.45470662052912,0.356316499108188,0.727990663364512,40.5388888888889,12.5111111111111,28.0277777777778,16.6527777777778,7.49166666666667,2.99722222222222,12.7416666666667,20.475,81.7194444444444,73.4416666666667,0.415450995807285,0.307102883123614,0.524519084523352,8.27777777777778,73.0343055555556,1.11869853928775,1.00505324414638,0.648214285714286,0.46,2.28888888888889,1.0864230807627,1.33093141659179,4.5,0.560283710600392,0.0944444444444444,0.136111111111111,0.982191308771762,0.717857142857143,6.9,0.649248024005099,5.32787616878958,1.95633763317432,2.2,2.66666666666667,0.2,0,"R32","R32 - L",0.838709677419355,0.812406604972765,-0.02630307244659
"602",2016,2934,"Bakersfield","Final - W",0.45281952044542,0.345960272291039,0.648732167645221,38.963036963037,12.1193806193806,26.8436563436563,15.744955044955,8.20549450549451,5.00869130869131,11.6110889110889,21.4906093906094,73.8146853146853,61.4333666333666,0.379147170893203,0.302176432603114,0.503570950962146,12.3813186813187,68.7562937062937,1.07270676489699,0.893479378285949,0.320833333333333,0.8,4.58681318681319,1.3491169710417,1.36001450759515,2.4,0.545352936247,0.163436563436563,0.338561438561439,0.982767427157525,0.494444444444444,5.7,0.48502994011976,6.21860011969173,1.66666666666667,0,2.11111111111111,0,0,"R64","R64 - L",0.741935483870968,0.829326645676048,0.0873911618050806
"603",2017,8,"Arkansas","Final - L",0.460293117981347,0.364383307786188,0.750109263749481,34.4692307692308,10.6320512820513,23.8371794871795,13.3397435897436,7.29807692307692,4.25192307692308,11.1262820512821,20.6653846153846,78.9275641025641,76.0057692307692,0.429907693840301,0.331355786529539,0.518441551818215,2.92179487179487,70.4958141025641,1.11916534202062,1.07865330357672,0.4375,0.541666666666667,-0.173076923076923,1.18305238709897,1.21930405110376,3.4,0.702127622354963,0.223717948717949,0.106410256410256,1,0.625,6.2,0.650862068965517,6.14203740558736,1.57142857142857,1,2.88888888888889,0.2,0,"R32","R32 - L",0.727272727272727,0.691161413810011,-0.0361113134627167
"604",2017,12,"Arizona","Final - W",0.480450732796923,0.412545066873425,0.765196803196803,36.0496392496392,9.96659451659452,26.0830447330447,14.1637085137085,5.19906204906205,2.79401154401154,11.0335497835498,16.5210678210678,77.9707792207792,67.8403318903319,0.429297070933501,0.309511610184897,0.548922593536961,10.1304473304473,66.6774790764791,1.16932118952185,1.01746836748721,0.575,0.74,1.48607503607504,1.03036981113987,1.28884814495255,1,0.658005420204303,0.162914862914863,0.119480519480519,0.952390865421384,0.6125,6.1,0.740384615384615,6.0330862217988,2.33333333333333,2.6,1.88888888888889,0.4,0,"S16","S16 - L",0.882352941176471,0.843386520145006,-0.038966421031465
"605",2017,26,"UCLA","Semifinals - L",0.504361779482051,0.388468148378779,0.76691911285062,38.5555555555556,9.90444444444445,28.6511111111111,20.3022222222222,5.82,4.64666666666667,11.1222222222222,16.6822222222222,88.0088888888889,76.26,0.429184752485736,0.364393248423449,0.575231851414168,11.7488888888889,74.1576666666667,1.18669216063101,1.02838353129098,0.6625,0.75,-0.688888888888889,1.02507280865771,1.84306023004136,2.6,0.772572572817662,0.224444444444444,0.228888888888889,0.989083801826357,0.65,7.8,0.646551724137931,6.54678541076052,1.66666666666667,3,2.375,0.2,1,"S16","S16 - L",0.878787878787879,0.880913724325438,0.00212584553755935
"606",2017,30,"USC","Quarterfinals - L",0.453154368280444,0.360869877181002,0.738854283919865,33.5222222222222,10.1244444444444,23.3977777777778,15.5511111111111,7.36666666666667,4.53555555555556,11.1822222222222,15.4466666666667,77.1977777777778,75.4266666666667,0.456592942450644,0.395012308571485,0.522390728289227,1.77111111111111,70.0749777777778,1.10169315401111,1.07609579648948,0.6125,0.49,1.26888888888889,1.1747954855325,1.39314119072868,2.5,0.577478010551958,0.337777777777778,0.233333333333333,0.966256948277064,0.625,5,0.524513926242632,5.12396397940326,1.71042119639231,1,2.55555555555556,0.2,0,"R32","R32 - L",0.727272727272727,0.68981062414363,-0.037462103129097
"607",2017,52,"Florida St","Semifinals - L",0.467618119839045,0.344782229965157,0.679224030037547,36.9866666666667,12.2133333333333,24.7733333333333,14.37,6.99333333333333,5.06333333333333,11.44,19.57,80.02,73.3133333333333,0.431090222142034,0.364601160222726,0.5227438619468,6.70666666666667,71.4891333333333,1.11701293625682,1.02765634101585,0.413333333333333,0.5,3.78,1.21891916944753,1.26348973607038,1.1,0.605590305862685,0.27,0.233333333333333,0.995329895544096,0.606666666666667,5,0.546285714285714,6.77536609093639,1.57142857142857,1.5,2.25,0.2,1,"R32","R32 - L",0.757575757575758,0.83244670575124,0.0748709481754827
"608",2017,55,"J'Ville St","Final - W",0.445498152696703,0.352804232804233,0.732534475363807,36.6222222222222,10.6875,25.9347222222222,13.9729166666667,4.33333333333333,4.24791666666667,13.4368055555556,17.6069444444444,69.0493055555556,65.625,0.403383143884296,0.344782667684028,0.518649961331086,3.42430555555556,64.9369131944444,1.06387323477104,1.01028406484031,0.5,0.366666666666667,-1.73194444444444,0.820094922071393,1.03806294620412,5.6,0.40949412878879,0.264583333333333,0.0805555555555555,0.982014814814815,0.516666666666667,3.3,0.587204367407622,5.03695260241363,0.840688042599687,0,1.77777777777778,0,0,"R64","R64 - L",0.588235294117647,0.58283675672094,-0.00539853739670693
"609",2017,57,"Florida","Quarterfinals - L",0.444880571874911,0.367547603052482,0.723061283974972,37.6324786324786,10.8824786324786,26.75,12.7106837606838,7.35897435897436,4.32905982905983,12.0307692307692,18.9209401709402,77.7286324786325,66.6260683760684,0.402519630471744,0.292820606503471,0.514396783605798,11.1025641025641,70.9286987179487,1.09656009259955,0.939442848498136,0.618055555555556,0.68,3.00555555555556,1.19810928419951,1.05731958100379,1.8,0.491242152140035,0.261965811965812,0.227350427350427,0.972589581090961,0.494444444444444,5.4,0.679398868628583,5.18178355029209,0,0,2.88888888888889,0.2,0,"E8","E8 - L",0.75,0.856169679216264,0.106169679216264
"610",2017,66,"Iowa State","Final - W",0.473688198235597,0.420307977995455,0.712124101615313,31.1923076923077,7.84807692307692,23.3442307692308,15.9378205128205,8.20448717948718,3.82307692307692,10.1391025641026,15.9416666666667,79.9230769230769,75.0634615384615,0.455915626342887,0.367459921608785,0.563266197245568,4.85961538461538,70.4709006410257,1.13406882948059,1.06573860931335,0.618055555555556,0.98,-0.502564102564102,1.39675248993431,1.57800583997108,2.6,0.627417615539756,0.417307692307692,0.0717948717948718,0.989181539500101,0.741666666666667,7.1,0.735863958101068,5.12989871492307,1.71240225977778,3,3.33333333333333,0.2,1,"R32","R32 - L",0.696969696969697,0.782303376769978,0.0853336798002812
"611",2017,77,"Northwestern","Semifinals - L",0.430679418664738,0.315258567930334,0.75300706005404,34.902380952381,10.35,24.552380952381,13.5111111111111,5.05396825396825,4.13174603174603,10.3246031746032,18.35,68.0087301587302,65.5436507936508,0.414299237192905,0.349392191065778,0.489361510966582,2.46507936507937,64.6431111111111,1.0516326984798,1.01494534180603,0.448214285714286,0.36,0.247619047619048,1.09693496758835,1.30529363509144,4,0.544023506403191,0.306349206349206,0.223015873015873,0.968773786344444,0.423214285714286,6.3,0.531235304220714,4.58496747867057,0,0,2.77777777777778,0,0,"R32","R32 - L",0.666666666666667,0.719181830120774,0.0525151634541074
"612",2017,87,"Notre Dame","Final - L",0.451713233686912,0.379748506428342,0.777304736186124,31.9930014430014,8.73982683982684,23.2531746031746,14.6006493506494,7.00656565656566,3.51536796536797,9.56183261183261,14.7344155844156,75.2234487734488,70.7931457431457,0.454064854946256,0.340905490606089,0.529449853343497,4.43030303030303,67.1784754689755,1.11949376208277,1.05406592494,0.576190476190476,0.741666666666667,0.947619047619048,1.33138072253913,1.52893813075911,0.4,0.686191014986773,0.337590187590188,0.0357142857142857,0.999266581632653,0.657142857142857,5.5,0.665204678362573,6.52941883826223,1.46153846153846,1.54545454545455,2.75,0.2,1,"R32","R32 - L",0.735294117647059,0.788490857721659,0.0531967400746004
"613",2017,94,"N Kentucky","Final - W",0.46263240225323,0.360114246854811,0.68572426548808,35.9849206349206,9.97301587301587,26.0119047619048,13.6769841269841,6.09761904761905,2.60079365079365,13.0293650793651,16.8563492063492,75.7801587301587,72.2103174603175,0.445699036623995,0.331032494236151,0.540764516583277,3.56984126984127,69.6742658730159,1.08699059613166,1.03616068287797,0.641269841269841,0.56,0.134126984126984,0.949740691958511,1.04972207195553,2.2,0.743603594573654,0.296031746031746,0.0285714285714286,0.98527474566281,0.441269841269841,5.3,0.438988935185197,3.49650756146648,0,0,1.90909090909091,0,0,"R64","R64 - L",0.696969696969697,0.651213283832378,-0.0457564131373194
"614",2017,96,"Kentucky","Final - W",0.470684716913854,0.354226181800789,0.706983932385994,39.0433566433566,11.4472727272727,27.5960839160839,13.6334265734266,5.51398601398601,4.54867132867133,12.3848951048951,19.5636363636364,82.2029370629371,71.4022377622378,0.436269376363321,0.311918924687593,0.529242462852928,10.8006993006993,73.0448531468532,1.12514695429809,0.978005493462139,0.364285714285714,0.566666666666667,3.24629370629371,1.08617359952286,1.1058143039332,4.3,0.6172018377508,0.159440559440559,0.282377622377622,0.986930881375418,0.576785714285714,4.9,0.779740871613663,6.74523634948436,3.94117647058824,5.83333333333333,2,0.2,1,"E8","E8 - L",0.852941176470588,0.881848805607278,0.0289076291366901
"615",2017,97,"Louisville","Quarterfinals - L",0.465364625844979,0.372974162214145,0.679184225067071,38.2571428571429,12.55,25.7071428571429,13.3928571428571,6.55714285714286,4.85,10.8214285714286,19.6642857142857,78.3642857142857,69.0928571428571,0.414041725305577,0.324910873964224,0.525944886819567,9.27142857142857,68.6938571428572,1.14220123252439,1.00613347223999,0.375,0.6,4.53571428571429,1.16352014102665,1.23721959112795,3.5,0.612130969816522,0.314285714285714,0.292857142857143,0.943329622797286,0.25,7,0.739821251241311,6.91572344863131,4.025,3.45833333333333,2.9,0,1,"R32","R32 - L",0.75,0.857827542382708,0.107827542382708
"616",2017,116,"Mount St Mary","Final - W",0.470701464225979,0.365726054867268,0.667027209146749,31.4577272727273,8.09939393939394,23.3583333333333,11.4574242424242,6.46242424242424,3.95840909090909,12.9181060606061,16.8429545454545,70.7675757575758,66.0200757575758,0.442663561580604,0.338312520812521,0.537492068516313,4.7475,67.7406022727273,1.04569981414191,0.974789001684154,0.671428571428571,0.555,-1.2119696969697,1.14813401131346,0.887394074084627,1.4,0.565429549787385,0.415454545454545,0.02,0.993050076588364,0.657142857142857,6.2,0.515620916870674,4.85981240436167,0.811122617208417,1,3,0.2,0,"R64","R64 - L",0.558823529411765,0.489367862519014,-0.0694556668927506
"617",2017,120,"Maryland","Quarterfinals - L",0.45350742987198,0.381709170917092,0.682982416468567,34.9428571428571,10.3,24.6428571428571,14.9357142857143,5.43571428571429,4.59285714285714,12.35,18.5214285714286,72.5785714285714,69.6285714285714,0.423613017847048,0.35502039662345,0.530482129570695,2.95,67.0244642857143,1.08303288601067,1.03930597269597,0.577922077922078,0.642857142857143,-2.71428571428571,0.946213730271294,1.21516167233754,2.4,0.594995913233821,0.228571428571429,0.0785714285714286,0.988889278468479,0.568831168831169,4.9,0.625429553264605,6.36818718635049,1.57142857142857,2,2.54545454545455,0,1,"R64","R64 - L",0.75,0.727842930466255,-0.0221570695337446
"618",2017,127,"Michigan St","Quarterfinals - L",0.466347877975614,0.38642836913865,0.699834594512215,35.5033333333333,9.28,26.2233333333333,16.04,4.40333333333333,4.39,13.9966666666667,20.1966666666667,71.55,68.73,0.420367420278308,0.345935119980408,0.540808738347878,2.82,67.6613,1.05649982751423,1.01647658326177,0.6,0.975,-3.9,0.761511592695088,1.15659687763283,3.2,0.42685813366526,0.233333333333333,0.17,0.972324742275685,0.777777777777778,3.9,0.718792866941015,6.59304453414244,3.92105263157895,3.92105263157895,2.36363636363636,0.2,1,"R32","R32 - L",0.575757575757576,0.629093518861794,0.0533359431042177
"619",2017,130,"Michigan","Final - W",0.489496887484365,0.38415854978355,0.762389398425794,28.4179487179487,7.02307692307692,21.3948717948718,13.3888888888889,6.10769230769231,2.81538461538462,9.37350427350427,15.5051282051282,74.9564102564103,67.5307692307692,0.47163969604839,0.377020202020202,0.576619262828992,7.42564102564103,64.1086752136752,1.16934498142797,1.05319633830965,0.971428571428571,0.663333333333333,1.14017094017094,1.39532978491464,1.42724872740371,4.1,0.482818301285567,0.335042735042735,0.196581196581197,1,0.657142857142857,6.2,0.617948717948718,6.66057514983969,2.15,2.25,3,0,0,"S16","S16 - L",0.685714285714286,0.810498129259414,0.124783843545128
"620",2017,135,"Minnesota","Semifinals - L",0.432307002934395,0.342845388044451,0.720763927639989,39.461038961039,11.5162337662338,27.9448051948052,14.5357142857143,5.45324675324675,7.14025974025974,11.188961038961,16.7324675324675,74.6857142857143,71.3428571428571,0.409103576437256,0.318312702110957,0.479855555116387,3.34285714285714,70.9015357142857,1.05118269137641,1.00605075220908,0.514285714285714,0.475,-0.131168831168831,1.08136363636364,1.28420653907496,5.3,0.634042133925756,0.300649350649351,0.0214285714285714,0.992817043050797,0.571428571428571,4.8,0.533295250489524,4.90527477843843,0,0,2.5,0.2,0,"R64","R64 - L",0.727272727272727,0.719633006362991,-0.00763972090973652
"621",2017,150,"Duke","Final - W",0.476608850681663,0.385080526862586,0.77087458611924,34.5468253968254,9.71507936507937,24.831746031746,13.0218253968254,5.41230158730159,4.20436507936508,11.3738095238095,18.5638888888889,79.6289682539683,72.8063492063492,0.446935897759167,0.291894073309983,0.553144078151295,6.82261904761905,68.448371031746,1.16312845669209,1.06426103688392,0.821428571428572,0.66,-2.06825396825397,0.958149641577061,1.16022849462366,3.8,0.591411075378112,0.351587301587302,0.0873015873015873,0.976127775333328,0.657142857142857,4.7,0.76466275659824,7.21890970761906,4.53125,4.53125,2.375,0,1,"R32","R32 - L",0.771428571428571,0.830025103580038,0.0585965321514665
"622",2017,153,"North Carolina","Semifinals - L",0.468765294882207,0.367874255844344,0.707302116049618,42.3433333333333,15.7311111111111,26.6122222222222,18.1544444444444,6.38555555555556,3.17222222222222,11.1155555555556,17.7233333333333,82.9533333333333,72.2322222222222,0.43053121497475,0.360865890212514,0.524023578655167,10.7211111111111,70.1423888888889,1.18249603099033,1.0312098753369,0.333333333333333,0.85,8.35444444444444,1.12205018226142,1.64451529194408,2.9,0.716759870841035,0.107777777777778,0.242222222222222,0.940614736166222,0.344444444444444,5.3,0.789314516129032,6.90073066404517,3.76923076923077,4.33333333333333,2.54545454545455,0,0,"Final","Final - W",0.794117647058823,0.883670586756827,0.0895529396980037
"623",2017,155,"North Dakota","Final - W",0.483543479419698,0.410255289358837,0.744761410228632,36.275,9.36666666666667,26.9083333333333,14.7583333333333,8.19166666666667,3.06666666666667,13.5666666666667,20.8666666666667,80.7583333333333,72.0083333333333,0.430986814074197,0.337341059443695,0.544775841346437,8.75,73.4703333333333,1.09963467756628,0.979493408778708,0.494444444444444,0.816666666666667,0.875,1.1242084788741,1.08983760535794,5.3,0.659347665900126,0.425,0.233333333333333,0.97629792085851,0.655555555555556,4.6,0.464999175294406,5.42934562895444,0,0,2.55555555555556,0.2,0,"R64","R64 - L",0.7,0.751694787675445,0.0516947876754449
"624",2017,156,"Creighton","Final - L",0.492830295283531,0.383679225344671,0.688391185534043,35.1678571428571,8.35714285714286,26.8107142857143,16.6857142857143,5.70714285714286,2.58333333333333,12.8452380952381,16.9488095238095,79.1940476190476,72.5404761904762,0.438655556100159,0.332462164512742,0.564002984759989,6.65357142857143,72.4256785714286,1.09234520819216,1.00188093140366,0.576785714285714,0.425,-1.48333333333333,1.0612987012987,1.30147186147186,1.7,0.599336331642391,0.19047619047619,0.161904761904762,0.998259697644439,0.564285714285714,8.4,0.588235294117647,6.20253551718792,1,1,3.5,0,1,"R64","R64 - L",0.735294117647059,0.797417335454739,0.0621232178076805
"625",2017,163,"Princeton","Final - W",0.45324421079899,0.374981346343883,0.755501605877953,32.3357753357753,8.26092796092796,24.0748473748474,13.4205128205128,7.24554334554335,3.69023199023199,9.4978021978022,14.8230769230769,70.5520146520146,58.0206349206349,0.41394074018766,0.341484184914842,0.542464481919941,12.5313797313797,63.3230757020757,1.11401661827154,0.915545596690947,0.8,0.795,4.71135531135531,1.47020783373301,1.41865707434053,1.8,0.797703606541961,0.240781440781441,0.137362637362637,0.994552781175793,0.4875,6.3,0.639704869738059,5.01063529409626,0,0,3,0.2,0,"R64","R64 - L",0.793103448275862,0.852305099419832,0.0592016511439701
"626",2017,166,"New Mexico St","Final - W",0.467590567327409,0.322796073216521,0.70965540387526,40.8674458874459,13.3835497835498,27.4838961038961,15.4326406926407,4.68294372294372,3.50199134199134,12.9217316017316,18.1141125541126,79.8341125541126,67.6505627705628,0.420634072080381,0.286584272966824,0.531786905098605,12.1835497835498,69.5034012987013,1.14893006725213,0.973309118303377,0.419047619047619,0.5,3.44034632034632,1.00139919223116,1.21266519169661,3.7,0.716759870841035,0.115930735930736,0.287359307359307,0.992441846303739,0.580952380952381,7,0.616254323270903,0,0,0,2.44444444444444,0.4,1,"R64","R64 - L",0.848484848484849,0.853726951542217,0.00524210305736872
"627",2017,197,"Oklahoma St","Quarterfinals - L",0.464459373067231,0.409020357031005,0.818396809347264,35.2982905982906,12.5700854700855,22.7282051282051,14.6461538461538,6.38846153846154,2.44102564102564,12.3880341880342,21.042735042735,81.9811965811966,77.6149572649573,0.470597967355203,0.356717032788416,0.54536058588132,4.36623931623932,69.6002115384616,1.17694959453744,1.11641306590687,0.516666666666667,0.725,2.85769230769231,1.02853900385474,1.19140418949077,5.4,0.466672724590551,0.398717948717949,0.0905982905982906,0.992568275026131,0.629166666666667,4.4,0.808359022654968,4.64439089914137,0.775167884684083,0,2.4,0,0,"R64","R64 - L",0.625,0.732921622739809,0.107921622739809
"628",2017,222,"Villanova","Final - W",0.493128316001698,0.361284240379153,0.796113663945564,32.3618326118326,8.62467532467532,23.7371572871573,14.2125541125541,7.58845598845599,3.13737373737374,11.382683982684,14.2002164502165,76.5069264069264,63.158658008658,0.41687583122998,0.327256413319265,0.572521002879916,13.3482683982684,65.0747204184704,1.17557013226937,0.970511850497254,0.671428571428571,0.683333333333333,0.752597402597403,1.20733780167322,1.24883610193601,0.6,0.649898833490446,0.14963924963925,0.260966810966811,0.97978626434072,0.571428571428571,6.8,0.662952646239554,6.57786135772105,2.69230769230769,3,3.14285714285714,0.2,0,"R32","R32 - L",0.911764705882353,0.912104090730003,0.000339384847649615
"629",2017,227,"Rhode Island","Final - W",0.445901945743021,0.337818303849187,0.650992903150312,37.3245532245532,11.4389277389277,25.8856254856255,13.5975912975913,5.98974358974359,6.19370629370629,11.4979020979021,20.491452991453,72.7177156177156,65.0592851592852,0.402991443319791,0.281552770473387,0.503841114706643,7.65843045843046,67.989695027195,1.0697433228798,0.956974559469997,0.347619047619048,0.8,2.22548562548563,1.1241169289907,1.18522544283414,1.6,0.571075336345909,0.255011655011655,0.158430458430458,0.970983214609122,0.698412698412698,3.8,0.545029057555564,5.23644196282995,0,0,2.8,0,0,"R32","R32 - L",0.727272727272727,0.794453856094578,0.067181128821851
"630",2017,238,"Vanderbilt","Semifinals - L",0.429456387330983,0.365717199557669,0.776462348469475,34.3202797202797,7.53146853146853,26.7888111888112,12.2102097902098,4.06853146853147,3.7551048951049,11.8661538461538,16.6516083916084,70.2086713286713,67.0654545454545,0.412825022496208,0.311954708396248,0.523364066358081,3.14321678321678,66.554106993007,1.05375283883773,1.00684430105906,0.914285714285714,0.679047619047619,-4.29468531468531,0.879910010343639,1.03079431482971,3.6,0.571075336345909,0.241678321678322,0.169370629370629,0.994507667296454,0.714285714285714,6.2,0.702799081575065,5.15905529921453,0.861067483359265,0,2.66666666666667,0,0,"R64","R64 - L",0.558823529411765,0.620592810503268,0.0617692810915036
"631",2017,239,"Baylor","Quarterfinals - L",0.454447623081849,0.345253018285355,0.70234080548898,37.7794871794872,13.4623931623932,24.317094017094,14.5645299145299,4.57991452991453,4.04871794871795,14.2401709401709,18.7491452991453,69.4807692307692,65.4722222222222,0.413282157591505,0.331503865021086,0.514985444522046,4.00854700854701,64.1171794871795,1.08287208243174,1.02063627973269,0.444444444444444,0.375,-0.853846153846154,0.70910303030303,1.0316987012987,4,0.580499414040134,0.42991452991453,0.0961538461538462,0.950840285260489,0.698412698412698,2.5,0.597802197802198,6.12249280951439,2,2,2.9,0,1,"S16","S16 - L",0.78125,0.835803129912294,0.054553129912294
"632",2017,258,"Virginia","Quarterfinals - L",0.448106426356731,0.390946506939761,0.712156961632463,32.1797202797203,8.82867132867133,23.351048951049,13.5024475524476,5.28391608391608,3.81608391608392,9.43286713286713,16.5479020979021,65.6685314685315,58.9433566433566,0.414225314186289,0.312014952031027,0.518173073044032,6.72517482517483,60.9698881118881,1.07725002499989,0.96407381506327,0.488888888888889,0.8,4.31958041958042,1.30103842159917,1.42897196261682,3.3,0.500161763205355,0.204895104895105,0.199300699300699,0.992693983198853,0.655555555555556,4.9,0.688257928313028,5.82894561761021,1.94574984856542,2,2.7,0.2,0,"R32","R32 - L",0.6875,0.878655349283381,0.191155349283381
"633",2017,259,"Virginia Tech","Quarterfinals - L",0.486878893464259,0.40215873015873,0.745291812553621,30.1052447552448,6.42272727272727,23.6825174825175,14.1318181818182,3.69475524475524,2.57307692307692,12.3055944055944,16.4293706293706,76.6972027972028,77.5136363636364,0.464276063075473,0.392833536196357,0.573763824283405,-0.816433566433566,68.8257167832168,1.11411439173368,1.12687238168977,0.7,0.74,-5.97517482517483,0.882231234478891,1.15993050548746,2.8,0.643808602557035,0.45944055944056,0.121678321678322,0.957995965631282,0.842857142857143,2.8,0.600086012916511,5.73009978297357,2.10402972819505,0,3,0.4,0,"R64","R64 - L",0.6875,0.666798871155801,-0.0207011288441992
"634",2017,261,"Vermont","Final - W",0.521457629018494,0.385909646746859,0.681692891418369,34.0279761904762,8.55238095238095,25.4755952380952,13.4946428571429,5.2922619047619,4.97916666666667,11.0940476190476,15.7059523809524,74.7607142857143,60.6696428571429,0.413169042463651,0.313919134657595,0.578126362474379,14.0910714285714,64.5570178571429,1.15863039925809,0.939084849189187,0.338888888888889,0.725,1.12738095238095,1.14662911407338,1.24098442845346,1.6,0.721001890292673,0.131547619047619,0.250595238095238,0.971447426222357,0.5625,6.6,0.633117319915934,5.15905529921453,0.861067483359265,1,3.4,0,0,"R64","R64 - L",0.852941176470588,0.875856045907605,0.0229148694370169
"635",2017,269,"Marquette","Quarterfinals - L",0.483393451388505,0.443973485846819,0.760532817265441,32.7230769230769,8.87692307692308,23.8461538461538,16.0884615384615,6.40769230769231,3.69615384615385,12.2153846153846,19.6,81.0653846153846,77.3692307692308,0.468666983704883,0.37567587822014,0.580571105634282,3.69615384615385,69.9008846153846,1.15961888214078,1.10782948561524,0.555555555555556,0.98,-1.67307692307692,0.988907101911943,1.31850524482016,6.5,0.421868331071313,0.315384615384615,0.196153846153846,0.984291769446559,0.677777777777778,6.4,0.540340102332659,4.18965474202643,0,0,3,0.2,1,"R64","R64 - L",0.612903225806452,0.740882862612165,0.127979636805713
"636",2017,275,"Wisconsin","Final - L",0.435136183640317,0.358105045492142,0.622152226167928,35.6035714285714,12.1964285714286,23.4071428571429,12.4059523809524,6.825,3.4202380952381,10.5714285714286,16.022619047619,69.0654761904762,62.5785714285714,0.419851709565438,0.394136236125515,0.496495139112474,6.48690476190476,64.7118511904762,1.06718659964082,0.96700037872595,0.604761904761905,0.681666666666667,5.725,1.22786955021013,1.17158401317232,1.7,0.717370643157037,0.233333333333333,0.18452380952381,0.992257538712306,0.507142857142857,3.3,0.635307159011433,3.17805383034795,1.59129064623204,3,3.1,0,0,"S16","S16 - L",0.735294117647059,0.850778627751946,0.115484510104887
"637",2017,277,"West Virginia","Final - L",0.439517817052379,0.357833294320041,0.693470515812664,36.3699300699301,13.4854545454545,22.8844755244755,15.5541258741259,8.95706293706294,4.49496503496503,13.0993006993007,21.0201398601399,77.060979020979,69.2738461538462,0.437086773392402,0.3689091085868,0.501640598806834,7.78713286713287,71.2194146853147,1.07980697989775,0.973239907443349,0.65,0.5,7.9,1.40361497527667,1.21667172121498,1.5,0.532441783752796,0.36041958041958,0.116923076923077,0.972079219006207,0.5,7,0.708374384236453,6.92362862813843,1.95454545454545,2.35714285714286,2.8,0.2,1,"S16","S16 - L",0.764705882352941,0.911329197853646,0.146623315500705
"638",2017,302,"UC Davis","Final - W",0.431102419720538,0.341888042495832,0.659871716189372,36.4287878787879,10.66,25.7687878787879,11.5263636363636,6.13181818181818,3.75969696969697,13.6912121212121,19.0139393939394,69.7681818181818,66.7742424242424,0.413925600577425,0.310565473391147,0.484671906104888,2.99393939393939,69.6747621212121,1.00121543720993,0.95825787262532,0.49047619047619,0.491666666666667,0.840606060606061,1.03988468930173,0.844539824898569,6,0.739038472498214,0.347272727272727,0.115454545454545,0.977719118426567,0.56984126984127,3.3,0.485523385300668,6.10924758276437,3,0,2.7,0.2,0,"R64","R64 - L",0.647058823529412,0.56120495172388,-0.0858538718055322
"639",2017,314,"Iona","Final - W",0.463662488417326,0.420199275362319,0.768900422742978,36.2428571428571,9.78095238095238,26.4619047619048,15.6809523809524,7.12380952380952,2.98571428571429,12.602380952381,18.6583333333333,82.9404761904762,78.3440476190476,0.441049999402305,0.368447785991719,0.547752144885497,4.59642857142857,73.8724166666667,1.12246461337572,1.06032629982559,0.6875,0.78,-1.36190476190476,1.06961246762856,1.25421657927973,1.5,0.666792349311505,0.155952380952381,0.114285714285714,0.976886216569939,0.75,8,0.675542474443964,5.32787616878958,0.8892443787156,1,2.77777777777778,0.2,0,"R64","R64 - L",0.647058823529412,0.640555782192864,-0.00650304133654755
"640",2017,350,"UNC Wilmington","Final - W",0.477666908575379,0.373921574784605,0.693683669108006,36.1802308802309,11.7782106782107,24.4020202020202,16.3401875901876,6.17561327561328,3.49191919191919,9.71991341991342,19.4665945165945,84.2715728715729,75.0079365079365,0.476340417442554,0.340611111111111,0.566526100376889,9.26363636363636,70.0975238095238,1.20236957463299,1.07047953821769,0.657142857142857,0.725,6.56630591630592,1.36938978119276,1.68951561100814,3.4,0.56879600474642,0.208369408369408,0.117460317460317,0.998114999424427,0.835714285714286,6.3,0.64792018779193,4.18965474202643,0.699270555485258,1,3.1,0,0,"R64","R64 - L",0.852941176470588,0.803488055688134,-0.0494531207824547
"641",2017,526,"FGCU","Final - W",0.491026331636136,0.307974419163447,0.712217348186155,37.2083928571429,11.7266071428571,25.4817857142857,13.7316071428571,6.09089285714286,3.43517857142857,11.0016071428571,18.5617857142857,79.52875,70.7721428571429,0.425912713925513,0.330455123315535,0.539393715839131,8.75660714285714,68.6682035714286,1.15753342601314,1.0291437057256,0.373863636363636,0.1,1.72625,1.17375431599,1.24978221613684,1.8,0.627121538227372,0.403214285714286,0.105,0.979905281527897,0.617045454545455,3.9,0.579761147514642,5.36129216570943,0.894821645618727,1,2.90909090909091,0.2,1,"R64","R64 - L",0.787878787878788,0.829422087546589,0.0415432996678007
"642",2017,2083,"Bucknell","Final - W",0.492458166619667,0.395183485136719,0.684701197073326,35.3714285714286,8.99226190476191,26.3791666666667,15.0083333333333,6.78333333333333,3.93392857142857,13.0964285714286,18.475,77.9547619047619,66.2327380952381,0.420358797703753,0.322733507601929,0.572763260918516,11.7220238095238,69.6037261904762,1.12053678417543,0.952136490931766,0.521428571428571,0.96,-0.0773809523809524,1.03865631551363,1.14960730361327,1.6,0.556039828994967,0.131547619047619,0.308928571428571,0.993706684687533,0.507142857142857,8.8,0.57699682927361,3.46573590279973,0,0,2.45454545454545,0,1,"R64","R64 - L",0.764705882352941,0.794116338817161,0.0294104564642201
"643",2017,2086,"Butler","Quarterfinals - L",0.466900485686956,0.351284439084825,0.752588516675196,32.6307692307692,9.04615384615385,23.5846153846154,12.391452991453,6.34529914529915,2.74102564102564,10.2376068376068,19.1059829059829,74.8666666666667,70.0957264957265,0.451012186901948,0.34774685033394,0.534401282603463,4.77094017094017,66.4431068376068,1.12680997212136,1.05515501186361,0.5,0.425,2.54188034188034,1.25488213467205,1.21455291207392,4.1,0.605114871385166,0.294017094017094,0.0752136752136752,0.99849157350242,0.5125,6.3,0.550676142727869,5.11198778835654,0.853211722803909,1,3.11111111111111,0,0,"S16","S16 - L",0.741935483870968,0.769054709500099,0.0271192256291309
"644",2017,2132,"Cincinnati","Final - L",0.435042179250186,0.348633362274042,0.704763068472746,36.1734265734266,12.4134265734266,23.76,15.3903496503497,7.17678321678322,4.61314685314685,9.71468531468532,16.1874125874126,71.8703496503497,60.1222377622378,0.393612950466883,0.346141405524528,0.504200922736262,11.7481118881119,63.8284881118881,1.12363128926449,0.942239696895838,0.65,0.475,6.07972027972028,1.39045088253721,1.61269946205198,0.6,0.635569759399434,0.153986013986014,0.219300699300699,0.99488909844119,0.6625,6.4,0.643356643356643,6.06378520868761,1.25,1.33333333333333,2.6,0,0,"R32","R32 - L",0.852941176470588,0.902621953882285,0.0496807774116971
"645",2017,2168,"Dayton","Quarterfinals - L",0.469421031457479,0.405113386705427,0.703994264279115,34.1923076923077,8.4,25.7923076923077,16.1153846153846,7.53846153846154,4.00769230769231,12.2384615384615,18.9153846153846,76.4038461538462,67.5615384615385,0.419200023887524,0.316976874590931,0.546556308369899,8.84230769230769,69.1689423076923,1.10518146492537,0.976023536973752,0.466666666666667,0.95,0.242307692307692,1.15951269451269,1.32320911820912,0.6,0.642179899803723,0.238461538461538,0.173076923076923,0.949233172800122,0.505555555555556,6.3,0.667929798047027,5.14166355650266,1.4302745503141,1.66666666666667,3.1,0.2,1,"R64","R64 - L",0.774193548387097,0.822203642032499,0.0480100936454022
"646",2017,2193,"ETSU","Final - W",0.498495172908316,0.376231209060492,0.722056959411752,35.5095238095238,9.45,26.0595238095238,13.9833333333333,8.73809523809524,5.18333333333333,15.1666666666667,20.0119047619048,79.722619047619,70.0797619047619,0.416965834052589,0.364685217257823,0.564799580653031,9.64285714285714,71.9263452380952,1.10890524227189,0.974670004765307,0.413888888888889,0.833333333333333,0.514285714285714,1.04374354517288,0.924254149271968,1.5,0.596423141754838,0.254761904761905,0.18452380952381,0.993718592964824,0.55,7.1,0.646636683435915,3.61091791264422,0,0,2.5,0,0,"R64","R64 - L",0.794117647058823,0.826189682487377,0.0320720354285532
"647",2017,2250,"Gonzaga","Final - W",0.53354097525314,0.371997299030261,0.734426198672009,39.6584415584416,8.19090909090909,31.4675324675325,15.675974025974,6.7474025974026,4.57402597402597,10.7512987012987,15.7779220779221,84.362987012987,59.5383116883117,0.364905197640467,0.308824779836016,0.590849256439564,24.8246753246753,70.1598376623377,1.20246876324723,0.848470521301233,0.492857142857143,0.708333333333333,0.377272727272727,1.1238256521534,1.45941365158734,2.2,0.624241254654969,0.0142857142857143,0.641558441558442,0.990815801628157,0.564285714285714,11.3,0.807625649913345,6.35957386867238,1.70588235294118,1.70588235294118,3.125,0.2,1,"Final","Final - L",0.96969696969697,0.972541136407072,0.00284416671010201
"648",2017,2305,"Kansas","Quarterfinals - L",0.473916938340429,0.402085826986549,0.692868544624061,37.5521367521368,11.757264957265,25.7948717948718,15.3064102564103,6.66623931623932,4.15811965811966,13.4307692307692,16.8649572649573,80.6038461538461,74.4017094017094,0.432727748691099,0.35744175283724,0.547756126256309,6.20213675213675,71.2898611111111,1.13026040144288,1.04455207646949,0.621428571428571,0.715,-0.498717948717949,0.984564665471924,1.15534722222222,4.3,0.725169298721942,0.493162393162393,0.0384615384615385,0.982233389677357,0.705357142857143,4.2,0.758974358974359,6.66057514983969,2.88888888888889,3.15384615384615,2.71428571428571,0,0,"E8","E8 - L",0.875,0.812972101649306,-0.0620278983506937
"649",2017,2306,"Kansas St","Semifinals - L",0.446879490800024,0.351526920635492,0.697777830547113,31.1070512820513,9.25576923076923,21.8512820512821,14.2525641025641,7.52884615384615,3.38589743589744,13.1589743589744,18.2871794871795,70.1038461538461,71.0102564102564,0.448592064797667,0.410588235294118,0.512864964610201,-0.906410256410256,67.4596923076923,1.0387736538645,1.05276146434357,0.754761904761905,0.36,-0.109615384615385,1.12955786568172,1.08138875650344,3.5,0.516261167192157,0.407051282051282,0.0724358974358974,0.993927042160738,0.342857142857143,4.7,0.652246256239601,6.40025744530882,1.95,1,2.5,0,1,"R64","R64 - L",0.606060606060606,0.681335814720318,0.075275208659712
"650",2017,2309,"Kent State","Final - W",0.430073567802597,0.321718492490088,0.718356855292905,38.7455128205128,13.6160256410256,25.1294871794872,12.1864102564103,6.17307692307692,3.72435897435897,12.9474358974359,19.2738461538462,76.1411538461539,74.2838461538462,0.442083682296429,0.339728125409944,0.487077918047181,1.85730769230769,71.4189692307692,1.06495748764631,1.0393938427829,0.6125,0.36,3.64730769230769,1.03588694542452,0.9406407465367,4.1,0.645589020787356,0.456153846153846,0.112435897435897,0.981174089743213,0.7375,4.7,0.601329249433903,5.12396397940326,0,0,2.5,0,0,"R64","R64 - L",0.628571428571429,0.663374629843134,0.0348032012717053
"651",2017,2390,"Miami","Quarterfinals - L",0.442387119239431,0.355463424243814,0.715035717289226,33.9594405594406,10.2041958041958,23.7552447552448,11.9073426573427,5.77062937062937,3.73671328671329,12.4412587412587,15.2545454545455,66.5636363636364,66.0968531468531,0.43840640924503,0.347119994281093,0.504687078464725,0.466783216783217,63.705243006993,1.04419970794963,1.03886366225742,0.564285714285714,0.625,-0.129020979020979,0.892289889019017,0.956771094752105,1.3,0.586568972238051,0.331818181818182,0.121678321678322,0.976866965872268,0.705357142857143,3.2,0.60475161987041,6.83195356556585,2.35714285714286,3,2.375,0,1,"R64","R64 - L",0.65625,0.719285631717289,0.0630356317172892
"652",2017,2393,"MTSU","Final - W",0.492927617736129,0.365214122262177,0.733172985669545,36.0205128205128,10.1412393162393,25.8792735042735,15.2771367521368,6.5767094017094,2.86517094017094,10.5598290598291,17.8816239316239,75.3057692307692,62.2371794871795,0.412873350096009,0.314002830780893,0.549494261793647,13.0685897435897,65.6620096153846,1.14692700567891,0.947707491478052,0.485714285714286,0.483333333333333,4.4792735042735,1.23858559570986,1.46824737288303,1,0.681208055586634,0.192521367521368,0.18482905982906,0.996847318127921,0.585714285714286,8.4,0.606643356643357,6.35088571671474,1,1,2.55555555555556,0,0,"R32","R32 - L",0.882352941176471,0.865977987239041,-0.0163749539374296
"653",2017,2428,"NC Central","Final - W",0.455703106919578,0.342720132354139,0.690034820131261,39.1512987012987,12.1935064935065,26.9577922077922,14.1415584415584,6.16753246753247,3.36623376623377,11.4779220779221,15.8006493506494,75.2136363636364,62.2292207792208,0.390426015940819,0.286417384462367,0.523875312611465,12.9844155844156,67.1125064935065,1.12138065295879,0.927814862208538,0.492857142857143,0.316666666666667,2.38636363636364,1.15987508912622,1.25202766937815,1.7,0.412830156653364,0.20974025974026,0.269480519480519,0.995567737314748,0.564285714285714,6.5,0.578748086645018,5.40267738187228,0.901729007890082,1,3.125,0,0,"First Four","First Four - L",0.757575757575758,0.866120253318194,0.108544495742437
"654",2017,2440,"Nevada","Final - W",0.44963767853114,0.380012272637452,0.720055224163623,39.1742424242424,11.0430303030303,28.1312121212121,16.1863636363636,5.78969696969697,4.01848484848485,10.6454545454545,17.2530303030303,81.1109090909091,71.4039393939394,0.422946731192285,0.320334637493355,0.529473597986988,9.7069696969697,71.3027560606061,1.13781801349487,1.00169794811818,0.576190476190476,0.625,3.0969696969697,1.09828965328965,1.51781326781327,4,0.653365911176512,0.185454545454545,0.115454545454545,0.979935775612347,0.492857142857143,5.4,0.625624770954203,3.66356164612965,0,0,2.77777777777778,0.2,0,"R64","R64 - L",0.823529411764706,0.788829902703542,-0.0346995090611637
"655",2017,2483,"Oregon","Final - L",0.496337802399179,0.413015789440694,0.707142857142857,34.2209523809524,8.87642857142857,25.3445238095238,16.6545238095238,6.78166666666667,6.26976190476191,10.895,15.832380952381,79.2709523809524,64.71,0.411652815644508,0.315338326668349,0.584457149105458,14.5609523809524,67.3633904761905,1.17699244960916,0.96103757670758,0.771428571428571,0.94,0.512857142857143,1.24023754023754,1.52667887667888,3.1,0.634348934992413,0.25047619047619,0.386904761904762,0.985352877130192,0.571428571428571,8.6,0.647531572904707,6.77078942390898,1.33333333333333,2,2.66666666666667,0,1,"F4","F4 - L",0.852941176470588,0.895945914360086,0.0430047378894979
"656",2017,2507,"Providence","Quarterfinals - L",0.446296396399163,0.363956603505784,0.673978931681896,33.5873015873016,9.10555555555556,24.481746031746,13.6880952380952,6.4031746031746,2.76587301587302,12.8063492063492,18.0785714285714,70.2849206349206,69.4555555555556,0.448127608127608,0.334621264872393,0.51381487227592,0.829365079365079,67.9351904761905,1.03513352967877,1.02247656766424,0.504166666666667,0.641666666666667,-0.0515873015873016,1.02000167433489,1.06830248603849,3.4,0.581640868347725,0.36984126984127,0.0357142857142857,0.98861398981083,0.65,4,0.58996760175579,5.80513496891649,0.968900829383789,1,2.22222222222222,0,0,"First Four","First Four - L",0.625,0.641707909836394,0.0167079098363945
"657",2017,2509,"Purdue","Quarterfinals - L",0.468441913412846,0.401256839207494,0.791225128960943,36.7428571428571,9.27857142857143,27.4642857142857,16.6571428571429,5.13571428571429,2.32857142857143,12.8071428571429,16.2428571428571,77.4142857142857,69.3071428571428,0.426603974804587,0.322056514913658,0.546107398087603,8.10714285714286,69.5561785714286,1.11255271575003,0.997338886129886,0.826984126984127,0.913333333333333,-1.62142857142857,0.871532055946317,1.29714730374323,3.5,0.619457473997609,0.414285714285714,0.214285714285714,0.995430768426008,0.56984126984127,7.3,0.654228855721393,5.99893656194668,1.44444444444444,1.5,2.88888888888889,0,1,"S16","S16 - L",0.78125,0.874596394351203,0.0933463943512026
"658",2017,2550,"Seton Hall","Semifinals - L",0.438022767997957,0.328107424248118,0.663967422746225,39.1918803418803,13.2123931623932,25.9794871794872,12.8397435897436,6.81538461538462,2.46837606837607,13.3222222222222,17.9021367521368,71.3367521367521,70.5982905982906,0.440475515437593,0.356962035673376,0.49439327107905,0.738461538461539,68.1586666666667,1.04648679053278,1.03613754630092,0.428571428571429,0.366666666666667,2.67692307692308,0.870141798691241,0.968516561032914,2.6,0.601479544432152,0.456410256410256,0.161965811965812,0.985328994110895,0.428571428571429,3.6,0.527269931424135,5.67675380226828,0.947473486262786,1,2.85714285714286,0.2,0,"R64","R64 - L",0.65625,0.617551823783733,-0.0386981762162673
"659",2017,2567,"SMU","Final - W",0.482371407272717,0.414728335991494,0.709459882881666,36.83,10.8611111111111,25.9688888888889,16.7466666666667,5.99333333333333,3.37,10.0533333333333,13.64,75.9244444444444,60.7444444444444,0.384317047543998,0.328410326086957,0.564767360895199,15.18,63.2559333333333,1.19996405121197,0.960350757409193,0.807142857142857,0.875,2.63444444444444,1.15565734490518,1.68980116636819,1.8,0.673188751570352,0.207777777777778,0.318888888888889,0.990683885640026,0.657142857142857,12.7,0.580472867792778,5.66296048013595,0,0,3,0,0,"R64","R64 - L",0.882352941176471,0.918170299999698,0.0358173588232278
"660",2017,2571,"S Dakota St","Final - W",0.481085663594611,0.374629556387653,0.756701075587087,36.3641711229947,9.69001782531194,26.6741532976827,13.9222816399287,4.66381461675579,2.36292335115865,11.6383244206774,17.9727272727273,82.2666666666667,78.0413547237077,0.453851541599104,0.375435007664173,0.562313068394809,4.225311942959,70.2383841354724,1.17115219964969,1.11052883298392,0.6225,0.673333333333333,-1.00035650623886,0.936050394656952,1.22187310261081,3.6,0.634951090752509,0.244919786096257,0.162745098039216,0.923733563940024,0.8675,3.2,0.616254323270903,0,0,0,2.83333333333333,0,0,"R64","R64 - L",0.529411764705882,0.506263911880464,-0.023147852825418
"661",2017,2579,"South Carolina","Quarterfinals - L",0.403697833660875,0.324764711752485,0.687825334414615,35.4047008547009,12.3948717948718,23.0098290598291,11.6786324786325,7.77564102564103,3.32008547008547,13.3495726495727,21.0106837606838,71.8944444444444,67.1641025641026,0.418586688157764,0.309806873609761,0.460023708227936,4.73034188034188,71.8437799145299,1.00044487511546,0.935970020788898,0.454166666666667,0.35,6.19316239316239,1.33856849490887,0.872823079775249,5.4,0.578156959192373,0.256410256410256,0.161965811965812,0.981515839989113,0.618055555555556,4.6,0.615182390436195,5.72031177660741,1.43211523617424,0,2.22222222222222,0,1,"F4","F4 - L",0.6875,0.772922087440313,0.0854220874403129
"662",2017,2608,"Saint Mary's","Final - L",0.493801803694153,0.401608664810894,0.741242165242165,35.6657342657343,9.35769230769231,26.308041958042,16.2692307692308,3.98111888111888,3.4979020979021,10.1744755244755,14.3129370629371,70.7188811188811,55.820979020979,0.408132336763731,0.298844333054859,0.577061384206708,14.8979020979021,59.7758234265734,1.18308425193783,0.934005930440328,0.642857142857143,0.775,0.938461538461539,0.869121993625036,1.61044525509779,1.3,0.687164881095759,0.0531468531468531,0.461188811188811,0.991541775601134,0.414285714285714,10.1,0.68801652892562,6.18414889093748,1.4,1.4,3.25,0.2,0,"R32","R32 - L",0.875,0.935031658428727,0.0600316584287269
"663",2017,2640,"Texas Southern","Final - W",0.446853513847248,0.300283883149175,0.750043482850997,34.9313286713287,10.172027972028,24.7593006993007,11.806993006993,8.05440559440559,3.5358041958042,11.4481118881119,17.2791608391608,76.2373426573427,67.4755244755245,0.419960263815493,0.298127567232427,0.498518820953083,8.76181818181818,69.6806769230769,1.09403030768436,0.968740294753665,0.56984126984127,0.47,0.92027972027972,1.28634056581222,1.06340009895321,6.4,0.794616773068362,0.244895104895105,0.238461538461538,0.982727210136026,0.558730158730159,7.2,0.599616858237548,6.25958146406492,1.78571428571429,1,1.9,0.2,1,"R64","R64 - L",0.676470588235294,0.59618109258726,-0.0802894956480337
"664",2017,2653,"Troy","Final - W",0.462521837775762,0.36880216281311,0.732571575228778,34.9916971916972,9.81318681318681,25.1785103785104,12.7683760683761,5.30506715506715,2.95976800976801,11.9035409035409,17.0136752136752,77.2968253968254,72.1215506715507,0.437378182934114,0.323303871534679,0.539867036950736,5.17527472527473,68.5349539072039,1.12837608070588,1.05344696762669,0.5125,0.755,-0.904761904761905,0.971758954162221,1.0771719858156,2.9,0.436631399943441,0.392673992673993,0.14993894993895,0.99656384103489,0.5,8.7,0.399967934786192,4.52178857704904,0,0,2.33333333333333,0.2,1,"R64","R64 - L",0.611111111111111,0.729880058221987,0.118768947110876
"665",2017,2670,"VCU","Final - L",0.454750525841491,0.32421568627451,0.712489887497379,37.8982683982684,11.8409090909091,26.0573593073593,15.0178932178932,6.78073593073593,3.72056277056277,11.6517316017316,20.705266955267,75.1915584415584,67.1647186147186,0.413764250291074,0.326454242850991,0.501494368134955,8.02683982683983,69.2832377344877,1.08602020164215,0.968907463235724,0.377777777777778,0.333333333333333,4.41378066378066,1.21380279888771,1.32516688532977,4.7,0.641111904383244,0.163924963924964,0.103174603174603,0.997298534798535,0.666666666666667,4.2,0.637335673235293,4.62497281328427,0.77192692653363,1,2.8,0.4,0,"R64","R64 - L",0.764705882352941,0.784180905111236,0.0194750227582953
"666",2017,2724,"Wichita St","Final - W",0.480110198843365,0.433228719950954,0.745362731863407,40.0497835497835,11.3102453102453,28.7395382395382,16.4512265512266,6.49848484848485,3.66753246753247,10.6989898989899,18.4482683982684,82.18556998557,62.0073593073593,0.380720899790789,0.297249967798218,0.557318050107824,20.1782106782107,68.210158008658,1.20385729384775,0.910339760442162,0.4475,0.716666666666667,4.82323232323232,1.24267399267399,1.54972527472527,0.2,0.601892876547675,0.0142857142857143,0.459163059163059,0.998396782546416,0.3775,10.2,0.716216216216216,6.38519439899773,1.625,2.5,2.3,0,0,"R32","R32 - L",0.882352941176471,0.952814138078929,0.070461196902458
"667",2017,2737,"Winthrop","Final - W",0.465221038578779,0.393216379153086,0.705498541617728,37.4255244755245,9.93015734265734,27.4953671328671,13.4657342657343,6.5895979020979,5.2048951048951,12.8562937062937,18.3017482517483,80.238548951049,68.7990384615385,0.401197814556131,0.288770312878972,0.552384528600043,11.4395104895105,71.5557797202797,1.12177456259414,0.961435792797969,0.625,0.72,-0.780681818181818,1.0418894880725,1.04615633074935,2.2,0.592645857190194,0.272552447552448,0.169055944055944,0.998652093556816,0.5,5.8,0.598000557680904,4.85981240436167,0,0,3.2,0.4,0,"R64","R64 - L",0.8125,0.802291837352987,-0.0102081626470127
"668",2017,2752,"Xavier","Semifinals - L",0.452626291375263,0.344150607633892,0.679525470126551,36.4660256410256,12.3230769230769,24.1429487179487,14.750641025641,5.45641025641026,2.27948717948718,13.0615384615385,18.3532051282051,73.7166666666667,74.699358974359,0.46826905547635,0.343065250549615,0.516498288724081,-0.982692307692308,67.420625,1.09303726365913,1.108452323612,0.635714285714286,0.55,1.96987179487179,0.869784017697163,1.13530160604136,2.3,0.599710405816372,0.346794871794872,0.114102564102564,0.945361539430491,0.705357142857143,3.9,0.672574882584025,5.48063892334199,1.8294822176616,2,2.88888888888889,0.2,0,"E8","E8 - L",0.606060606060606,0.592462515770568,-0.0135980902900382
"669",2018,2,"Auburn","Quarterfinals - L",0.42671067595973,0.360541342034691,0.792193887054441,36.3,11.582905982906,24.717094017094,13.6803418803419,7.5042735042735,4.67692307692308,11.5760683760684,20.1337606837607,81.4269230769231,74.125641025641,0.441389946134245,0.347980816651703,0.508334078043893,7.30128205128205,72.3147820512821,1.12588073084038,1.02526724123225,0.611111111111111,0.403333333333333,4.92008547008547,1.30440184815185,1.17992007992008,4.2,0.342673703931322,0.10982905982906,0.0829059829059829,0.970096254473868,0.555555555555556,7,0.642523364485981,6.06145691892802,2,0,2.33333333333333,0.2,0,"R32","R32 - L",0.78125,0.804520535048874,0.0232705350488744
"670",2018,8,"Arkansas","Semifinals - L",0.46275671735339,0.395630375868976,0.674132259677377,34.3893162393162,10.5356837606838,23.8536324786325,13.4858974358974,5.82649572649573,4.33910256410256,11.217735042735,20.3339743589744,76.8773504273504,75.8754273504274,0.430889996405169,0.359132111443303,0.524945078861917,1.00192307692308,69.7154775641026,1.10181971092351,1.09026466298886,0.388888888888889,0.608333333333333,0.830555555555556,1.16663802966146,1.20342018718892,1.9,0.806456531824297,0.307692307692308,0.105982905982906,0.977553920577039,0.544444444444445,6.5,0.656,6.21660610108486,1.5,1,2.5,0,0,"R64","R64 - L",0.676470588235294,0.685932912100436,0.0094623238651419
"671",2018,9,"Arizona St","Early Round - L",0.446445564744534,0.348544664490926,0.747601304188486,33.7068376068376,9.31111111111111,24.3957264957265,13.1957264957265,6.31025641025641,3.58717948717949,10.1401709401709,19.7769230769231,79.5025641025641,77.117094017094,0.45613540854679,0.349425573389739,0.519388346221417,2.38547008547009,71.7108461538462,1.10824529584681,1.07613931464147,0.494642857142857,0.616666666666667,2.66324786324786,1.38952749378281,1.30625863498204,6.4,0.453424683223156,0.396581196581197,0.0905982905982906,0.996299864519043,0.564285714285714,5.7,0.575255118183534,4.85203026391962,0.809823746059157,0,2.55555555555556,0.2,1,"First Four","First Four - L",0.645161290322581,0.756918334106734,0.111757043784154
"672",2018,12,"Arizona","Final - W",0.500706099938138,0.368637208194963,0.766125881022783,36.302380952381,10.0297619047619,26.272619047619,15.0202380952381,4.76309523809524,4.54047619047619,12.3214285714286,17.0202380952381,79.2416666666667,70.8583333333333,0.438370663927557,0.352176303771128,0.564354707806373,8.38333333333333,68.3157738095238,1.15959671504041,1.03749113451191,0.655555555555556,0.65,0.641666666666667,0.898732742509194,1.21978959426057,4.2,0.595332088913584,0.230952380952381,0.126190476190476,0.958889993975653,0.666666666666667,8.1,0.750551876379691,6.11809719804135,2.4,2.66666666666667,2.09090909090909,0,0,"R64","R64 - L",0.794117647058823,0.803160688610131,0.00904304155130797
"673",2018,21,"San Diego St","Final - W",0.472991829283706,0.353227328522056,0.713147299022269,36.2083916083916,10.6090909090909,25.5993006993007,15.5090909090909,6.08461538461539,3.26223776223776,11.501048951049,17.5832167832168,77.6615384615385,68.9479020979021,0.428130010728725,0.331914097307116,0.535666400755981,8.71363636363636,69.0624230769231,1.12446049680218,0.999010838970256,0.6725,0.7,2.72132867132867,1.13505991285403,1.3891792104047,2.4,0.379757926090949,0.206293706293706,0.249300699300699,0.965945236178241,0.49,7.3,0.610709491041327,0,0,0,3.1,0,0,"R64","R64 - L",0.6875,0.810559298695765,0.123059298695765
"674",2018,26,"UCLA","Semifinals - L",0.458184522492882,0.391400700623045,0.734896718004908,37.4006493506494,9.87662337662338,27.524025974026,15.0311688311688,5.37597402597403,3.57532467532468,11.112987012987,18.1350649350649,80.9,76.5415584415584,0.430275931348451,0.355326972487083,0.544869804424402,4.35844155844156,71.2343181818182,1.13585648043298,1.07343425758092,0.705357142857143,0.62,-1.76688311688312,0.919347826086957,1.35521739130435,5.2,0.549866651599938,0.176623376623377,0.074025974025974,0.993963272678973,0.576785714285714,7,0.657103825136612,6.59714570188665,1.8,3,2.5,0.2,1,"First Four","First Four - L",0.65625,0.685275659804222,0.0290256598042223
"675",2018,52,"Florida St","Early Round - L",0.45866802190058,0.325615415495785,0.690048973886617,37.4307692307692,11.7145299145299,25.7162393162393,13.6589743589744,5.85299145299145,4.87692307692308,12.4957264957265,18.9786324786325,79.1692307692308,78.4905982905983,0.449216276618586,0.408962874530684,0.522611157997077,0.678632478632479,72.2981282051282,1.09438169611389,1.08653786188545,0.6125,0.46,1.91538461538462,0.995595813204509,1.08857487922705,3,0.522205294202798,0.304273504273504,0.094017094017094,0.97096500541789,0.7375,3.2,0.553846153846154,6.81454289725996,1.5,1.4,2.2,0.2,1,"E8","E8 - L",0.645161290322581,0.736366907224921,0.0912056169023407
"676",2018,57,"Florida","Quarterfinals - L",0.430153001098329,0.374108273673387,0.675745395755736,34.0696581196581,10.1042735042735,23.9653846153846,12.8397435897436,6.44700854700855,4.71581196581197,9.47521367521368,16.7897435897436,72.1517094017094,67.1457264957265,0.422842046060032,0.355445867088631,0.507407304484902,5.00598290598291,66.699452991453,1.08091445793152,1.00669191529596,0.807142857142857,0.59,2.42863247863248,1.383,1.39060820895522,1.5,0.335245450294789,0.304273504273504,0.167521367521368,0.99903762614449,0.657142857142857,4.6,0.690257903308183,5.36597601502185,2.68681019782314,3,2.88888888888889,0.2,0,"R32","R32 - L",0.625,0.731532411994612,0.106532411994612
"677",2018,93,"Murray St","Final - W",0.48530959752322,0.382725773116779,0.730348507679847,35.8101898101898,9.67402597402597,26.1361638361638,14.1464535464535,7.17502497502498,2.75074925074925,12.0654345654346,17.1132867132867,77.5568431568432,65.7601398601399,0.424667244327219,0.291107591595396,0.565508203820341,11.7967032967033,67.1962572427572,1.15338719179704,0.978262413245215,0.5125,0.61,0.724475524475525,1.04051466347943,1.17141522574224,0.8,0.430046695736993,0.0608391608391608,0.148751248751249,0.987514361262837,0.5,12.1,0.544462000824764,4.17438726989564,0,0,2.375,0.2,0,"R64","R64 - L",0.838709677419355,0.885366824907186,0.0466571474878311
"678",2018,96,"Kentucky","Final - W",0.464123639685837,0.360920153958109,0.698838454196012,37.9,11.8153846153846,26.0846153846154,12.3769230769231,5.18846153846154,4.40769230769231,12.4769230769231,19.1115384615385,75.4,70.7961538461538,0.409314608235023,0.299407698082618,0.519209949571164,4.60384615384615,68.5249038461538,1.1000089198308,1.03422714022109,0.4375,0.608333333333333,-1.34230769230769,0.897552399338114,0.990278199117485,5.4,0.680759064638846,0.3,0.103846153846154,0.968311623047153,0.375,6,0.782412626832018,6.78897174299217,3.88888888888889,5.42857142857143,1.33333333333333,0.2,0,"S16","S16 - L",0.705882352941177,0.724003899679063,0.018121546737886
"679",2018,127,"Michigan St","Semifinals - L",0.484282655553067,0.413798424782985,0.776271668087525,38.54,9.97333333333333,28.5666666666667,17.6866666666667,3.5,6.69,12.4333333333333,18.0566666666667,76.5733333333333,66.99,0.392212146579876,0.335447361618847,0.561091285711014,9.58333333333333,66.15935,1.15649653093186,1.01435707420591,0.633928571428571,0.88,-4.14,0.666199037094633,1.42950849414481,4.7,0.880043849920625,0.35,0.266666666666667,0.998890723919626,0.633928571428571,6.7,0.712041884816754,6.63987583382654,3.775,3.775,2.6,0.2,0,"R32","R32 - L",0.878787878787879,0.920745602109447,0.0419577233215681
"680",2018,130,"Michigan","Final - W",0.461114050420633,0.372377892926852,0.666751012145749,32.62,8.135,24.485,14.055,5.63333333333333,2.95333333333333,8.67833333333333,16.305,72.895,64.9333333333333,0.43825850256644,0.338373006106208,0.540428832310034,7.96166666666667,64.9328416666667,1.1227424940164,1.00064581879283,0.7625,0.56,3.10333333333333,1.3820723082191,1.62868025299218,2.1,0.457122686589717,0.198333333333333,0.123333333333333,0.994475524475525,0.705357142857143,4.4,0.621026894865526,6.70808408385307,2.22727272727273,2.35714285714286,2.6,0,1,"Final","Final - L",0.8,0.851143771207961,0.0511437712079614
"681",2018,142,"Missouri","Early Round - L",0.436307728627497,0.388000442743608,0.729054503357981,35.5034188034188,9.19871794871795,26.3047008547009,12.4235042735043,4.6465811965812,3.80213675213675,13.5051282051282,18.0200854700855,70.1811965811966,68.8038461538462,0.415370854168109,0.329947854807877,0.529487441129631,1.37735042735043,66.2003418803419,1.05914776265713,1.03955946460602,0.576785714285714,0.735,-4.58418803418803,0.754169793621013,0.91841588492808,6.9,0.40190435667764,0.402991452991453,0.0807692307692308,0.995776566757493,0.435714285714286,4.5,0.606074601554564,5.73009978297357,1.91275429835913,0,2.5,0.4,1,"R64","R64 - L",0.625,0.691600574425149,0.0666005744251493
"682",2018,149,"Montana","Final - W",0.488534625139057,0.384498306742693,0.711650337966127,37.2420634920635,11.134126984127,26.1079365079365,13.0309523809524,7.6968253968254,2.83968253968254,11.7904761904762,20.4103174603175,80.2063492063492,69.4896825396825,0.430700299809986,0.352689451039624,0.537704114188406,10.7166666666667,70.4421904761905,1.13861880839923,0.986811052338079,0.485714285714286,0.666666666666667,4.36904761904762,1.20315264732119,1.11135803116965,4,0.74525164164912,0.273015873015873,0.184920634920635,0.999475196110927,0.714285714285714,6.9,0.588409174594323,4.59511985013459,0,0,2.75,0,0,"R64","R64 - L",0.787878787878788,0.803650889210411,0.0157721013316235
"683",2018,150,"Duke","Semifinals - L",0.479308384085469,0.385765145165395,0.717720115601176,40.0331168831169,12.211038961039,27.8220779220779,15.7441558441558,7.55454545454545,5.21428571428571,13.2363636363636,14.6961038961039,79.0980519480519,66.9019480519481,0.393262933716164,0.296208212839792,0.549839790871052,12.1961038961039,68.6616525974026,1.15087901892536,0.973324320981074,0.492857142857143,0.5,-1.15064935064935,0.895789753465248,1.19779419972414,1.9,0.219090514207004,0.246103896103896,0.281168831168831,0.949742954063009,0.507142857142857,7.1,0.764453961456103,7.24565506759454,4.42424242424242,4.42424242424242,1.625,0,1,"E8","E8 - L",0.787878787878788,0.896461331885319,0.108582544006531
"684",2018,152,"NC State","Early Round - L",0.466130231012682,0.396236561152652,0.697804116883942,33.5960317460317,11.3603174603175,22.2357142857143,16.315873015873,7.01031746031746,3.58492063492064,12.1761904761905,18.15,79.0174603174603,77.0904761904762,0.488661484146921,0.317589640837908,0.536809480297483,1.92698412698413,71.1586587301587,1.11032963415763,1.08370951283765,0.43015873015873,0.808333333333333,2.77460317460317,1.17744252873563,1.3639367816092,1.9,0.527073111595451,0.380952380952381,0.135714285714286,0.971293920380397,0.580952380952381,5.1,0.694894061645965,4.61512051684126,0.770282537859451,0,3.55555555555556,0,1,"R64","R64 - L",0.65625,0.722005641643566,0.0657556416435662
"685",2018,153,"North Carolina","Final - L",0.456753162984023,0.356064172021847,0.760972810176702,41.8181318681319,14.7131868131868,27.1049450549451,18.5351648351648,6.05934065934066,4.0478021978022,11.2192307692308,15.8313186813187,81.0945054945055,73.9714285714286,0.433501270641531,0.387714403699208,0.524370308160831,7.12307692307692,69.585043956044,1.16491038311435,1.06410874021423,0.77,0.75,3.96208791208791,0.986740224545103,1.6715034197961,1,0.513411270825003,0.363736263736264,0.128571428571429,0.998655987900454,0.573333333333333,7.2,0.790697674418605,6.94022246911964,4.05555555555556,4.88461538461539,2.4,0,0,"R32","R32 - L",0.714285714285714,0.77865004934054,0.0643643350548254
"686",2018,156,"Creighton","Quarterfinals - L",0.482443724572427,0.371866543146552,0.750760288445413,33.865873015873,6.48650793650794,27.3793650793651,16.8238095238095,5.87301587301587,2.4968253968254,11.381746031746,14.9428571428571,79.7738095238095,75.8690476190476,0.446236513445558,0.35395328924596,0.568720080548076,3.90476190476191,72.098623015873,1.10571113685259,1.05308914531614,0.6125,0.675,-3.13650793650794,1.01651644076727,1.48724200943957,1.2,0.396248417965478,0.318253968253968,0.346825396825397,0.964197544641961,0.75,3.6,0.596590909090909,6.2709884318583,1,1,3,0.2,1,"R64","R64 - L",0.65625,0.801956660397939,0.145706660397939
"687",2018,166,"New Mexico St","Final - W",0.463053408375162,0.347733808744447,0.649285124481093,43.23,12.89,30.34,14.7133333333333,5.66,3.19333333333333,12.6233333333333,17.8066666666667,77.88,62.9066666666667,0.376285279449159,0.292868005872818,0.528384789762616,14.9733333333333,70.55815,1.1037546166363,0.891278965620861,0.388888888888889,0.483333333333333,4.58333333333333,1.0526283617063,1.16349573556441,1.5,0.779493805302341,0.14,0.42,0.989598381457252,0.555555555555556,10.6,0.62580859822056,3.52636052461616,0,0,2.3,0.2,0,"R64","R64 - L",0.848484848484849,0.871528417724294,0.0230435692394457
"688",2018,179,"St Bonaventure","Semifinals - L",0.457793672068184,0.397351866001125,0.753630809151541,35.8699300699301,10.2583916083916,25.6115384615385,14.6325174825175,6.4,3.79440559440559,11.4734265734266,19.6541958041958,78.4048951048951,73.3867132867133,0.43047927571143,0.331292584180903,0.530632859900662,5.01818181818182,69.8141451048951,1.1227037609936,1.05304299410878,0.333333333333333,0.966666666666667,2.08426573426573,1.1674906554393,1.27524814614106,5.8,0.855982937183447,0.271678321678322,0.0730769230769231,0.97871181272375,0.505555555555556,4.4,0.514522821576763,6.18001665365257,1,1,3,0.2,0,"R64","R64 - L",0.78125,0.735184735471477,-0.046065264528523
"689",2018,183,"Syracuse","Early Round - L",0.411491897881347,0.33341703008678,0.76631632949245,34.7811688311688,10.762987012987,24.0181818181818,10.1792207792208,6.51623376623377,5.09285714285714,12.2253246753247,16.1564935064935,65.1714285714286,65.6850649350649,0.406027266993531,0.330986817088981,0.473071426732714,-0.513636363636364,63.5886461038961,1.02611862215153,1.03284690833172,0.5,0.433333333333333,-0.387662337662338,1.03453818472611,0.854594162335066,4.9,0.489460826672399,0.350649350649351,0.0142857142857143,0.989993948810845,0.3375,5.2,0.737692872887583,7.21670948670946,2.828125,2.828125,2,0.2,1,"S16","S16 - L",0.606060606060606,0.622398656379463,0.0163380503188565
"690",2018,194,"Ohio State","Quarterfinals - L",0.484447309587543,0.348303578318546,0.715095102621136,36.4711111111111,9.67555555555556,26.7955555555556,14.5711111111111,5.90444444444444,4.21222222222222,10.6633333333333,17.9844444444444,73.7855555555556,65.9855555555556,0.415110766350375,0.35581537903538,0.539883056457051,7.8,65.9507333333333,1.12050073347827,1.00086565648471,0.423214285714286,0.666666666666667,0.658888888888889,0.989076715677786,1.37403398326619,4.1,0.558239139896653,0.273333333333333,0.251111111111111,0.981802714118504,0.435714285714286,10.3,0.577242595448141,5.29831736654804,1.47385148903353,0,2.7,0,1,"R32","R32 - L",0.75,0.803876680754586,0.0538766807545856
"691",2018,201,"Oklahoma","Early Round - L",0.443529281851318,0.342407298794396,0.747119245675301,37.2833333333333,10.5388888888889,26.7444444444444,13.1527777777778,6.13611111111111,4.10277777777778,13.7277777777778,17.375,80.3611111111111,82.6138888888889,0.460651686148059,0.367220587365432,0.514738812894172,-2.25277777777778,75.9340972222222,1.05669752904904,1.08908770929369,0.505555555555556,0.48,-2.29166666666667,0.926700195024676,0.976465663742342,2,0.495530237341349,0.294444444444444,0.222222222222222,0.992615702292796,0.505555555555556,2.5,0.612016293279022,6.89060912014717,2,2.875,2.5,0,1,"R64","R64 - L",0.580645161290323,0.613917337508231,0.0332721762179083
"692",2018,219,"Penn","Final - W",0.46683611103751,0.350868514870063,0.683500276114014,36.4174603174603,7.84126984126984,28.5761904761905,14.6714285714286,5.88888888888889,2.86031746031746,11.6142857142857,16.7285714285714,74.9206349206349,67.6484126984127,0.410091883252321,0.28188092451187,0.542699792291504,7.27222222222222,69.7149087301587,1.07503669033101,0.970818776852144,0.571428571428572,0.453333333333333,-0.643650793650794,1.01435629514964,1.27744969040248,2.7,0.753250204668309,0.284126984126984,0.128571428571429,0.982599410446602,0.271428571428571,8.2,0.476595744680851,6.15485809401642,1.66666666666667,0,2.66666666666667,0,0,"R64","R64 - L",0.75,0.764222064072532,0.0142220640725317
"693",2018,222,"Villanova","Final - W",0.5003765762474,0.390442850074221,0.788877005347594,35.5784271284271,9.17554112554113,26.402886002886,16.4223665223665,6.31349206349206,3.69040404040404,10.3680375180375,15.7838383838384,86.4415584415584,72.2074314574315,0.433250258376528,0.322538176870018,0.596869845172226,14.234126984127,70.3693780663781,1.2284510166418,1.02618167569082,0.975,0.8,1.57020202020202,1.22177304276749,1.63634890068023,2.7,0.472120125779983,0.180808080808081,0.401443001443001,0.948386510470338,0.705357142857143,7.5,0.673740053050398,6.62671774924902,2.57142857142857,2.83333333333333,2.75,0.2,1,"Final","Final - W",0.882352941176471,0.905611206526256,0.0232582653497859
"694",2018,227,"Rhode Island","Final - L",0.457042735011157,0.342411371616265,0.723062896628866,34.7,11.4166666666667,23.2833333333333,15.3833333333333,7.18333333333333,3.33333333333333,10.7833333333333,18.0083333333333,75.7916666666667,67.5416666666667,0.445211475601455,0.329492907169817,0.515343965123105,8.25,68.6985,1.10322739733327,0.983123694470322,0.5125,0.43,7.60833333333333,1.44893023255814,1.43075968992248,1.6,0.652493053696261,0.316666666666667,0.266666666666667,0.989693750824317,0.75,6.5,0.56770958369825,5.40717177146012,0.902479139940852,1,3.22222222222222,0.2,0,"R32","R32 - L",0.78125,0.780016516792957,-0.00123348320704286
"695",2018,228,"Clemson","Semifinals - L",0.430162634399587,0.367391805546407,0.767504990639319,34.7090909090909,9.28846153846154,25.4206293706294,12.4646853146853,5.27202797202797,4.4465034965035,11.8461538461538,16.0013986013986,70.6870629370629,67.3160839160839,0.419837790079139,0.367393973142141,0.507266995749706,3.37097902097902,66.6676818181818,1.06006124604485,1.01006964262735,0.580952380952381,0.725,-1.11363636363636,0.976215037597151,1.0761819782145,2.7,0.66982160650763,0.342657342657343,0.133916083916084,0.945358275341397,0.435714285714286,4.8,0.607515657620042,6.17378610390194,1,1,3.33333333333333,0,0,"S16","S16 - L",0.71875,0.765387113118278,0.0466371131182782
"696",2018,232,"Charleston","Final - W",0.478265931477569,0.375693189891404,0.778245775577194,32.6474358974359,8.48141025641026,24.1660256410256,11.099358974359,5.12307692307692,3.40897435897436,8.85961538461538,16.2807692307692,77.8269230769231,71.3423076923077,0.450980955452019,0.355121341600527,0.549039538571549,6.48461538461539,66.5512884615385,1.17171712989175,1.07179294010713,0.769047619047619,0.85,1.72051282051282,1.37010968167574,1.35185139369949,3.2,0.714465970788125,0.323717948717949,0.107692307692308,0.993603252269429,0.657142857142857,3.9,0.537261548866063,4.60517018598809,0,0,3.33333333333333,0,0,"R64","R64 - L",0.787878787878788,0.724967659061022,-0.0629111288177663
"697",2018,245,"Texas A&M","Early Round - L",0.451034462742082,0.318776439114407,0.639938038793104,39.4534188034188,12.2709401709402,27.1824786324786,14.1235042735043,4.96239316239316,5.68076923076923,13.1773504273504,16.8726495726496,72.491452991453,72.1594017094017,0.424272026186815,0.360969619924014,0.507549923242727,0.332051282051282,69.3085341880342,1.04568242908961,1.04185651093305,0.45,0.39,-1.23205128205128,0.829672480432627,1.10573026876724,1.5,0.512094854202437,0.391025641025641,0.0752136752136752,0.923398068316335,0.56,3.6,0.552542372881356,6.3818160174061,1.66666666666667,3,2.5,0,1,"S16","S16 - L",0.625,0.687493134285558,0.0624931342855581
"698",2018,248,"Houston","Final - L",0.459326078085577,0.380455399134995,0.713268398268398,37.9175324675325,11.7363636363636,26.1811688311688,14.9181818181818,6.51493506493506,3.10519480519481,11.5623376623377,21.1850649350649,75.7779220779221,63.7142857142857,0.394975365367786,0.326791322372015,0.532569215825027,12.0636363636364,67.1963896103896,1.12793903690549,0.947768560086795,0.494444444444444,0.666666666666667,3.71428571428571,1.10860059114976,1.29101154655836,2.7,0.719016108011807,0.222077922077922,0.326623376623377,0.998939500242863,0.655555555555556,8.5,0.643048128342246,6.61873898351722,1.67857142857143,0,2.6,0.2,0,"R32","R32 - L",0.787878787878788,0.874290033681889,0.0864112458031007
"699",2018,251,"Texas","Quarterfinals - L",0.431423989401085,0.331757683808078,0.676336163279307,34.7926961926962,10.3737373737374,24.4189588189588,11.4452214452214,6.20590520590521,4.24615384615385,11.7390054390054,15.6703185703186,70.9422688422688,70.8169386169386,0.441043407742889,0.344475152219055,0.499883265580008,0.125330225330226,68.4766895881896,1.03523120394327,1.03474420459585,0.752777777777778,0.464285714285714,-0.413442113442113,0.975477707006369,0.975012248897599,4.1,0.523754674290293,0.472571872571873,0.0685314685314685,0.927265831009001,0.629166666666667,3.2,0.676782763308139,5.65599181081985,1.8093490974541,1,2,0.2,1,"R64","R64 - L",0.575757575757576,0.634770236065562,0.0590126603079861
"700",2018,258,"Virginia","Final - W",0.453454374353377,0.389434124280848,0.756899061617222,31.7974358974359,8.32884615384615,23.4685897435897,13.6762820512821,6.74166666666667,3.53205128205128,8.26474358974359,13.6448717948718,65.8076923076923,53.7185897435897,0.381243416021709,0.301794363308375,0.525259770507088,12.0891025641026,59.5247115384615,1.1055133836391,0.902981648309735,0.5,0.675,3.67564102564103,1.47429475164011,1.65687285223368,1.1,0.722321526043382,0.232692307692308,0.187179487179487,1,0.6625,5.9,0.688129735474686,5.92425579741453,1.83631051332286,1.8,3.375,0.2,1,"R64","R64 - L",0.939393939393939,0.929964150819091,-0.009429788574848
"701",2018,259,"Virginia Tech","Early Round - L",0.476314019005971,0.362776017125834,0.699664773169403,30.8825396825397,7.04444444444444,23.8380952380952,15.5246031746032,5.93492063492064,1.68809523809524,11.2769841269841,15.3428571428571,74.3007936507937,72.6809523809524,0.435221659725242,0.367172930463209,0.550898459989644,1.61984126984127,68.513376984127,1.08361203616542,1.06187208692594,0.635714285714286,0.6,-1.96825396825397,1.14530704862166,1.37691309286815,3,0.774580028318455,0.273809523809524,0.212698412698413,0.997449581484186,0.846428571428571,6,0.606010923290428,5.83188247728352,1.94673019640866,1,2.77777777777778,0,0,"R64","R64 - L",0.65625,0.761057607555468,0.104807607555468
"702",2018,276,"Marshall","Final - W",0.459590392517213,0.362830988624092,0.775890612611891,36.0007142857143,7.55880952380952,28.4419047619048,17.3090476190476,6.59857142857143,5.79357142857143,12.8359523809524,17.05,82.0926190476191,77.9066666666667,0.437401385123382,0.33787066464508,0.548661558107485,4.18595238095238,75.4900511904762,1.08733487779885,1.03244078795844,0.955555555555556,0.56,-5.51785714285714,1.01971202313731,1.34050819446357,3.5,0.461012205468282,0.208809523809524,0.134285714285714,0.976031288511683,0.644444444444444,3.8,0.510026252559697,4.61512051684126,0,0,2.55555555555556,0.2,0,"R32","R32 - L",0.705882352941177,0.675740961594073,-0.0301413913471039
"703",2018,277,"West Virginia","Final - L",0.433722965929657,0.363743437853027,0.781855254504832,36.4646153846154,13.3206993006993,23.1439160839161,14.5786013986014,6.89202797202797,5.28993006993007,11.2360839160839,21.6076923076923,77.0732867132867,71.1851748251748,0.437333683473389,0.389202262981884,0.504949118150359,5.88811188811189,68.9349762237762,1.11830251616866,1.03355093151866,0.576785714285714,0.59,6.23006993006993,1.29279086580582,1.3047042297625,4.2,0.550058879859089,0.264055944055944,0.133846153846154,0.974818996354203,0.576785714285714,8.2,0.710076045627376,6.95939851213398,2,2.4375,2.5,0.2,0,"S16","S16 - L",0.705882352941177,0.82841306662583,0.122530713684653
"704",2018,288,"Lipscomb","Final - W",0.474743721380317,0.336121208846505,0.726218644106633,39.4685714285714,10.48,28.9885714285714,16.425,6.45821428571429,2.98714285714286,14.855,19.7110714285714,87.0117857142857,80.3410714285714,0.450346248858401,0.356459640928332,0.549883672429336,6.67071428571429,78.7513910714286,1.10587480451178,1.01814396710362,0.564285714285714,0.6,1.52357142857143,0.998224771924919,1.1492812576462,2.7,0.642985053509392,0.252142857142857,0.108571428571429,0.987068261130719,0.576785714285714,6.8,0.474224678795111,5.23644196282995,0,0,2.9,0,0,"R64","R64 - L",0.71875,0.667312336636505,-0.0514376633634954
"705",2018,314,"Iona","Final - W",0.47100316413666,0.395713824099294,0.735380803725314,33.1611111111111,7.88095238095238,25.2801587301587,16.0365079365079,7.05238095238095,3.04047619047619,11.2301587301587,16.9277777777778,81.1769841269841,75.6269841269841,0.464066598237113,0.363934913718076,0.549604975060572,5.55,73.0128968253968,1.1117122084313,1.03582686208381,0.717857142857143,0.74,0.138095238095238,1.26496987289621,1.42970708001098,2.1,0.558627533147649,0.457936507936508,0.138888888888889,0.969056282673421,0.858928571428571,6.1,0.669563279395844,5.48479693349065,0.915435097773901,1,3.5,0.2,0,"R64","R64 - L",0.606060606060606,0.62749030532485,0.0214296992642439
"706",2018,333,"Alabama","Semifinals - L",0.453235619237993,0.319698887306861,0.673378801251705,35.5957264957265,9.86901709401709,25.7267094017094,12.1433760683761,6.37051282051282,5.19038461538462,14.225,18.7232905982906,70.2438034188034,69.6059829059829,0.412881544682709,0.322234483681113,0.513442103962242,0.637820512820513,68.7277115384615,1.0218230801715,1.01291342422974,0.433333333333333,0.458333333333333,-2.74722222222222,0.900907276356378,0.852078360760996,4,0.441711713454074,0.301709401709402,0.153632478632479,0.955548229141122,0.618055555555556,5.2,0.56953132763154,4.21950770517611,0,0,2.18181818181818,0.2,0,"R32","R32 - L",0.558823529411765,0.591046274723776,0.0322227453120117
"707",2018,2083,"Bucknell","Final - W",0.46734909267651,0.336766259164084,0.728224124134572,38.6212121212121,9.70678210678211,28.91443001443,13.8155122655123,5.92806637806638,4.99119769119769,13.2159451659452,17.7830447330447,80.5515873015873,68.6674603174603,0.402630489436792,0.326509069424302,0.537281061031482,11.884126984127,73.1312391774892,1.10154045839597,0.938646425276084,0.5625,0.55,-1.03203463203463,0.977472547185749,1.05605163654477,2.8,0.631862496243229,0.304329004329004,0.258802308802309,0.939930272736604,0.5,9.4,0.639346105357351,4.20469261939097,0.701780438877925,1,2.88888888888889,0.2,0,"R64","R64 - L",0.735294117647059,0.766028774177125,0.0307346565300657
"708",2018,2084,"Buffalo","Final - W",0.493878055750331,0.382068686868687,0.699903809682416,39.1955128205128,11.0694444444444,28.1260683760684,17.3286324786325,6.34059829059829,4.35961538461538,11.6717948717949,20.2549145299145,86.6021367521367,74.8459401709402,0.41746839392853,0.32433014354067,0.56831398072394,11.7561965811966,73.694686965812,1.17507474549587,1.01547089975164,0.660714285714286,0.55,1.91388888888889,1.11610007639419,1.50035226211697,2.9,0.429333556851007,0.163461538461538,0.221581196581197,0.982608595606691,0.846428571428571,5.6,0.56953132763154,4.21950770517611,0.704253137442467,1,2.2,0.2,1,"R32","R32 - L",0.764705882352941,0.773069755875983,0.00836387352304169
"709",2018,2086,"Butler","Semifinals - L",0.465267956801554,0.356904121806903,0.784222604704532,33.1766666666667,8.74333333333333,24.4333333333333,13.74,6.24666666666667,2.59666666666667,10.39,18.66,78.4633333333333,75.0766666666667,0.459003110994265,0.378567747320644,0.536613299613492,3.38666666666667,70.72455,1.10961700858242,1.0616384440189,0.5,0.6,3.36333333333333,1.27488568770013,1.34357758172496,3.2,0.502771871482445,0.22,0.22,0.996812814217234,0.625,5.4,0.433417243134235,3.58351893845611,0,0,2.875,0.2,0,"R32","R32 - L",0.606060606060606,0.714582865322605,0.108522259261999
"710",2018,2132,"Cincinnati","Final - W",0.439514382926075,0.340813921680029,0.690273340433085,37.9678571428571,13.097619047619,24.8702380952381,15.1190476190476,6.62142857142857,5.42857142857143,10.6583333333333,15.75,71.5928571428571,56.2892857142857,0.370614964969545,0.29708362195038,0.502903982252585,15.3035714285714,63.9526071428571,1.11688815913717,0.880608046876944,0.555555555555556,0.42,5.36666666666667,1.28662465245598,1.41996504700119,0.5,0.50625377163824,0.216666666666667,0.432142857142857,0.993427498540368,0.580952380952381,10.4,0.658064516129032,6.14418563412565,1.22222222222222,1.28571428571429,2.8,0.2,0,"R32","R32 - L",0.882352941176471,0.948462847951361,0.0661099067748901
"711",2018,2166,"Davidson","Final - W",0.496769595373587,0.404572842669151,0.81387098523465,32.8987373737374,6.64191919191919,26.2568181818182,16.270202020202,4.90353535353535,1.95252525252525,9.61237373737374,13.9449494949495,75.9833333333333,64.9361111111111,0.426010917994733,0.349093159093159,0.590518335940216,11.0472222222222,64.0966919191919,1.18596072436052,1.01255211869447,0.657142857142857,0.76,-0.356818181818182,1.0921005413354,1.73696899797714,1.8,0.526813393012202,0.322474747474747,0.303030303030303,0.999359869646183,0.571428571428571,8.4,0.619047619047619,6.75925527066369,1.25,1.25,3.28571428571429,0.2,0,"R64","R64 - L",0.65625,0.795373182470081,0.139123182470081
"712",2018,2239,"Fullerton","Final - W",0.481036289547552,0.342673609781624,0.745136662795199,34.4356060606061,8.1969696969697,26.2386363636364,12.694696969697,6.34090909090909,3.22878787878788,13.3992424242424,17.4143939393939,73.1886363636364,69.4909090909091,0.41270807676955,0.362692730845881,0.529681572048097,3.69772727272727,69.0124962121212,1.06068726058806,1.00681506532037,0.342857142857143,0.483333333333333,-2.74166666666667,0.943145951056168,0.965603643003024,1.9,0.637818742333608,0.476515151515152,0.0704545454545455,0.998669816011934,0.571428571428571,2.9,0.424008834164026,4.8283137373023,0,0,2.25,0.2,0,"R64","R64 - L",0.645161290322581,0.620226885126819,-0.0249344051957616
"713",2018,2247,"Georgia St","Final - W",0.471381252904548,0.398764774522418,0.68279072056178,34.9522222222222,9.13666666666667,25.8155555555556,13.4133333333333,6.47,4.63888888888889,11.2433333333333,18.1588888888889,77.0877777777778,68.1244444444444,0.387250846406016,0.332964548024789,0.556303812745694,8.96333333333333,68.4860611111111,1.12560663392607,0.99377635105818,0.821428571428572,0.76,-1.53888888888889,1.16454027662233,1.19627613002932,4.8,0.553989067008309,0.172222222222222,0.183333333333333,0.99937995850116,0.507142857142857,7.4,0.576214405360134,6.39359075395063,1,1,3.25,0,0,"R64","R64 - L",0.705882352941177,0.7755495788939,0.0696672259527237
"714",2018,2250,"Gonzaga","Final - W",0.499255535337371,0.374022820716641,0.702998367283471,39.0633333333333,10.3019047619048,28.7614285714286,14.4054761904762,5.785,3.78928571428571,9.97166666666667,15.9109523809524,80.8302380952381,64.3459523809524,0.403834701454596,0.348803324770905,0.571277097712694,16.4842857142857,67.7546619047619,1.19269480211915,0.949475640683854,0.714285714285714,0.6,3.93095238095238,1.17270480323722,1.46774075693749,2.4,0.517685475887603,0.112142857142857,0.292619047619048,0.998591760299625,0.428571428571429,9.9,0.816558441558442,6.42486902390539,1.97222222222222,1.97222222222222,2.75,0,1,"S16","S16 - L",0.882352941176471,0.926446946124034,0.044094004947563
"715",2018,2305,"Kansas","Final - W",0.486784947257699,0.392533413406478,0.68939487490774,33.5500699300699,9.38363636363636,24.1664335664336,15.7979020979021,6.0965034965035,3.92153846153846,11.6569230769231,15.6383216783217,78.5264335664336,72.6448951048951,0.436527436851676,0.325084224761994,0.569740755447902,5.88153846153846,68.5611587412587,1.14489230161409,1.06048986987723,0.571428571428571,0.65,-2.03188811188811,1.07609710550887,1.35660173160173,3.6,0.731039755863408,0.357202797202797,0.0938461538461539,0.989364941278817,0.714285714285714,7.9,0.763480392156863,6.70563909486,2.89473684210526,3.14285714285714,2.71428571428571,0,0,"F4","F4 - L",0.794117647058823,0.821460187443524,0.0273425403847005
"716",2018,2306,"Kansas St","Semifinals - L",0.464893035639226,0.332757360471327,0.744828838835013,28.8946153846154,7.22,21.6746153846154,13.2361538461538,7.64538461538462,3.05461538461538,11.9438461538462,18.0530769230769,69.7146153846154,70.5830769230769,0.449617940882647,0.335620160831948,0.521801701501378,-0.868461538461538,66.7063807692308,1.0452707453979,1.05758151039919,0.7,0.59,-1.30076923076923,1.17547948653411,1.11716989680342,3,0.7562293148328,0.293076923076923,0.0884615384615385,0.967886982431932,0.571428571428571,3.5,0.64937106918239,6.45676965557216,1.86363636363636,1,2.3,0.2,0,"E8","E8 - L",0.666666666666667,0.66902611633749,0.00235944967082313
"717",2018,2350,"Loyola Chicago","Final - W",0.502973410082922,0.391658676703252,0.73449114262182,31.8038961038961,6.47792207792208,25.325974025974,15.6025974025974,7.3448051948052,2.19545454545455,11.4688311688312,13.4272727272727,71.6142857142857,60.5902597402597,0.414505976465107,0.317016461691238,0.576103063014587,11.024025974026,64.3497857142857,1.11234531036702,0.941117251918221,0.578571428571429,0.8,-0.153896103896104,1.17059899791702,1.36430642346451,0,0.462844273725382,0.200649350649351,0.188311688311688,0.983190828728552,0.722857142857143,4.5,0.485,5.99396142730657,0,0,2.66666666666667,0,0,"F4","F4 - L",0.848484848484849,0.84111487655656,-0.00736997192828859
"718",2018,2378,"UMBC","Final - W",0.448196774744442,0.367489577985793,0.631937698158752,33.2733333333333,8.28666666666667,24.9866666666667,14.58,7.73777777777778,2.86666666666667,11.2,16.4666666666667,70.1911111111111,66.86,0.42871029332252,0.33909461948136,0.526150932984885,3.33111111111111,67.1787111111111,1.04389888272319,0.99507307485867,0.646428571428571,0.761666666666667,1.58888888888889,1.27928084567306,1.30244047358276,2,0.838044220203353,0.226666666666667,0.237777777777778,0.974561919707075,0.423214285714286,3.7,0.568406183271358,3.98898404656427,0,0,2.5,0.2,0,"R32","R32 - L",0.705882352941177,0.664107741579258,-0.0417746113619187
"719",2018,2390,"Miami","Quarterfinals - L",0.451197142760875,0.367185551308417,0.673031803962461,33.7358974358974,10.2606837606838,23.4752136752137,13.2205128205128,6.67521367521368,3.6982905982906,11.0179487179487,17.0931623931624,74.0179487179487,73.6649572649573,0.466995331427728,0.356471416347107,0.52285617980257,0.352991452991453,68.2908333333333,1.08388040226013,1.07871976798066,0.5625,0.52,1.8982905982906,1.10705770518142,1.20084241531664,2,0.812466862670517,0.370940170940171,0.0384615384615385,0.949708942434018,0.675,6.9,0.605839416058394,6.86693328446188,2.1875,2.33333333333333,2.22222222222222,0.2,1,"R64","R64 - L",0.709677419354839,0.720886619038839,0.0112091996840002
"720",2018,2428,"NC Central","Final - W",0.456245627191488,0.333019670562804,0.682560421153386,38.522619047619,12.072619047619,26.45,15.7702380952381,4.83928571428571,3.85595238095238,13.5345238095238,18.9440476190476,71.7488095238095,68.4642857142857,0.411457329955849,0.324019502510069,0.512529849881709,3.28452380952381,68.1477321428571,1.05333968943642,1.00410502768044,0.297222222222222,0.316666666666667,-0.471428571428571,0.857726259395349,1.19685273790537,4.1,0.80374681406626,0.182142857142857,0.163095238095238,0.951553801271431,0.629166666666667,6.7,0.597168257270144,5.54517744447956,0.925512852639037,1,2.16666666666667,0.4,0,"First Four","First Four - L",0.558823529411765,0.625804860777594,0.066981331365829
"721",2018,2430,"UNC Greensboro","Final - W",0.444068939738037,0.35282647177384,0.716401380807394,37.5904761904762,11.9821428571429,25.6083333333333,14.1738095238095,6.97023809523809,4.35595238095238,13.1964285714286,18.1702380952381,73.0190476190476,62.3607142857143,0.399356436779653,0.32699458859558,0.525419783149121,10.6583333333333,67.4248095238095,1.08305753690438,0.925499663190356,0.564285714285714,0.6,5.42261904761905,1.10980018380179,1.08113559779559,4.1,0.672684770760013,0.245238095238095,0.128571428571429,0.993055012736158,0.435714285714286,6.1,0.474224678795111,5.23644196282995,0,0,2.9,0,0,"R64","R64 - L",0.794117647058823,0.858103901125832,0.063986254067009
"722",2018,2440,"Nevada","Semifinals - L",0.457818256810615,0.386040155854808,0.761124003632328,35.9625,9.8875,26.075,16.1375,6.05625,3.8875,9.4625,17.05625,84.025,75.46875,0.434123408561182,0.303960074595876,0.541295601157208,8.55625,72.10328125,1.16532429890156,1.0466055121079,0.557142857142857,0.866666666666667,1.925,1.37352941176471,1.73441176470588,5.3,0.545040458411819,0.21875,0.175,0.946537824133052,0.428571428571429,5.4,0.683709335326838,4.30406509320417,0.71836611221904,1,3.71428571428571,0,0,"S16","S16 - L",0.794117647058823,0.808705762924603,0.0145881158657792
"723",2018,2507,"Providence","Final - L",0.426839522462427,0.299893709850118,0.725526933132016,35.7577777777778,10.7277777777778,25.03,13.1022222222222,6.55444444444444,3.61666666666667,11.7911111111111,17.3644444444444,72.1011111111111,73.5811111111111,0.449043467758599,0.332385817983411,0.477948548255748,-1.48,69.7663277777778,1.03300499151678,1.05499816603756,0.554285714285714,0.3,1.61555555555556,1.07584164870203,1.11961415828675,2.7,0.828454701946276,0.404444444444444,0.0766666666666667,0.979602175453879,0.584285714285714,4.7,0.590965765905757,5.89989735358249,0.984717059943267,1,2.8,0.2,0,"R64","R64 - L",0.617647058823529,0.538601587855402,-0.0790454709681274
"724",2018,2509,"Purdue","Final - L",0.490087991950072,0.424593636537733,0.734272657450077,32.9969696969697,7.78515151515152,25.2118181818182,15.8245454545455,5.38939393939394,4.28333333333333,10.0027272727273,15.2181818181818,77.5109090909091,66.4427272727273,0.432695170925804,0.349920288077772,0.577807516910797,11.0681818181818,66.0066666666667,1.17389647710889,1.00854696537419,0.625,0.82,-0.765757575757576,1.09483454398709,1.58210324933489,1,0.573367006975941,0.358484848484849,0.294242424242424,0.985235252276264,0.625,7.3,0.663615560640732,6.08221891037645,1.6,1.66666666666667,3,0,0,"S16","S16 - L",0.823529411764706,0.911466413535066,0.08793700177036
"725",2018,2515,"Radford","Final - W",0.426287611818921,0.351823625777601,0.736568567935224,33.1382395382395,10.9632756132756,22.1749639249639,12.1284992784993,6.94458874458874,2.77200577200577,12.0732323232323,15.7531024531025,66.4148629148629,62.6625541125541,0.428831439400545,0.349562924640298,0.497649064540964,3.7523088023088,62.855165945166,1.05616827659979,0.996648450923718,0.616666666666667,0.691666666666667,3.76984126984127,1.12532591656131,1.00834083438685,1,0.512351927011298,0.473881673881674,0.106204906204906,0.99933121368271,0.629166666666667,5,0.490592548757399,5.28320372873799,0,0,2.4,0,0,"R64","R64 - L",0.647058823529412,0.622742060795647,-0.0243167627337648
"726",2018,2550,"Seton Hall","Quarterfinals - L",0.459006878401786,0.358464133882178,0.72232040582556,37.2885714285714,11.2171428571429,26.0714285714286,15.577619047619,5.85,3.17142857142857,11.8485714285714,17.8961904761905,77.6157142857143,76.332380952381,0.446319506847777,0.338285723356441,0.521467718992276,1.28333333333333,70.5633666666667,1.09987948719774,1.08203221504343,0.423214285714286,0.733333333333333,0.0176190476190476,0.926395709291937,1.31873422313361,1.8,0.420273899849453,0.341428571428571,0.0833333333333333,0.971323567615987,0.423214285714286,3.8,0.536610762172193,5.78382518232974,0.965344138624926,1,2.88888888888889,0.2,0,"R32","R32 - L",0.65625,0.694636111758628,0.038386111758628
"727",2018,2571,"S Dakota St","Final - W",0.46223828401945,0.384822016759493,0.774878082074798,38.9487394957983,8.72478991596639,30.2239495798319,12.3525210084034,4.64117647058824,2.22689075630252,8.56806722689076,15.2785714285714,84.0420168067227,73.431512605042,0.422716714725227,0.33334581041348,0.545892955175512,10.6105042016807,71.3582899159664,1.17762986006454,1.02846343533737,0.558730158730159,0.8,0.715126050420168,1.08204532194011,1.45800599775398,3,0.827164088128261,0.227310924369748,0.32436974789916,0.99009566188978,0.720634920634921,7.6,0.553038044034603,3.58351893845611,0.598104004501844,1,3.22222222222222,0,1,"R64","R64 - L",0.823529411764706,0.817075739928794,-0.00645367183591172
"728",2018,2617,"SF Austin","Final - W",0.48447466115691,0.376018808777429,0.702284483055814,36.5256854256854,11.1329725829726,25.3927128427128,14.4992063492063,9.14776334776335,3.35194805194805,15.2746753246753,21.2152236652237,80.3510822510822,67.7140692640693,0.413749902157355,0.344789121974923,0.5466666162165,12.637012987013,73.0366803751804,1.09952710125943,0.928085049649945,0.498412698412698,0.693333333333333,4.19415584415584,1.20591586252849,0.950833109756877,4.9,0.567472986467842,0.178210678210678,0.341702741702742,0.973662951194862,0.70952380952381,7.2,0.572302777233052,3.52636052461616,0,0,2.22222222222222,0.2,0,"R64","R64 - L",0.823529411764706,0.872727631376665,0.0491982196119591
"729",2018,2628,"TCU","Quarterfinals - L",0.490156490685746,0.394679578380528,0.711267155649178,35.5744755244755,11.2776223776224,24.2968531468531,18.2786713286713,6.2034965034965,3.48916083916084,12.570979020979,17.4965034965035,80.706993006993,76.8423076923077,0.465046637586898,0.405010550416632,0.561505106763666,3.86468531468531,69.7382867132867,1.15777259677093,1.10196431722177,0.633928571428571,0.775,1.61783216783217,0.976669771371971,1.46917878780662,3.6,0.271139786396306,0.398951048951049,0.123076923076923,0.988691962340994,0.564285714285714,4.2,0.718367346938775,6.19644412779452,1.54545454545455,0,2.88888888888889,0.2,0,"R64","R64 - L",0.65625,0.72675681228619,0.0705068122861898
"730",2018,2633,"Tennessee","Final - L",0.437885441913111,0.376517331983097,0.764087054087054,35.3472222222222,11.0916666666667,24.2555555555556,15.0916666666667,5.98055555555556,4.03333333333333,11.5611111111111,18.4944444444444,72.3916666666667,65.6305555555556,0.412721375803338,0.309498482158199,0.509435698511718,6.76111111111111,65.8905138888889,1.09823650524423,0.996626344556273,0.564285714285714,0.65,1.31111111111111,1.11080699515444,1.31667590580071,5.9,0.690041220259456,0.377777777777778,0.238888888888889,1,0.576785714285714,5.5,0.645325203252033,6.89264164117209,1.70454545454545,0,2.4,0.2,1,"R32","R32 - L",0.757575757575758,0.772861323405597,0.0152855658298396
"731",2018,2640,"Texas Southern","Final - W",0.457559736677147,0.372536397153391,0.718102221006641,37.1177622377622,10.3836363636364,26.7341258741259,12.7686713286713,5.64433566433566,3.94923076923077,12.1857342657343,17.1386013986014,80.8053146853147,76.799020979021,0.44553717240121,0.364255521048999,0.527207240954858,4.00629370629371,72.178641958042,1.11915311025631,1.06420532646772,0.411111111111111,0.306666666666667,-1.81398601398601,0.978460249042146,1.04554768746579,7.7,0.368880614115226,0.328111888111888,0.110769230769231,0.864296782428679,0.655555555555556,2.1,0.603231597845601,6.32435896238131,1.6875,1,2.45454545454545,0.2,0,"R64","R64 - L",0.441176470588235,0.427532614894161,-0.0136438556940739
"732",2018,2641,"Texas Tech","Semifinals - L",0.450910550943061,0.363513886344159,0.714571366434423,34.3429487179487,10.5108974358974,23.8320512820513,13.1076923076923,6.55705128205128,4.16346153846154,12.4102564102564,18.8782051282051,72.6224358974359,67.8647435897436,0.422913821361603,0.343974166631695,0.516518937446448,4.75769230769231,67.1052852564103,1.08110557916961,1.01277848286897,0.5525,0.775,1.81923076923077,1.11300200803213,1.05522616782921,3.1,0.578078626393075,0.375,0.0769230769230769,0.983484465043844,0.745,4.6,0.685154977062393,4.21950770517611,0.704253137442467,0,3,0.4,0,"E8","E8 - L",0.727272727272727,0.840373464285336,0.113100737012609
"733",2018,2724,"Wichita St","Semifinals - L",0.474851656057827,0.376898626768223,0.737400350244387,39.1252136752137,12.0974358974359,27.0277777777778,18.7589743589744,4.93418803418803,3.51367521367521,11.0068376068376,17.8897435897436,81.9581196581197,71.9876068376068,0.436510440599987,0.385771016617791,0.549862858875873,9.97051282051282,68.857235042735,1.19187248023381,1.04615399448061,0.606944444444444,0.675,4.52948717948718,1.06864409708721,1.79623091479379,1.2,0.383798892061589,0.346581196581197,0.204273504273504,0.985565745373327,0.381944444444444,6.4,0.724522292993631,6.44413125670044,1.57692307692308,2.25,3.2,0.2,0,"R64","R64 - L",0.78125,0.840859818688758,0.0596098186887584
"734",2018,2750,"Wright St","Final - W",0.441978677203341,0.35155925671283,0.737921068417255,36.4819047619048,9.85761904761905,26.6242857142857,13.8178571428571,6.26714285714286,2.48214285714286,12.1840476190476,16.0278571428571,74.0161904761905,66.2383333333333,0.404896126743725,0.348503663506869,0.508544539819973,7.77785714285714,69.8522523809524,1.05975602301793,0.947811956512318,0.558730158730159,0.6,3.1052380952381,1.16515471923536,1.14814277180406,3.5,0.59342927121238,0.364761904761905,0.12547619047619,0.985606642922857,0.580952380952381,7.2,0.545842572375215,5.95583736946483,0.994053677967543,0,2.88888888888889,0.2,0,"R64","R64 - L",0.735294117647059,0.736663536037199,0.00136941839014004
"735",2018,2752,"Xavier","Semifinals - L",0.476209251816669,0.367432571934194,0.782915572251876,37.8266666666667,9.99,27.8366666666667,15.8366666666667,5.62,2.59666666666667,12.2666666666667,16.8566666666667,82.8033333333333,76.6633333333333,0.454008111512124,0.338752960561074,0.545533621814582,6.14,72.40925,1.14268433525802,1.05827228911344,0.483333333333333,0.65,1.40333333333333,0.902522686025408,1.31732088842797,1.6,0.808839499901845,0.326666666666667,0.183333333333333,0.997705672534806,0.494444444444444,6.4,0.667789727312357,5.62762111369064,2.01272794088158,2.14285714285714,2.77777777777778,0.2,0,"R32","R32 - L",0.848484848484849,0.7954488052738,-0.053036043211048
"736",2018,112358,"Long Island","Final - W",0.462999358187476,0.35555802913877,0.705482247518167,38.0144444444445,11.0211111111111,26.9933333333333,12.5655555555556,5.38333333333333,3.28111111111111,13.92,18.9188888888889,77.9855555555556,76.3333333333333,0.43351126450058,0.326800805986061,0.534969097780906,1.65222222222222,71.4063166666667,1.09232986673432,1.06925206641546,0.683333333333333,0.59,-3.85888888888889,0.828839945018061,0.903915598461358,3,0.637625064672826,0.412222222222222,0.0511111111111111,0.996013495276653,0.833333333333333,3.2,0.534972548644067,5.68017260901707,0.948044099127454,0,3.22222222222222,0.2,0,"First Four","First Four - L",0.529411764705882,0.533550538099824,0.00413877339394153
"737",2019,2,"Auburn","Final - W",0.442273469762268,0.390964408725603,0.731776418823178,32.6384615384615,10.5675213675214,22.0709401709402,13.4350427350427,8.9991452991453,4.21709401709402,11.5452991452991,18.3384615384615,77.3794871794872,69.5811965811966,0.441855754230203,0.353591378032793,0.542627942786609,7.7982905982906,68.3223205128205,1.1319075512057,1.0199688665307,0.838095238095238,0.733333333333333,4.45811965811966,1.39915422508526,1.1595339143615,3.7,0.571474815229475,0.347008547008547,0.256410256410256,0.995159971632847,0.56984126984127,7.4,0.651515151515151,6.13772705408623,1.88888888888889,1,3.1,0,1,"F4","F4 - L",0.742857142857143,0.846855656679262,0.103998513822119
"738",2019,9,"Arizona St","Semifinals - L",0.454733297132482,0.347143445390438,0.66381455934584,38.1939393939394,11.349494949495,26.8444444444444,13.7260101010101,6.23888888888889,2.9469696969697,13.5462121212121,19.8686868686869,76.9808080808081,73.505303030303,0.420190334599783,0.345775994274821,0.523943081410925,3.47550505050505,71.7258560606061,1.073464054065,1.02504429030048,0.705357142857143,0.6,1.00050505050505,1.0090425991532,1.00926672413805,5.5,0.594877533259411,0.267929292929293,0.151010101010101,0.983177214869216,0.423214285714286,2.9,0.583664094511181,5.07517381523383,0.847067319739639,1,2.5,0.2,1,"R64","R64 - L",0.6875,0.666601805986364,-0.0208981940136358
"739",2019,43,"Yale","Final - W",0.498426108181981,0.374295949938353,0.75520748897909,37.7822222222222,8.3,29.4822222222222,16.2411111111111,6.06777777777778,4.67111111111111,12.1544444444444,15.9533333333333,80.6566666666667,72.3755555555556,0.410212843812486,0.320351724816643,0.560768262685478,8.28111111111111,71.8475055555556,1.12293020608628,1.00741538587849,0.6,0.616666666666667,-2.61666666666667,0.891970743600163,1.3460811516805,1.3,0.618889614890501,0.161111111111111,0.251111111111111,0.991518527327776,0.571428571428571,8.6,0.520795660036166,6.31716468674728,1,1,3.125,0,0,"R64","R64 - L",0.758620689655172,0.756110116729288,-0.00251057292588464
"740",2019,52,"Florida St","Final - L",0.431464178262313,0.334143009783373,0.731447834666646,37.5083333333333,10.8566666666667,26.6516666666667,12.9066666666667,6.43333333333333,4.665,12.67,18.81,72.5316666666667,66.86,0.405281559524241,0.32321578730937,0.49963150213195,5.67166666666667,68.8186416666667,1.05317424976946,0.971899469964604,0.487301587301587,0.25,1.81833333333333,1.04517975589236,1.02793259273207,2.9,0.634204892692134,0.22,0.106666666666667,0.981249293503332,0.580952380952381,8.1,0.557671957671958,6.85224256905188,1.66666666666667,1.66666666666667,3,0.2,1,"S16","S16 - L",0.794117647058823,0.770034034056983,-0.0240836130018403
"741",2019,57,"Florida","Semifinals - L",0.418487509334228,0.326548313498566,0.747222945632237,32.5008547008547,10.6264957264957,21.874358974359,11.6634615384615,6.76666666666667,3.32649572649573,11.8307692307692,17.1141025641026,67.3333333333333,65.3619658119658,0.435457315688787,0.329932844932845,0.491940567045713,1.97136752136752,64.6688055555556,1.04112116382972,1.01037082973581,0.758333333333333,0.466666666666667,2.15897435897436,1.20969422922443,0.98922015495841,1.9,0.45422267553361,0.386752136752137,0.05,0.999264705882353,0.65,4.2,0.682144582777639,5.51342874616498,1.84042772941926,2,2.77777777777778,0,0,"R32","R32 - L",0.558823529411765,0.683615510900228,0.124791981488464
"742",2019,66,"Iowa State","Final - W",0.469061841242873,0.372389945808832,0.738158268321985,34.067735042735,8.9267094017094,25.1410256410256,14.5547008547009,6.75299145299145,4.58675213675214,11.2202991452991,14.8153846153846,75.0412393162393,69.5318376068376,0.423775813478552,0.346940123850797,0.543594625922174,5.50940170940171,67.5604305555556,1.11036382730041,1.02981125951061,0.714285714285714,0.68,-1.89935897435897,1.10223481536823,1.30291055333895,2.3,0.449070753416709,0.372435897435897,0.0944444444444444,0.982006216014412,0.714285714285714,6.4,0.692933323029048,5.45958551414416,1.51871201418231,2,2.66666666666667,0.2,1,"R64","R64 - L",0.676470588235294,0.798654917315814,0.12218432908052
"743",2019,71,"Bradley","Final - W",0.427432605682736,0.378773551545743,0.700035877540875,34.6346153846154,8.89444444444444,25.7401709401709,11.6854700854701,4.80534188034188,3.76858974358974,12.0444444444444,16.2023504273504,64.5820512820513,63.6173076923077,0.409949286102013,0.320337046375794,0.493790915639266,0.96474358974359,64.2970053418804,1.00386825077119,0.989614402874388,0.45,0.825,-0.701068376068376,0.904048157724628,0.966725921137686,2.4,0.58955477748645,0.372435897435897,0.0888888888888889,0.998187389130785,0.576785714285714,5.4,0.522476583201143,5.55682806169954,0,0,2.9,0.4,0,"R64","R64 - L",0.588235294117647,0.567221933202143,-0.0210133609155043
"744",2019,93,"Murray St","Final - W",0.498859694849873,0.345753781659159,0.736550105725994,38.0727272727273,10.9020202020202,27.1707070707071,17.9424242424242,7.36868686868687,4.15858585858586,11.7212121212121,15.4111111111111,84.0757575757576,69.7161616161616,0.418737330045735,0.291193254107902,0.559496687107631,14.359595959596,71.6899292929293,1.17216872573175,0.972257584486577,0.5,0.625,1.38080808080808,1.14728607918263,1.54648148148148,1.7,0.739226085193279,0.154545454545455,0.395959595959596,0.997435166714164,0.5,9.2,0.613883245407309,4.57471097850338,0.763538020217703,1,1.9,0.2,0,"R32","R32 - L",0.870967741935484,0.906162966764673,0.0351952248291889
"745",2019,94,"N Kentucky","Final - W",0.487908881367289,0.373322130081907,0.693179227131323,36.1690909090909,10.7693939393939,25.399696969697,17.7315151515152,5.89363636363636,4.14151515151515,12.36,17.67,79.5236363636364,70.7193939393939,0.433763378034215,0.333171671563677,0.560886101625522,8.80424242424242,69.2745303030303,1.147958264751,1.02115395062722,0.641269841269841,0.46,2.21121212121212,1.04287341199106,1.4329888521065,2.2,0.62798777207324,0.297272727272727,0.172121212121212,0.989186440665846,0.70952380952381,6.3,0.57629211721038,4.60517018598809,0.768621786840241,1,2.5,0.2,0,"R64","R64 - L",0.764705882352941,0.823856685123014,0.0591508027700727
"746",2019,96,"Kentucky","Semifinals - L",0.472310290122006,0.36673275349792,0.736408250076326,37.889696969697,11.0313636363636,26.8583333333333,13.5728787878788,5.78560606060606,4.71969696969697,11.9621212121212,16.2754545454545,74.0610606060606,63.9143939393939,0.394922270880183,0.338500888371163,0.527923872535376,10.1466666666667,65.8117946969697,1.1250845839945,0.970934249253019,0.435714285714286,0.683333333333333,1.16348484848485,0.967792478302797,1.14279035679846,2.2,0.542760648542209,0.315606060606061,0.244242424242424,0.974864429861551,0.576785714285714,8,0.779220779220779,6.82979373751242,3.84210526315789,5.125,1.8,0,1,"E8","E8 - L",0.818181818181818,0.852331782086505,0.0341499639046867
"747",2019,97,"Louisville","Quarterfinals - L",0.427635812864966,0.337934357462729,0.781888544891641,38.4573426573427,10.4094794094794,28.0478632478632,13.7736596736597,4.07560217560218,2.65446775446775,12.3192696192696,17.0327117327117,72.6154623154623,67.3985236985237,0.397453679556611,0.304258901856145,0.50404990954745,5.21693861693862,68.7216895881896,1.05650715805329,0.980748325350427,0.698412698412698,0.44,-1.06247086247086,0.924848294052582,1.12468527184549,2.4,0.400288847936494,0.263714063714064,0.242657342657343,0.999058517240335,0.43015873015873,6.4,0.685930914244318,5.74620319054015,1.918129747864,0,3.44444444444444,0.2,1,"R64","R64 - L",0.606060606060606,0.738920646981474,0.132860040920868
"748",2019,99,"LSU","Quarterfinals - L",0.448881317678929,0.319277423616177,0.760291280148423,39.7803418803419,14.3491452991453,25.4311965811966,12.4149572649573,8.61666666666667,3.97222222222222,12.6307692307692,19.2568376068376,81.6747863247863,74.6166666666667,0.443292702730563,0.328950242969285,0.505174611887156,7.05811965811966,72.3321752136752,1.12917561290835,1.03150218092242,0.505555555555556,0.495,5.06837606837607,1.14361559139785,0.982486745818399,5.3,0.653633310344468,0.493162393162393,0.111965811965812,0.974021982445896,0.505555555555556,3,0.428502742280861,5.06259503302697,0,0,1.66666666666667,0.2,0,"S16","S16 - L",0.8125,0.766738802974196,-0.0457611970258041
"749",2019,111,"Northeastern","Final - W",0.479110419236128,0.381275638000508,0.759435861622043,32.4083333333333,7.01904761904762,25.3892857142857,14.0928571428571,6.44761904761905,2.22738095238095,10.4892857142857,15.4309523809524,76.9833333333333,67.5130952380952,0.445352643769586,0.308369831641097,0.570718654371738,9.47023809523809,67.2494583333333,1.14504408947805,1.0046566938932,0.655555555555556,0.655,0.314285714285714,1.10689472167887,1.35695992357731,1.4,0.560860332029125,0.195238095238095,0.139285714285714,0.970026378639757,0.666666666666667,5.5,0.519848785878669,5.96100533962327,0.994916233377462,1,3.3,0.2,0,"R64","R64 - L",0.696969696969697,0.705784039601615,0.0088143426319176
"750",2019,120,"Maryland","Early Round - L",0.438682864843398,0.361643867791385,0.76718408903439,38.4947552447552,10.2975524475524,28.1972027972028,12.4555944055944,3.70839160839161,4.33426573426573,12.8902097902098,15.6199300699301,68.2870629370629,64.9517482517483,0.393351735658409,0.31573511410091,0.508720139176635,3.33531468531469,64.874694055944,1.05334782649808,1.00142804084145,0.557142857142857,0.703333333333333,-3.73076923076923,0.651516357845976,0.979368123914302,0.7,0.747363777085872,0.218531468531469,0.0307692307692308,0.952503278445245,0.585714285714286,3.8,0.629057187017002,6.47389069635227,1.5,1.66666666666667,1.5,0,1,"R32","R32 - L",0.6875,0.733758345107842,0.0462583451078415
"751",2019,127,"Michigan St","Final - W",0.47677298545427,0.371222863695113,0.766908291809984,39.5861111111111,10.299358974359,29.2867521367521,17.933547008547,5.0698717948718,5.43653846153846,12.8207264957265,16.0089743589744,74.8587606837607,64.1467948717949,0.381161386686738,0.310912483078934,0.548796355625589,10.7119658119658,66.136842948718,1.1310363656312,0.970386156351903,0.505357142857143,0.78,-3.60128205128205,0.794354979361665,1.42833556188594,1.1,0.387575543315089,0.192521367521368,0.15042735042735,0.964401654079688,0.435714285714286,9.7,0.718397997496871,6.68461172766793,3.64285714285714,3.64285714285714,2.88888888888889,0.4,1,"F4","F4 - L",0.823529411764706,0.884099463989871,0.0605700522251649
"752",2019,130,"Michigan","Final - L",0.443435162129239,0.337944963408061,0.728804920280513,33.7354700854701,7.62264957264957,26.1128205128205,13.5970085470085,6.02115384615385,4.22094017094017,8.43226495726496,14.4113247863248,69.1320512820513,60.0715811965812,0.406100652829266,0.277966193734388,0.512982351886165,9.06047008547008,64.7971463675214,1.06723080329387,0.92667771311468,0.919047619047619,0.376666666666667,1.02735042735043,1.35317073170732,1.60861788617886,1.5,0.619800023938371,0.0938034188034188,0.252350427350427,0.971810422211784,0.507142857142857,5.1,0.629802095459837,6.75693238924755,2.58333333333333,2.875,2.42857142857143,0,1,"S16","S16 - L",0.823529411764706,0.883192780533098,0.0596633687683924
"753",2019,135,"Minnesota","Semifinals - L",0.435477348477126,0.329615304637139,0.681055405810123,35.3547008547009,10.0510683760684,25.3036324786325,14.5803418803419,4.67991452991453,3.62905982905983,11.2594017094017,15.657905982906,68.4730769230769,69.5606837606838,0.439177483173156,0.332768216158047,0.482510198446841,-1.08760683760684,66.7409572649573,1.02441678960324,1.04288240104972,0.442857142857143,0.325,-0.611111111111111,0.95120496539141,1.33903747574503,1.9,0.613448785625016,0.401495726495727,0.18482905982906,0.962059762224835,0.571428571428571,2.3,0.548226339292076,5.30330490805908,0.885143334548967,1,3.11111111111111,0,0,"R32","R32 - L",0.617647058823529,0.563226331293632,-0.0544207275298975
"754",2019,139,"Saint Louis","Final - W",0.417160069325925,0.304201701581614,0.599053632638334,39.7649572649573,14.1982905982906,25.5666666666667,13.0581196581197,6.63418803418803,3.81111111111111,12.0717948717949,17.1615384615385,66.857264957265,63.834188034188,0.410973019476214,0.318393493727225,0.469332231282457,3.02307692307692,65.2862094017094,1.02398144652356,0.979102772337423,0.576785714285714,0.145,5.61196581196581,1.0294959554449,1.08962694103649,6.5,0.56793808253172,0.333333333333333,0.0923076923076923,0.98633151825649,0.705357142857143,5.4,0.53859649122807,6.34738920965601,1,0,3.25,0.2,0,"R64","R64 - L",0.657142857142857,0.635889639497719,-0.0212532176451384
"755",2019,145,"Ole Miss","Early Round - L",0.440052406554919,0.345778380006022,0.791450354227353,33.675,9.835,23.84,13.24,7.00833333333333,3.415,12.3533333333333,18.23,73.4216666666667,72.1083333333333,0.451079782582961,0.381860798734979,0.512098794747368,1.31333333333333,68.7253666666667,1.0681492623212,1.04913552054749,0.714285714285714,0.42,0.933333333333333,1.16111005597761,1.06985822337732,5.4,0.534266597059981,0.46,0.1,0.994045631608236,0.428571428571429,4,0.628705148205928,6.46458830368996,1,0,2.375,0.2,0,"R64","R64 - L",0.625,0.68126098555058,0.0562609855505803
"756",2019,149,"Montana","Final - W",0.499875340371779,0.390490030877128,0.708202826365689,34.441958041958,8.64125874125874,25.8006993006993,15.4131468531469,6.38923076923077,2.94811188811189,11.681958041958,18.0597202797203,77.7843356643357,68.1710489510489,0.43290240897574,0.337882955287562,0.572333321107923,9.61328671328671,68.260686013986,1.13956475563083,0.998700134625925,0.575,0.54,2.23622377622378,1.10415405754531,1.32209085149623,2.4,0.668304541708376,0.266293706293706,0.201678321678322,0.955339606127075,0.875,7.7,0.62563324226464,4.89034912822175,0.81621932163185,1,3.66666666666667,0,0,"R64","R64 - L",0.764705882352941,0.782687728334838,0.0179818459818972
"757",2019,150,"Duke","Final - W",0.470447732195101,0.294996346084536,0.695317020850092,40.3633333333333,12.6166666666667,27.7466666666667,15.0016666666667,8.66166666666667,6.355,13.2283333333333,15.77,80.3066666666667,69.05,0.40503504422791,0.297648624667258,0.53156057509728,11.2566666666667,72.5344583333333,1.10744277958628,0.954361983774179,0.55,0.325,1.00166666666667,1.02268793768297,1.13503892664767,1.2,0.638768256091483,0.295,0.278333333333333,0.939099641237403,0.25,6.9,0.764951321279555,7.27170370688737,4.38235294117647,4.38235294117647,1.88888888888889,0.2,0,"E8","E8 - L",0.852941176470588,0.911357796642771,0.0584166201721823
"758",2019,153,"North Carolina","Semifinals - L",0.454575455869981,0.363681589594902,0.733547050700335,43.4172727272727,13.0704545454545,30.3468181818182,18.7640909090909,7.02924242424242,3.44590909090909,12.5442424242424,16.6562121212121,83.8525757575758,72.1416666666667,0.413295351981286,0.327285909810003,0.523489577232611,11.7109090909091,74.8293924242424,1.12050116937122,0.964885792730359,0.564285714285714,0.4,4.86287878787879,1.08574099963807,1.49836439312758,1.5,0.630929078427081,0.139242424242424,0.298030303030303,0.997610809029494,0.564285714285714,8.9,0.787652011225444,6.97541392745595,3.94642857142857,4.60714285714286,2.66666666666667,0,1,"S16","S16 - L",0.818181818181818,0.860524343806305,0.0423425256244873
"759",2019,161,"Fair Dickinson","Final - W",0.486680345441155,0.412774348132488,0.757675731341356,32.4810606060606,9.00909090909091,23.4719696969697,14.7416666666667,7.28030303030303,3.44015151515151,13.2424242424242,16.0363636363636,75.6454545454545,70.3181818181818,0.434701478822467,0.334666574560192,0.557687800829696,5.32727272727273,68.0010265151515,1.11210689977891,1.03368383326473,0.583333333333333,0.708333333333333,-1.75151515151515,1.07673135289249,1.11452794341646,3.1,0.587290256557189,0.212121212121212,0.0977272727272727,0.972016736192015,0.5,6.3,0.424739760677528,5.04342511691925,0.841768331810234,1,2.71428571428571,0,0,"R64","R64 - L",0.606060606060606,0.650847126540486,0.04478652047988
"760",2019,166,"New Mexico St","Final - W",0.462839900656619,0.344847671964651,0.67388827248916,38.5091630591631,12.5901875901876,25.9189754689755,15.0727272727273,5.46457431457431,2.93535353535354,11.9733766233766,17.7107503607504,77.9339105339105,62.9186868686869,0.410613409358004,0.315576641646603,0.544066463495343,15.0152236652237,67.5774844877345,1.15326978033559,0.930849720557803,0.554545454545455,0.55952380952381,6.6491341991342,1.07076020616028,1.26943946711601,0.2,0.829506381076899,0.261976911976912,0.351875901875902,0.953992109527932,0.627272727272727,8.1,0.695936283213191,4.21950770517611,0.704253137442467,1,2,0.6,1,"R64","R64 - L",0.882352941176471,0.897665989639724,0.0153130484632534
"761",2019,183,"Syracuse","Quarterfinals - L",0.420855647435841,0.343030781455846,0.66973629479329,33.8601398601399,10.6460761460761,23.2140637140637,11.7306138306138,8.02944832944833,4.93201243201243,12.8635586635587,17.0554001554002,68.8453768453768,67.7865578865579,0.403198203189044,0.334171535470037,0.498972534440561,1.05881895881896,67.4285392385392,1.02049398405969,1.00468417948377,0.705357142857143,0.56,0.750815850815851,1.19646931501137,0.914783601576695,5.6,0.720704155201731,0.0531468531468531,0.262703962703963,0.97635865025406,0.435714285714286,5.3,0.734620886981402,7.24351297466548,2.83333333333333,2.83333333333333,2.55555555555556,0.2,1,"R64","R64 - L",0.606060606060606,0.658119665880829,0.0520590598202226
"762",2019,194,"Ohio State","Quarterfinals - L",0.416844946290823,0.330863392526822,0.73881418768677,33.7654234654235,9.34576534576535,24.4196581196581,13.273581973582,6.31577311577312,2.16853146853147,12.6731934731935,17.9882672882673,65.5262626262626,68.2862470862471,0.43976397378977,0.348943505144378,0.486908677381594,-2.75998445998446,66.0468776223776,0.990657954038972,1.03459641013208,0.6875,0.466666666666667,-0.151282051282051,0.943952528379773,1.06033217234262,5.6,0.740854581894459,0.188500388500388,0.120668220668221,0.916053141582771,0.625,4.3,0.59791381452913,5.4553211153577,1.36577319429961,1,2.22222222222222,0.2,0,"R32","R32 - L",0.575757575757576,0.635215341629241,0.0594577658716651
"763",2019,201,"Oklahoma","Early Round - L",0.436323460697936,0.330134424791778,0.703338944714942,35.04,8.75166666666667,26.2883333333333,12.25,6.025,2.515,11.57,15.48,68.4183333333333,69.1083333333333,0.416133606649444,0.337184030194845,0.493167320659864,-0.69,67.972025,1.00561161063188,1.01809966191108,0.501587301587302,0.591666666666667,-1.96666666666667,1.02603150145523,1.05885978428351,2.7,0.507194006969409,0.236666666666667,0.105,0.998375017662852,0.698412698412698,6.6,0.610453648915187,6.92264389147589,1.94444444444444,2.5,3.66666666666667,0,0,"R32","R32 - L",0.59375,0.613902408068159,0.020152408068159
"764",2019,218,"Temple","Quarterfinals - L",0.4354899816679,0.346383779962727,0.732534084912611,33.9333333333333,9.49,24.4433333333333,14.11,8.50666666666667,2.31666666666667,11.4033333333333,17.7516666666667,75.1133333333333,72.8666666666667,0.442350335651815,0.31292742496082,0.50413076805609,2.24666666666667,70.9086416666667,1.05939085131542,1.02747760568227,0.633928571428571,0.56,1.22833333333333,1.27805572285528,1.2566810812113,2.2,0.710272562637958,0.343333333333333,0,0.982099545056138,0.507142857142857,5.9,0.638761467889908,6.7719355558396,1,1,2.77777777777778,0.2,0,"First Four","First Four - L",0.71875,0.635472977038643,-0.0832770229613568
"765",2019,222,"Villanova","Final - W",0.434784688032463,0.354477572375305,0.733351249845995,35.1867521367521,10.2326923076923,24.9540598290598,14.4818376068376,5.45299145299145,2.90854700854701,10.5151709401709,16.0036324786325,74.2070512820513,67.4805555555556,0.432105980402364,0.336297210359936,0.532880265710248,6.72649572649573,65.5916356837607,1.13167725364921,1.02850935754835,0.8,0.636666666666667,1.68076923076923,1.12304372141666,1.40278397819815,4.9,0.636241139141106,0.270940170940171,0.127350427350427,0.99338506884381,0.428571428571429,7.9,0.685138539042821,6.67834211465433,3.16666666666667,3.5,2.55555555555556,0,0,"R32","R32 - L",0.735294117647059,0.759209622705351,0.0239155050582924
"766",2019,239,"Baylor","Quarterfinals - L",0.438175296126763,0.359201561120256,0.686033904416563,37.7283333333333,13.51,24.2183333333333,14.0766666666667,5.72833333333333,3.92166666666667,12.9016666666667,19.0766666666667,72.11,70.4416666666667,0.438608945895331,0.355467787114846,0.513055115364853,1.66833333333333,66.0464916666667,1.09235996634628,1.06656989884724,0.712857142857143,0.534285714285714,1.8,0.876241646730358,1.11699171003109,3.5,0.578599945716998,0.366666666666667,0.165,0.935495479573316,0.841428571428571,3.5,0.606870229007634,6.26339826259162,2.14285714285714,2.14285714285714,2.3,0.2,1,"R32","R32 - L",0.59375,0.670030891617692,0.0762808916176919
"767",2019,248,"Houston","Final - L",0.446337517514803,0.373983567452955,0.697069669113568,40.1649572649573,12.5128205128205,27.6521367521368,14.7735042735043,6.2284188034188,4.3034188034188,11.1630341880342,19.8876068376068,76.182264957265,62.7215811965812,0.371730766778235,0.28621577337346,0.525553981365598,13.4606837606838,67.0891442307692,1.13555840106425,0.934947885270859,0.533333333333333,0.573333333333333,3.28782051282051,1.07205150130228,1.32379792618802,2.7,0.500142276300391,0.150854700854701,0.207905982905983,0.984848602440385,0.555555555555556,11.5,0.648786717752235,6.66440902035041,1.63333333333333,1,2.3,0.4,0,"S16","S16 - L",0.911764705882353,0.910570892356232,-0.00119381352612069
"768",2019,258,"Virginia","Semifinals - L",0.479509408057532,0.416875957889359,0.722736999078813,34.7391414141414,8.71111111111111,26.0280303030303,14.2396464646465,5.12348484848485,4.2459595959596,9.2270202020202,14.3356060606061,70.6050505050505,56.6770202020202,0.381430618868907,0.28032260511863,0.56178197764071,13.9280303030303,60.6994646464646,1.16311259356852,0.933927843879154,0.5,0.875,0.0290404040404042,1.07196182096793,1.54467399109985,1.1,0.695702549543191,0.143686868686869,0.455050505050505,0.991943521911394,0.714285714285714,6.2,0.707616707616708,6.01126717440416,1.75,1.66666666666667,3.125,0.4,0,"Final","Final - W",0.90625,0.949129975098078,0.0428799750980781
"769",2019,259,"Virginia Tech","Quarterfinals - L",0.45700304626812,0.369193955452764,0.769718338684731,31.8174242424242,8.43535353535353,23.3820707070707,14.1926767676768,6.1790404040404,2.08131313131313,11.1502525252525,15.6267676767677,70.6429292929293,64.5017676767677,0.412440640541023,0.33856433870139,0.543587130230417,6.14116161616162,63.3823813131313,1.11353319454424,1.0185243756516,0.576785714285714,0.425,1.29520202020202,1.17079199869898,1.30805852201201,3.4,0.630929078427081,0.143686868686869,0.247474747474747,0.964621889804489,0.846428571428571,5.7,0.608613229420302,5.92425579741453,1.83631051332286,1,3.125,0.2,0,"S16","S16 - L",0.75,0.873207053395265,0.123207053395265
"770",2019,261,"Vermont","Final - W",0.46413613597036,0.352514544454581,0.754697428461768,35.4272435897436,8.58461538461539,26.8426282051282,11.5153846153846,5.38525641025641,4.08108974358974,10.7477564102564,15.9724358974359,72.6349358974359,59.2041666666667,0.402448375063696,0.349164320173626,0.532190553625433,13.4307692307692,65.2366971153846,1.11382181525327,0.906425988780637,0.5125,0.63,3.67820512820513,1.17770560069276,1.0754529709905,1.4,0.726460154524422,0.0778846153846154,0.336217948717949,0.97506573727934,0.625,8.1,0.677228410412047,5.4971682252932,0.917499917102343,1,2.63636363636364,0.2,0,"R64","R64 - L",0.818181818181818,0.860612704303563,0.0424308861217449
"771",2019,264,"Washington","Final - L",0.456600225313884,0.360686036982934,0.682035734497534,30.1816666666667,9.05666666666667,21.125,11.8316666666667,9.48,5.385,13.23,18.135,69.6866666666667,63.93,0.42599557883963,0.324282121640174,0.53234741259568,5.75666666666667,66.6037,1.04620630357154,0.959992764126798,0.642857142857143,0.525,1.45833333333333,1.28283657794309,0.892753973238008,3,0.782530908201948,0.331666666666667,0.0583333333333333,0.987782885508035,0.571428571428571,6.7,0.592531186068221,3.78418963391826,0,0,3.25,0.2,0,"R32","R32 - L",0.764705882352941,0.709394735459053,-0.0553111468938884
"772",2019,269,"Marquette","Semifinals - L",0.457893474101464,0.396144636015326,0.757849369622626,36.3841491841492,9.12012432012432,27.2640248640249,13.075912975913,4.41911421911422,3.94724164724165,13.4088578088578,18.8152292152292,76.6933177933178,70.5814296814297,0.409349908981702,0.329953788112444,0.543412905261664,6.11188811188811,70.1299013209013,1.09358922121442,1.006908781238,0.547619047619048,0.9,-3.2993783993784,0.854744208206778,0.974539336549342,3.7,0.655697108625092,0.374980574980575,0.137062937062937,0.996023584258878,0.29047619047619,5.5,0.563798445171318,4.89034912822175,0.81621932163185,1,2.77777777777778,0,1,"R64","R64 - L",0.727272727272727,0.785095798498175,0.0578230712254473
"773",2019,275,"Wisconsin","Semifinals - L",0.434424010042951,0.353000883218393,0.627076774776094,35.0700077700078,8.27210567210567,26.7979020979021,12.0452991452991,4.98290598290598,4.38966588966589,9.68407148407148,15.3205128205128,65.4734265734266,60.5594405594406,0.384751557079786,0.314346918346918,0.495772377390358,4.91398601398601,65.0588900543901,1.00600616297386,0.930906441606407,0.5,0.375,-0.542657342657343,1.14763610099612,1.25148072289796,3.1,0.587579703839119,0.339238539238539,0.0829059829059829,0.997769516728625,0.625,3.2,0.612593704768282,4.54329478227,2.27488358474707,3,3.125,0,0,"R64","R64 - L",0.696969696969697,0.783974275208876,0.0870045782391791
"774",2019,295,"Old Dominion","Final - W",0.410680747158431,0.352326992393438,0.662769045596148,38.373717948718,12.4354700854701,25.9382478632479,12.8235042735043,5.6232905982906,4.52820512820513,11.9508547008547,16.290811965812,66.2412393162393,62.7594017094017,0.408803264566417,0.326322803285672,0.474295042190158,3.48183760683761,65.201264957265,1.01620315271361,0.962599913248641,0.576785714285714,0.735,3.56495726495726,1.00439464467793,1.08143857782507,1.5,0.725245371422409,0.529273504273504,0.0230769230769231,0.99814132455082,0.717857142857143,3.4,0.577205882352941,6.70563909486,1.57142857142857,0,2.9,0.2,0,"R64","R64 - L",0.764705882352941,0.719690059555132,-0.0450158227978096
"775",2019,300,"UC Irvine","Final - W",0.473745879925655,0.369242464750006,0.698156790239417,40.9175757575758,11.6852525252525,29.2323232323232,14.2147474747475,5.12929292929293,4.21979797979798,11.0993939393939,18.5749494949495,74.8915151515152,63.0143434343434,0.379644430954798,0.325425883549453,0.532947752472809,11.8771717171717,66.4910717171717,1.12667320103717,0.947484165498469,0.333333333333333,0.866666666666667,1.07555555555556,0.96130849069098,1.28668175766574,1.7,0.851804803661015,0.207474747474747,0.200808080808081,0.958858923835176,0.444444444444444,8,0.565634975368359,5.63478960316925,0.940469489365351,1,3.54545454545455,0.2,0,"R32","R32 - L",0.857142857142857,0.824711201155133,-0.0324316559877245
"776",2019,314,"Iona","Final - W",0.458056920073369,0.363923093197927,0.753638158111842,35.1156565656566,8.80757575757576,26.3080808080808,13.1030303030303,6.39570707070707,2.99393939393939,11.4671717171717,16.2179292929293,77.3954545454545,72.5520202020202,0.432844105743527,0.362790518249023,0.539257678603265,4.84343434343434,69.4322121212121,1.11610221942743,1.04455828496401,0.785714285714286,0.733333333333333,-0.624242424242424,1.11891287302246,1.17031732853651,5.6,0.470294896463393,0.428787878787879,0.0598484848484848,0.956966499694969,0.585714285714286,6.1,0.660943401484363,5.61677109766657,0.937462126914817,1,2.44444444444444,0,0,"R64","R64 - L",0.53125,0.543851905969289,0.0126019059692893
"777",2019,328,"Utah State","Final - W",0.470142209194457,0.360638152334903,0.738140322258863,39.2745726495726,10.7555555555556,28.5190170940171,17.6647435897436,5.71410256410256,4.18632478632479,11.8777777777778,17.590811965812,78.2384615384616,67.6346153846154,0.40522943354829,0.362757371754245,0.544421040958593,10.6038461538462,68.4765587606838,1.14276617701767,0.988349156902691,0.564285714285714,0.875,2.32136752136752,1.01075569735364,1.51803075024725,3.6,0.593533152873211,0.263247863247863,0.173931623931624,0.998161739250848,0.576785714285714,6.6,0.593553374049177,4.90527477843843,0,0,2.18181818181818,0.2,0,"R64","R64 - L",0.823529411764706,0.866539904232817,0.0430104924681111
"778",2019,344,"Mississippi St","Quarterfinals - L",0.467492538678695,0.374523918274549,0.697284536225677,35.3793317793318,11.5957264957265,23.7836052836053,13.3747474747475,8.2027972027972,4.90567210567211,13.4923076923077,17.4802641802642,75.9325563325563,71.7864024864025,0.441696428151341,0.358831593566596,0.539756169053199,4.14615384615385,68.7667066822067,1.10498828357811,1.04403865772434,0.5125,0.63,0.81041181041181,0.990652403152403,0.997341547341547,3,0.380937234203142,0.382672882672883,0.121678321678322,0.967148086829642,0.625,5.8,0.642149929278642,6.56244409369372,3.05,0,2.625,0.2,1,"R64","R64 - L",0.696969696969697,0.745906340057963,0.0489366430882656
"779",2019,2000,"Abilene Chrstn","Final - W",0.461839303271349,0.38206744236156,0.72751971270807,32.9522144522145,9.42781662781663,23.5243978243978,15.3713286713287,8.52346542346542,2.77567987567988,12.0781662781663,18.2240093240093,73.0118104118104,63.6724941724942,0.427662634705674,0.324924726670863,0.529145148853354,9.33931623931624,67.2689545454545,1.08501635570426,0.946274607892687,0.4375,0.741666666666667,4.34716394716395,1.32698351579045,1.27248019969594,3.7,0.521955057997616,0.287101787101787,0.180497280497281,0.944396544607086,0.5625,6.2,0.441137845063442,5.04342511691925,0,0,3,0,1,"R64","R64 - L",0.818181818181818,0.861309545000431,0.0431277268186124
"780",2019,2057,"Belmont","Final - L",0.510992597773503,0.377784635254692,0.749910667392067,37.930303030303,8.37676767676768,29.5535353535354,19.8212121212121,6.2010101010101,3.32525252525253,11.2646464646465,15.1939393939394,87.5686868686869,73.1090909090909,0.426151703838115,0.354024558758872,0.598316092431751,14.459595959596,73.1493636363636,1.1978035816303,0.999682667227787,0.597619047619048,0.63,-0.346464646464646,1.0625424889029,1.79429325517336,1,0.728967702334345,0.0727272727272727,0.242424242424242,0.97890991819192,0.70952380952381,7.8,0.644518272425249,6.40191719672719,1,1,2.88888888888889,0.2,1,"R64","R64 - L",0.838709677419355,0.864404540923952,0.0256948635045969
"781",2019,2084,"Buffalo","Final - W",0.46345663544212,0.332362316372468,0.684770353531649,41.408547008547,12.3807692307692,29.0277777777778,16.6510683760684,7.44594017094017,3.56538461538462,11.8254273504274,18.1632478632479,85.3619658119658,70.7485042735043,0.419397540454691,0.294280089358868,0.536208694061436,14.6134615384615,74.9618183760684,1.13880087225406,0.943790488470349,0.728571428571429,0.59,5.79850427350427,1.35163478501201,1.48351483745972,3.2,0.62297237265289,0.182051282051282,0.286965811965812,0.998672221657691,0.714285714285714,9.4,0.619170129991357,4.64439089914137,0.775167884684083,1,2.44444444444444,0.2,1,"R32","R32 - L",0.911764705882353,0.885463816569741,-0.0263008893126114
"782",2019,2116,"UCF","Quarterfinals - L",0.455163244268148,0.345874944143246,0.661263864662655,34.7555555555556,9.36388888888889,25.3916666666667,12.8,6.01944444444444,3.95277777777778,12.2861111111111,17.2138888888889,69.9166666666667,64.9055555555556,0.403757624653147,0.312041958041958,0.523055111438602,5.01111111111111,66.217375,1.054922724663,0.98059295140144,0.441269841269841,0.68,-1.37222222222222,1.01821996041843,1.05791914051456,3.7,0.600399751133071,0.3,0.227777777777778,0.997848549186129,0.580952380952381,6.7,0.587687980236428,5.82894561761021,2.91862477284812,0,3.66666666666667,0,1,"R32","R32 - L",0.741935483870968,0.779975336887721,0.0380398530167534
"783",2019,2132,"Cincinnati","Final - W",0.417816920310746,0.348508043765243,0.695871408284898,36.3457264957265,13.1049145299145,23.240811965812,12.7209401709402,5.76324786324786,4.42478632478633,10.3873931623932,15.9912393162393,70.7944444444445,64.2027777777778,0.413894985631729,0.360547999994367,0.477832182920126,6.59166666666667,65.1071591880342,1.08625241177369,0.986098488352202,0.566666666666667,0.583333333333333,5.74230769230769,1.25473101539526,1.2221241999654,2.4,0.820332146916145,0.518803418803419,0.127350427350427,0.998568723725169,0.666666666666667,5.7,0.672654690618762,6.21860011969173,1.2,1.25,2.88888888888889,0,0,"R64","R64 - L",0.823529411764706,0.826834304516264,0.00330489275155865
"784",2019,2142,"Colgate","Final - W",0.488618882191708,0.406335445384594,0.750694864320146,34.3820512820513,9.35299145299145,25.0290598290598,16.3649572649573,6.85811965811966,3.64102564102564,12.8606837606838,15.3367521367521,77.2017094017094,70.9393162393162,0.449583001278438,0.359933980205578,0.573193375026788,6.26239316239316,68.0129273504273,1.13558593252316,1.04262681609023,0.6375,0.85,0.507692307692308,0.982516533940822,1.27353790637149,2.2,0.743433453510535,0.256410256410256,0.218803418803419,0.972816455271085,0.5,5,0.427324723040682,5.40267738187228,0,0,2.875,0.2,0,"R64","R64 - L",0.705882352941177,0.705665968084737,-0.000216384856439933
"785",2019,2241,"Gardner-Webb","Final - W",0.48296143132018,0.391327447158201,0.702479068550497,32.8751515151515,6.54515151515151,26.33,13.5406060606061,5.94909090909091,2.66969696969697,11.2157575757576,15.27,75.4160606060606,72.3521212121212,0.42167741411065,0.337697219693659,0.558796426262838,3.06393939393939,68.6458515151515,1.0986537098468,1.05558829440876,0.571428571428571,0.875,-4.18121212121212,1.01706328459801,1.20224385694705,2.4,0.751289327264959,0.413030303030303,0.04,0.991425813138454,0.714285714285714,6.7,0.542002345233334,5.11799381241676,0,0,3.2,0.2,0,"R64","R64 - L",0.676470588235294,0.760141860222573,0.0836712719872784
"786",2019,2247,"Georgia St","Final - W",0.459689945472594,0.386448151413625,0.6634652351994,32.8169386169386,7.47342657342657,25.343512043512,12.236519036519,7.45555555555556,4.68321678321678,11.5769230769231,17.3033411033411,76.5022533022533,72.2394716394716,0.414002703598993,0.3098405002405,0.545993463376573,4.26278166278166,70.8206790986791,1.08022776270423,1.02006202257536,0.564285714285714,0.75,-1.84755244755245,1.27877302436126,1.06556743909685,3.5,0.772728117381471,0.385703185703186,0.0307692307692308,0.989336072245491,0.576785714285714,6.9,0.582278481012658,6.45047042214418,1,1,3.25,0,0,"R64","R64 - L",0.727272727272727,0.646707231317021,-0.0805654959557059
"787",2019,2250,"Gonzaga","Final - L",0.531182261613417,0.354115714919735,0.779462484565674,37.5766666666667,9.03333333333333,28.5433333333333,17.5266666666667,7.46666666666667,5.58333333333333,9.51666666666667,15.32,85.6733333333333,61.1566666666667,0.383789315743838,0.315523804199885,0.587713357897265,24.5166666666667,68.9623833333333,1.24242476913412,0.888341871655449,0.4375,0.55,2.97666666666667,1.39455338173168,1.85825224560108,1.6,0.634376866465001,0.02,0.603333333333333,0.977225734985775,0.423214285714286,11,0.819295558958652,6.4831073514572,2.02631578947368,2.02631578947368,3.33333333333333,0,1,"E8","E8 - L",0.909090909090909,0.968560500971462,0.0594695918805528
"788",2019,2294,"Iowa","Quarterfinals - L",0.447528907364968,0.364951349791986,0.737988613085914,34.8285936285936,10.1520590520591,24.6765345765346,15.4459207459207,6.00738150738151,2.95190365190365,11.8853923853924,16.1664335664336,75.9325563325563,74.9343434343434,0.4568160260245,0.337287865333739,0.517627055644287,0.998212898212898,69.7544887334887,1.08825829953591,1.07470712561349,0.525,0.883333333333333,0.784071484071484,1.0517316017316,1.30093795093795,1.4,0.579840329916393,0.286091686091686,0.257031857031857,0.980201449946337,0.5125,6.5,0.575107296137339,6.5510803350434,1,1,2.88888888888889,0,1,"R32","R32 - L",0.666666666666667,0.662827613472833,-0.00383905319383371
"789",2019,2305,"Kansas","Final - L",0.448289209339465,0.347570032712123,0.707894520813781,37.25,10.1583333333333,27.0916666666667,12.1583333333333,6.50833333333333,3.88333333333333,13.95,16.75,72.1666666666667,70.8833333333333,0.416454681800896,0.350885000363506,0.5154953971298,1.28333333333333,69.9862916666667,1.03080276509929,1.01306036004934,0.685714285714286,0.593333333333333,-2.175,0.918754663058461,0.903689348626058,4.8,0.780988245271999,0.3,0.108333333333333,0.912056405455625,0.714285714285714,6.5,0.764912280701754,6.75227037614174,3.075,3.36666666666667,2.45454545454545,0.2,0,"R32","R32 - L",0.735294117647059,0.690188508819891,-0.0451056088271676
"790",2019,2306,"Kansas St","Semifinals - L",0.430935303799821,0.34309999898344,0.693847944902716,31.6638888888889,9.36388888888889,22.3,13.575,7.63055555555556,2.34722222222222,10.7083333333333,15.8805555555556,65.1944444444444,59.825,0.425975367900396,0.32956315206029,0.502368697110217,5.36944444444444,63.0013888888889,1.03531886116356,0.950652617306689,0.642857142857143,0.55,4.4,1.37887094556903,1.27364814429792,2.3,0.675748133723991,0.152777777777778,0.0972222222222222,0.930585984972453,0.571428571428571,6.9,0.650817236255572,6.51323011091231,1.95833333333333,1.5,2.88888888888889,0.2,1,"R64","R64 - L",0.757575757575758,0.760940063723403,0.00336430614764538
"791",2019,2335,"Liberty","Final - W",0.487050312559767,0.352015314831976,0.77036849835015,31.9622222222222,7.71777777777778,24.2444444444444,13.8733333333333,5.58,2.72666666666667,10.8377777777778,14.5444444444444,71.1977777777778,60.5,0.418521915318364,0.317835990631239,0.563029693968315,10.6977777777778,63.4151888888889,1.12246180965207,0.95437334997048,0.629166666666667,0.623333333333333,1.56666666666667,1.21098224039953,1.28067685238738,3.6,0.59287611124553,0.0955555555555556,0.222222222222222,0.998690682369241,0.629166666666667,4.4,0.526315789473684,6.20455776256869,1,0,3.11111111111111,0,0,"R32","R32 - L",0.823529411764706,0.897303456797408,0.0737740450327021
"792",2019,2428,"NC Central","Final - W",0.445169738628569,0.310349042892392,0.709083794204652,38.9590909090909,12.1863636363636,26.7727272727273,15.6642857142857,5.46948051948052,2.86168831168831,14.9181818181818,17.6396103896104,70.3876623376623,64.6383116883117,0.420042066180174,0.299862038853465,0.505387264618418,5.74935064935065,67.8313149350649,1.03762510972235,0.952872181104393,0.63015873015873,0.225,0.00779220779220779,0.814389346118997,1.06231727574751,2.2,0.511038144510322,0.341558441558442,0.231168831168831,0.993478624379912,0.580952380952381,5.3,0.590821625604569,5.67332326717149,0.946900915888745,1,2.8,0.2,0,"First Four","First Four - L",0.545454545454545,0.691913694386979,0.146459148932433
"793",2019,2440,"Nevada","Semifinals - L",0.463545516060469,0.349707651365986,0.689174061294711,37.1637917637918,9.15850815850816,28.0052836052836,14.6996891996892,6.73232323232323,3.68795648795649,10.7291375291375,17.403108003108,79.6011655011655,66.3340326340326,0.412471626950808,0.343365484468346,0.538868250541967,13.2671328671329,71.2037556332556,1.11730216079121,0.933598068188248,0.597619047619048,0.59,3.81996891996892,1.3033553076403,1.36706051386072,5.3,0.626345832887668,0.0986013986013986,0.388344988344988,0.988293728563066,0.273809523809524,5.9,0.709674043620848,4.70953020131233,1.5720798026204,2,4.375,0.2,0,"R64","R64 - L",0.878787878787879,0.890594100647044,0.0118062218591657
"794",2019,2449,"N Dakota St","Final - W",0.466706680271604,0.389159145786328,0.767394856493322,31.8808658008658,6.13333333333333,25.7475324675325,11.84,4.74640692640693,2.4169696969697,9.86632034632035,14.4518614718615,73.8505627705628,70.8705627705628,0.446695765490768,0.362820537644819,0.560643087362266,2.98,66.0628956709957,1.11855772292876,1.07227514730045,0.688636363636364,0.765238095238095,-2.2952380952381,0.948603117184893,1.22165219863299,0.6,0.669663679105046,0.309437229437229,0.0838095238095238,0.9804352315533,0.756818181818182,3.1,0.603462635694298,4.85981240436167,0.811122617208417,1,2.18181818181818,0,0,"R64","R64 - L",0.545454545454545,0.538896475165048,-0.00655807028949718
"795",2019,2483,"Oregon","Final - W",0.44661653554173,0.343922379962108,0.689620953370953,33.9623931623932,10.0222222222222,23.9401709401709,13.1333333333333,8.1948717948718,4.08717948717949,11.6393162393162,18.2153846153846,70.0324786324786,63,0.414916671588255,0.296999192747144,0.520015251625179,7.03247863247863,66.0600042735043,1.05948774176661,0.954611628107048,0.579166666666667,0.733333333333333,3.52222222222222,1.24410845843871,1.12931864194097,4.3,0.480700734561887,0.225641025641026,0.360683760683761,0.977133086642047,0.494444444444444,7.3,0.6553911205074,6.85329909318608,1.73076923076923,2.9,2.2,0.4,1,"S16","S16 - L",0.657142857142857,0.776434954238917,0.119292097096059
"796",2019,2504,"Prairie View","Final - W",0.454247783158811,0.322189806777604,0.679232601183821,33.2590909090909,11.0666666666667,22.1924242424242,13.7992424242424,9.16439393939394,1.63257575757576,12.3636363636364,21.8537878787879,78.0424242424242,69.5310606060606,0.439157825789228,0.300514276953979,0.510108876020793,8.51136363636364,71.8766742424242,1.08569384099109,0.965686034871728,0.4375,0.458333333333333,6.26212121212121,1.55819183837919,1.14614030543724,5.5,0.747623916153065,0.245454545454545,0.134848484848485,0.986516294806917,0.75,6,0.488323492669262,4.38202663467388,0,0,1.88888888888889,0.2,0,"First Four","First Four - L",0.647058823529412,0.593204826803332,-0.0538539967260799
"797",2019,2509,"Purdue","Quarterfinals - L",0.440240323996457,0.361274201489284,0.728839637858625,36.9059829059829,12.4957264957265,24.4102564102564,14.2760683760684,6.76452991452991,4.12692307692308,10.1760683760684,18.0004273504274,74.8606837606838,66.1303418803419,0.418506658638835,0.329745794745795,0.521374571786869,8.73034188034188,65.7301752136752,1.13991150871867,1.00511255042842,0.444444444444444,0.55,5.67564102564103,1.25624561403509,1.39920175438596,2.7,0.602493783623802,0.273076923076923,0.127350427350427,1,0.441269841269841,5.6,0.675105485232067,6.16331480403464,1.72727272727273,1.8,2.6,0,0,"E8","E8 - L",0.71875,0.809131911124381,0.0903819111243809
"798",2019,2550,"Seton Hall","Final - L",0.437017195129602,0.324836387971276,0.706784044421942,36.2679487179487,11.2557692307692,25.0121794871795,13.7134615384615,7.07692307692308,3.7224358974359,12.9653846153846,18.8961538461538,73.4044871794872,72.3532051282051,0.428508003874246,0.338590110046003,0.499674864097071,1.05128205128205,70.3957019230769,1.04349075241322,1.02796929321065,0.485714285714286,0.3,1.39166666666667,1.08006965957375,1.07020250368189,4.7,0.489523364617815,0.55448717948718,0.0647435897435897,0.986850545711644,0.428571428571429,4.6,0.545900780250955,5.88332238848828,0.981950630305924,1,2.5,0,0,"R64","R64 - L",0.606060606060606,0.591788196239375,-0.0142724098212315
"799",2019,2599,"St John's","Quarterfinals - L",0.439781414692415,0.34114044168392,0.73180415243436,31.5015384615385,7.67384615384615,23.8276923076923,13.1276923076923,8.56846153846154,3.59153846153846,10.1023076923077,19.6207692307692,74.4361538461538,77.2984615384615,0.447363744284724,0.343370236952687,0.505264861696392,-2.86230769230769,71.7363884615385,1.03726978290028,1.07808203294462,0.6,0.508333333333333,0.916153846153846,1.44935713572213,1.29692980578506,7.2,0.733381318563766,0.228461538461538,0.170769230769231,0.968937469849229,0.728571428571429,5.2,0.439928701258914,4.59511985013459,0,0,2.77777777777778,0,0,"First Four","First Four - L",0.636363636363636,0.597243698758254,-0.0391199376053826
"800",2019,2608,"Saint Mary's","Final - W",0.461318118106331,0.363413637772624,0.743358195900004,34.81,10.1333333333333,24.6766666666667,8.71333333333333,5.74,2.81333333333333,10.6833333333333,16.56,70.0333333333333,63.3433333333333,0.436269930891187,0.327979935794543,0.527648701789481,6.69,63.2531333333333,1.10716165644005,1.00148032434938,0.442857142857143,0.975,2.60666666666667,0.965527927618147,0.830177516064559,1.2,0.42097109798564,0.126666666666667,0.29,0.990147616026268,0.571428571428571,3.2,0.707581227436823,6.31896811374643,1.33333333333333,1.33333333333333,2.75,0,0,"R64","R64 - L",0.666666666666667,0.797591665775467,0.1309249991088
"801",2019,2633,"Tennessee","Final - L",0.49215382178279,0.366742565234452,0.783367994454221,36.3866666666667,10.1016666666667,26.285,17.0633333333333,6.045,5.10166666666667,10.9783333333333,17.3833333333333,80.365,69.655,0.408170721927854,0.353339186450977,0.550436658401021,10.71,69.1435,1.16241505294477,1.0088468722324,0.642857142857143,0.483333333333333,0.0233333333333335,1.14143384731776,1.55008580785809,5.4,0.720022879050338,0.256666666666667,0.206666666666667,0.993429232123495,0.657142857142857,7.5,0.648675171736997,6.92755790627832,1.67391304347826,1,3.25,0.2,1,"S16","S16 - L",0.852941176470588,0.872972167207832,0.020030990737244
"802",2019,2641,"Texas Tech","Quarterfinals - L",0.459937030181021,0.366175208850756,0.752508964216965,33.07,8.53833333333333,24.5316666666667,13.11,7.43,4.89166666666667,12.1633333333333,17.7783333333333,71.7233333333333,62.555,0.387086507520041,0.325237761346252,0.530567744723055,9.16833333333333,66.828525,1.07280338648317,0.936888976918688,0.55,0.485,1.04666666666667,1.23417606983181,1.07651958697041,4,0.601524980676602,0.22,0.22,0.996688687365653,0.625,9.1,0.696702657786505,4.65396035015752,1.55353013059351,3,3.25,0.2,0,"Final","Final - L",0.8125,0.909203463696757,0.096703463696757
"803",2019,2670,"VCU","Quarterfinals - L",0.461103995901639,0.31105737580392,0.7122191997192,36.5495726495726,10.5371794871795,26.0123931623932,14.0363247863248,7.80854700854701,4.60512820512821,13.7350427350427,19.2700854700855,72.2760683760684,60.5948717948718,0.386691445421424,0.283496986884084,0.524626510771718,11.6811965811966,67.7823055555556,1.06682257727258,0.893965150200469,0.422222222222222,0.44,1.85384615384615,1.17005436771394,1.04677557635004,0.6,0.706506348471614,0.225213675213675,0.291025641025641,0.997201058369728,0.344444444444444,4,0.514330607496661,4.89034912822175,0,0,2.3,0,0,"R64","R64 - L",0.78125,0.836291237134246,0.0550412371342456
"804",2019,2747,"Wofford","Final - W",0.505800057928185,0.437068734733301,0.693628896612826,34.3467532467532,9.93311688311688,24.4136363636364,15.6227272727273,6.53636363636364,3.16688311688312,10.8090909090909,16.7863636363636,83.8642857142857,67.1506493506493,0.434796512785128,0.324193960020732,0.599414844651383,16.7136363636364,68.5846233766234,1.22269493347223,0.978761982474997,0.43015873015873,0.975,4.6974025974026,1.27114431396237,1.44584184625224,1.9,0.79683020611586,0.195454545454545,0.434415584415584,0.999138687733158,0.56984126984127,9.8,0.529527559055118,6.23244801655052,1,1,2.9,0,0,"R32","R32 - L",0.878787878787879,0.930013570375328,0.0512256915874496
"805",2021,8,"Arkansas","Semifinals - L",0.449269109493749,0.335231022312252,0.738172555309213,38.2055555555556,11.1,27.1055555555556,14.4277777777778,7.9,4.85,13.7166666666667,17.4444444444444,79.6722222222222,73.0722222222222,0.427814654299616,0.333079724741425,0.507668449287224,6.6,75.6876111111111,1.05287410174553,0.964595729062967,0.548214285714286,0.666666666666667,2.77777777777778,1.15021739130435,1.06536435770241,2.8,0.642451839052395,0.244444444444444,0.238888888888889,0.96025566166268,0.619642857142857,5.6,0.719863681740999,5.17614973257383,1.43986769063342,0,2.33333333333333,0.4,1,"E8","E8 - L",0.785714285714286,0.843818606313713,0.0581043205994272
"806",2021,21,"San Diego St","Final - W",0.45710204232102,0.382072128996197,0.718120441021211,35.7171428571429,9.79714285714286,25.92,13.9485714285714,8.15571428571429,2.68714285714286,11.2371428571429,18.6785714285714,73.9828571428571,61.02,0.391528810298512,0.334564145163803,0.534306039607114,12.9628571428571,66.8268714285714,1.10700340567727,0.913448419551172,0.433333333333333,0.9,5.52285714285714,1.33593474426808,1.24160052910053,2.3,0.643039110736038,0.274285714285714,0.288571428571429,0.967663797884946,0.544444444444445,7.8,0.705746354804741,4.60517018598809,0.768621786840241,1,2.3,0,0,"R64","R64 - L",0.851851851851852,0.901725727906419,0.0498738760545675
"807",2021,26,"UCLA","Quarterfinals - L",0.462313416541595,0.366521534021534,0.732165965624217,34.3579545454545,9.6762987012987,24.6816558441558,13.0298701298701,5.19399350649351,2.56542207792208,11.2297077922078,15.6516233766234,71.8625,68.3996753246753,0.444294083836683,0.367281924522871,0.520652292604431,3.46282467532468,66.4251517857143,1.08225074825246,1.02935047325433,0.646428571428571,0.665,2.28116883116883,1.06966116063401,1.19883307216071,3.3,0.692631998693974,0.525487012987013,0.0946428571428571,0.959248133082272,0.717857142857143,5.9,0.677248677248677,6.34212141872115,1.18181818181818,0,1.9,0.2,1,"F4","F4 - L",0.653846153846154,0.662996388270034,0.00915023442388019
"808",2021,30,"USC","Semifinals - L",0.464926086720728,0.339682464154295,0.653869567381082,38.9783333333333,12.0859523809524,26.892380952381,13.4919047619048,4.83047619047619,5.24785714285714,12.35,15.2309523809524,74.082619047619,65.2107142857143,0.401128378216582,0.34901665422002,0.519710608593579,8.87190476190476,67.8575892857143,1.09182215252922,0.960990141026757,0.425,0.366666666666667,1.87166666666667,0.951098901098901,1.09655677655678,2.9,0.552769286127762,0.179285714285714,0.122857142857143,0.975109431147361,0.6125,4.3,0.572318655353135,5.71702770140622,1.59032560860983,1,2.11111111111111,0.2,0,"E8","E8 - L",0.758620689655172,0.820708817203549,0.0620881275483767
"809",2021,38,"Colorado","Final - L",0.452008695529822,0.353647613351561,0.808132325888119,34.6571717171717,9.90545454545455,24.7517171717172,12.6088888888889,5.22808080808081,2.77393939393939,11.0153535353535,16.0161616161616,71.6377777777778,63.8078787878788,0.425786315221458,0.337007154449345,0.516934992871602,7.82989898989899,65.1462454545455,1.09826577922291,0.980122515258478,0.505555555555556,0.48,3.1050505050505,1.15152912068092,1.14921417574579,1,0.491331946193285,0.398181818181818,0.124444444444444,0.968415957465276,0.505555555555556,9.2,0.570815450643777,6.1463292576689,1,1,2.3,0.2,0,"R32","R32 - L",0.733333333333333,0.829081406171453,0.0957480728381199
"810",2021,41,"UConn","Semifinals - L",0.4464247849632,0.344367044035186,0.735975094976783,37.0969696969697,12.4593939393939,24.6375757575758,13.1260606060606,6.14787878787879,5.23878787878788,11.4642424242424,18.6769696969697,72.3630303030303,65.009696969697,0.413384229750233,0.332622152395915,0.502440562921186,7.35333333333333,66.2792393939394,1.09168646564578,0.981071880179794,0.506944444444444,0.59,3.53333333333333,1.129834329072,1.14771836656031,4.6,0.328245190209059,0.152121212121212,0.0854545454545455,0.917026453133697,0.6625,3.6,0.581963614718041,5.77144112313002,0.963277188365544,0,2,0.2,1,"R64","R64 - L",0.681818181818182,0.780708140193796,0.0988899583756142
"811",2021,42,"Hartford","Final - W",0.447140564325534,0.314570576979688,0.734249340164571,32.8,7.71428571428571,25.0857142857143,11.4952380952381,6.76984126984127,2.28412698412698,12.6492063492064,16.6793650793651,66.5015873015873,62.8285714285714,0.409566137983245,0.266462804651173,0.520403542492168,3.67301587301587,65.8044682539683,1.01048026416543,0.954747135661839,0.65,0.35,-2.33809523809524,1.0514182194617,0.915248447204969,3.1,0.78110496734865,0.161904761904762,0.0682539682539682,0.996791014841556,0.6625,2.5,0.449513001317779,5.77144112313002,0,0,2,0.2,0,"R64","R64 - L",0.652173913043478,0.609331938343372,-0.042841974700106
"812",2021,46,"Georgetown","Final - W",0.421307406973793,0.366211538461538,0.763891049299169,39.1767857142857,11.7035714285714,27.4732142857143,12.7017857142857,6.27142857142857,3.7,15.1035714285714,15.0517857142857,69.975,68.8535714285714,0.415847709815279,0.321188474909059,0.494758835063337,1.12142857142857,68.6959107142857,1.01950171485597,1.0024899428524,0.835714285714286,0.69,-2.41071428571429,0.789480144823714,0.844603186896165,3.1,0.565559225304742,0.226785714285714,0.0625,0.987214074165625,0.507142857142857,4.8,0.536010268470186,4.56434819146784,0,0,1.85714285714286,0.2,0,"R64","R64 - L",0.52,0.526306498613746,0.00630649861374644
"813",2021,52,"Florida St","Final - L",0.486741529097823,0.40013986013986,0.755212002837799,37.4357142857143,11.5892857142857,25.8464285714286,14.8214285714286,7.35357142857143,5.3,14.6339285714286,18.3321428571429,79.8982142857143,71.0375,0.399310516214189,0.324512367876212,0.557280935153037,8.86071428571429,70.8150803571429,1.12944621229562,1.00287774602936,0.506944444444444,0.69,-1.92857142857143,0.929071098475168,1.03393203211517,1.6,0.597125472734075,0.139285714285714,0.242857142857143,0.949093638248136,0.6625,5.7,0.574531095755183,6.92165818415113,1.8,1.85714285714286,2.11111111111111,0.4,1,"S16","S16 - L",0.727272727272727,0.780387590767254,0.0531148634945267
"814",2021,57,"Florida","Quarterfinals - L",0.458003788298923,0.352215779863536,0.764417127128992,34.96,10.17,24.79,11.56,7.11,5.26,14.57,17.87,72.63,70.28,0.425249510803689,0.299416277114395,0.519728743555201,2.35,69.3457,1.04689984110014,1.01418078252798,0.492857142857143,0.975,-2.39,0.958114164865353,0.793083578872616,0.6,0.586982584440204,0.25,0.09,0.961493881510443,0.564285714285714,2.4,0.66301649784574,5.75257263882563,1.60021326827966,1.66666666666667,1.66666666666667,0.2,0,"R32","R32 - L",0.608695652173913,0.652980587117029,0.0442849349431158
"815",2021,59,"Georgia Tech","Final - W",0.477576095947064,0.353610333022098,0.729913795646275,29.3097222222222,7.59861111111111,21.7111111111111,15.8180555555556,9.2875,3.69583333333333,10.7777777777778,15.025,73.5486111111111,68.1305555555556,0.46052469870937,0.360606760524676,0.545206415138875,5.41805555555556,67.7245,1.08579780776829,1.00607719939074,0.754761904761905,0.44,3.13194444444444,1.48878391472868,1.46858042635659,1.3,0.666510723387744,0.347222222222222,0.0680555555555555,0.987541528239203,0.671428571428571,3.9,0.62338794519804,5.92157841964382,0.988335718768811,0,2.42857142857143,0,1,"R64","R64 - L",0.68,0.697395303388068,0.0173953033880683
"816",2021,99,"LSU","Final - L",0.45558570005242,0.347227288646237,0.736800436800437,38.2809523809524,11.7952380952381,26.4857142857143,11.8369047619048,8.13928571428571,2.93928571428571,11.7511904761905,17.3166666666667,81.4107142857143,77.3952380952381,0.423181894507493,0.30804108448228,0.52142436308723,4.01547619047619,73.1861607142857,1.1122484858018,1.05754012540273,0.4375,0.741666666666667,-0.0869047619047619,1.14689540308202,1.03650358559081,2.8,0.484970102155289,0.289285714285714,0.157142857142857,0.967274964096215,0.3875,3.8,0.667202327318082,5.44241771052179,1.51393638615142,3,1.5,0.2,0,"R32","R32 - L",0.666666666666667,0.720643730339849,0.0539770636731819
"817",2021,116,"Mount St Mary","Final - W",0.425618479880775,0.342110242757709,0.677398916024963,38.2933333333333,11.2455555555556,27.0477777777778,11.8211111111111,4.39333333333333,4.19111111111111,13.1611111111111,15.09,64.2066666666667,62.1022222222222,0.39907816400513,0.301738163912123,0.488597604092154,2.10444444444444,63.9390388888889,1.00451734169685,0.970446878134782,0.602380952380952,0.666666666666667,-0.454444444444444,0.799517332995951,0.909753922064777,1.8,0.328538116146777,0.266666666666667,0.1,0.977617487230285,0.507142857142857,3.7,0.404088161443918,4.15888308335967,0,0,1.625,0.2,1,"First Four","First Four - L",0.545454545454545,0.561180212986128,0.0157256675315828
"818",2021,120,"Maryland","Quarterfinals - L",0.4409163278729,0.33767518874024,0.703433559865535,32.5922222222222,5.96333333333333,26.6288888888889,12.6022222222222,5,3.21666666666667,11.4888888888889,14.8266666666667,66.0977777777778,64.1577777777778,0.400258999857533,0.327634127413929,0.518088986961799,1.94,65.4811388888889,1.00889006357371,0.979798749236532,0.714285714285714,0.5,-2.90777777777778,0.978907264532885,1.10274170549742,1.9,0.436104919722025,0.256666666666667,0.155555555555556,0.975720531177094,0.571428571428571,4.7,0.637640449438202,6.5694814204143,1.44444444444444,1.5,1.875,0.2,1,"R32","R32 - L",0.551724137931034,0.65242497620268,0.100700838271646
"819",2021,127,"Michigan St","Early Round - L",0.414820565564872,0.30338077846616,0.703878059132836,36.6333333333333,10.7222222222222,25.9111111111111,13.8111111111111,4.42222222222222,4.65555555555556,13.0111111111111,20.4,65.6,69.4,0.427715590244377,0.307820070733864,0.464441479841195,-3.8,67.0943888888889,0.97681069799496,1.03431571625461,0.65,0.35,-1.48888888888889,0.808230150467267,1.06545295109194,0.6,0.611393047469061,0.133333333333333,0.155555555555556,0.962909723099914,0.4875,3.1,0.722669735327963,6.76849321164863,3.77272727272727,3.77272727272727,1.90909090909091,0.2,1,"First Four","First Four - L",0.555555555555556,0.440451415197417,-0.115104140358139
"820",2021,130,"Michigan","Semifinals - L",0.466958351806881,0.40210249249683,0.774218785249051,36.575,9.3625,27.2125,14.7625,4.425,3.925,10.35,14.425,73.9375,64.625,0.403671553385592,0.322407631800538,0.53081969470642,9.3125,65.861875,1.12207981689531,0.982452135656158,0.754761904761905,0.86,-0.1625,0.983028904999529,1.43667851426419,0.9,0.597125472734075,0.1375,0.275,0.978368619931936,0.657142857142857,4.2,0.607751509109733,3.46573590279973,0,0,2.625,0,1,"E8","E8 - L",0.833333333333333,0.844572661055246,0.0112393277219125
"821",2021,142,"Missouri","Quarterfinals - L",0.45108731767539,0.3325477582846,0.689271506875863,35.2350649350649,9.88961038961039,25.3454545454545,13.6441558441558,7.06753246753247,3.86753246753247,13.4142857142857,19.6298701298701,74.3155844155844,73.487012987013,0.43872213274027,0.345917874396135,0.516295825604616,0.828571428571429,71.3104155844156,1.04190204640625,1.03016185344527,0.3875,0.325,-0.942857142857143,0.988848136399683,1.01772515499964,4.2,0.802161323462232,0.348051948051948,0.074025974025974,0.986146397321572,0.75,3.7,0.58560794044665,6.00141487796115,1.66666666666667,1,2.77777777777778,0,0,"R64","R64 - L",0.64,0.564629809023499,-0.0753701909765012
"822",2021,153,"North Carolina","Semifinals - L",0.440688978566055,0.327048061373381,0.663534967088736,42.7333333333333,16.0055555555556,26.7277777777778,16.0388888888889,7.52222222222222,4.66666666666667,14.3222222222222,16.4944444444444,76.1333333333333,69.65,0.42100490680195,0.345125195618153,0.487727853906567,6.48333333333333,71.4933611111111,1.06413392834171,0.97479516379946,0.423214285714286,0.5,5.63888888888889,0.967720171868349,1.12498491711303,1.5,0.61933198546758,0.288888888888889,0.15,0.99210843373494,0.435714285714286,6.5,0.77768014059754,7.03790596344718,3.91379310344828,4.5,1.5,0.2,1,"R64","R64 - L",0.642857142857143,0.721883202848143,0.0790260599909997
"823",2021,156,"Creighton","Final - L",0.474062272227924,0.366409014676328,0.626601982950488,35.4247474747475,8.55656565656566,26.8681818181818,15.2459595959596,7.11616161616162,3.21060606060606,11.1772727272727,15.599494949495,75.3570707070707,67.7909090909091,0.407582247906625,0.314060939060939,0.555846568769406,7.56616161616162,68.6498686868687,1.09629036706675,0.987654586799971,0.576785714285714,0.73,-1.27222222222222,1.1073692590934,1.36602229188436,1.3,0.540112343929428,0.321717171717172,0.274242424242424,0.979086139460769,0.576785714285714,6.4,0.606060606060606,6.4425401664682,1,1,2.44444444444444,0,0,"S16","S16 - L",0.714285714285714,0.78852377848107,0.0742380641953561
"824",2021,164,"Rutgers","Quarterfinals - L",0.436247518383989,0.287483253588517,0.638304938647196,34.35,9.625,24.725,13.0375,7.9375,5.2625,11.4,18,66.7625,67.4375,0.420037890708976,0.329285250162443,0.48580046537202,-0.675,67.7374375,0.98540246686078,0.995053198383977,0.557142857142857,0.36,0.8625,1.16240501519757,1.14498825642443,2.9,0.690191551748072,0.175,0.225,0.984426893659286,0.619642857142857,3.3,0.536687631027254,6.16961073249146,1,0,2.25,0,1,"R32","R32 - L",0.576923076923077,0.568454953440732,-0.00846812348234482
"825",2021,179,"St Bonaventure","Final - W",0.448622211515554,0.352513177313936,0.739236111111111,37.25,11.4111111111111,25.8388888888889,14.6611111111111,5.83888888888889,3.95,10.9388888888889,15.0722222222222,70.2555555555556,59.9611111111111,0.38703951270161,0.308594274399248,0.507279752544775,10.2944444444444,64.5199444444444,1.09045022291915,0.929223616572291,0.54,0.266666666666667,2.61111111111111,1.14145541884116,1.3648729437742,1,0.51815451550949,0.272222222222222,0.1,0.9,0.72,6.1,0.535283993115318,6.36647044773144,1,1,1.83333333333333,0,0,"R64","R64 - L",0.8,0.846832313289456,0.0468323132894564
"826",2021,183,"Syracuse","Quarterfinals - L",0.436945558176657,0.343124123433748,0.786504329004329,34.3253968253968,10.9206349206349,23.4047619047619,14.4063492063492,8.44603174603175,5.12222222222222,10.5793650793651,14.7142857142857,73.8492063492064,72.1746031746032,0.425269046354162,0.329496896965317,0.504235235646068,1.67460317460317,67.9081190476191,1.08744548310904,1.06402752608516,0.604761904761905,0.576666666666667,0.941269841269841,1.29964041308946,1.36509145203434,2.4,0.541538590472457,0.247619047619048,0.253968253968254,0.994701338265695,0.507142857142857,7.4,0.727459016393443,7.28961052145117,2.77941176470588,2.77941176470588,1.71428571428571,0,1,"S16","S16 - L",0.64,0.683276798650671,0.0432767986506712
"827",2021,194,"Ohio State","Final - L",0.463473951523542,0.37998671317057,0.761658636445269,35.3483333333333,8.90833333333333,26.44,12.7233333333333,4.49666666666667,3.30333333333333,10.775,19.1716666666667,76.9816666666667,72.8933333333333,0.432634019457345,0.340464989759345,0.540634844493971,4.08833333333333,68.0993583333333,1.1303586417904,1.07008035402798,0.423214285714286,0.933333333333333,-2.38333333333333,0.881096823584962,1.18726811803483,3.3,0.474645129863503,0.428333333333333,0.03,0.95067013612194,0.564285714285714,6.9,0.601943105885067,5.7037824746562,1.3327785555158,1,2.55555555555556,0.2,0,"R64","R64 - L",0.7,0.720121183589137,0.0201211835891368
"828",2021,195,"Ohio","Final - W",0.49637367938492,0.363044677330392,0.728227353627811,34.9928571428571,9.53214285714286,25.4607142857143,17.5303571428571,6.7125,1.89821428571429,12.2910714285714,15.9732142857143,80.9357142857143,73.5464285714286,0.445305118462501,0.339546605876393,0.568400273060167,7.38928571428571,71.3166339285714,1.13487759360306,1.03127901105845,0.714285714285714,0.72,1.67321428571429,1.15793069183952,1.47969196373121,0.6,0.733728717262912,0.133928571428571,0.221428571428571,0.954530333929262,0.571428571428571,6.2,0.566120100928746,4.86753445045558,0,0,1.71428571428571,0,0,"R32","R32 - L",0.695652173913043,0.747801324712058,0.0521491507990145
"829",2021,197,"Oklahoma St","Final - L",0.473085691884664,0.348841391291491,0.721009269065807,37.8799242424242,10.7304292929293,27.149494949495,13.3026515151515,7.42045454545455,4.52487373737374,16.3035353535354,16.8732323232323,77.1729797979798,73.6017676767677,0.415891877686233,0.312547594184272,0.530471297532186,3.57121212121212,73.883755050505,1.0445314672451,0.996189888188921,0.455555555555556,0.548333333333333,-3.52537878787879,0.870983224603914,0.817124883504194,4.9,0.686638845468236,0.544949494949495,0.0579545454545455,0.91991868631802,0.752777777777778,3,0.530831345509348,4.61512051684126,0,0,1.33333333333333,0.2,1,"R32","R32 - L",0.714285714285714,0.648661716575027,-0.0656239977106869
"830",2021,198,"Oral Roberts","Final - W",0.462434834446955,0.402134717134717,0.829935846030473,33.4875,7.65,25.8375,11.95,6.2375,4.175,11.05,17.3875,81.4375,75.5875,0.443199250185772,0.358103453641562,0.555790611910639,5.85,71.8476875,1.13398915020117,1.05265990635907,0.906349206349206,0.702380952380952,-1.625,1.20691383253053,1.085213837396,4.5,0.574349352143027,0.425,0.1,0.953232389235177,0.580952380952381,6.8,0.455819907568034,4.56434819146784,0,0,1.5,0.2,0,"S16","S16 - L",0.615384615384615,0.698106235529491,0.0827216201448754
"831",2021,201,"Oklahoma","Quarterfinals - L",0.433989500059394,0.332068388530281,0.731195533769063,35.7785714285714,9.49285714285714,26.2857142857143,12.9428571428571,7.52142857142857,3.44285714285714,11.0285714285714,14.8,72.7714285714286,68.8357142857143,0.423311548707917,0.348268406503735,0.499399112275923,3.93571428571429,69.6012142857143,1.04477806291427,0.989428597537313,0.618055555555556,0.42,1.7,1.20195196474008,1.18759195579734,2,0.447634951163818,0.528571428571429,0.142857142857143,0.95093211078057,0.618055555555556,6.7,0.60982391102873,6.98471632011827,1.89473684210526,2.25,2,0.2,0,"R32","R32 - L",0.6,0.699253742863647,0.0992537428636471
"832",2021,204,"Oregon St","Final - W",0.434549249198485,0.351390202835702,0.765275671244107,32.5607142857143,9.94690476190476,22.6138095238095,14.1842857142857,5.99285714285714,3.01571428571429,11.2804761904762,19.0457142857143,69.445,69.0335714285714,0.449678818849567,0.311291045260962,0.498139913940175,0.411428571428571,65.500525,1.05981951318765,1.05490617968342,0.6625,0.61,1.38904761904762,1.09506943083958,1.28609742252764,2.8,0.645633925023529,0.467142857142857,0.135952380952381,0.990245082945462,0.65,2.4,0.573059360730594,6.08449941307517,1,1,1.66666666666667,0.2,1,"E8","E8 - L",0.586206896551724,0.591761257766862,0.00555436121513753
"833",2021,222,"Villanova","Quarterfinals - L",0.428800304032345,0.331300007442968,0.77256168359942,34.084126984127,9.99126984126984,24.0928571428571,14.7468253968254,5.91269841269841,1.27539682539683,9.59603174603175,14.7150793650794,72.0753968253968,67.7801587301587,0.444970926595844,0.356319130216189,0.503555988008901,4.2952380952381,65.8596746031746,1.09331379955616,1.02997975347861,0.842857142857143,0.473333333333333,3.97301587301587,1.2873980726464,1.53484062268347,1.2,0.529643113281137,0.234920634920635,0.136507936507936,0.977485928705441,0.428571428571429,3.3,0.689895470383275,6.75925527066369,3.03125,3.32142857142857,2.14285714285714,0,0,"S16","S16 - L",0.727272727272727,0.785514304836816,0.0582415775640887
"834",2021,228,"Clemson","Early Round - L",0.426232607099681,0.34894869396961,0.780710955710956,31.85,8.175,23.675,13.5625,5.125,2.76964285714286,12.5428571428571,15.1410714285714,63.8017857142857,64.9839285714286,0.436498320478344,0.359286228356124,0.50747280799883,-1.18214285714286,63.9573928571429,0.99701375110691,1.01779453769544,0.577777777777778,0.5,-0.367857142857143,0.981202489267005,1.08633430488269,0.6,0.686356855610107,0.292857142857143,0.205357142857143,0.98033203711491,0.655555555555556,2.4,0.607944732297064,6.36302810354046,1.4,2,1.90909090909091,0.2,0,"R64","R64 - L",0.695652173913043,0.639032305689019,-0.0566198682240248
"835",2021,239,"Baylor","Semifinals - L",0.482425454398164,0.402511846301004,0.688093939607378,35.2492063492064,12.3613095238095,22.8878968253968,15.2855158730159,8.68134920634921,3.83888888888889,12.7388888888889,17.6001984126984,80.7142857142857,67.8694444444444,0.43885156140846,0.347328916427799,0.564581702377648,12.8448412698413,69.5390248015873,1.16048808884536,0.976580389071012,0.566666666666667,0.75,5.23035714285714,1.29504300047778,1.20662924032489,1.5,0.767700894096609,0.112698412698413,0.144642857142857,0.991273656212255,0.629166666666667,5.7,0.619047619047619,6.37842618365159,2,2,2.44444444444444,0.2,1,"Final","Final - W",0.916666666666667,0.932927559726474,0.0162608930598073
"836",2021,248,"Houston","Final - W",0.453923195580226,0.371566746631817,0.746278264882326,40.8244444444444,13.9963888888889,26.8280555555556,15.0013888888889,7.66416666666667,4.55027777777778,10.4716666666667,17.8458333333333,78.3291666666667,58.9919444444444,0.371453692370461,0.285110779188449,0.529564833422759,19.3372222222222,65.9345486111111,1.18794656984148,0.896318073572686,0.443055555555556,0.653333333333333,6.51972222222222,1.29559178510114,1.44249248086331,2.5,0.615638125116435,0.163611111111111,0.484166666666667,0.937373005504885,0.516666666666667,10.4,0.662749706227967,6.74758652682932,1.71875,2,2,0.2,0,"F4","F4 - L",0.888888888888889,0.962119451525086,0.0732305626361976
"837",2021,249,"North Texas","Final - W",0.468154204356902,0.365575757575758,0.73972582972583,32.8369047619048,8.36666666666667,24.4702380952381,12.7928571428571,6.58333333333333,3.18809523809524,13.047619047619,15.8404761904762,67.2523809523809,60.2369047619048,0.404677389042223,0.315441850122687,0.536954006327626,7.01547619047619,63.8543273809524,1.05222213034596,0.943568344615326,0.621428571428571,0.815,0.0238095238095238,1.03862515816571,0.98284735684055,1.7,0.531302029241018,0.296428571428571,0.213095238095238,0.988153053715968,0.705357142857143,4.3,0.603789591383237,4.90527477843843,0,0,1.44444444444444,0,0,"R32","R32 - L",0.653846153846154,0.808770077374692,0.154923923528538
"838",2021,251,"Texas","Final - W",0.456990204274664,0.364461549264583,0.701011600996189,38.2125,10.775,27.4375,13.125,6.625,3.8125,14.4125,18.925,75.375,70.7,0.421139798407971,0.332070353951583,0.539949494763615,4.675,70.361,1.07133671631682,1.00481564573099,0.619642857142857,0.59,-1.0125,0.868272570266054,0.917062004273699,3.1,0.65608020034774,0.5,0.0875,0.948895466077817,0.492857142857143,4.1,0.65347700347843,5.96100533962327,1.77663613103118,1,2.44444444444444,0.2,1,"R64","R64 - L",0.730769230769231,0.727443903915932,-0.00332532685329878
"839",2021,252,"BYU","Final - L",0.485474143664401,0.390217391304348,0.755428666154287,39.6050505050505,9.08484848484849,30.520202020202,15.7343434343434,4.77676767676768,2.92828282828283,12.7585858585859,17.7191919191919,78.6131313131313,69.0585858585859,0.408866054901952,0.323798148701105,0.558269560606139,9.55454545454545,70.3149292929293,1.11816290143648,0.982366467946637,0.544444444444444,0.623333333333333,-1.87575757575758,0.808413656950412,1.22672744164441,2.7,0.563696453305868,0.129292929292929,0.214141414141414,0.994263684096185,0.555555555555556,3.9,0.610442138003115,5.11198778835654,0,0,2.3,0.2,1,"R64","R64 - L",0.769230769230769,0.823083730419602,0.0538529611888324
"840",2021,258,"Virginia","Quarterfinals - L",0.477579807928323,0.38491342051498,0.833117862529627,31.2238095238095,6.22698412698413,24.9968253968254,13.9055555555556,4.81984126984127,4.35634920634921,9.60793650793651,12.6388888888889,67.2674603174603,60.3936507936508,0.418946909474254,0.338839711374555,0.558340540735953,6.87380952380952,60.423130952381,1.11281503632172,0.999830848431238,0.6375,0.775,-1.68492063492063,0.952662025688793,1.46572409059712,0.8,0.615638125116435,0.175396825396825,0.218253968253968,0.992638149978261,0.6625,6.6,0.728421052631579,6.16541785423142,2.83333333333333,3.07142857142857,2,0,0,"R64","R64 - L",0.75,0.801186610810188,0.0511866108101885
"841",2021,259,"Virginia Tech","Quarterfinals - L",0.450737317302131,0.36175188186943,0.696964098200137,34.4301587301587,8.7984126984127,25.631746031746,14.6749206349206,4.84984126984127,4.32476190476191,11.112380952381,16.1603174603175,70.224126984127,65.9593650793651,0.414207376932898,0.322095488466757,0.521341603463318,4.26476190476191,66.1987746031746,1.06243969404626,0.994667387730548,0.732142857142857,0.716666666666667,0.457142857142857,1.01465149359886,1.32920815552395,0.8,0.651162121629886,0.225396825396825,0.113333333333333,0.942905734001735,0.717857142857143,2.7,0.547826086956522,6.35610766069589,1,0,1.875,0,1,"R64","R64 - L",0.714285714285714,0.742419411892982,0.0281336976072675
"842",2021,275,"Wisconsin","Quarterfinals - L",0.401193066254536,0.342362546966362,0.779836339798363,33.1545454545455,8.6974025974026,24.4571428571429,12.8025974025974,6.32337662337662,3.47662337662338,9.2,16.1350649350649,66.8168831168831,66.1194805194805,0.442702034653092,0.337320660214315,0.475458120827701,0.697402597402597,66.0797532467533,1.01114588629258,1.00059129327375,0.5,0.5,2.67922077922078,1.26739926739927,1.3980463980464,3,0.294679262142337,0.248051948051948,0.0727272727272727,0.993673968058573,0.5,5.5,0.633303373517112,5.06890420222023,1.97404875644685,2.33333333333333,3,0.4,0,"R32","R32 - L",0.586206896551724,0.705318455689671,0.119111559137947
"843",2021,277,"West Virginia","Quarterfinals - L",0.432007372550236,0.378485770981982,0.714176731078905,36.8538888888889,12.5969444444444,24.2569444444444,13.7563888888889,7.97,2.745,12.5288888888889,16.5330555555556,78.11,73.5569444444444,0.453178031944463,0.334604051565378,0.50263445003186,4.55305555555556,71.5919666666667,1.09080915301993,1.02696314193172,0.492857142857143,0.866666666666667,4.13722222222222,1.20602778800147,1.10093025395657,2.5,0.438093581936662,0.599166666666667,0.116944444444444,0.989868202367438,0.492857142857143,5.4,0.699826989619377,7.05358572719368,2.04166666666667,2.5,1.6,0.2,1,"R32","R32 - L",0.666666666666667,0.682181853921691,0.0155151872550244
"844",2021,314,"Iona","Final - W",0.449451016395753,0.369305120167189,0.756461780929866,38.7625,10.85,27.9125,13.4625,7.05,3.8125,16.5375,21.6,73.1875,65.1125,0.37914926002692,0.290095810734672,0.518112270893327,8.075,70.2679375,1.03805227157118,0.92369897927128,0.45,0.29,-2.2125,0.816412431969669,0.807154039014248,5,0.649610301950131,0.3,0.2375,0.997412656558998,0.5125,3.9,0.739673390970221,6.94889722231331,3.88095238095238,0,1.85714285714286,0.2,0,"R64","R64 - L",0.705882352941177,0.731613162013936,0.0257308090727596
"845",2021,325,"Cleveland St","Final - W",0.450339457200981,0.315141220992166,0.66265554281454,35.6222222222222,10.9579365079365,24.6642857142857,14.1857142857143,7.01428571428571,2.43809523809524,12.6357142857143,18.7388888888889,71.665873015873,69.5571428571429,0.420905112660843,0.296842105263158,0.505381323424993,2.10873015873016,68.9444682539683,1.03904181347203,1.00885908724661,0.492857142857143,0.25,1.32539682539683,1.11507321274763,1.12766722608487,1.5,0.785366544518298,0.297619047619048,0.0642857142857143,0.990774239442711,0.717857142857143,2,0.450741444421798,3.49650756146648,0,0,1.55555555555556,0,0,"R64","R64 - L",0.730769230769231,0.534200946677625,-0.196568284091606
"846",2021,328,"Utah State","Final - L",0.44355691200797,0.337711929597834,0.730641205547338,40.5043650793651,12.4333333333333,28.0710317460317,16.55,6.68928571428571,5.03095238095238,13.9543650793651,14.9277777777778,72.0047619047619,61.7904761904762,0.389309453495112,0.328670425132556,0.499358435287929,10.2142857142857,68.6945238095238,1.04791084079211,0.899197670939188,0.621428571428571,0.52,4.31269841269841,0.964722207676598,1.18682039539766,1.7,0.4879322606903,0.208730158730159,0.237698412698413,0.965783782801209,0.717857142857143,4.9,0.649048617089016,5.31811999384422,0.887616033113509,1,2,0,0,"R64","R64 - L",0.714285714285714,0.857573250342531,0.143287536056817
"847",2021,331,"E Washington","Final - W",0.474859001127991,0.364508537973382,0.804385602724085,35.4888888888889,7.98888888888889,27.5,15.3722222222222,5.13888888888889,2.75,11.4333333333333,17.0555555555556,79.7055555555556,69.6055555555556,0.416978402312553,0.31012594600751,0.546319195057638,10.1,71.1634444444445,1.12056055399354,0.978132860427861,0.6,0.598571428571429,-0.866666666666667,1.03746803069054,1.34427353550116,2.7,0.246197500354341,0.205555555555556,0.122222222222222,0.953915191374021,0.619642857142857,6.5,0.592453948538104,4.61512051684126,0,0,2,0.4,0,"R64","R64 - L",0.695652173913043,0.783411638958252,0.0877594650452082
"848",2021,333,"Alabama","Final - W",0.437670110195352,0.364026209367645,0.739285714285714,40.2816239316239,11.9183760683761,28.3632478632479,14.4858974358974,8.86923076923077,4.62905982905983,14.1448717948718,18.4145299145299,80.525641025641,69.3905982905983,0.398819150968434,0.281283457370414,0.523199178769888,11.1350427350427,74.8859786324786,1.07532580017452,0.926646556842484,0.741666666666667,0.616666666666667,1.45641025641026,1.11937357484665,1.03087460256287,3.6,0.72799789975482,0.341452991452991,0.226495726495726,0.951906978749744,0.618055555555556,8.3,0.650577075723451,5.14166355650266,0.858164730188463,0,2,0.2,1,"S16","S16 - L",0.8,0.809355519765633,0.0093555197656332
"849",2021,356,"Illinois","Final - W",0.486005061083157,0.359161472543374,0.682049470152911,39.6618181818182,10.6463636363636,29.0154545454545,15.8281818181818,6.04909090909091,2.94545454545455,12.8363636363636,17.6027272727273,79.1072727272727,68.9054545454545,0.412596181878679,0.337513538837361,0.542813996171983,10.2018181818182,71.0849136363636,1.11237229496445,0.96941823085275,0.442857142857143,0.508333333333333,1.09818181818182,0.918823000898473,1.23444943595887,1.3,0.707907474166152,0.357272727272727,0.211818181818182,0.964497827809142,0.842857142857143,5,0.665943675217682,5.4510384535657,0.909800669052921,0,2,0,0,"R32","R32 - L",0.793103448275862,0.855870467971937,0.0627670196960749
"850",2021,2000,"Abilene Chrstn","Final - W",0.46390478928501,0.364877374339354,0.699453595185303,36.9533333333333,11.6677777777778,25.2855555555556,19.5855555555556,9.66333333333333,3.18555555555556,13.47,19.4188888888889,78.7044444444444,61.9555555555556,0.407039115337744,0.312643475644279,0.531942735124338,16.7488888888889,71.6894944444444,1.09724433541923,0.8669762333627,0.483333333333333,0.358333333333333,8.08444444444445,1.39543345543346,1.45754118896976,1.9,0.618548831869537,0.166666666666667,0.471111111111111,0.964828463142862,0.505555555555556,9,0.512101535430473,5.39362754635236,0.900218553234336,1,1.72727272727273,0,0,"R32","R32 - L",0.851851851851852,0.939288952378548,0.0874371005266965
"851",2021,2026,"Appalachian St","Final - W",0.411366641813799,0.330901129435343,0.713236838131757,34.4484848484849,10.7116161616162,23.7368686868687,11.7585858585859,8.11868686868687,3.11464646464646,11.2126262626263,13.9313131313131,70.1858585858586,66.9166666666667,0.436985011980685,0.335307974718427,0.484391709264143,3.26919191919192,67.720803030303,1.03685847000098,0.987724918052202,0.423214285714286,0.5,3.54444444444444,1.26417723690451,1.05464535464535,0,0.629030129106692,0.263131313131313,0.116666666666667,0.976893181989421,0.551785714285714,3.5,0.511498697741977,4.62497281328427,0,0,1.7,0.4,0,"First Four","First Four - L",0.607142857142857,0.739830779614779,0.132687922471922
"852",2021,2142,"Colgate","Final - W",0.443987409453139,0.34652747883484,0.663738140417457,35.8611111111111,8.66666666666667,27.1944444444444,14.9277777777778,6.51111111111111,3.28888888888889,8.92777777777778,13.9444444444444,77.1166666666667,61.4444444444444,0.36188441697157,0.233820711908843,0.50821355187569,15.6722222222222,65.1894444444444,1.0647255524109,0.84832828891558,0.514285714285714,0.775,1.06111111111111,1.09992534527809,1.49350503919373,0,0.409122961468636,0.0444444444444444,0.216666666666667,0.896024807591721,0.514285714285714,6.9,0.485755093196587,5.67332326717149,0.946900915888745,1,2.125,0,0,"R64","R64 - L",0.933333333333333,0.926160629546415,-0.00717270378691803
"853",2021,2181,"Drake","Final - L",0.474493768560926,0.342791706846673,0.723550368550369,34.9212121212121,9.92525252525253,24.9959595959596,12.3747474747475,6.41212121212121,3.03030303030303,9.32727272727273,15.0161616161616,73.9060606060606,66.7484848484848,0.436949251875573,0.316675135634737,0.530812256917344,7.15757575757576,66.0784595959596,1.11809339581811,1.0107847664482,0.494444444444444,0.4,3.61616161616162,1.24054906027509,1.33037717229498,2.8,0.845427052733631,0.255555555555556,0.232323232323232,0.928063766347693,0.505555555555556,5.5,0.633456161339196,4.23410650459726,0,0,1.7,0.2,0,"R64","R64 - L",0.862068965517241,0.878794697017736,0.0167257315004951
"854",2021,2182,"Drexel","Final - W",0.48651810593699,0.368729763879018,0.802179487179487,33.2214285714286,8.45,24.7714285714286,16.4285714285714,5.05,2.98571428571429,11.4785714285714,16.55,72.1928571428572,66.6214285714286,0.436656463909453,0.332483660130719,0.558189045123338,5.57142857142857,64.9563571428571,1.11213050737238,1.02720217251224,0.0428571428571429,0.0333333333333333,-0.107142857142857,1.02908145336988,1.55862674819032,0.1,0.414319485533318,0.464285714285714,0.2,0.1,0.0571428571428571,2.8,0.442946330345192,5.84354441703136,0,0,1.75,0,1,"R64","R64 - L",0.631578947368421,0.67633016876647,0.0447512213980494
"855",2021,2250,"Gonzaga","Final - W",0.549068292574952,0.372803548846048,0.738771489264252,37.1777777777778,8.77777777777778,28.4,17.1611111111111,7.98333333333333,2.88888888888889,12.2777777777778,16.4,90.5166666666667,67.4777777777778,0.413934668812531,0.32054890921886,0.609728377649616,23.0388888888889,74.3789722222222,1.21696414605234,0.907497234976622,0.5,0.708333333333333,2.97777777777778,1.21818106381213,1.40791635548917,1.3,0.626707402225479,0.0111111111111111,0.583333333333333,0.991206252844757,0.571428571428571,8.8,0.828492392807746,6.58479139238572,2.075,2.075,1.88888888888889,0.2,1,"Final","Final - L",1,0.959297465778132,-0.0407025342218682
"856",2021,2253,"Grand Canyon","Final - W",0.482486384081927,0.340364782276547,0.690091676827891,40.1053571428571,10.85,29.2553571428571,15.7928571428571,4.79821428571429,3.08214285714286,13.1910714285714,17.1125,75.0339285714286,59.9625,0.371019012240323,0.27275660887336,0.542935645084278,15.0714285714286,67.4859285714286,1.1116761331665,0.888524857746264,0.575,0.52,0.6,0.933711449840482,1.23574382606641,1.8,0.503200950171875,0.253571428571429,0.253571428571429,0.998660714285714,0.5,3.3,0.602797169649768,5.60947179518496,0.936243843400958,0,2.22222222222222,0,0,"R64","R64 - L",0.739130434782609,0.912110032096022,0.172979597313413
"857",2021,2294,"Iowa","Semifinals - L",0.464882462890456,0.393193594104308,0.710981912144703,39.4118181818182,10.1763636363636,29.2354545454545,18.3227272727273,5.13454545454545,4.43363636363636,9.52727272727273,14.9790909090909,79.9572727272727,71.2990909090909,0.414282775200727,0.345381331088979,0.541663233985432,8.65818181818182,69.4966454545455,1.14946284014886,1.02614836626748,0.516666666666667,0.75,0.308181818181818,1.08674089068826,1.92209501025291,0.9,0.525787472646657,0.281818181818182,0.281818181818182,0.964196726101288,0.505555555555556,8.1,0.581699346405229,6.64118216974059,1,1,2.22222222222222,0,1,"R32","R32 - L",0.724137931034483,0.842180744686856,0.118042813652374
"858",2021,2305,"Kansas","Quarterfinals - L",0.4401225522165,0.326001792441366,0.710901632504633,35.9666666666667,10.5311111111111,25.4355555555556,13.6111111111111,6.70444444444444,3.86888888888889,12.1866666666667,15.1755555555556,71.3044444444444,66.22,0.41464713805806,0.341103923597933,0.499998624956369,5.08444444444444,68.6025111111111,1.03913390542247,0.965226400691877,0.528571428571429,0.463333333333333,3.21111111111111,1.17306380696211,1.11679254221627,1.9,0.565424161918941,0.235555555555556,0.208888888888889,0.963590296089073,0.714285714285714,4.4,0.767895878524946,6.82762923450285,2.97619047619048,3.21875,1.7,0,0,"R32","R32 - L",0.714285714285714,0.762553520586613,0.0482678063008991
"859",2021,2335,"Liberty","Final - W",0.484867014592173,0.387121212121212,0.81699948796723,34.3227272727273,7.40454545454545,26.9181818181818,15.0798701298701,4.02272727272727,2.29155844155844,9.35909090909091,14.6058441558442,73.6603896103896,59.925974025974,0.403155487398275,0.31364334624686,0.570229711336606,13.7344155844156,63.2424318181818,1.16675481311706,0.94669306115731,0.525,0.78,1.2987012987013,1.19676411104983,1.69413495127781,0.5,0.683120484569373,0.109090909090909,0.331168831168831,0.998640611724724,0.6125,6.5,0.565602836879433,6.33682573114644,1,1,1.77777777777778,0.2,0,"R64","R64 - L",0.821428571428571,0.924458457668013,0.103029886239441
"860",2021,2350,"Loyola Chicago","Final - W",0.493086311577963,0.347173623131325,0.734773492907801,32.1541666666667,7.40833333333333,24.7458333333333,14.85,7.53333333333333,2.4875,11.6458333333333,13.9625,69.0458333333333,54.1458333333333,0.406811247153725,0.318269367448472,0.560991421809939,14.9,62.9565208333333,1.09591903152559,0.859904982018443,0.480357142857143,0.466666666666667,3.0375,1.24826354711495,1.28286023777816,1.4,0.463057646687092,0.145833333333333,0.320833333333333,0.986759833355089,0.705357142857143,7.8,0.529761904761905,6.22455842927536,6.5,6.5,2.1,0,0,"S16","S16 - L",0.857142857142857,0.941551470610614,0.0844086134677569
"861",2021,2413,"Morehead St","Final - W",0.468356594346332,0.369837710744413,0.686183643338486,38.34,10.2983333333333,28.0416666666667,12.7516666666667,4.635,5.27833333333333,14.31,13.6616666666667,70.5483333333333,61.8316666666667,0.389778571886526,0.30217377055279,0.530646055954265,8.71666666666667,66.7866083333333,1.05659261391588,0.925672564061022,0.435714285714286,0.658333333333333,-0.705,0.860942275956088,0.896875164430413,1.2,0.798150850646533,0.253333333333333,0.131666666666667,0.986905155485842,0.705357142857143,5.6,0.441462262528958,4.75359019110636,0,0,1.66666666666667,0.2,0,"R64","R64 - L",0.766666666666667,0.711866583225754,-0.0548000834409124
"862",2021,2430,"UNC Greensboro","Final - W",0.42892605263081,0.308840069645483,0.689151097058542,38.1625,12.2817307692308,25.8807692307692,11.9153846153846,7.58461538461538,3.78173076923077,10.0423076923077,16.8884615384615,73.5019230769231,67.0009615384615,0.411657399411261,0.318436905315685,0.487500218546735,6.50096153846154,69.3869038461539,1.05923631305768,0.965628687286405,0.629166666666667,0.216666666666667,7.40769230769231,1.49091051025477,1.20716911503797,1.4,0.595355972491685,0.188461538461538,0.0894230769230769,0.993794452347084,0.494444444444444,6.6,0.567384482497341,5.67332326717149,0.946900915888745,1,1.9,0.2,0,"R64","R64 - L",0.724137931034483,0.723765204807801,-0.000372726226681719
"863",2021,2450,"Norfolk St","Final - W",0.433161419357738,0.362118785754573,0.718803013826317,37.8767857142857,11.4410714285714,26.4357142857143,12.9821428571429,6.35714285714286,3.31428571428571,13.1607142857143,19.7642857142857,77.475,69.5571428571429,0.412447335384018,0.332933350723882,0.507755734470311,7.91785714285714,73.1211428571429,1.05894700947722,0.95178186210431,0.5,0.525,4.71071428571429,1.23637915543576,0.986052710392333,1.6,0.659694034970586,0.378571428571429,0.2625,0.97100341292935,0.6375,5.9,0.535865332781304,5.46806014113513,0,0,1.81818181818182,0.2,0,"R64","R64 - L",0.695652173913043,0.715316130489753,0.0196639565767099
"864",2021,2483,"Oregon","Semifinals - L",0.469026143273623,0.392144499666197,0.70571105365223,31.325,8.575,22.75,13.1375,7.2625,3.35,10.875,15.5875,73.3,68.3,0.448068703609008,0.346520805568339,0.547805364125418,5,66.56025,1.10133508975961,1.02718358138455,0.705357142857143,0.62,2.025,1.2454438744457,1.22707735559227,2.5,0.767004886167348,0.2625,0.025,0.918790555322813,0.705357142857143,5.1,0.659113300492611,6.92362862813843,1.82142857142857,2.91666666666667,2.125,0,1,"S16","S16 - L",0.769230769230769,0.746660422674799,-0.0225703465559701
"865",2021,2509,"Purdue","Quarterfinals - L",0.44241941839645,0.309584776513277,0.707074689737416,37.9496392496392,11.0799422799423,26.869696969697,12.9,5.33852813852814,3.76479076479076,12.1764790764791,17.5966810966811,70.2484848484848,65.753823953824,0.409664514277515,0.310616950967418,0.501971245237463,4.49466089466089,66.3442705627706,1.05892940950506,0.991144742177567,0.533333333333333,0.157142857142857,1.06089466089466,0.933779245969208,1.06095829797551,2.4,0.652174022422859,0.363780663780664,0.0646464646464646,0.97565732144161,0.555555555555556,3.9,0.66913123844732,6.29526600143965,1.83333333333333,1.90909090909091,1.6,0.2,0,"R64","R64 - L",0.666666666666667,0.683781551083045,0.0171148844163787
"866",2021,2540,"UCSB","Final - W",0.483244470873501,0.349374097880604,0.756368395526646,35.0675324675325,9.42597402597403,25.6415584415584,15.9376623376623,7.75909090909091,2.6961038961039,11.1149350649351,15.7201298701299,75.5636363636364,62.0285714285714,0.421454470447845,0.33704873294347,0.539535549955182,13.5350649350649,66.8823538961039,1.12942462153675,0.926136638140935,0.5,0.9,4.89480519480519,1.2617645282107,1.43846099633523,1.6,0.786278910989764,0.219480519480519,0.169480519480519,0.97397676986544,0.625,7.1,0.561761585570141,5.23644196282995,0,0,2.5,0.2,0,"R64","R64 - L",0.846153846153846,0.897462711036312,0.051308864882466
"867",2021,2633,"Tennessee","Semifinals - L",0.433535040810583,0.330905653772099,0.736349275014019,35.0431746031746,10.4536507936508,24.5895238095238,14.7307936507937,6.88476190476191,4.99777777777778,13.092380952381,16.7593650793651,70.415873015873,65.6669841269841,0.404884325508494,0.329863495380737,0.496402840911809,4.74888888888889,68.3237142857143,1.03069275507673,0.960944723239579,0.623214285714286,0.4,1.79492063492064,1.17631149033452,1.13982638221539,2.4,0.494710589080184,0.246666666666667,0.206984126984127,0.964846638461514,0.846428571428571,5.5,0.652253909843606,6.99209642741589,1.72916666666667,2,2.125,0.2,1,"R64","R64 - L",0.692307692307692,0.818281967486683,0.125974275178991
"868",2021,2640,"Texas Southern","Final - W",0.456521273948254,0.276738526616212,0.695379354078906,42.0561507936508,12.4625,29.5936507936508,12.564880952381,7.19583333333333,4.91388888888889,16.3194444444444,17.7444444444444,75.6039682539682,68.1496031746032,0.389746536718631,0.315640119427433,0.498459504154852,7.45436507936508,74.2284345238095,1.01868129167607,0.918455665767169,0.514285714285714,0.41,0.65952380952381,0.920135774330319,0.7703960493101,2.6,0.733575866739141,0.286904761904762,0.135515873015873,0.973864082255629,0.366071428571429,3.1,0.559265442404007,6.39692965521615,1,0,2.75,0.2,0,"R64","R64 - L",0.666666666666667,0.685858879886856,0.0191922132201892
"869",2021,2641,"Texas Tech","Quarterfinals - L",0.445526028628282,0.353072140458393,0.726079392188473,34.3866666666667,11.1433333333333,23.2433333333333,12.4422222222222,7.11555555555556,4.02111111111111,10.7866666666667,17.4533333333333,73.07,67.7755555555556,0.428713739812308,0.378604455653636,0.502571076471882,5.29444444444445,66.7665111111111,1.09421230979377,1.01472854396583,0.5,0.675,4.56444444444444,1.37290476190476,1.17745238095238,4.3,0.483274961509007,0.397777777777778,0.215555555555556,0.979251072413193,0.857142857142857,5.2,0.700635643989042,5.15905529921453,3.01373619175743,4.75,1.6,0.4,0,"R32","R32 - L",0.62962962962963,0.825670092102282,0.196040462472653
"870",2021,2724,"Wichita St","Semifinals - L",0.409131875988474,0.351990424076607,0.692356589147287,36.8,11.3714285714286,25.4285714285714,13.2142857142857,5.85714285714286,3.32857142857143,11.3142857142857,15.1142857142857,71.3714285714286,67.9857142857143,0.41055759273134,0.313617027319016,0.485512896621644,3.38571428571429,68.1177142857143,1.04670604117574,0.999388402833087,0.558730158730159,0.575,0.271428571428571,1.10580185482933,1.16719887090372,1.3,0.795256462714124,0.514285714285714,0.0857142857142857,0.964595679267469,0.56984126984127,3.1,0.60068246408104,0,0,0,1.77777777777778,0,0,"First Four","First Four - L",0.761904761904762,0.685597721329232,-0.0763070405755299
"871",2021,2737,"Winthrop","Final - W",0.450250941122905,0.347794807691054,0.693560201981255,40.1220238095238,13.0805555555556,27.0414682539683,14.5982142857143,7.31150793650794,2.43611111111111,13.9424603174603,17.315873015873,76.8287698412698,64.6434523809524,0.428911501033241,0.32375295780766,0.52298597885604,12.1853174603175,70.4543482142857,1.08978594184803,0.916996545518558,0.51010101010101,0.5,7.0968253968254,1.12690171001996,1.04696768033332,0.7,0.690191551748072,0.179960317460317,0.192063492063492,0.987621438137476,0.672727272727273,7.4,0.634057958638188,5.54907608489522,0.926163551710191,1,1.72727272727273,0.2,0,"R64","R64 - L",0.958333333333333,0.872331158183331,-0.0860021751500026
"872",2022,2,"Auburn","Quarterfinals - L",0.436190526234272,0.304704447185437,0.735313849296625,39.9222222222222,12.6307692307692,27.291452991453,13.9982905982906,8.25683760683761,7.79871794871795,12.4461538461538,18.6495726495727,77.5897435897436,68.4876068376068,0.387794014623443,0.314410504840892,0.501137677208261,9.10213675213675,72.1390747863248,1.07490662851388,0.949440360738511,0.519642857142857,0.298333333333333,2.70042735042735,1.14710319508977,1.13414596837416,2,0.581577202190385,0.357692307692308,0.0905982905982906,0.981433170998507,0.692857142857143,5.6,0.658928571428571,6.3297209055227,2.35,3.75,2,0.2,0,"R32","R32 - L",0.84375,0.85420216155171,0.0104521615517099
"873",2022,5,"UAB","Final - W",0.470854456589354,0.39322065672113,0.759788843346504,38.0130952380952,11.6190476190476,26.3940476190476,12.602380952381,8.55476190476191,4.225,11.2571428571429,16.4642857142857,80.3297619047619,68.7154761904762,0.424124831423142,0.3135700066357,0.534828463710828,11.6142857142857,69.8888690476191,1.1511485501204,0.982954379421588,0.269444444444444,1,5.07619047619048,1.27737416904084,1.17231718898386,4,0.489886592889131,0.279761904761905,0.285714285714286,0.962355768227673,0.516666666666667,8.5,0.620689655172414,6.14203740558736,1,0,3.09090909090909,0.2,0,"R64","R64 - L",0.794117647058823,0.89658135392494,0.102463706866117
"874",2022,8,"Arkansas","Semifinals - L",0.428873737500497,0.312008545320165,0.758107707114875,38.0730769230769,11.3676923076923,26.7053846153846,13.2723076923077,7.61461538461538,4.12538461538462,12.9230769230769,17.4546153846154,75.2761538461538,67.8015384615385,0.405546340577937,0.316445186924327,0.483261687656491,7.47461538461538,71.9041115384615,1.04678977297126,0.942949085416927,0.457142857142857,0.275,3.45538461538462,1.18331804334346,1.03340974476886,3.4,0.477197986737448,0.35,0.120769230769231,0.988599361386952,0.728571428571429,6.7,0.729736151387072,5.34233425196481,1.78331498416143,3,3,0.2,1,"E8","E8 - L",0.757575757575758,0.780867716262059,0.0232919586863019
"875",2022,12,"Arizona","Final - W",0.496982080267533,0.356539788075159,0.748699868983845,40.3933333333333,10.8433333333333,29.55,19.3383333333333,6.14166666666667,5.29833333333333,13.315,16.035,82.65,68.9616666666667,0.396404062868692,0.331784260515604,0.56160017020886,13.6883333333333,71.777475,1.15123891054748,0.961275518071393,0.568055555555556,0.56,-2.51833333333333,0.891022125909495,1.45480680046783,0.9,0.764741578981397,0.106666666666667,0.355,0.976814132318704,0.618055555555556,11.8,0.60253217731439,0,0,0,2.375,0,1,"S16","S16 - L",0.911764705882353,0.922279276974295,0.0105145710919421
"876",2022,21,"San Diego St","Final - L",0.4350082517435,0.369041866915087,0.711951233853193,35.1060606060606,9.84040404040404,25.2656565656566,11.8727272727273,7.37878787878788,4.66464646464646,12.7333333333333,17.7626262626263,65.4767676767677,57.3939393939394,0.380115271085749,0.308148399580759,0.496872356126951,8.08282828282828,65.0337474747475,1.00623142339042,0.883624323428952,0.45,0.693333333333333,2.63030303030303,1.13673292858075,0.937145841493668,1.5,0.573450260676692,0.36969696969697,0.195959595959596,0.961361429948346,0.625,6.1,0.726737545602038,4.85203026391962,0.809823746059157,1,2.81818181818182,0,0,"R64","R64 - L",0.741935483870968,0.796369925567563,0.0544344416965955
"877",2022,26,"UCLA","Final - L",0.449704364662349,0.338870875014373,0.743607830620279,35.9948717948718,11.077094017094,24.9177777777778,13.4892307692308,7.2634188034188,3.12803418803419,8.94769230769231,16.2788034188034,75.2234188034188,64.5740170940171,0.415592394028442,0.322039282249364,0.506909693458514,10.6494017094017,67.3185854700855,1.11700671695413,0.960448931983728,0.4625,0.525,7.0417094017094,1.52753968253968,1.50217032967033,2.3,0.385531246343498,0.193846153846154,0.254017094017094,0.927454886206997,0.7875,6.3,0.67779632721202,6.39692965521615,1.625,6.5,2.6,0,0,"S16","S16 - L",0.78125,0.858844558790972,0.077594558790972
"878",2022,30,"USC","Semifinals - L",0.438669312345128,0.353921726766754,0.691964708176503,39.1931818181818,12.0339393939394,27.1592424242424,13.36,5.04318181818182,4.42378787878788,12.6230303030303,16.4,71.1134848484848,68.0539393939394,0.405134201272877,0.364077104587687,0.499415015378096,3.05954545454545,67.5345378787879,1.05313640246752,1.00783453899943,0.576785714285714,0.59,-0.651363636363636,0.794802455730037,1.07034747744738,1.4,0.805610123589268,0.372272727272727,0.105,0.974633195047623,0.705357142857143,5.2,0.589664620016074,5.82008293035236,1.94279141087855,1.66666666666667,2.3,0,0,"R64","R64 - L",0.787878787878788,0.742671478577371,-0.0452073093014173
"879",2022,36,"Colorado St","Semifinals - L",0.468152711952341,0.331184145420454,0.759939141213456,31.4523232323232,6.99636363636364,24.4559595959596,13.0338383838384,6.05464646464647,2.91020202020202,10.0331313131313,15.2332323232323,70.34,65.2868686868687,0.432046832152726,0.336711309747392,0.531013539750659,5.05313131313131,64.633496969697,1.08777540822469,1.01073482841552,0.734920634920635,0.621428571428571,1.24282828282828,1.24779761128398,1.33198463420845,1.3,0.762069602674441,0.27969696969697,0.221818181818182,0.991901676036057,0.720634920634921,6,0.512747105420896,5.56068163101553,0,0,2,0.4,0,"R64","R64 - L",0.833333333333333,0.779600036413154,-0.0537332969201789
"880",2022,41,"UConn","Semifinals - L",0.433173774290712,0.361458778251218,0.760399871371741,40.2200854700855,13.8799145299145,26.3401709401709,13.334188034188,5.21282051282051,6.41709401709402,11.7230769230769,16.5004273504274,72.8974358974359,66.6252136752137,0.411346128671874,0.348488003862331,0.496014260421147,6.27222222222222,66.4255299145299,1.09695675039321,1.00410345625501,0.588888888888889,0.403333333333333,2.86025641025641,0.908084244861232,1.14193184551984,3.9,0.459618866354025,0.356410256410256,0.0829059829059829,0.99253362551005,0.505555555555556,3.6,0.586421847939826,5.8406416573734,0.974827041277014,1,2.66666666666667,0,1,"R64","R64 - L",0.71875,0.828518586418567,0.109768586418567
"881",2022,43,"Yale","Final - W",0.462575503244321,0.331528658411473,0.741272524275172,36.2880952380952,8.64126984126984,27.6468253968254,11.2777777777778,6.3984126984127,3.32777777777778,13.0071428571429,16.5626984126984,72.6595238095238,67.3666666666667,0.424187574134083,0.289260865403423,0.514983437499297,5.29285714285714,69.5800158730159,1.04390819343912,0.967955014121144,0.457142857142857,0.353333333333333,-0.433333333333333,0.999696607252254,0.889178181653166,2.4,0.805532196081548,0.350793650793651,0.155555555555556,0.986143587836811,0.585714285714286,4.7,0.543230016313214,6.41999492814714,1,1,1.72727272727273,0.2,0,"R64","R64 - L",0.633333333333333,0.633106340491637,-0.000226992841696583
"882",2022,48,"Delaware","Final - W",0.471288932614529,0.357481977865773,0.728069127412916,32.2511111111111,7.99444444444444,24.2566666666667,13.4133333333333,6.76222222222222,3.91222222222222,11.99,15.4566666666667,73.3444444444444,70.0388888888889,0.429976965334529,0.343389355742297,0.54033178492738,3.30555555555556,67.5308777777778,1.0860356154251,1.03688050332264,0.564285714285714,0.5,-2.78333333333333,1.01680699464252,1.12349514563107,3.2,0.630694422099586,0.315555555555556,0.0644444444444444,0.973782944869146,0.576785714285714,5.4,0.514177757217585,4.99721227376411,0,0,2.875,0,1,"R64","R64 - L",0.647058823529412,0.644451851505671,-0.00260697202374072
"883",2022,55,"J'Ville St","Semifinals - L",0.484008463525235,0.394480494373027,0.679519816449698,36.2132692307692,8.76038461538462,27.4528846153846,14.3709615384615,5.71038461538462,3.07173076923077,12.9311538461538,13.4048076923077,73.0575,66.6671153846154,0.406173366887589,0.338323299888517,0.56795010034488,6.39038461538462,66.1969125,1.10370425468764,1.00740601886271,0.687301587301587,0.66,-2.885,0.859084589279171,1.13900615045324,0.5,0.657602098206925,0.197884615384615,0.0307692307692308,0.996230462764327,0.558730158730159,3.8,0.592189809606799,5.75890177387728,0.961184319559571,1,2.88888888888889,0.2,0,"R64","R64 - L",0.67741935483871,0.753120593450167,0.0757012386114569
"884",2022,66,"Iowa State","Quarterfinals - L",0.42997441086514,0.306944313958544,0.664076052199464,29.945,8.705,21.24,14.2166666666667,7.82666666666667,2.77,13.8533333333333,18.065,63.4283333333333,66.3983333333333,0.454834658488285,0.322794089495095,0.489540337237326,-2.97,66.772875,0.949602955996531,0.99483968543086,0.6375,0.326666666666667,1.52333333333333,1.1316295309003,1.02941579663203,5.2,0.675198339362942,0.32,0.173333333333333,0.994900731452456,0.5125,4.5,0.609825710540895,5.09375020080676,0.850167794661401,0,2.44444444444444,0.4,1,"S16","S16 - L",0.625,0.643266258750035,0.0182662587500346
"885",2022,68,"Boise St","Final - W",0.448472171554017,0.351132682004412,0.669789513954495,33.1857142857143,9.40714285714286,23.7785714285714,10.9154761904762,6.05119047619048,3.02738095238095,11.5190476190476,15.3678571428571,68.4904761904762,62.1047619047619,0.444320821623809,0.334255915811998,0.519401436716157,6.38571428571429,64.469755952381,1.06246403278207,0.963662109591266,0.705357142857143,0.7,4.33214285714286,1.12183282610431,0.948789937779135,1.9,0.709715508358491,0.414285714285714,0.0773809523809524,0.971490309388962,0.435714285714286,5.9,0.61278594941293,5.87211778947542,0.980080536787926,1,3,0.2,0,"R64","R64 - L",0.794117647058823,0.794306569729734,0.000188922670910308
"886",2022,84,"Indiana","Semifinals - L",0.445411122917882,0.325050631360739,0.711432168864642,34.05,8.59722222222222,25.4527777777778,14.4638888888889,5.75833333333333,4.58611111111111,10.3805555555556,17.2527777777778,69.1111111111111,67.6416666666667,0.410514661656514,0.346492200514917,0.49997472619997,1.46944444444444,66.7291527777778,1.03549786466195,1.01478615637224,0.501587301587302,0.308333333333333,0.947222222222222,1.17059157059157,1.41791964791965,1.8,0.47411464602389,0.408333333333333,0.0333333333333333,0.935654081548413,0.56984126984127,6,0.60253217731439,0,0,0,2.6,0,1,"R64","R64 - L",0.606060606060606,0.708527701290102,0.102467095229495
"887",2022,87,"Notre Dame","Quarterfinals - L",0.47371294957152,0.391958041958042,0.747768636924507,33.8783333333333,6.54333333333333,27.335,14.4516666666667,5.06833333333333,1.48833333333333,10.0583333333333,12.0733333333333,73.5183333333333,67.7716666666667,0.429466323636838,0.306951923422037,0.561445302092376,5.74666666666667,66.3997,1.10714777784893,1.02072976288068,0.728571428571429,0.773333333333333,-3.15166666666667,0.928819621870209,1.44259580991313,0.7,0.726032278314911,0.395,0.0966666666666667,0.993528636626484,0.714285714285714,7.8,0.645808736717828,6.7428806357919,1.42857142857143,1.5,2.71428571428571,0.2,1,"R32","R32 - L",0.6875,0.709615282436093,0.022115282436093
"888",2022,93,"Murray St","Final - W",0.463167474194427,0.336163747821817,0.712309911840448,39.3727272727273,12.7335664335664,26.6391608391608,14.3402097902098,7.72167832167832,3.18181818181818,10.6723776223776,14.8185314685315,76.3293706293706,59.8041958041958,0.408178654385778,0.289409363789443,0.530075337333652,16.5251748251748,66.1129300699301,1.15380608098975,0.905104251773112,0.494642857142857,0.63,7.37692307692308,1.28546200984479,1.3590084416867,1.1,0.804248606168462,0.28041958041958,0.429370629370629,0.984056735321459,0.619642857142857,9.6,0.650795155974455,5.23644196282995,0.873983634828904,1,2.66666666666667,0.2,0,"R32","R32 - L",0.9375,0.934568957226015,-0.00293104277398537
"889",2022,96,"Kentucky","Semifinals - L",0.480536540576303,0.358665322881672,0.725966037274536,37.8339743589744,11.8416666666667,25.9923076923077,15.4282051282051,6.775,3.63974358974359,11.2666666666667,14.6737179487179,77.850641025641,68.8461538461538,0.428778640168235,0.319466878894065,0.531405256454163,9.00448717948718,68.6622948717949,1.13394091446036,1.00317581503685,0.428571428571429,0.5,3.13846153846154,1.06843381843382,1.38917186417186,1,0.495325192269343,0.141025641025641,0.169230769230769,0.95423003848128,0.428571428571429,7.6,0.770894788593904,6.92559519711047,3.8,4.88888888888889,2.57142857142857,0.2,1,"R64","R64 - L",0.787878787878788,0.885018160754753,0.097139372875965
"890",2022,99,"LSU","Quarterfinals - L",0.435448467928828,0.322669220734184,0.72595467340697,34.5880341880342,11.6811965811966,22.9068376068376,12.5163947163947,10.372027972028,4.08725718725719,14.7703185703186,20.6515151515152,70.8833721833722,67.5671328671329,0.406900843048609,0.289413900087872,0.493067368942428,3.31623931623932,69.5561802641803,1.01870920032632,0.972858337333665,0.575,0.32,2.26495726495726,1.16729457285409,0.847662571799925,8.7,0.464701060922696,0.367288267288267,0.0905982905982906,0.952817262941993,0.375,8.4,0.38011587608106,5.95064255258773,0,0,1.77777777777778,0.4,1,"R64","R64 - L",0.666666666666667,0.824044495767302,0.157377829100636
"891",2022,127,"Michigan St","Semifinals - L",0.453206417749609,0.369104503985931,0.761451846854444,35.4485042735043,9.32051282051282,26.1279914529915,15.2348290598291,5.79786324786325,4.45512820512821,12.6688034188034,17.9429487179487,70.4713675213675,69.8057692307692,0.426769643483202,0.318440687381902,0.514928309612856,0.665598290598291,67.1579188034188,1.04893036425284,1.04047583081648,0.422222222222222,0.686666666666667,-3.37649572649573,0.79461024379402,1.19715011611064,3.3,0.529910110419119,0.401495726495727,0.106410256410256,0.997263851750513,0.444444444444444,4.4,0.716833890746934,6.8001700683022,3.65217391304348,3.65217391304348,2.22222222222222,0.2,0,"R32","R32 - L",0.647058823529412,0.63901197825265,-0.00804684527676214
"892",2022,130,"Michigan","Early Round - L",0.465115431739532,0.334190635161841,0.781607307320799,33.9527777777778,9.74444444444445,24.2083333333333,14.2194444444444,4.98055555555556,3.06666666666667,10.9027777777778,15.8972222222222,72.725,71.6277777777778,0.470419952746997,0.366559561128527,0.520562268314951,1.09722222222222,66.6304583333333,1.09164184241984,1.07521091048824,0.558333333333333,0.441666666666667,1.58888888888889,0.937287712319054,1.30842926253835,1.5,0.674905671417622,0.202777777777778,0.0777777777777778,0.964400636709911,0.3375,4.2,0.677245766231948,4.0943445622221,2.05008868701313,3,2,0,1,"S16","S16 - L",0.548387096774194,0.619343140935363,0.0709560441611693
"893",2022,147,"Montana St","Final - W",0.485383143904758,0.376906742886186,0.760172633750441,35.1302308802309,8.31854256854257,26.8116883116883,11.9046176046176,4.86356421356421,3.8963924963925,12.4580086580087,17.5690476190476,76.428354978355,67.3047619047619,0.416987491881934,0.315307070540041,0.550330719405377,9.12359307359307,68.267952020202,1.11978227896543,0.985936739035905,0.557142857142857,0.735,0.141702741702742,0.98587296620776,0.953821781731669,1.7,0.771930384602251,0.402453102453102,0.240548340548341,0.982718247199257,0.619642857142857,5.4,0.558726385418053,4.00733318523247,0,0,2.2,0,1,"R64","R64 - L",0.794117647058823,0.783674583531181,-0.0104430635276429
"894",2022,150,"Duke","Final - L",0.485850278932676,0.368230847645952,0.715947332388363,38.5948717948718,10.9081196581197,27.6867521367521,16.6972222222222,5.35042735042735,5.64957264957265,10.6803418803419,13.6521367521368,78.1771367521368,68.3536324786325,0.41898205750918,0.314212134506811,0.553298918035061,9.82350427350427,67.0923290598291,1.16545931348346,1.01933745665518,0.825,0.426666666666667,-1.54252136752137,0.905241935483871,1.57289746543779,0.1,0.590018306268752,0.30982905982906,0.218162393162393,0.979897469040573,0.3375,8.8,0.764206401045069,7.33432935030054,4.34285714285714,4.34285714285714,2,0.2,0,"F4","F4 - L",0.823529411764706,0.875533261513537,0.0520038497488309
"895",2022,153,"North Carolina","Semifinals - L",0.442696607075109,0.349609476276899,0.788910931274694,39.8207575757576,10.9345454545455,28.8862121212121,14.8375757575758,5.44424242424242,3.93106060606061,11.2739393939394,14.3609090909091,76.9910606060606,71.9762121212121,0.434046414874837,0.36580730051879,0.513091921395207,5.01484848484848,70.1362696969697,1.09823541069564,1.02605362547645,0.597142857142857,0.666666666666667,2.15333333333333,0.886265995986852,1.3217529805823,2.1,0.599875968930023,0.0909090909090909,0.366818181818182,0.998899443929564,0.402857142857143,4.5,0.60253217731439,0,0,0,2.3,0,1,"Final","Final - L",0.727272727272727,0.701327245827056,-0.0259454814456714
"896",2022,156,"Creighton","Final - L",0.438177379208281,0.310782307511577,0.743150777960551,38.1076923076923,9.39294871794872,28.7147435897436,12.7935897435897,5.01410256410256,4.06794871794872,14.1346153846154,13.5025641025641,67.8653846153846,66.2871794871795,0.397768200620271,0.308932829967437,0.496829755894195,1.57820512820513,68.5625769230769,0.990050676059492,0.966765837196052,0.635714285714286,0.45,-5.95320512820513,0.728084989188341,0.904924420706544,1.9,0.763576563660801,0.301923076923077,0.190384615384615,0.94447562560897,0.564285714285714,6.2,0.610942249240122,6.49072353450251,1.22222222222222,1.33333333333333,2,0.2,1,"R32","R32 - L",0.666666666666667,0.6233765565641,-0.0432901101025662
"897",2022,164,"Rutgers","Quarterfinals - L",0.4528842069231,0.345149895048771,0.716074974670719,34.4009090909091,9.65818181818182,24.7427272727273,14.6981818181818,7.17545454545455,4.25090909090909,11.6172727272727,16.5054545454545,68.1090909090909,65.8509090909091,0.418251791729956,0.340072004088265,0.511002059276341,2.25818181818182,65.4657454545455,1.04089364308313,1.00525023214,0.5575,0.616666666666667,0.795454545454546,1.03779658757665,1.27366930380127,1,0.601047147293381,0.405454545454546,0.129090909090909,0.995232926277702,0.5775,6.5,0.538613861386139,6.22653666928747,1,1,2.4,0,0,"First Four","First Four - L",0.580645161290323,0.585409969829102,0.0047648085387797
"898",2022,166,"New Mexico St","Final - W",0.447651736590447,0.333940160914768,0.684575168997152,38.8478632478632,11.7974358974359,27.0504273504274,13.6294871794872,4.92521367521368,4.17991452991453,14.0089743589744,15.7576923076923,71.6128205128205,63.4474358974359,0.386956757347331,0.297107061442541,0.518530492486816,8.16538461538462,67.2983995726496,1.06424276640468,0.944144372880248,0.554285714285714,0.525,0.56025641025641,0.859036032516695,0.974911174358688,2.8,0.460025470867568,0.225213675213675,0.0807692307692308,0.941670374729054,0.554285714285714,5.5,0.733374978875502,5.03695260241363,0.840688042599687,1,2.90909090909091,0,0,"R32","R32 - L",0.8125,0.788931243234692,-0.0235687567653078
"899",2022,194,"Ohio State","Early Round - L",0.466406098355377,0.367599256261621,0.7778627808136,33.73,8.98,24.75,11.9,4.26,4.66,10.41,16.29,72.9,69.12,0.428741783757961,0.350132137103838,0.538133697516908,3.78,64.47635,1.13073331448458,1.07221188335793,0.626984126984127,0.59,-1.89,0.916138461538462,1.1416,1.7,0.578456393760094,0.28,0.09,0.940335007013121,0.657142857142857,4.5,0.608883635770083,5.80211837537706,1.29119646340397,1,2.9,0.2,1,"R32","R32 - L",0.633333333333333,0.695323988027857,0.0619906546945236
"900",2022,222,"Villanova","Final - W",0.443946961555228,0.36158742305742,0.845429887716639,34.4416666666667,9.71111111111111,24.7305555555556,11.7472222222222,6.16111111111111,2.42222222222222,10.5194444444444,15.3888888888889,72.7055555555555,63.1444444444444,0.403921137564464,0.305679982080767,0.528944487886731,9.56111111111111,63.7733055555556,1.1410085072434,0.989164938802996,0.688095238095238,0.76,1.03055555555556,1.14872308334136,1.1487547735952,3.1,0.656519526979994,0.297222222222222,0.175,0.978312575457779,0.507142857142857,6.4,0.690744920993228,6.78784498230958,3.02941176470588,3.3,2.66666666666667,0.2,1,"F4","F4 - L",0.787878787878788,0.824881786855896,0.0370029989771085
"901",2022,235,"Memphis","Final - L",0.470691638832736,0.358321045031119,0.688742874948282,38.7616161616162,12.2323232323232,26.5292929292929,16.3464646464646,8.59191919191919,5.18484848484849,15.6656565656566,18.4545454545455,74.2676767676768,67.5242424242424,0.394556424575012,0.319858558088058,0.524338447931872,6.74343434343434,70.0961161616162,1.05947968489437,0.963350507102981,0.45,0.625,-0.56969696969697,0.90792789673806,1.04798248837945,2.6,0.611876959024598,0.171717171717172,0.107070707070707,0.864390147037572,0.5625,5.2,0.648717359834944,4.56434819146784,0,0,2.18181818181818,0.2,0,"R32","R32 - L",0.67741935483871,0.745864719698999,0.0684453648602896
"902",2022,236,"Chattanooga","Final - W",0.460533022138867,0.339294289364803,0.749069854049549,34.8095238095238,9.59761904761905,25.2119047619048,12.472619047619,7.11309523809524,1.9547619047619,10.9702380952381,15.1607142857143,73.0904761904762,65.9654761904762,0.431832104279588,0.304342542655236,0.529998732632639,7.125,66.4102142857143,1.1012428797981,0.99327575987349,0.621428571428571,0.54,2.21071428571429,1.11545253863135,1.17130242825607,3.3,0.677057356247156,0.338095238095238,0.0773809523809524,0.946475509814169,0.576785714285714,4,0.506907218882459,4.8283137373023,0,0,3.3,0.2,0,"R64","R64 - L",0.794117647058823,0.831844940027171,0.0377272929683472
"903",2022,239,"Baylor","Quarterfinals - L",0.451620555841516,0.338096511720358,0.716037965149411,35.3659090909091,12.0535353535354,23.3123737373737,14.1545454545455,8.01616161616162,3.28787878787879,12.8335858585859,16.2222222222222,73.2972222222222,66.6338383838384,0.440261805285198,0.294375265257618,0.518011131986634,6.66338383838384,67.6839684343434,1.08313672855664,0.985118414573971,0.518055555555556,0.46,3.63131313131313,1.12926767826575,1.11031442452943,2.4,0.603855936024393,0.225252525252525,0.156565656565657,0.892912329075896,0.55,7.5,0.634304207119741,6.4281052726846,3.05555555555556,3.05555555555556,2.22222222222222,0.4,1,"R32","R32 - L",0.8125,0.883615939866185,0.0711159398661848
"904",2022,248,"Houston","Final - W",0.463657891383536,0.324462339527785,0.680337357711106,39.2502136752137,13.2136752136752,26.0365384615385,17.2587606837607,7.36260683760684,5.53440170940171,11.5145299145299,17.524358974359,74.1912393162393,60.0722222222222,0.37269960635313,0.291276035512007,0.527296198844207,14.1190170940171,65.5071677350427,1.13258158758627,0.917885304495395,0.70952380952381,0.346666666666667,4.73952991452992,1.13637484610798,1.49850337594561,3.6,0.639810757227188,0.182051282051282,0.226068376068376,0.986669136488468,0.56984126984127,10.6,0.67044167610419,6.78445706263764,2,3.5,2.88888888888889,0.2,0,"E8","E8 - L",0.852941176470588,0.941670060744416,0.0887288842738276
"905",2022,251,"Texas","Quarterfinals - L",0.427903635975385,0.321644146540412,0.73967246722736,33.4733333333333,10.285,23.1883333333333,12.24,6.88,3.33,12.2466666666667,18.8816666666667,66.8483333333333,63.8233333333333,0.422354138958172,0.326662122895,0.492909281058022,3.025,65.1292833333333,1.02680898586849,0.978105084390528,0.487301587301587,0.383333333333333,1.415,1.11062016165756,1.00455942622951,2.4,0.640127973883301,0.318333333333333,0.148333333333333,0.970237299780994,0.56984126984127,7.6,0.691600286455201,5.31320597904179,2.54953810869472,0,3.1,0,1,"R32","R32 - L",0.65625,0.817757386028984,0.161507386028984
"906",2022,257,"Richmond","Final - W",0.439275653587958,0.328483054217666,0.74450046631661,32.156043956044,7.8032967032967,24.3527472527473,13.6104395604396,7.92307692307692,2.27747252747253,9.88736263736264,13.6104395604396,70.6445054945055,67.1549450549451,0.443847243871743,0.347684726522188,0.508234615993095,3.48956043956044,66.7218241758242,1.05875510843836,1.0064108985959,0.642857142857143,0.47,1.95934065934066,1.33001157407407,1.37790509259259,0.2,0.586280579534925,0.418131868131868,0.0527472527472527,1,0.428571428571429,6.2,0.557377049180328,6.30991827822652,2,2,3.44444444444444,0,0,"R32","R32 - L",0.657142857142857,0.631552597146204,-0.0255902599966528
"907",2022,259,"Virginia Tech","Final - W",0.475344494700056,0.392955122456183,0.749473543194705,31.5,8.36410256410256,23.1358974358974,14.6529914529915,5.35897435897436,3.34188034188034,10.6717948717949,14.774358974359,70.6111111111111,63.9487179487179,0.437054411643173,0.344346834656134,0.562923252192529,6.66239316239316,62.6680598290598,1.12695780299043,1.02077630916136,0.557142857142857,0.745,0.499145299145299,1.04649343428995,1.39610513960959,0.5,0.453684563465644,0.41965811965812,0.142735042735043,1,0.619642857142857,6.3,0.552763819095477,6.39359075395063,1,1,2.625,0,1,"R64","R64 - L",0.657142857142857,0.802265480892577,0.14512262374972
"908",2022,261,"Vermont","Final - W",0.510476491454752,0.396044523294572,0.751393765771058,35.9,7.78333333333333,28.1166666666667,16.0138888888889,5.27777777777778,2.26944444444444,10.1416666666667,13.7111111111111,77.8944444444444,60.5972222222222,0.409650446939581,0.351925496962139,0.597823926692508,17.2972222222222,65.1660833333333,1.19577195820989,0.929851323538849,0.718055555555556,0.69047619047619,2.2,1.10757344083032,1.59151640917696,0.5,0.571638860007502,0.122222222222222,0.352777777777778,0.945674642741215,0.6625,9,0.7011299475869,5.78689738136671,0.965856901241281,1,3.1,0,0,"R64","R64 - L",0.848484848484849,0.916082391996127,0.0675975435112787
"909",2022,269,"Marquette","Quarterfinals - L",0.463534177228263,0.363349202368204,0.778184706611956,33.5538461538462,7.55555555555556,25.9982905982906,15.5820512820513,8.30769230769231,5.00769230769231,11.917094017094,17.1777777777778,75.1393162393162,71.0444444444445,0.406875313382382,0.322214787728799,0.537671178686351,4.0948717948718,70.6540384615385,1.06351180609514,1.00603005086912,0.618055555555556,0.58,-3.58119658119658,1.15980374665477,1.34267915551591,1.3,0.634405944739591,0.234188034188034,0.107692307692308,0.993461680986694,0.505555555555556,5.5,0.657004830917874,6.0282785202307,1.6875,0,2.33333333333333,0,0,"R64","R64 - L",0.612903225806452,0.630098152835153,0.0171949270287017
"910",2022,275,"Wisconsin","Quarterfinals - L",0.435490923824746,0.317832799354139,0.730483070700936,34.2111111111111,8.61388888888889,25.5972222222222,11.4583333333333,5.16666666666667,2.28611111111111,8.70277777777778,17.2333333333333,70.8722222222222,68.1333333333333,0.448583580637233,0.318881038570287,0.493874149944993,2.73888888888889,66.8567638888889,1.06008369698325,1.01904444276359,0.697142857142857,0.416666666666667,2.98611111111111,1.23468899521531,1.31664008506114,2.1,0.795514297648292,0.433333333333333,0.0166666666666667,0.986763099363803,0.597142857142857,3.4,0.626262766634311,5.24702407216049,1.751499664533,2,2.3,0,0,"R32","R32 - L",0.774193548387097,0.660872431899622,-0.113321116487475
"911",2022,333,"Alabama","Early Round - L",0.425620591836666,0.298787403474903,0.753565301708063,39.3799145299145,13.991452991453,25.3884615384615,14.5200854700855,7.16367521367521,4.59786324786325,14.8846153846154,19.2346153846154,78.9653846153846,78.4311965811966,0.440644135659677,0.353479403755647,0.501525020896015,0.534188034188034,73.3704487179487,1.07621140620712,1.06891130979584,0.6375,0.25,0.376495726495726,0.884569640062598,0.982621283255086,3.9,0.569064200213315,0.366239316239316,0.0230769230769231,0.981409937674998,0.5,4.5,0.671118959069574,5.31811999384422,1.33142404967026,3,2.11111111111111,0.4,0,"R64","R64 - L",0.59375,0.622761445902076,0.0290114459020762
"912",2022,356,"Illinois","Quarterfinals - L",0.441753398968589,0.352221373565199,0.702613029359136,36.4916666666667,10.3916666666667,26.1,14.6861111111111,4.94444444444444,3.03333333333333,10.7083333333333,16.425,73.2111111111111,68.6472222222222,0.429588363614996,0.325331437298039,0.515468815855682,4.56388888888889,67.268875,1.08803182869006,1.02087491597112,0.576785714285714,0.635,1.08055555555556,0.977865623685584,1.38488829316565,1.8,0.652682028565287,0.352777777777778,0.1,0.939922849752553,0.717857142857143,3.8,0.678732273736129,5.57594910314632,0.930648768645017,1,2.36363636363636,0,0,"R32","R32 - L",0.709677419354839,0.77700570271583,0.0673282833609912
"913",2022,357,"Texas A&M-CC","Final - W",0.428827550744959,0.323503667333455,0.751571574800029,39.1620879120879,13.4483516483516,25.7137362637363,14.1681318681319,7.53956043956044,1.56043956043956,14.6005494505495,20.7208791208791,74.9582417582418,71.4417582417583,0.414925583688196,0.305449699969324,0.482886982973058,3.51648351648352,71.8318214285714,1.04368752873276,0.994449963819281,0.419047619047619,0.533333333333333,4.08571428571429,1.03027440395861,0.972438575070154,4.8,0.688266234799823,0.148351648351648,0.067032967032967,0.986603332225736,0.70952380952381,5.1,0.60253217731439,0,0,0,1.9,0.2,0,"First Four","First Four - L",0.676470588235294,0.739822709725032,0.0633521214897378
"914",2022,2006,"Akron","Final - W",0.462892510321132,0.358279679204789,0.701898987206823,33.9230769230769,9.39076923076923,24.5323076923077,11.8461538461538,5.67230769230769,3.32461538461538,11.1753846153846,15.4846153846154,70.6261538461539,63.8484615384615,0.43516692912065,0.350721332034542,0.539529230332363,6.77769230769231,63.4220153846154,1.11357835138817,1.00762196162066,0.558730158730159,0.875,1.19846153846154,1.03691428945516,1.06330338292336,2.6,0.619221382581343,0.335384615384615,0.106923076923077,0.962472795758823,0.849206349206349,4.6,0.581395348837209,6.06610809010375,1.66666666666667,0,2.44444444444444,0,0,"R64","R64 - L",0.727272727272727,0.798174147514825,0.070901420242098
"915",2022,2142,"Colgate","Final - W",0.490747624217912,0.407234835331563,0.688137654402715,36.6611111111111,8.72222222222222,27.9388888888889,16.8027777777778,6.37222222222222,3.59166666666667,11.2027777777778,13.9166666666667,76.6055555555556,65.5222222222222,0.419301866914719,0.339045324932348,0.572473599133181,11.0833333333333,67.1114722222222,1.14177178583056,0.975596244527776,0.714285714285714,0.7,-0.597222222222222,0.965663302582011,1.5036683073199,0.1,0.479536799447087,0.177777777777778,0.108333333333333,0.988876107446467,0.571428571428571,6.7,0.504528398089567,5.7268477475872,0.955834371139104,1,2.875,0,0,"R64","R64 - L",0.666666666666667,0.768313514114754,0.101646847448088
"916",2022,2166,"Davidson","Final - L",0.472724965741258,0.368254678706976,0.757346328989378,34.5555555555556,7.46388888888889,27.0916666666667,13.7388888888889,3.95555555555556,2.79444444444444,9.64722222222222,14.4611111111111,74.5416666666667,66.0916666666667,0.417539648016254,0.339272889520339,0.549647019277684,8.45,65.5129722222222,1.13796765244239,1.0093903065759,0.551785714285714,0.775,0.780555555555556,1.06330685932353,1.42235721973972,1.7,0.669262038857659,0.355555555555556,0.163888888888889,0.964162447949386,0.576785714285714,7,0.619387755102041,6.88857245956536,1.22222222222222,1.22222222222222,2.375,0,0,"R64","R64 - L",0.818181818181818,0.822118577473147,0.00393675929132919
"917",2022,2239,"Fullerton","Final - W",0.442447944269453,0.35184340756451,0.765711306765524,32.8689393939394,9.42045454545455,23.4484848484848,11.4871212121212,7.39469696969697,1.8469696969697,12.0666666666667,16.2712121212121,69.5128787878788,65.55,0.438156518369523,0.371087285488908,0.497612886366398,3.96287878787879,66.5753371212121,1.04376515997129,0.984870143895395,0.507142857142857,0.575,2.02424242424242,1.14232456140351,0.952472089314195,0.9,0.652682028565287,0.361363636363636,0.00833333333333333,0.959310767659051,0.746428571428571,4.4,0.437590168846009,5.47227067367148,0.913344413648059,1,2.75,0.2,0,"R64","R64 - L",0.67741935483871,0.659456917580488,-0.0179624372582212
"918",2022,2247,"Georgia St","Final - W",0.393390840927448,0.306012293507491,0.729741489264007,37.1717171717172,13.4616161616162,23.710101010101,13.1176767676768,8.53383838383838,4.56616161616162,11.3686868686869,15.6409090909091,68.2641414141414,63.2934343434343,0.404270016516823,0.356523293448143,0.450265839286139,4.97070707070707,67.4408939393939,1.01213343298679,0.93822027032947,0.629166666666667,0.166666666666667,7.1469696969697,1.39113576809695,1.15416771649575,1.6,0.561452794295019,0.316666666666667,0.0454545454545455,0.961109535550778,0.629166666666667,4.9,0.522936803994604,5.20948615284142,0.869484599613626,0,2.88888888888889,0,0,"R64","R64 - L",0.642857142857143,0.721632482559002,0.0787753397018587
"919",2022,2250,"Gonzaga","Final - W",0.531114929677414,0.397086904111234,0.764685752843648,40.8932692307692,8.2375,32.6557692307692,18.4240384615385,6.87596153846154,5.91442307692308,11.6701923076923,15.8221153846154,88.9115384615385,67.2038461538462,0.383679247210917,0.317674722937881,0.598539587128733,21.7076923076923,74.603875,1.19210378094754,0.900659245046304,0.5625,0.9,-0.614423076923077,1.05607937203819,1.60480058595991,0.7,0.597911417291152,0.00769230769230769,0.561538461538462,1,0.625,11.3,0.834437086092715,6.62804137617953,2.28571428571429,2.28571428571429,1.875,0,1,"S16","S16 - L",0.896551724137931,0.962768970321928,0.0662172461839967
"920",2022,2294,"Iowa","Final - W",0.457201662197429,0.373184796593325,0.730203631295029,37.091452991453,11.9683760683761,25.1230769230769,15.4410256410256,7.26581196581197,4.33931623931624,9.3042735042735,16.3307692307692,81.9076923076923,71.6213675213675,0.444192480227654,0.333354124748491,0.530353010683701,10.2863247863248,70.1340555555556,1.16774887609589,1.02138582688174,0.55,0.53,4.71794871794872,1.4044863228098,1.66054146596992,1.4,0.458245665448709,0.258119658119658,0.271794871794872,0.978611353175307,0.5,7.2,0.586683417085427,6.68085467879022,1,1,2.5,0.2,1,"R64","R64 - L",0.742857142857143,0.855122552933483,0.11226541007634
"921",2022,2305,"Kansas","Final - W",0.464569827721632,0.349658482064137,0.736548835125448,37.7924963924964,11.1531024531025,26.6393939393939,14.6297258297258,5.64011544011544,3.7950937950938,12.9489177489177,16.2350649350649,75.1031746031746,68.8353535353535,0.414128016260083,0.285616927393666,0.527342799109955,6.26782106782107,68.7282445887446,1.09177636772742,1.00309077632729,0.507142857142857,0.65,-1.94559884559885,0.880923106851716,1.13878122004772,0.5,0.716077269686582,0.29004329004329,0.14025974025974,0.967706200733416,0.657142857142857,6.2,0.765756302521008,6.8596149036542,2.88636363636364,3.08823529411765,3.22222222222222,0,1,"Final","Final - W",0.823529411764706,0.827511739170469,0.00398232740576288
"922",2022,2344,"Longwood","Final - W",0.452439750402399,0.391912674026023,0.748917135792578,35.6906565656566,11.2434343434343,24.4472222222222,13.1484848484848,7.67651515151515,2.40555555555556,11.6737373737374,15.2838383838384,75.6469696969697,65.9383838383838,0.436552844346617,0.319897127961644,0.527503043519031,9.70858585858586,67.0598775252525,1.12765714244954,0.983291795415135,0.393055555555556,0.64,5.73611111111111,1.180078774509,1.14986912072173,2.1,0.820720441224139,0.322474747474747,0.202020202020202,0.954500639897759,0.629166666666667,6.8,0.480317601940425,4.56434819146784,0,0,2.55555555555556,0.2,1,"R64","R64 - L",0.8125,0.85306883662185,0.0405688366218501
"923",2022,2350,"Loyola Chicago","Final - W",0.474465403057245,0.36611779560309,0.725851247074269,33.3832167832168,7.63356643356643,25.7496503496503,14.165034965035,6.98321678321678,2.42097902097902,12.1755244755245,17.2559440559441,72.3678321678322,62.0744755244755,0.415897483904437,0.311764705882353,0.554049924441798,10.2933566433566,66.4582674825175,1.0883903732628,0.934001685962612,0.633928571428571,0.715,0.718531468531469,1.0922488493636,1.17292515565081,2,0.748326249691263,0.133566433566434,0.204195804195804,0.968919564299477,0.564285714285714,7.7,0.60253217731439,0,0,0,3,0.2,0,"R64","R64 - L",0.78125,0.877433078909354,0.0961830789093537
"924",2022,2390,"Miami","Semifinals - L",0.482558317614812,0.357783259150802,0.738409961685824,29.8602564102564,7.49423076923077,22.3660256410256,14.6935897435897,9.4224358974359,2.73076923076923,9.40961538461539,14.7217948717949,74.7570512820513,70.6673076923077,0.474014643711155,0.345482164249336,0.549555240369001,4.08974358974359,66.8747019230769,1.11784346626558,1.05668609479262,0.633928571428571,0.675,2.27564102564103,1.5215464477088,1.58645024944568,2.2,0.554235648793085,0.56474358974359,0.107051282051282,0.983273295641542,0.717857142857143,7.6,0.593894542090657,6.98656645940643,2.05555555555556,2,3,0,1,"E8","E8 - L",0.696969696969697,0.639108695532758,-0.0578610014369392
"925",2022,2450,"Norfolk St","Final - W",0.472785887162211,0.3605270952197,0.69436284615003,38.771978021978,10.3423076923077,28.4296703296703,13.1840659340659,5.6956043956044,4.01538461538462,14.2527472527473,17.710989010989,75.7434065934066,63.6467032967033,0.374432309922164,0.282408805579692,0.54474927626018,12.0967032967033,69.5482802197802,1.08951961922822,0.914944968962416,0.655555555555556,0.695,-1.52307692307692,0.94399976610532,0.945271150761828,0.8,0.700745299606356,0.222527472527473,0.309340659340659,0.963339216249905,0.666666666666667,7,0.54819054334001,5.5683445037611,0.929379529826122,1,2.22222222222222,0.2,0,"R64","R64 - L",0.8,0.858785760032915,0.0587857600329151
"926",2022,2507,"Providence","Semifinals - L",0.432965530088266,0.352585605480929,0.732168207275269,37.6910256410256,11.0747863247863,26.6162393162393,12.5987179487179,4.88076923076923,3.52649572649573,11.858547008547,16.4709401709402,72.7491452991453,70.0213675213675,0.420657048398337,0.31509532639186,0.503893139742676,2.72777777777778,67.3916709401709,1.07824287190024,1.03922143086437,0.705357142857143,0.58,-1.61367521367521,0.865540015540016,1.06230099265814,1.7,0.735311878336682,0.466239316239316,0.168803418803419,0.959568636819217,0.435714285714286,3.7,0.583673469387755,6.19644412779452,1,1,3.375,0.2,0,"S16","S16 - L",0.833333333333333,0.681594770140296,-0.151738563193037
"927",2022,2509,"Purdue","Final - L",0.482518701763336,0.379340066337597,0.683182283203948,37.091452991453,10.7224358974359,26.3690170940171,15.6485042735043,4.17820512820513,3.13354700854701,11.3925213675214,14.4660256410256,76.4675213675214,69.9916666666667,0.440311160315918,0.338572781897905,0.554717557548158,6.4758547008547,66.3706335470086,1.15189360556809,1.05488583920499,0.482857142857143,0.541666666666667,-0.0886752136752137,0.799042287451991,1.39663122142907,0.6,0.497950913654701,0.352136752136752,0.184401709401709,0.990047279024391,0.574285714285714,5.2,0.667838312829525,6.3456363608286,1.76923076923077,1.83333333333333,2.3,0.4,0,"S16","S16 - L",0.794117647058823,0.837037788843245,0.0429201417844216
"928",2022,2539,"San Francisco","Semifinals - L",0.445519414016916,0.339037782485876,0.705918911678551,37.4746753246753,11.1493506493506,26.3253246753247,13.2948051948052,7.6038961038961,4.41818181818182,11.5149350649351,18.5487012987013,77.7798701298701,69.4116883116883,0.439469531897783,0.302942403730871,0.519679123231025,8.36818181818182,71.2922987012987,1.09048646675266,0.972879863667044,0.7,0.57,4.67467532467532,1.1451800027029,1.16760306536512,3.5,0.434181769868803,0.372077922077922,0.219480519480519,0.992132678345086,0.5,7,0.573003968587213,4.0943445622221,0,0,3.11111111111111,0,0,"R64","R64 - L",0.727272727272727,0.822579341993194,0.0953066147204665
"929",2022,2550,"Seton Hall","Quarterfinals - L",0.412644566673567,0.352308614032752,0.764984775989561,38.379797979798,12.5292929292929,25.8505050505051,10.0989898989899,6.85959595959596,5.52424242424242,12.4676767676768,15.9585858585859,70.5949494949495,67.7585858585859,0.402806082417772,0.324399270791631,0.475318240788702,2.83636363636364,68.2249848484849,1.03443719685785,0.993348810228383,0.5725,0.516666666666667,0.877777777777778,1.01642745593813,0.813090280359932,4.2,0.654787216940286,0.450505050505051,0.0808080808080808,0.975410924941158,0.51,7.1,0.555803571428571,6.10702288774225,1,1,3.33333333333333,0.2,0,"R64","R64 - L",0.67741935483871,0.738970991687565,0.0615516368488552
"930",2022,2571,"S Dakota St","Final - W",0.53445208797012,0.455811841361981,0.76950968149103,35.1221590909091,6.75162337662338,28.3705357142857,14.8531655844156,5.68303571428571,2.5450487012987,10.0736201298701,15.0628246753247,86.1899350649351,70.9685876623377,0.429648708481454,0.350797249106695,0.619041095366184,15.2213474025974,70.234804788961,1.22764890516002,1.01095357579599,0.55,1,-0.445373376623377,1.09680966873266,1.48045660900074,2,0.790536274070167,0.121347402597403,0.287337662337662,0.991639396086327,0.625,8.8,0.66190800366925,4.02535169073515,0,0,2.44444444444444,0,0,"R64","R64 - L",0.882352941176471,0.8623824865019,-0.0199704546745704
"931",2022,2608,"Saint Mary's","Final - L",0.46226195610384,0.362873634302206,0.801403020538359,33.1228571428571,8.30714285714286,24.8157142857143,13.1728571428571,7.04952380952381,2.48809523809524,10.4242857142857,15.5814285714286,70.5657142857143,62.0419047619048,0.43366597511728,0.344730177284239,0.528844636264226,8.52380952380952,65.2031190476191,1.08206056268672,0.951740144999088,0.777142857142857,0.8,2.57666666666667,1.20974645083556,1.26793965110797,1.5,0.757632774739143,0.277619047619048,0.234285714285714,1,0.597142857142857,7.2,0.702786377708978,6.4723462945009,1.28571428571429,1.28571428571429,2.625,0,0,"R32","R32 - L",0.78125,0.827071740026209,0.0458217400262089
"932",2022,2612,"Saint Peter's","Final - W",0.433625061377374,0.362680554776775,0.695517704127227,36.3777777777778,11.0611111111111,25.3166666666667,11.8638888888889,6.95277777777778,5.25277777777778,13.3138888888889,19.1361111111111,67.0055555555556,60.3527777777778,0.376334528715939,0.282661858099371,0.48888446573875,6.65277777777778,65.7770972222222,1.01932211528497,0.917413267583077,0.34,0.816666666666667,1.05833333333333,1.02153092467851,0.89301547870763,3.8,0.632382350822374,0.172222222222222,0.152777777777778,0.980024591822876,0.56,4.8,0.526504905051495,4.44265125649032,0,0,1.83333333333333,0.4,0,"E8","E8 - L",0.633333333333333,0.705308066695633,0.0719747333622995
"933",2022,2628,"TCU","Semifinals - L",0.445384170506538,0.303276862026862,0.655818713450292,36.9436363636364,11.8127272727273,25.1309090909091,13.1690909090909,6.12363636363636,3.99454545454545,15.1727272727273,15.9763636363636,65.8036363636364,66.1781818181818,0.429838608353524,0.308687660624774,0.494443737484475,-0.374545454545455,66.4505363636364,0.990075132094156,0.996420437389979,0.574285714285714,0.241666666666667,-1.07636363636364,0.775804195804196,0.881308691308691,2,0.637767054989012,0.350909090909091,0.0581818181818182,0.975099059663979,0.564285714285714,3.4,0.686084142394822,6.4281052726846,1.5,1,2.22222222222222,0,0,"R32","R32 - L",0.625,0.625153306437357,0.00015330643735656
"934",2022,2633,"Tennessee","Final - W",0.423387763718176,0.374670492134236,0.713685342546372,36.5833333333333,11.6027777777778,24.9805555555556,15.4361111111111,8.83611111111111,4.01944444444444,13.0861111111111,17.6027777777778,71.4527777777778,63.7083333333333,0.404396084980934,0.316851395730706,0.498383295622701,7.74444444444444,68.093,1.0490619787358,0.936743007505745,0.580952380952381,0.95,4.10555555555556,1.17090375735428,1.18424779401185,2.5,0.581096744284746,0.155555555555556,0.169444444444444,0.964906098902044,0.580952380952381,8.4,0.652603231597846,7.01660968389422,1.7,1.66666666666667,2.3,0.4,1,"R32","R32 - L",0.787878787878788,0.844269492685396,0.0563907048066083
"935",2022,2640,"Texas Southern","Final - W",0.444435780670261,0.32505264978233,0.672076180257511,39.2388888888889,11.4777777777778,27.7611111111111,11.2222222222222,5.91666666666667,5.29444444444445,14.6083333333333,17.3083333333333,71.1722222222222,64.2694444444444,0.389267680904758,0.30083689492995,0.497776947063166,6.90277777777778,70.0974027777778,1.01426512140528,0.917106267916821,0.433333333333333,0.363333333333333,-1.325,0.871968625072991,0.777606623096618,2.2,0.619593181447772,0.394444444444444,0.183333333333333,0.973903014066539,0.494444444444444,6.8,0.5632,6.4393503711001,1,1,2.90909090909091,0.6,0,"R64","R64 - L",0.6,0.647884979609861,0.0478849796098608
"936",2022,2641,"Texas Tech","Final - L",0.46484059745033,0.295196324143693,0.703880677290837,34.8283333333333,9.47666666666667,25.3516666666667,12.8766666666667,8.07166666666667,3.715,13.8116666666667,16.0966666666667,69.05,61.1666666666667,0.386841417132222,0.313956574441543,0.515692287277826,7.88333333333333,67.0000416666667,1.02983070664992,0.913152372238862,0.561111111111111,0.526666666666667,1.99333333333333,1.15553571428571,0.940446428571429,2.7,0.576736516620749,0.306666666666667,0.22,0.940859295438064,0.66,6.7,0.378063077760799,4.90527477843843,0,0,2.8,0.2,0,"S16","S16 - L",0.735294117647059,0.870044929208092,0.134750811561033
"937",2022,2750,"Wright St","Final - W",0.471819466525349,0.347513554812637,0.767056901625113,35.3098484848485,11.4606060606061,23.8492424242424,14.6613636363636,5.63787878787879,2.80530303030303,11.9356060606061,14.1537878787879,76.0924242424242,69.2893939393939,0.450915067964711,0.342649891501393,0.530310581350007,6.8030303030303,67.7482159090909,1.1242086809551,1.02265276652286,0.557142857142857,0.583333333333333,2.21515151515152,1.05818658673661,1.23539527913076,4.1,0.487400219530638,0.398484848484848,0.0984848484848485,0.96790275794006,0.714285714285714,8.7,0.585127201565558,6.23832462503951,1,1,2,0.2,0,"R64","R64 - L",0.617647058823529,0.659840799291428,0.0421937404678988
"938",2022,2751,"Wyoming","Semifinals - L",0.448452079857148,0.334682604856576,0.748201065366558,35.4851592851593,8.27684537684538,27.2083139083139,10.9014763014763,3.77078477078477,1.9959595959596,11.7165501165501,15.572804972805,70.6891996891997,66.6117327117327,0.424340930657809,0.317390859971866,0.520815183810692,4.07746697746698,66.4354895104895,1.06270817843374,1.00219068878128,0.642857142857143,0.425,-0.751981351981352,0.92708953100344,0.951543058178338,2.8,0.799798799099645,0.383682983682984,0.0916083916083916,0.964910388632403,0.7,3.1,0.605835640966339,5.04985600724954,0,0,2.375,0,0,"First Four","First Four - L",0.757575757575758,0.766826891761049,0.00925113418529122
"939",2022,2803,"Bryant","Final - W",0.443394203781798,0.31836832769165,0.769135451834836,42.4659340659341,12.7274725274725,29.7384615384615,13.5482517482517,6.47522477522478,3.53076923076923,14.2351648351648,17.3236763236763,80.8863136863137,72.9200799200799,0.410280076435619,0.295170387432081,0.511309481577484,7.96623376623377,74.2420759240759,1.08958417540902,0.981049987034844,0.507142857142857,0.541666666666667,-2.20689310689311,0.867220825851486,0.959835507085985,4.7,0.666014101617611,0.202297702297702,0.0958041958041958,0.947559798668178,0.717857142857143,7,0.431113812370807,4.68213122712422,0,0,2.77777777777778,0,0,"First Four","First Four - L",0.709677419354839,0.680058891282686,-0.0296185280721527
"940",2023,2,"Auburn","Early Round - L",0.440749136114314,0.323211412811505,0.720059820538385,34.7258741258741,10.9653846153846,23.7604895104895,14.1807692307692,7.62832167832168,4.32692307692308,11.5972027972028,19.3136363636364,72.8737762237762,69.7269230769231,0.416439484668051,0.299362075692548,0.497155498639758,3.14685314685315,68.4381118881119,1.06501752845874,1.0189891517535,0.722222222222222,0.385,0.595454545454545,1.10829710144928,1.22864251207729,4.5,0.465800937444554,0.353496503496503,0.176223776223776,0.997156758903747,0.644444444444444,3.9,0.668350168350168,6.38856140554563,2.22727272727273,2.83333333333333,2.72727272727273,0.2,0,"R32","R32 - L",0.625,0.709038040016508,0.0840380400165085
"941",2023,8,"Arkansas","Quarterfinals - L",0.470010004025026,0.324924812030075,0.676635279488704,35.0080031080031,10.3843045843046,24.6236985236985,13.1731157731158,7.38352758352758,5.43411033411033,13.0982905982906,20.1059052059052,72.8126651126651,70.1547008547008,0.424034181954948,0.317557973795296,0.518575142512136,2.65796425796426,68.7882672882673,1.05810706254512,1.02144555910727,0.646428571428571,0.443333333333333,-1.08041958041958,0.965540777115607,1.01540967896852,7.5,0.53103987946845,0.25034965034965,0.11965811965812,0.948255778503469,0.705357142857143,5.2,0.736149340971521,5.50533153593236,2.02149729566495,3,2.4,0.4,0,"S16","S16 - L",0.606060606060606,0.748662753865149,0.142602147804543
"942",2023,9,"Arizona St","Semifinals - L",0.413220629005363,0.316808616106135,0.695718964519064,35.0142857142857,10.9690476190476,24.0452380952381,14.1309523809524,7.32380952380952,4.3797619047619,11.5535714285714,18.1357142857143,69.4702380952381,69.3178571428572,0.415640349218979,0.353334262149192,0.480410461679946,0.152380952380952,68.9890714285714,1.00718757716111,1.00496842330631,0.405555555555556,0.145,2.55952380952381,1.27066749504732,1.22708309010076,3.4,0.523720944899384,0.342857142857143,0.0357142857142857,0.964378552764169,0.629166666666667,4.1,0.573935285884757,5.63835466933375,0.941064513526216,1,2.7,0.2,0,"R64","R64 - L",0.647058823529412,0.602829120658555,-0.0442297028708564
"943",2023,12,"Arizona","Final - W",0.481723777057944,0.391543325268957,0.680408773678963,38.0533910533911,10.2467532467532,27.8066378066378,18.5135642135642,6.17676767676768,2.82720057720058,12.8700577200577,16.7813131313131,79.4835497835498,70.8482683982684,0.410594020794127,0.333171846889381,0.557605104756887,8.63528138528139,70.7813924963925,1.12252631086371,1.00103668614293,0.571428571428571,0.875,-0.535497835497835,0.968041798582843,1.44004108246646,2.7,0.721868733312281,0.194083694083694,0.215512265512266,0.99702881152461,0.714285714285714,8.1,0.782700939716743,3.63758615972639,1.82138413627877,3,2.75,0.2,1,"R64","R64 - L",0.823529411764706,0.831684583252404,0.00815517148769795
"944",2023,21,"San Diego St","Final - W",0.439759569696279,0.349489552854934,0.737217457339409,35.8246753246753,11.1136363636364,24.711038961039,13.4298701298701,6.04025974025974,4.0461038961039,10.8896103896104,16.0175324675325,70.4577922077922,62.924025974026,0.416764623892228,0.286494761000019,0.501213088057495,7.53376623376623,64.9416201298701,1.08506701234003,0.969394136396555,0.555555555555556,0.46,3.13701298701299,1.06321796910032,1.23837892190833,2.3,0.798194764591326,0.294155844155844,0.121428571428571,0.990657361930842,0.555555555555556,4.4,0.727863441253217,5.07517381523383,0.847067319739639,1,3.66666666666667,0.2,0,"Final","Final - L",0.818181818181818,0.797829954382474,-0.0203518637993446
"945",2023,26,"UCLA","Final - L",0.439125969033768,0.338725600165433,0.715061597434179,36.1546176046176,12.0018759018759,24.1527417027417,13.7001443001443,8.10007215007215,3.9945165945166,10.5068542568543,15.8075036075036,71.002380952381,59.4836940836941,0.400090070880684,0.311197691197691,0.493557058718281,11.5186868686869,65.9365277777778,1.07626006433661,0.902407336579435,0.55952380952381,0.6,7.75909090909091,1.439205883595,1.31113081838234,2.1,0.663569775207321,0.14963924963925,0.191486291486291,0.94241787522391,0.821428571428572,8.2,0.682965299684543,6.45362499889269,1.73076923076923,4.75,2.55555555555556,0.2,1,"S16","S16 - L",0.852941176470588,0.903785512174937,0.0508443357043492
"946",2023,30,"USC","Quarterfinals - L",0.451208431047031,0.342989473412878,0.759960878940713,35.1079365079365,9.44603174603175,25.6619047619048,12.5166666666667,6.74285714285714,4.62619047619048,11.4357142857143,17.5642857142857,72.4428571428572,68.2642857142857,0.398704799159605,0.344969164748345,0.510637984272291,4.17857142857143,67.7293253968254,1.06899351526546,1.00838998975923,0.580952380952381,0.35,-2.8952380952381,1.05229408512991,1.12618021006081,4.3,0.501647706055335,0.23968253968254,0.0515873015873016,0.94574728866406,0.726190476190476,5.5,0.605512887120196,5.91620206260743,1.77738908892211,1.5,2.11111111111111,0.2,1,"R64","R64 - L",0.6875,0.704632247763821,0.0171322477638208
"947",2023,41,"UConn","Semifinals - L",0.449324569744584,0.350905410385177,0.761607028695636,38.95,14.43,24.52,16.1066666666667,5.77333333333333,4.93,13.1166666666667,17.99,75.9766666666667,67.8233333333333,0.419627963163888,0.312812776891724,0.520399684786718,8.15333333333333,66.7074,1.13820723466293,1.01849838545305,0.579166666666667,0.566666666666667,2.79666666666667,0.877717658632563,1.22903098868667,3.4,0.268065755762087,0.2,0.16,0.988428168465635,0.629166666666667,6.1,0.595924737672141,5.93224518744801,0.990116046052788,1,2.77777777777778,0,1,"Final","Final - W",0.757575757575758,0.88738725930575,0.129811501729992
"948",2023,47,"Howard","Final - W",0.478467087454043,0.409051807382904,0.712439291477753,37.3125,12.35,24.9625,16.28125,6.95,3.16875,16.45,18.40625,79.9125,70.7625,0.432049477071601,0.318205347069945,0.558314799309358,9.15,72.08975,1.10810637535727,0.981819151694932,0.525,0.76,0.225,0.973254332680792,0.991132938450023,2.5,0.8633927855432,0.275,0.33125,0.970422532438902,0.5,6.4,0.402313323742271,4.21950770517611,0,0,2.45454545454545,0.2,0,"R64","R64 - L",0.647058823529412,0.628744978328088,-0.0183138452013238
"949",2023,66,"Iowa State","Semifinals - L",0.443682713981985,0.34118941912619,0.668635084815012,33.6583333333333,11.35,22.3083333333333,13.0166666666667,7.95,3.13333333333333,12.9583333333333,19.35,67.3083333333333,64.9166666666667,0.438384298311571,0.351616281175094,0.504193307282165,2.39166666666667,65.232375,1.03178281571079,0.995579984340052,0.507142857142857,0.5,6.16666666666667,1.18781437370823,1.04129115763194,4.5,0.492613969544164,0.366666666666667,0.075,0.949605942712565,0.507142857142857,4,0.614183688153166,5.28826703069454,1.47105575192717,3,3,0.2,1,"R64","R64 - L",0.59375,0.721996334265877,0.128246334265877
"950",2023,68,"Boise St","Semifinals - L",0.464369231133939,0.373696345316182,0.739566686443878,34.0896825396825,8.24444444444444,25.8452380952381,11.2380952380952,4.95952380952381,2.81031746031746,11.0222222222222,16.5761904761905,73.0769841269841,67.3484126984127,0.431837495967085,0.320121068994133,0.53636112750247,5.72857142857143,67.274380952381,1.0864518178712,1.0004396239194,0.740476190476191,0.625,0.265873015873016,1.0632425545469,1.02388915432394,2.3,0.681258949283276,0.254761904761905,0.167460317460317,0.986910651251627,0.657142857142857,3.9,0.627193208665714,5.96614673912369,0.995774354035607,1,2.88888888888889,0,0,"R64","R64 - L",0.727272727272727,0.781673456633734,0.0544007293610071
"951",2023,77,"Northwestern","Quarterfinals - L",0.413466804316299,0.325197554975493,0.743633107034523,32.4316666666667,9.50333333333333,22.9283333333333,12.45,7.75833333333333,3.75,8.97333333333333,16.4466666666667,67.5366666666667,65.7366666666667,0.44112610098113,0.352666276610657,0.481240679863626,1.8,64.619625,1.04532689652016,1.01778981505679,0.705357142857143,0.3,4.995,1.54087352397212,1.43364632237872,2,0.526267574233101,0.376666666666667,0.113333333333333,0.997602641401091,0.576785714285714,4.2,0.47819597589178,5.64897423816121,0.942836963107444,1,2.88888888888889,0.2,0,"R32","R32 - L",0.65625,0.706305212343861,0.0500552123438608
"952",2023,84,"Indiana","Semifinals - L",0.480420700629046,0.37234753550543,0.720163731425427,35.0800310800311,8.96954156954157,26.1104895104895,14.5216783216783,5.02913752913753,4.57529137529138,11.1946386946387,17.6853923853924,72.555167055167,69.9822843822844,0.415014939915211,0.335815695303615,0.523521674568798,2.57288267288267,67.5123873348873,1.07409176771117,1.03740551905298,0.426984126984127,0.73,-3.24312354312354,0.863098765432099,1.29438888888889,2,0.59145881265654,0.412742812742813,0.0905982905982906,0.969633091715683,0.43015873015873,6.7,0.605611177455654,3.58351893845611,0.598104004501844,1,2.7,0.2,1,"R32","R32 - L",0.666666666666667,0.732813298613228,0.066146631946561
"953",2023,94,"N Kentucky","Final - W",0.437136520230815,0.356837857416216,0.729596314172883,31.8309090909091,10.7693939393939,21.0615151515152,13.8312121212121,9.44,2.6169696969697,10.6712121212121,15.5539393939394,69.5015151515152,63.5557575757576,0.438091758779465,0.34806025733178,0.519905613177142,5.94575757575758,63.5878803030303,1.09302648303869,0.999990481517628,0.657142857142857,0.575,5.1330303030303,1.40057302828249,1.29441831824174,3.6,0.542897835668448,0.408484848484849,0.178787878787879,0.990271376569213,0.835714285714286,5.7,0.614548067495812,5.91889385427315,2.96366296140238,0,2.3,0.2,0,"R64","R64 - L",0.647058823529412,0.685886373556692,0.0388275500272803
"954",2023,96,"Kentucky","Quarterfinals - L",0.450920889794164,0.327663686668774,0.731225603347971,38.6165811965812,13.4644444444444,25.1521367521368,14.1579487179487,5.74923076923077,3.34615384615385,11.4451282051282,16.7037606837607,72.8711111111111,69.0798290598291,0.438243289120355,0.329804016033505,0.501475296648905,3.79128205128205,65.8025393162393,1.107331132723,1.05031020978771,0.507142857142857,0.35,3.94649572649573,0.893904223391955,1.23770387446668,2.5,0.671172735517065,0.223247863247863,0.141709401709402,0.916617636701221,0.564285714285714,4.4,0.77069457659372,6.95844839329766,3.66666666666667,4.5,2.4,0.4,0,"R32","R32 - L",0.65625,0.746852116032964,0.0906021160329644
"955",2023,120,"Maryland","Quarterfinals - L",0.441384683315463,0.343247417773335,0.749306783031374,32.1410256410256,9.80784770784771,22.3331779331779,11.5778554778555,5.46790986790987,3.31421911421911,9.88158508158508,15.8087024087024,68.1260295260295,63.8058275058275,0.449557303733563,0.341319053353294,0.506560913873868,4.32020202020202,63.0265753690754,1.08394355064954,1.01304036295186,0.635714285714286,0.425,3.63970473970474,1.18738616186074,1.19423948932423,2.2,0.383237576893055,0.204895104895105,0.144755244755245,0.99056855499588,0.576785714285714,7.8,0.5625,6.17586727010576,1,0,3,0,1,"R32","R32 - L",0.636363636363636,0.766658310010794,0.130294673647158
"956",2023,127,"Michigan St","Quarterfinals - L",0.453373051446289,0.401894637373022,0.775487373737374,34.6538461538462,8.51153846153846,26.1423076923077,13.9884615384615,4.43461538461538,2.72307692307692,10.7576923076923,16.9,69.8,67.8538461538461,0.431383252893372,0.311513710535514,0.522464055966707,1.94615384615385,65.1387692307692,1.0718529749814,1.040776657112,0.591666666666667,0.983333333333333,-1.83076923076923,0.878011307767945,1.3138901179941,1.1,0.720792866365126,0.230769230769231,0.0576923076923077,0.976651426808229,0.5,5.1,0.713826366559486,6.83947643822884,3.54166666666667,3.54166666666667,2.55555555555556,0.2,0,"S16","S16 - L",0.612903225806452,0.611562599908579,-0.00134062589787309
"957",2023,142,"Missouri","Semifinals - L",0.45203575893454,0.354886566105818,0.76003800446528,29.0680652680653,8.34172494172494,20.7263403263403,14.3145299145299,9.2956487956488,2.35563325563326,10.8166278166278,18.0111888111888,74.9587412587413,74.5247863247863,0.450790469067208,0.351582178044541,0.532833927111166,0.433954933954934,68.4537668997669,1.09405968591288,1.08937941907199,0.679166666666667,0.566666666666667,1.04079254079254,1.49268287243533,1.31938615075825,2.5,0.880823022367374,0.284071484071484,0.189199689199689,0.961580410033443,0.752777777777778,6.3,0.569988842687575,4.51085950651685,0.752880947729916,0,2.63636363636364,0.2,0,"R32","R32 - L",0.727272727272727,0.66846712085795,-0.0588056064147771
"958",2023,147,"Montana St","Final - W",0.464589807272494,0.330442262155285,0.775074526801446,31.5695238095238,7.73142857142857,23.8380952380952,11.4530952380952,6.44714285714286,3.0047619047619,10.9264285714286,18.1928571428571,72.8802380952381,65.4602380952381,0.436551300225482,0.358929146537842,0.513869083170916,7.42,66.093269047619,1.10307274301709,0.990568980362807,0.373015873015873,0.558333333333333,3.10809523809524,1.27214297227595,1.06885074145712,3.3,0.769898387376309,0.358095238095238,0.075,0.992420357211809,0.70952380952381,6.1,0.625416364840826,4.49980967033027,0.751036684762205,1,2.9,0,0,"R64","R64 - L",0.735294117647059,0.766134757999025,0.030840640351966
"959",2023,150,"Duke","Final - W",0.454888853613241,0.340197440976304,0.76238521600753,38.6035714285714,11.5845238095238,27.0190476190476,14.8821428571429,5.28452380952381,4.68690476190476,12.0964285714286,15.025,71.902380952381,65.527380952381,0.410228553855274,0.316288159683599,0.515088655080648,6.375,65.3530833333333,1.10022675965978,1.00274125277294,0.566666666666667,0.693333333333333,-0.363095238095238,0.81246847319285,1.23939682573658,2.3,0.754042762150212,0.339285714285714,0.236904761904762,0.959254609244679,0.381944444444444,5.5,0.613961765030027,0,0,0,2.11111111111111,0.2,1,"R32","R32 - L",0.764705882352941,0.800003266436729,0.0352973840837879
"960",2023,152,"NC State","Quarterfinals - L",0.451878534498391,0.348886311562211,0.728636844213498,35.7066666666667,11.2166666666667,24.49,11.93,7.29333333333333,4.73333333333333,8.50666666666667,17.7066666666667,77.3033333333333,72.4266666666667,0.453533885635879,0.325562282317329,0.513756276164236,4.87666666666667,68.6941166666667,1.12488117457868,1.05467956132092,0.442857142857143,0.65,6.07,1.64526104417671,1.48873493975904,3.7,0.701063102086561,0.306666666666667,0.326666666666667,0.986514709745566,0.428571428571429,5.6,0.62689535466747,5.55682806169954,0.927457388424632,1,3,0.2,1,"R64","R64 - L",0.696969696969697,0.748916637542,0.0519469405723031
"961",2023,156,"Creighton","Semifinals - L",0.467737636582515,0.360617677932982,0.802086370464947,36.9292207792208,8.5961038961039,28.3331168831169,15.7266233766234,5.00779220779221,4.0948051948052,11.4720779220779,13.5948051948052,76.6987012987013,68.6428571428571,0.415736414706486,0.347018900343643,0.543110330037846,8.05584415584416,68.9012922077922,1.11410280849642,0.995796441051594,0.766666666666667,0.54,-2.58051948051948,0.835475234270415,1.39042838018742,0.5,0.459845557470618,0.231168831168831,0.269480519480519,0.987111000459844,0.666666666666667,4.2,0.613275613275613,6.5424719605068,1.2,1.28571428571429,2.33333333333333,0,1,"E8","E8 - L",0.636363636363636,0.77505022845195,0.138686592088314
"962",2023,161,"Fair Dickinson","Final - L",0.46352712265676,0.36357752494916,0.756766153334072,33.6145833333333,11.1854166666667,22.4291666666667,15.0784722222222,7.39722222222222,1.91111111111111,10.9756944444444,19.0173611111111,77.5319444444444,73.4673611111111,0.475429266328329,0.386115018639784,0.531753995718383,4.06458333333333,68.7175034722222,1.12866895520124,1.0692779049426,0.517857142857143,0.766666666666667,6.87847222222222,1.37188894016305,1.39922649262751,3.2,0.503420932445647,0.275694444444444,0.0694444444444444,0.981888546188019,0.576785714285714,4.5,0.613961765030027,0,0,0,1.45454545454545,0.2,0,"R32","R32 - L",0.558823529411765,0.603354400316871,0.0445308709051068
"963",2023,163,"Princeton","Final - W",0.441520203378409,0.332634389195018,0.713407258205913,39.0178571428571,10.5910714285714,28.4267857142857,12.6732142857143,4.44821428571429,3.27678571428571,11.7321428571429,17.1607142857143,75.8821428571429,70.9428571428571,0.426068090294756,0.340764729810069,0.516391698397563,4.93928571428571,70.0722767857143,1.08126202039479,1.01232644706366,0.626984126984127,0.285,-0.167857142857143,0.845921707699652,1.08179772215781,1.5,0.673772563426703,0.203571428571429,0.148214285714286,0.99239613175686,0.441269841269841,3.4,0.630503249853573,5.68357976733868,0.948612767821865,1,1.66666666666667,0,1,"S16","S16 - L",0.724137931034483,0.756685453506503,0.0325475224720204
"964",2023,198,"Oral Roberts","Final - W",0.486453944569446,0.366450545769242,0.782274862700986,36.5190909090909,8.47393939393939,28.0451515151515,14.1569696969697,6.64030303030303,4.93151515151515,8.81515151515151,12.8969696969697,83.7590909090909,68.5124242424242,0.412619694364904,0.328573059919411,0.571830287138737,15.2466666666667,70.0835318181818,1.19541651390429,0.977657958960837,0.770833333333333,0.485714285714286,1.39818181818182,1.37865330410272,1.6226871280927,1.1,0.86552004569641,0.204242424242424,0.31969696969697,0.997331423797589,0.6625,11.6,0.509753507918881,5.04985600724954,2.52852502132574,3,3.375,0,0,"R64","R64 - L",0.882352941176471,0.882656905963522,0.000303964787051414
"965",2023,213,"Penn State","Final - L",0.470555135849558,0.388544120157023,0.728878384185647,31.6631868131868,5.7456043956044,25.9175824175824,13.2423076923077,4.07362637362637,2.02472527472527,9.08406593406593,16.0835164835165,71.689010989011,69.7357142857143,0.445834436598892,0.333024217941963,0.561729345698014,1.9532967032967,64.7356620879121,1.10655304388888,1.07826725856997,0.671428571428571,0.755,-4.02197802197802,0.864925880592955,1.46051951584387,2.5,0.613240385377884,0.465384615384615,0.144505494505494,0.997812696857283,0.821428571428572,4.3,0.520051791148074,3.46573590279973,0,0,3,0.2,0,"R32","R32 - L",0.628571428571429,0.648428267462418,0.0198568388909897
"966",2023,221,"Pitt","Quarterfinals - L",0.45354038478395,0.364470421749183,0.783020249272862,33.9206349206349,9.57539682539683,24.3452380952381,14.018253968254,4.86587301587302,4.00714285714286,9.88730158730159,16.4031746031746,76.234126984127,72.081746031746,0.436793825445691,0.358085592858042,0.535648715533329,4.15238095238095,66.5445198412698,1.14606794004422,1.08337407568486,0.65,0.725,0.714285714285714,1.1420654404697,1.4204147507339,2.5,0.613913266793285,0.306349206349206,0.194444444444444,0.994959610490207,0.65,4.8,0.558024691358025,6.00635315960173,1.66666666666667,0,3.25,0,0,"R32","R32 - L",0.666666666666667,0.69977383995519,0.0331071732885238
"967",2023,231,"Furman","Final - W",0.474568178753677,0.344362012048182,0.747947963134893,36.1645454545455,10.4315151515152,25.7330303030303,15.7012121212121,5.92212121212121,3.06030303030303,9.88606060606061,17.3845454545455,82.3687878787879,70.4145454545455,0.434207267487729,0.310995866272404,0.555569618808725,11.9542424242424,68.7140893939394,1.19918088508966,1.02489824865981,0.690277777777778,0.676190476190476,2.67090909090909,1.24752744806178,1.59258425250945,3.4,0.673909475070004,0.224242424242424,0.222121212121212,0.9843222982306,0.505555555555556,8.5,0.692581466167404,5.06259503302697,0,0,2.7,0,0,"R32","R32 - L",0.794117647058823,0.826985541060952,0.0328678940021286
"968",2023,232,"Charleston","Final - W",0.435664521406291,0.332096456780559,0.739390840226094,41.1809090909091,13.8127272727273,27.3681818181818,14.3227272727273,7.34909090909091,2.83939393939394,11.0990909090909,16.5012121212121,81.1512121212121,65.4284848484849,0.422047292478352,0.284709024473061,0.513373517078255,15.7227272727273,70.5710909090909,1.14959989885019,0.927189234129271,0.677777777777778,0.44047619047619,7.31878787878788,1.24423406006767,1.29777798921936,0.9,0.565840994744866,0.271818181818182,0.363030303030303,0.995547282162107,0.555555555555556,9,0.647164344021824,5.74939298590825,0.959597263858204,0,1.88888888888889,0.2,0,"R64","R64 - L",0.911764705882353,0.880957990072361,-0.0308067158099921
"969",2023,235,"Memphis","Final - W",0.484755194382007,0.373214839763883,0.756218288405141,35.5,9.76071428571429,25.7392857142857,15.4380952380952,8.33214285714286,4.19642857142857,13.4809523809524,18.1559523809524,80.6761904761905,73.3880952380952,0.413395505935463,0.309165667586985,0.541324209028498,7.28809523809524,73.0127202380952,1.1049717732172,1.00511793625034,0.351111111111111,0.575,-0.305952380952381,1.12133355759699,1.14976637214168,4.6,0.608322196087826,0.388095238095238,0.0488095238095238,0.908732438687658,0.77,3.7,0.654599604302937,4.85981240436167,0.811122617208417,1,3.54545454545455,0.4,0,"R64","R64 - L",0.764705882352941,0.75760820372843,-0.00709767862451149
"970",2023,239,"Baylor","Quarterfinals - L",0.435454323489259,0.381257847637594,0.765892782619618,32.9205128205128,11.2752136752137,21.6452991452991,13.1526495726496,5.60153846153846,1.8374358974359,11.1986324786325,17.2022222222222,75.5774358974359,72.3996581196581,0.465840600969911,0.311577284134213,0.523486136229221,3.17777777777778,66.5212239316239,1.13584988954269,1.09060408630239,0.555555555555556,0.735,1.07692307692308,1.02426361545006,1.17000689644757,2.7,0.600378231642966,0.357606837606838,0.0861538461538462,0.938087888457039,0.618055555555556,4.4,0.642638036809816,6.48157712927643,2.85,2.85,2.7,0,1,"R32","R32 - L",0.6875,0.737205642035053,0.0497056420350532
"971",2023,245,"Texas A&M","Final - L",0.42909521558434,0.329023947750363,0.768441049907842,37.2096153846154,12.4027777777778,24.8068376068376,12.1151709401709,6.11965811965812,2.18247863247863,12.0901709401709,17.6185897435897,72.0942307692308,65.0226495726496,0.401748815502514,0.307238357819995,0.488571303041772,7.0715811965812,65.9242040598291,1.09352165845162,0.986211953364356,0.425714285714286,0.325,2.79764957264957,1.1138202212732,1.001087888244,5.1,0.780487738141779,0.190384615384615,0.109188034188034,0.99104134441792,0.574285714285714,5.5,0.612903225806452,6.20859002609663,2,0,2.8,0,0,"R64","R64 - L",0.735294117647059,0.752127178905161,0.0168330612581017
"972",2023,248,"Houston","Final - L",0.455690872384717,0.345696084398458,0.722174940898345,38.1433333333333,12.3851515151515,25.7581818181818,14.9463636363636,8.1530303030303,4.47454545454545,9.72666666666667,17.6139393939394,75.1545454545455,59.9321212121212,0.384927911549902,0.307683892766146,0.525390074022347,15.2224242424242,64.7350151515152,1.16095095735547,0.925676422006971,0.8,0.4,6.95636363636364,1.39347139347139,1.53827658827659,1.6,0.584887161832781,0.108787878787879,0.300909090909091,0.980146653711767,0.66,7.1,0.677524429967427,6.82654522355659,2.05555555555556,3.375,2.3,0,0,"S16","S16 - L",0.911764705882353,0.957711650101194,0.045946944218841
"973",2023,251,"Texas","Final - W",0.454494287356593,0.339182008140154,0.767561833189974,32.7991452991453,9.03290598290598,23.7662393162393,15.1696581196581,8.02094017094017,3.47649572649573,11.7309829059829,18.0275641025641,75.8386752136752,69.6525641025641,0.427174339052652,0.335082697201018,0.512899209063218,6.18611111111111,70.5986773504274,1.07274649515338,0.98637414968338,0.381944444444444,0.291666666666667,2.33525641025641,1.31983727530747,1.30303086002613,3.4,0.728755919332448,0.276495726495727,0.132264957264957,0.98526234049469,0.381944444444444,4.7,0.514807501675156,5.76832099579377,0.962756426319518,0,3.22222222222222,0.2,1,"E8","E8 - L",0.764705882352941,0.829773570558509,0.0650676882055681
"974",2023,258,"Virginia","Final - L",0.446329682257757,0.347469336402514,0.696538709528033,31.5739898989899,8.1469696969697,23.4270202020202,15.7883838383838,6.92474747474748,3.94494949494949,8.04166666666667,14.3532828282828,66.7540404040404,61.1131313131313,0.423344221231169,0.340743985211345,0.508116428130132,5.64090909090909,61.9059027777778,1.07833741115166,0.987225390022543,0.648214285714286,0.56,4.56338383838384,1.48472813418466,1.97594718083849,0.7,0.734855457722546,0.214141414141414,0.0704545454545455,0.974071348553421,0.576785714285714,3.8,0.719626168224299,6.2841341610708,2.65,2.8125,3.11111111111111,0,0,"R64","R64 - L",0.78125,0.785950023623366,0.00470002362336608
"975",2023,261,"Vermont","Final - W",0.48617311913978,0.370910572827326,0.690255766104739,30.8642857142857,6.3336038961039,24.5306818181818,14.2910714285714,6.17435064935065,3.09188311688312,7.6849025974026,13.8001623376623,75.3201298701299,65.6321428571429,0.440164515791114,0.352042615504154,0.568985680663702,9.68798701298701,65.143163961039,1.15661741331753,1.00783059992624,0.5725,0.75,2.98295454545455,1.56424294268606,1.91598102496306,1.6,0.740952735994549,0.153571428571429,0.250811688311688,0.976550550131004,0.745,4.3,0.714085239825231,5.88610403145016,0.982414897921964,1,2.72727272727273,0.2,1,"R64","R64 - L",0.696969696969697,0.733581008451365,0.036611311481668
"976",2023,269,"Marquette","Final - W",0.482207057750469,0.352133107957049,0.739911569683821,31.0839393939394,8.97090909090909,22.1130303030303,17.4593939393939,9.69545454545455,2.87363636363636,10.3675757575758,16.2012121212121,79.0921212121212,71.0660606060606,0.455927523604894,0.364561629844649,0.556946280459489,8.02606060606061,69.0378833333333,1.14561650849716,1.0295599500879,0.576785714285714,0.635,3.92787878787879,1.5949435599568,1.70937618414038,1.4,0.74693610991944,0.315151515151515,0.167575757575758,1,0.576785714285714,7,0.652466367713004,6.10255859461357,1.61111111111111,1,2,0,1,"R32","R32 - L",0.823529411764706,0.797170581432821,-0.0263588303318852
"977",2023,277,"West Virginia","Quarterfinals - L",0.436885905362236,0.335985196567291,0.751452558384351,33.0092307692308,11.1130769230769,21.8961538461538,12.2623076923077,6.31846153846154,3.21923076923077,13.1269230769231,17.9061538461538,73.6923076923077,72.8161538461539,0.461380992114679,0.354962523699835,0.49985413013638,0.876153846153847,68.9937192307692,1.06730577683946,1.05678308122415,0.816666666666667,0.506666666666667,2.54461538461538,1.0471687274646,0.938876229003606,3.9,0.494794924186568,0.32,0.120769230769231,0.990467989366913,0.505555555555556,1.9,0.692939244663383,7.10578612948127,2,2.35,2.7,0.2,1,"R64","R64 - L",0.575757575757576,0.687330107025386,0.111572531267811
"978",2023,309,"Louisiana","Final - W",0.482085988751993,0.373077396857885,0.666323914516454,36.2960317460317,11.1063492063492,25.1896825396825,13.3896825396825,7.25396825396825,2.48650793650794,11.8730158730159,16.9896825396825,75.7587301587302,68.3539682539682,0.446258608319738,0.342986643670373,0.542057360065893,7.40476190476191,67.2099722222222,1.12738283462503,1.01708724312975,0.378571428571429,0.75,2.6,1.00875582688453,1.14952848337214,2.2,0.748261777124444,0.135714285714286,0.0285714285714286,0.991443487810154,0.576785714285714,5.7,0.599462365591398,6.61338421837956,1,1,3.11111111111111,0,0,"R64","R64 - L",0.787878787878788,0.772631593558405,-0.0152471943203824
"979",2023,314,"Iona","Final - W",0.457216304394595,0.368328912466844,0.721404530219233,36.4692307692308,11.7,24.7692307692308,14.8884615384615,7.45769230769231,5.63846153846154,10.1807692307692,15.4769230769231,76.0576923076923,64.0346153846154,0.40509525438768,0.287755542280632,0.521663368102337,12.0230769230769,67.3584423076923,1.12915524432269,0.951162566673721,0.570833333333333,0.583333333333333,4.60384615384615,1.35311111804402,1.45841199178153,1.3,0.526150005308556,0.103846153846154,0.369230769230769,0.931093741210818,0.6625,9.8,0.739010989010989,6.99668148817654,3.75,1,2.09090909090909,0.2,1,"R64","R64 - L",0.794117647058823,0.855079432810171,0.0609617857513471
"980",2023,328,"Utah State","Final - L",0.47296955986444,0.371061231510148,0.782657995949114,35.0142857142857,8.6702380952381,26.3440476190476,16.1261904761905,5.04285714285714,3.22142857142857,11.9535714285714,16.4202380952381,75.9535714285714,69.3797619047619,0.427410390585906,0.347036411077507,0.550484518415487,6.57380952380952,67.3939761904762,1.12691790750224,1.02977104553157,0.564285714285714,0.675,-2.0047619047619,0.887716239175144,1.35298728186927,2.9,0.434125696511343,0.261904761904762,0.161904761904762,0.997240137590025,0.576785714285714,5.3,0.588729786982336,5.35185813347607,0.893247066956167,0,3.55555555555556,0.2,0,"R64","R64 - L",0.764705882352941,0.788380796669057,0.0236749143161162
"981",2023,333,"Alabama","Final - W",0.449413763170861,0.335325881959268,0.733385070214339,43.1326923076923,12.0696581196581,31.0630341880342,15.117735042735,6.21858974358974,4.78034188034188,12.6882478632479,18.317735042735,81.9230769230769,66.9970085470085,0.364189560108966,0.273048078416223,0.532268840023031,14.9260683760684,72.5797115384615,1.12793438076654,0.923407417172513,0.720634920634921,0.368571428571429,-1.25961538461538,0.939407389676931,1.22959964199856,4.2,0.839224894666005,0.190384615384615,0.422435897435897,0.995858222601487,0.56984126984127,8.3,0.660773411980391,5.46806014113513,1.27769832190433,2,2.45454545454545,0.2,1,"S16","S16 - L",0.852941176470588,0.88104757153137,0.0281063950607816
"982",2023,338,"Kennesaw St","Final - W",0.471962209192281,0.362551581436595,0.678316228324494,35.6997113997114,9.72005772005772,25.9796536796537,14.5749639249639,7.3033189033189,2.57272727272727,12.0203463203463,17.6568542568543,76.4367965367965,70.3284271284271,0.428866257637108,0.347415978116981,0.539734609330564,6.10836940836941,69.6162611832612,1.0979336741703,1.01031317698164,0.625,0.72,1.91515151515152,1.11564344426934,1.21490412842619,1.8,0.748315670344116,0.451803751803752,0.0720779220779221,0.987925399092726,0.75,3.9,0.326430629687593,4.44265125649032,0,0,2.88888888888889,0.2,0,"R64","R64 - L",0.764705882352941,0.725125153328027,-0.0395807290249142
"983",2023,344,"Mississippi St","Quarterfinals - L",0.423463619171278,0.238092668301404,0.645502078617513,36.3022533022533,12.3233877233877,23.9788655788656,13.548174048174,8.24809634809635,2.9964257964258,12.7631701631702,15.8237762237762,64.799222999223,64.1558663558664,0.407157584805609,0.314428984422121,0.465605737899729,0.643356643356643,65.5822132867133,0.989529762170397,0.978151377854856,0.566666666666667,0.12,3.0988344988345,1.10040880503145,1.09736849628359,2.7,0.329218821500686,0.293783993783994,0.121678321678322,0.993812284244122,0.5,1.5,0.745709656616982,5.23644196282995,0.873983634828904,0,2.90909090909091,0.2,1,"First Four","First Four - L",0.636363636363636,0.700866548655956,0.0645029122923196
"984",2023,356,"Illinois","Early Round - L",0.443381464951431,0.29537956970626,0.691916349826075,37.0025641025641,10.7260683760684,26.2764957264957,11.5752136752137,6.11752136752137,5.53119658119658,11.534188034188,17.3551282051282,72.8188034188034,68.7358974358974,0.429403560850995,0.340849782535965,0.503993198703314,4.08290598290598,68.6393974358974,1.06066879849505,1.0023247134574,0.566666666666667,0.13,0.974786324786325,0.972711378571389,1.0042848451964,4.1,0.470376433603616,0.296581196581197,0.111538461538462,0.96872335454692,0.505555555555556,6.7,0.682240433440377,5.6937321388027,0.950307240247463,1,2.11111111111111,0.4,1,"R64","R64 - L",0.625,0.767696482881382,0.142696482881382
"985",2023,357,"Texas A&M-CC","Final - W",0.468880978970261,0.398379356064143,0.802711114591082,36.6968253968254,11.7452380952381,24.9515873015873,15.7801587301587,8.12460317460318,1.56507936507937,12.7412698412698,19.5547619047619,81.5626984126984,72.6507936507937,0.444625682360346,0.32518898733226,0.536885071090077,8.91190476190476,70.7644523809524,1.15300286627735,1.02687232526925,0.2625,0.933333333333333,3.99444444444444,1.11363673243592,1.23704222754933,3.1,0.466733741257853,0.296031746031746,0.188888888888889,0.970815262352277,0.6375,6.1,0.639788549141474,3.58351893845611,0.598104004501844,1,2.18181818181818,0.2,0,"R64","R64 - L",0.696969696969697,0.755835235500149,0.0588655385304521
"986",2023,2142,"Colgate","Final - W",0.508894656121864,0.396059792150965,0.652850635981612,34.3976190476191,7.52857142857143,26.8690476190476,17.6244047619048,6.85297619047619,3.43333333333333,9.60357142857143,11.9315476190476,75.9827380952381,65.8089285714286,0.433911145351823,0.335433344154274,0.57397680207891,10.1738095238095,66.580318452381,1.14026675005382,0.987801895606185,0.576785714285714,0.775,1.40416666666667,1.22022172949002,1.90276176398128,0.8,0.713335308782665,0.311904761904762,0.157738095238095,0.974958418396706,0.435714285714286,4,0.518686982858519,5.8348107370626,0.973853836768342,1,3,0,0,"R64","R64 - L",0.764705882352941,0.807828315343648,0.0431224329907068
"987",2023,2181,"Drake","Final - W",0.473659401315786,0.39405604408524,0.771873878715593,35.9059523809524,8.15714285714286,27.7488095238095,13.6690476190476,5.22023809523809,2.45,10.1404761904762,14.1845238095238,75.5380952380952,63.402380952381,0.411133228784298,0.314204991087344,0.545336136957159,12.1357142857143,67.4598511904762,1.11971848598208,0.940210756047458,0.367857142857143,0.833333333333333,2.07142857142857,1.12946816700025,1.34828575062421,1.7,0.544721967520159,0.288095238095238,0.296428571428571,0.976284515950647,0.760714285714286,7.2,0.687544971609037,4.91265488573605,0.819942244022347,1,3.2,0,1,"R64","R64 - L",0.794117647058823,0.859020726277431,0.0649030792186073
"988",2023,2226,"FAU","Final - W",0.467901834165313,0.37148239852756,0.731707904735428,38.0333333333333,10.3166666666667,27.7166666666667,13.9237179487179,6.56965811965812,2.5474358974359,11.4807692307692,15.982264957265,78.9955128205128,66.7709401709402,0.40898316344525,0.336142931884024,0.551911346012679,12.2245726495727,68.882155982906,1.14746988778287,0.969862476506443,0.777777777777778,0.528571428571429,2.4508547008547,1.11,1.22791666666667,0.7,0.81739535742548,0.35982905982906,0.267735042735043,0.989691376626217,0.777777777777778,9.7,0.555347656622177,4.81218435537242,0,0,3,0.4,0,"F4","F4 - L",0.911764705882353,0.893017444541044,-0.018747261341309
"989",2023,2250,"Gonzaga","Final - W",0.530268863417822,0.392524637063571,0.696175503694301,35.3266666666667,10.2133333333333,25.1133333333333,16.3866666666667,7.35666666666667,3.55,9.30333333333333,16.65,87.9366666666667,73.11,0.44888940409049,0.364955921440071,0.593125734049616,14.8266666666667,70.19705,1.25393796233432,1.0418616580026,0.5,0.875,4.98,1.48440319390167,1.8141663048198,2.6,0.620881990535688,0.22,0.283333333333333,1,0.714285714285714,7.7,0.836086404066074,6.66949808985788,2.31818181818182,2.31818181818182,3,0,1,"E8","E8 - L",0.848484848484849,0.881695467570567,0.0332106190857181
"990",2023,2253,"Grand Canyon","Final - W",0.480816221652038,0.412197658971853,0.720124115880069,35.3781746031746,9.41626984126984,25.9619047619048,12.4150793650794,4.58492063492064,3.59920634920635,12.7424603174603,19.3015873015873,77.2670634920635,70.0853174603175,0.419450793453171,0.324126608878382,0.572689354402233,7.18174603174603,67.5070992063492,1.14392201261468,1.0383039432965,0.823214285714286,0.723809523809524,-4.45436507936508,0.796692451815163,0.979251303170275,3.7,0.592571615213258,0.581349206349206,0.11031746031746,0.958068835592755,0.619642857142857,5.8,0.623525583811439,5.79301360838414,0.966877724609148,1,3.2,0.2,0,"R64","R64 - L",0.685714285714286,0.788337023903016,0.10262273818873
"991",2023,2294,"Iowa","Early Round - L",0.457079475033128,0.348693264711613,0.744248413678562,34.5089743589744,11.5713675213675,22.9376068376068,16.3346153846154,6.43675213675214,3.29700854700855,9.82094017094017,15.3401709401709,79.1952991452991,76.2239316239316,0.494703401375505,0.397310508182601,0.526584297576111,2.97136752136752,68.8603974358974,1.14799723978771,1.1069030174025,0.660714285714286,0.433333333333333,5.65897435897436,1.29469696969697,1.6854329004329,1.6,0.409511596174601,0.298717948717949,0.130769230769231,0.974477000642495,0.435714285714286,5.1,0.592548076923077,6.72503364216684,1,1,2.77777777777778,0,1,"R64","R64 - L",0.59375,0.69580291994515,0.10205291994515
"992",2023,2305,"Kansas","Final - L",0.456699203058542,0.332164095378291,0.725749436839369,34.8615384615385,9.17307692307692,25.6884615384615,15.6,8.40384615384615,3.7,12.1576923076923,16.7153846153846,73.7961538461539,69.7692307692308,0.426848076778132,0.314012435441007,0.514101481764926,4.02692307692308,69.9510192307692,1.05479204830782,0.997315090245631,0.740476190476191,0.425,0.396153846153846,1.13460738776676,1.29764491336322,2.7,0.786947027541746,0.338461538461538,0.173076923076923,0.988414582788127,0.671428571428571,4.8,0.467099886291982,5.20948615284142,0,0,2.375,0,0,"R32","R32 - L",0.794117647058823,0.746242844094841,-0.0478748029639825
"993",2023,2306,"Kansas St","Quarterfinals - L",0.447601002404416,0.343972783264388,0.774090443550201,35.5705128205128,9.86410256410256,25.7064102564103,15.857264957265,7.35854700854701,2.69786324786325,14.9162393162393,18.4226495726496,75.6059829059829,73.2055555555556,0.423426458779277,0.301683104646328,0.513061363991998,2.40042735042735,72.1863076923077,1.04728359560521,1.01025435985444,0.56984126984127,0.595,-2.17905982905983,0.927586438588809,1.07686471720802,3.6,0.624457051357232,0.254273504273504,0.0675213675213675,0.97186821808732,0.43015873015873,4.7,0.613961765030027,0,0,0,3.33333333333333,0.2,0,"E8","E8 - L",0.71875,0.728159953609234,0.0094099536092338
"994",2023,2309,"Kent State","Final - W",0.459453427720066,0.334673894528001,0.712601524263052,35.7916666666667,11.4801282051282,24.3115384615385,12.2553418803419,8.20726495726496,4.33482905982906,11.0363247863248,19.1083333333333,77.5602564102564,67.9151709401709,0.416835808069837,0.310827972105075,0.524917159926983,9.64508547008547,69.0288108974359,1.12377961572989,0.984417034054763,0.648214285714286,0.473333333333333,5.4957264957265,1.35975795365279,1.11345492930086,4.3,0.803138189289476,0.150854700854701,0.213461538461538,0.964532485259582,0.507142857142857,5.6,0.610097033359953,5.88610403145016,0.982414897921964,1,2.88888888888889,0.2,0,"R64","R64 - L",0.823529411764706,0.844227936816907,0.0206985250522014
"995",2023,2390,"Miami","Semifinals - L",0.487489352538561,0.390830812059297,0.787203101836013,34.4714285714286,9.95,24.5214285714286,14.8142857142857,6.95,2.80714285714286,11.3357142857143,14.2642857142857,80.3357142857143,74.7285714285714,0.462992537779443,0.348655463135392,0.556750933589466,5.60714285714286,69.2200714285714,1.16050877908287,1.07939762109424,0.611904761904762,0.96,0.892857142857143,1.0233637056135,1.30417960662526,1.7,0.573750000399403,0.421428571428571,0.121428571428571,0.991631257255464,0.854761904761905,4.6,0.597495527728086,7.02019070831193,2.15,2.2,2.875,0,1,"F4","F4 - L",0.78125,0.742296663139202,-0.038953336860798
"996",2023,2427,"UNC Asheville","Final - W",0.470177794126517,0.393550873938568,0.706621269302054,35.1133333333333,7.99969696969697,27.1136363636364,12.5127272727273,6.02515151515152,3.65787878787879,13.1939393939394,15.7906060606061,73.8545454545455,66.0212121212121,0.41000459801547,0.290858779984341,0.542171858674256,7.83333333333333,68.4774696969697,1.07865984409073,0.96432476331604,0.564285714285714,0.75,-2.83666666666667,0.946932868572875,0.952144512893076,2.9,0.860338276144983,0.310606060606061,0.0766666666666667,0.992562711899188,0.576785714285714,5.1,0.447293805865791,4.74493212836325,0,0,3,0,0,"R64","R64 - L",0.794117647058823,0.728564353592996,-0.0655532934658278
"997",2023,2440,"Nevada","Quarterfinals - L",0.451167040534002,0.340915721322091,0.787691116623701,32.5811111111111,7.45222222222222,25.1288888888889,14.2722222222222,6.47,2.82,10.1088888888889,17.4233333333333,71.9922222222222,68.19,0.437514492780767,0.3225453157234,0.513064948779405,3.80222222222222,66.8577,1.07743950929213,1.0199124258488,0.501587301587302,0.591666666666667,2.46444444444444,1.28915009041591,1.45291139240506,3.3,0.624457051357232,0.28,0.112222222222222,0.995468072642062,0.56984126984127,7.7,0.643187066974596,6.76503897678054,1.72727272727273,0,2.33333333333333,0,0,"First Four","First Four - L",0.6875,0.712452280845312,0.0249522808453118
"998",2023,2507,"Providence","Quarterfinals - L",0.448666346203817,0.361167211227616,0.752757474725168,37.0357142857143,11.7547619047619,25.2809523809524,14.3246031746032,6.27777777777778,4.2515873015873,11.1261904761905,15.331746031746,76.2865079365079,73.1246031746032,0.45536164055157,0.339398883386908,0.509436943244524,3.16190476190476,68.7640595238095,1.10910669998788,1.06376595926868,0.554166666666667,0.633333333333333,2.1968253968254,0.989953330895753,1.28940464502978,1.4,0.495114858696862,0.284126984126984,0.18015873015873,0.975947252350564,0.6625,4.4,0.598470363288719,6.26149168432104,1.33333333333333,1.33333333333333,3,0,0,"R64","R64 - L",0.65625,0.730905666617764,0.0746556666177642
"999",2023,2509,"Purdue","Final - W",0.459480980966259,0.337305102260984,0.73656462585034,37.1880341880342,11.8888888888889,25.2991452991453,15.5378205128205,4.82692307692308,3.24337606837607,11.3070512820513,13.5527777777778,71.2869658119658,63.7316239316239,0.432652468757796,0.336918402180911,0.522141530158091,7.55534188034188,62.8018205128205,1.13451483699329,1.01530113025124,0.679166666666667,0.366666666666667,2.63931623931624,0.858725348725349,1.37523569023569,0,0.758819467700296,0.440384615384615,0.153632478632479,0.996422038260007,0.618055555555556,8.3,0.674917491749175,6.4085287910595,1.85714285714286,1.92307692307692,2.55555555555556,0.2,1,"R64","R64 - L",0.852941176470588,0.84292775830317,-0.0100134181674177
"1000",2023,2540,"Santa Barbara","Final - W",0.498415029387862,0.35919310267658,0.735285794317727,29.9788461538462,7.10363247863248,22.8752136752137,14.0275641025641,5.85747863247863,2.42692307692308,10.2544871794872,16.0279914529915,71.9955128205128,66.3957264957265,0.449203182941506,0.348051948051948,0.552666352849596,5.59978632478632,64.5281260683761,1.11589662082567,1.02924509394193,0.344642857142857,0.783333333333333,0.156623931623932,1.14187403818752,1.38138566136058,3.7,0.691955159381093,0.346581196581197,0.0965811965811966,0.943918809233781,0.633928571428571,6.1,0.592826739631148,5.49306144334055,0.916814478355212,1,3,0.2,0,"R64","R64 - L",0.794117647058823,0.740383689554293,-0.0537339575045304
"1001",2023,2546,"SE Missouri","Final - W",0.445828493301739,0.322147756080231,0.721417841567252,34.8904761904762,9.84642857142857,25.0440476190476,13.7940476190476,6.93095238095238,3.17380952380952,12.5559523809524,20.9333333333333,80.6976190476191,77.9761904761905,0.457836443329469,0.37981996682168,0.51118794421344,2.72142857142857,75.7158333333333,1.06563152647786,1.02967526069202,0.638095238095238,0.318333333333333,2.82142857142857,1.16869316258682,1.10900167557603,10.3,0.563244665010731,0.295238095238095,0.170238095238095,0.959986122331055,0.698412698412698,4.5,0.483963624460957,4.0943445622221,0,0,2.8,0.4,0,"First Four","First Four - L",0.529411764705882,0.550004707867698,0.0205929431618157
"1002",2023,2608,"Saint Mary's","Final - L",0.458802089831566,0.374254663312255,0.727563434132777,34.5756944444444,10.5055555555556,24.0701388888889,12.6243055555556,6.26666666666667,3.55416666666667,10.2972222222222,17.125,72.5006944444444,61.9375,0.427313520824888,0.327327771126409,0.528057618562513,10.5631944444444,64.1336875,1.13013474885569,0.966009480821621,0.666666666666667,0.775,5.06944444444444,1.19348599971859,1.2421150508888,3.5,0.619624488682201,0.197916666666667,0.292361111111111,1,0.666666666666667,5.6,0.705882352941177,6.52356230614951,1.25,1.25,2.5,0,0,"R32","R32 - L",0.787878787878788,0.86826251402642,0.0803837261476321
"1003",2023,2628,"TCU","Semifinals - L",0.460455797422781,0.315223127199598,0.698326173518944,34.0769230769231,10.5801282051282,23.4967948717949,16.0173076923077,7.825,4.65833333333333,12.4955128205128,16.6083333333333,73.9326923076923,70.8647435897436,0.441769503086425,0.310769427894164,0.508823296245798,3.06794871794872,70.4802724358974,1.04919879980365,1.00525590688239,0.361111111111111,0.325,2.00448717948718,1.16909623412672,1.28318886193255,0.9,0.560478564070676,0.398076923076923,0.214102564102564,0.925092770374235,0.45,4.9,0.682515337423313,6.48157712927643,1.46153846153846,1,3.2,0,0,"R32","R32 - L",0.636363636363636,0.75382815998696,0.117464523623323
"1004",2023,2633,"Tennessee","Quarterfinals - L",0.443719644889094,0.332790529027637,0.717640692640693,37.4361538461538,12.1946153846154,25.2415384615385,16.5576923076923,7.03923076923077,3.38538461538462,11.3146153846154,17.0384615384615,70.5669230769231,60.6130769230769,0.390483529197281,0.290303856408739,0.515363570304884,9.95384615384615,64.4267,1.0951955092146,0.942363789968769,0.494444444444444,0.375,4.91230769230769,1.1671424649494,1.51010167277271,2.4,0.398568737199697,0.203076923076923,0.273846153846154,0.910932534679843,0.618055555555556,6.1,0.656222802436902,7.0475172213573,1.67307692307692,1.5,2.6,0.4,1,"S16","S16 - L",0.696969696969697,0.912156385730399,0.215186688760702
"1005",2023,2640,"Texas Southern","Final - W",0.437244115486963,0.29555227881715,0.679169167755376,37.0365384615385,10.7641025641026,26.2724358974359,11.6581196581197,6.68311965811966,3.37051282051282,15.1066239316239,19.582264957265,70.4863247863248,71.140811965812,0.420939505105329,0.327868760066903,0.478568803768908,-0.65448717948718,72.3452158119658,0.974032365148967,0.982923394486638,0.3225,0.62,-0.601709401709402,0.886421448186154,0.773486052897818,6.2,0.465196574433756,0.450854700854701,0.0384615384615385,0.893992711572401,0.7825,6.7,0.56468797564688,6.48920493132532,1,1,2.81818181818182,0.2,0,"First Four","First Four - L",0.411764705882353,0.417034732092871,0.00527002621051781
"1006",2023,2670,"VCU","Final - W",0.477919008457999,0.364568816809964,0.692124490026706,33.5583333333333,9.5202380952381,24.0380952380952,13.872619047619,8.69047619047619,4.325,12.2059523809524,16.3619047619048,72.5845238095238,62.5345238095238,0.416091906160282,0.318295395143386,0.535749097112596,10.05,66.6347797619048,1.08994607792002,0.939281088853747,0.516666666666667,0.725,3.20595238095238,1.30806730767289,1.14660684749747,1.9,0.584671297979944,0.253571428571429,0.155952380952381,0.993472485768501,0.505555555555556,4.8,0.588669082029562,5.54126354515843,0.924859606793991,1,2.66666666666667,0.2,0,"R64","R64 - L",0.794117647058823,0.801954237671479,0.00783659061265529
"1007",2023,2752,"Xavier","Final - L",0.48645525722568,0.390876590632459,0.710696451884218,37.7281818181818,11.1051515151515,26.6230303030303,18.3545454545455,5.91242424242424,2.52666666666667,11.7318181818182,15.2706060606061,80.1027272727273,74.1524242424242,0.445996909314325,0.35196463668766,0.551209070801429,5.95030303030303,70.3738090909091,1.13794021768727,1.05403554045962,0.576785714285714,0.755,1.18878787878788,0.915879653066046,1.60113394755493,3.2,0.612640366422451,0.506060606060606,0.167575757575758,0.955020464491332,0.576785714285714,4,0.730103806228374,6.361302477573,2.27272727272727,2,3.33333333333333,0,0,"S16","S16 - L",0.735294117647059,0.739093267400493,0.00379914975343398
"1008",2024,2,"Auburn","Final - W",0.477625456634089,0.359688037581051,0.755964715516627,36.8833333333333,10.665,26.2183333333333,17.5366666666667,7.41833333333333,6.45333333333333,10.5683333333333,19.31,82.81,68.63,0.383801975858099,0.29997363443572,0.543802474078061,14.18,70.5270166666667,1.17421074652032,0.97306064307596,0.65,0.513333333333333,0.391666666666667,1.20158136819321,1.67220869408369,2.2,0.418101555930395,0.05,0.376666666666667,0.994708693673191,0.66,9,0.665605095541401,6.44413125670044,2.125,2.375,2.9,0.2,1,"R64","R64 - L",0.794117647058823,0.902972636514954,0.108854989456131
"1009",2024,5,"UAB","Final - W",0.455117192915241,0.339887366181958,0.745467856099872,38.1320512820513,12.3388888888889,25.7931623931624,13.9096153846154,6.39337606837607,4.60876068376068,11.6557692307692,15.9495726495726,77.932264957265,74.8895299145299,0.439801724788236,0.346917703597988,0.510292525123931,3.04273504273504,69.3549391025641,1.12413580679515,1.08012400975057,0.5125,0.37,0.645512820512821,0.967274237939451,1.21103412839624,4,0.748047275627219,0.319871794871795,0.101495726495726,0.998160805269044,0.625,5.7,0.639405204460966,6.289715570909,1,1,2.875,0,0,"R64","R64 - L",0.676470588235294,0.591955925562513,-0.0845146626727816
"1010",2024,12,"Arizona","Semifinals - L",0.482538959392159,0.373306236267491,0.708086123723225,41.6830769230769,12.9992307692308,28.6838461538462,17.8346153846154,7.63384615384615,3.43615384615385,11.7938461538462,16.4515384615385,85.3907692307692,71.9184615384615,0.424757301628246,0.333163217856312,0.546350920231891,13.4723076923077,72.4818923076923,1.17754639870699,0.992910261780851,0.494642857142857,0.808333333333333,4.70769230769231,1.08424341951931,1.51319161829089,1.3,0.244870553364019,0.155384615384615,0.356153846153846,1,0.705357142857143,7,0.78527519993368,4.29045944114839,1.43219054620605,2,2.75,0,1,"S16","S16 - L",0.757575757575758,0.896861107467473,0.139285349891716
"1011",2024,21,"San Diego St","Final - L",0.440106454999363,0.30236926194373,0.730950528675634,38.1049145299145,11.9508547008547,26.1540598290598,12.7277777777778,6.95769230769231,4.33012820512821,11.1846153846154,17.5724358974359,73.241452991453,66.3089743589744,0.408363532863324,0.312561335927622,0.499180209350876,6.93247863247863,66.9675,1.09333784478589,0.991096034355673,0.7,0.28,2.8784188034188,1.0726749398678,1.14301291682898,3,0.366181867598748,0.317521367521368,0.116880341880342,0.990548337444311,0.625,6.8,0.747058361548817,5.29330482472449,2.09825141413694,2.375,3.22222222222222,0.2,0,"S16","S16 - L",0.705882352941177,0.777795130494998,0.0719127775538212
"1012",2024,36,"Colorado St","Semifinals - L",0.468613064760272,0.317795072960137,0.740699945154093,33.1876068376068,8.09230769230769,25.0952991452991,17.2626068376068,6.20576923076923,3.20363247863248,10.1354700854701,17.1735042735043,72.6247863247863,68.3258547008547,0.431024166771533,0.339672960421563,0.535250322849481,4.29893162393162,66.209813034188,1.09632436453887,1.03212218279092,0.831428571428571,0.316666666666667,-0.633760683760684,1.07331709711887,1.70396978193875,5.1,0.351065007051068,0.236965811965812,0.0829059829059829,0.984230584716022,0.722857142857143,6.5,0.532915207365346,5.78074351579233,0.964829795843928,1,2.5,0,0,"R64","R64 - L",0.705882352941177,0.771623571269334,0.0657412183281577
"1013",2024,38,"Colorado","Final - L",0.483403613355744,0.388589980317757,0.778681648035338,36.9461538461538,9.63076923076923,27.3153846153846,14.8923076923077,5.64230769230769,2.18076923076923,11.9576923076923,14.6769230769231,77.65,72.0923076923077,0.441441578675903,0.315266971471351,0.54382771468794,5.55769230769231,68.5068846153846,1.13214773964423,1.05365402575916,0.571428571428571,0.875,-1.73461538461538,0.820175556151166,1.2611106468854,1.4,0.493522750227972,0.253846153846154,0.234615384615385,0.916453013632268,0.571428571428571,6.6,0.579505300353357,6.34035930372775,1,1,3.125,0,1,"R32","R32 - L",0.705882352941177,0.766386430246211,0.0605040773050342
"1014",2024,41,"UConn","Final - W",0.495891674807337,0.385925503470945,0.747866595970103,37.8688111888112,11.0805594405594,26.7882517482517,18.8177622377622,6.18027972027972,5.37986013986014,9.71902097902098,16.0560839160839,80.7127272727273,64.6758041958042,0.396719748882056,0.308869311673435,0.575912404600665,16.0369230769231,65.2466300699301,1.2369965146548,0.991481598736047,0.564285714285714,0.575,1.67916083916084,1.06301331067686,1.93699022939677,2.1,0.80417131035492,0.146293706293706,0.39020979020979,0.971921501250294,0.576785714285714,9.2,0.614457831325301,6.03068526026126,3.1,4.5,2.55555555555556,0,1,"Final","Final - W",0.911764705882353,0.929851047818773,0.0180863419364203
"1015",2024,43,"Yale","Final - W",0.480721098608935,0.349254699768656,0.692295975629309,36.6071428571429,9.6,27.0071428571429,16.2428571428571,5.78571428571429,3.15,8.87142857142857,15.4928571428571,75.8428571428571,66.45,0.419689031247632,0.330797749618548,0.543658480764445,9.39285714285714,66.1871071428571,1.14587013433481,1.00402998252694,0.492857142857143,0.608333333333333,3.47857142857143,1.18310156397211,1.84006783493499,1.4,0.507286162704197,0.25,0.178571428571429,0.967537308634514,0.435714285714286,8.4,0.553412462908012,6.51471269087253,1,1,2.625,0,0,"R32","R32 - L",0.709677419354839,0.790529234504572,0.0808518151497336
"1016",2024,47,"Howard","Final - W",0.446394513678838,0.37565681199977,0.757200555736325,34.587518037518,11.1863636363636,23.4011544011544,14.1800865800866,5.94379509379509,2.85440115440115,15.1594516594517,18.5386002886003,74.1031024531025,72.3103896103896,0.443090324045881,0.33725546975547,0.529007749700978,1.79271284271284,68.5350487012987,1.08120008992436,1.05521852407286,0.48,0.75,-2.15779220779221,0.804243717401612,0.933959222380275,7.7,0.508691553854588,0.307431457431457,0.0214285714285714,0.905421237792618,0.745,3.9,0.468546189193908,4.63472898822964,0.77355527213572,1,3.3,0.2,0,"First Four","First Four - L",0.529411764705882,0.528098069781796,-0.00131369492408639
"1017",2024,56,"Stetson","Final - W",0.460247246286069,0.363307710694817,0.734591846081882,33.6541666666667,9.3077380952381,24.3464285714286,12.0464285714286,5.21547619047619,3.16845238095238,9.74226190476191,14.3041666666667,76.0571428571429,74.3684523809524,0.458605785910134,0.359140228076528,0.535340242535793,1.68869047619048,67.3884583333333,1.12889137814045,1.10363428860355,0.4375,0.541666666666667,-0.65952380952381,0.949993882471482,1.23210478966498,2,0.729246510055206,0.180952380952381,0.138690476190476,0.969981837304917,0.625,6.5,0.520987654320988,6.00635315960173,0,0,2.9,0.2,0,"R64","R64 - L",0.647058823529412,0.665760155382223,0.0187013318528113
"1018",2024,57,"Florida","Final - L",0.450746659247128,0.343439729550357,0.737743984957966,41.5871794871795,14.182905982906,27.4042735042735,14.1880341880342,6.47692307692308,5.14273504273504,11.0051282051282,18.7623931623932,84.782905982906,80.4,0.445939603322416,0.314000814000814,0.512681184914852,4.38290598290598,73.2670341880342,1.15716260777931,1.09761475695586,0.431944444444444,0.608333333333333,2.00769230769231,0.933847402597403,1.2905303030303,3.1,0.56702317219783,0.394871794871795,0.0905982905982906,0.987357418332474,0.505555555555556,4.4,0.588874360011245,4.84418708645859,0.808514687581158,0,2.44444444444444,0.2,0,"R64","R64 - L",0.685714285714286,0.708383701176393,0.0226694154621072
"1019",2024,66,"Iowa State","Final - W",0.443196872943714,0.333927143153857,0.69824011590735,32.2636752136752,10.3886752136752,21.875,14.2660256410256,9.725,2.94188034188034,10.5846153846154,16.9863247863248,70.7064102564103,62.2465811965812,0.409297367650464,0.307858964354093,0.49833259137158,8.45982905982906,66.6058418803419,1.06035329276318,0.935742980498189,0.621428571428571,0.175,6.29294871794872,1.58442617666022,1.35149258542876,3,0.739829963757992,0.273717948717949,0.147649572649573,0.991352188974874,0.435714285714286,8.3,0.610558661087335,5.44241771052179,1.36254274753627,2,2.88888888888889,0.2,1,"S16","S16 - L",0.794117647058823,0.909001484707655,0.114883837648832
"1020",2024,68,"Boise St","Quarterfinals - L",0.446872511301866,0.346652196264351,0.750388794114813,37.3076923076923,11.8559829059829,25.4517094017094,12.1910256410256,5.40512820512821,2.2948717948718,10.9192307692308,16.7948717948718,75.6901709401709,68.5782051282051,0.443598625823075,0.307256329174942,0.521141291337751,7.11196581196581,66.3930555555555,1.14029451423593,1.03313186994111,0.494642857142857,0.716666666666667,4.58589743589744,0.999139333841851,1.12256674294432,2.6,0.696195838120203,0.227350427350427,0.271794871794872,0.99543440058681,0.564285714285714,4,0.633569739952719,6.04973345523196,1,1,2.88888888888889,0,0,"First Four","First Four - L",0.6875,0.781153322271832,0.0936533222718323
"1021",2024,77,"Northwestern","Quarterfinals - L",0.455305182009191,0.410936137653695,0.766226714347703,30.7436868686869,8.21262626262626,22.5310606060606,15.0828282828283,6.46868686868687,3.11414141414141,8.66464646464646,18.3674242424242,73.9603535353535,71.6184343434343,0.46582244935593,0.372805684813404,0.531659866890196,2.34191919191919,65.3892032828283,1.1321886060832,1.09515813006214,0.507142857142857,0.7,2.19747474747475,1.42992677154719,1.97961348061237,4.4,0.698598143036945,0.348484848484849,0.151010101010101,0.913871501552112,0.619642857142857,3,0.494322144771254,5.76205138278018,0.961710002199956,1,3.11111111111111,0.2,0,"R32","R32 - L",0.65625,0.673265845614834,0.0170158456148344
"1022",2024,96,"Kentucky","Quarterfinals - L",0.490932276268156,0.409388381136263,0.785870795870796,37.3533333333333,10.1516666666667,27.2016666666667,16.4716666666667,7.13,6.455,11.2116666666667,18.535,88.0683333333333,82.0616666666667,0.433149991256149,0.333553603565336,0.56670001341206,6.00666666666667,74.0208833333333,1.18853696742643,1.10818499457043,0.565,0.633333333333333,-2.615,0.994420931127357,1.48149288187765,4.3,0.403345916379657,0.346666666666667,0.14,0.91569460603907,0.615,4.8,0.766820276497696,6.99025650049388,3.54545454545455,4.18181818181818,1.8,0.4,0,"R64","R64 - L",0.71875,0.780691481263167,0.0619414812631672
"1023",2024,98,"Western KY","Final - W",0.482357077353439,0.363148533441591,0.737924939552779,38.5727272727273,9.32532467532468,29.2474025974026,13.5038961038961,7.5,3.1987012987013,14.1902597402597,18.0824675324675,80.7902597402597,74.3188311688312,0.413762762512406,0.335564095768177,0.54135096943415,6.47142857142857,74.9204318181818,1.07839251144483,0.992025884055412,0.488888888888889,0.54,-1.54155844155844,0.973524743230626,0.950887021475257,3.5,0.416463698110612,0.401298701298701,0.162337662337662,0.959787547695025,0.666666666666667,7.6,0.65919359569238,4.26267987704132,0.711458749947685,0,2.72727272727273,0.4,0,"R64","R64 - L",0.666666666666667,0.716558630453776,0.0498919637871094
"1024",2024,127,"Michigan St","Quarterfinals - L",0.451997225327735,0.370074644997246,0.7129410012044,33.3176379176379,9.85330225330225,23.4643356643357,15.3125874125874,7.2028749028749,3.36907536907537,9.24281274281274,16.7095571095571,71.1079254079254,66.6558663558664,0.42865849607817,0.341572919833789,0.508211310949653,4.45205905205905,65.5727144522145,1.08453845478107,1.01651728819111,0.358730158730159,0.975,3.37257187257187,1.32217692117618,1.67286879169755,1.5,0.372526915551534,0.323853923853924,0.0905982905982906,0.998289912334856,0.56984126984127,6.1,0.710444674250258,6.87523208727658,3.52,3.52,2.54545454545455,0.2,1,"R32","R32 - L",0.575757575757576,0.757166478126901,0.181408902369325
"1025",2024,147,"Montana St","Final - W",0.476616399561305,0.38758769562871,0.731551089756673,30.4864335664336,6.75328671328671,23.7331468531469,12.973986013986,8.2234965034965,2.43986013986014,11.7862937062937,18.3044755244755,76.0608391608392,74.7563636363636,0.467204086744238,0.339710034964479,0.55693981726313,1.30447552447552,70.0033237762238,1.08655100201605,1.06785586162191,0.738888888888889,0.78,-0.474685314685315,1.14226220671112,1.1011314124002,5,0.402129348399485,0.345734265734266,0.116223776223776,0.99405989809867,0.494444444444444,4.8,0.62902570620922,0,0,0,2.8,0.2,0,"First Four","First Four - L",0.5,0.538959376892791,0.0389593768927908
"1026",2024,150,"Duke","Quarterfinals - L",0.476083195706201,0.38225916803503,0.715455051838283,36.775,10.92,25.855,14.6916666666667,6.1,3.51,10.1616666666667,15.955,78.2633333333333,67.8266666666667,0.434326810263659,0.3244672683796,0.551913461554338,10.4366666666667,66.7512916666667,1.1725506950072,1.01671048609775,0.738095238095238,0.815,1.94166666666667,1.06079926776339,1.46551154712144,1.6,0.318911932754025,0.285,0.27,0.945218213501526,0.671428571428571,4.8,0.701934131350359,3.61091791264422,0.60267700563916,1,2.33333333333333,0,1,"E8","E8 - L",0.75,0.865013918568467,0.115013918568467
"1027",2024,152,"NC State","Final - W",0.444963030686466,0.343276471958092,0.750830450407267,34.5107142857143,10.1614285714286,24.3492857142857,12.277380952381,7.18833333333333,3.75928571428571,9.65785714285714,16.1711904761905,75.1147619047619,73.5552380952381,0.447322088922938,0.354604062126643,0.505088677896565,1.55952380952381,68.6204178571429,1.09451195672861,1.07214498651158,0.423214285714286,0.566666666666667,2.17357142857143,1.22541921483527,1.27264417702374,3.9,0.468553202783485,0.222857142857143,0.0333333333333333,0.993641066265835,0.576785714285714,3.8,0.633325975109935,5.68017260901707,0.948044099127454,1,3.25,0,1,"F4","F4 - L",0.611111111111111,0.632113486521446,0.0210023754103352
"1028",2024,153,"North Carolina","Final - L",0.443768708403287,0.349138461221781,0.747602641122445,42.1681623931624,12.4012820512821,29.7668803418803,14.5811965811966,5.70042735042735,3.83824786324786,10.2910256410256,16.725641025641,80.0044871794872,69.1805555555556,0.402885320854122,0.306037628309211,0.506670038456425,10.8239316239316,70.6157938034188,1.13124224612383,0.979708041555923,0.492857142857143,0.366666666666667,3.53952991452991,0.987258545384699,1.44736839175011,2.3,0.542536076475834,0.220940170940171,0.205128205128205,0.990826445211414,0.657142857142857,7.6,0.665925987749842,4.29045944114839,4.65461927516967,6.5,3.22222222222222,0,1,"S16","S16 - L",0.794117647058823,0.836484796501694,0.0423671494428705
"1029",2024,156,"Creighton","Quarterfinals - L",0.48164953126918,0.35180709173715,0.801236015815384,37.0893162393162,7.86538461538462,29.2239316239316,17.2222222222222,4.28290598290598,4.30683760683761,10.2029914529915,11.6837606837607,79.6769230769231,71.0965811965812,0.422945696860316,0.339667853602198,0.566673221309486,8.58034188034188,69.2411517094017,1.15237286471944,1.02710502635738,0.685714285714286,0.633333333333333,-4.2008547008547,0.765147919632969,1.69098243948742,0,0.503023861785795,0.311965811965812,0.287179487179487,0.99846996661156,0.657142857142857,7.2,0.615068493150685,6.59441345974978,1.36363636363636,1.5,3.42857142857143,0.2,1,"S16","S16 - L",0.71875,0.830043583417714,0.111293583417714
"1030",2024,158,"Nebraska","Semifinals - L",0.457776675521771,0.373763213530655,0.7603564003564,35.9447552447552,8.38181818181818,27.5629370629371,15.1132867132867,6.44910644910645,2.5003885003885,11.0220668220668,16.7876456876457,77.5554778554779,72.4239316239316,0.407167940069407,0.336170269810753,0.542532168166246,5.13154623154623,69.9198846153846,1.11019349067292,1.0331275695344,0.752777777777778,0.611904761904762,-3.35726495726496,1.03077625570776,1.37057762557078,3.1,0.406879704286725,0.0909090909090909,0.181507381507382,0.971820312583096,0.629166666666667,6.2,0.532385163942852,5.68697535633982,1.42376925832388,0,3.22222222222222,0.2,1,"R64","R64 - L",0.696969696969697,0.753260989621771,0.0562912926520737
"1031",2024,167,"New Mexico","Final - W",0.454965598651649,0.328697947047966,0.731751542170097,38.915811965812,12.657264957265,26.258547008547,14.1799145299145,8.28525641025641,5.50598290598291,9.55405982905983,17.1623931623932,80.5185897435897,71.8525641025641,0.430900437622554,0.299369103845242,0.506294018436707,8.66602564102564,71.1748301282051,1.13122775922968,1.01024810993514,0.455555555555556,0.318333333333333,6.33867521367521,1.41868953880765,1.50817772778403,1,0.493488771505389,0.226923076923077,0.207478632478632,0.981165193324107,0.618055555555556,6.1,0.537420050495495,5.89440283426485,0.983800002139714,0,3.1,0,0,"R64","R64 - L",0.735294117647059,0.830745924790841,0.0954518071437823
"1032",2024,228,"Clemson","Early Round - L",0.454595216933359,0.33593661855795,0.806575311013607,35.22,8.87333333333333,26.3466666666667,13.4983333333333,4.405,3.41166666666667,9.99833333333333,15.5183333333333,75.165,72.4766666666667,0.42800494335861,0.353452817224004,0.524304247777115,2.68833333333333,67.2676416666667,1.11737683598075,1.07748206817005,0.584126984126984,0.626666666666667,-0.896666666666667,0.917652848540991,1.34555349698935,3.4,0.307190669821695,0.303333333333333,0.133333333333333,0.971743746462931,0.301587301587302,4.3,0.608955223880597,6.50876913697168,1.33333333333333,1.66666666666667,3.22222222222222,0.2,0,"E8","E8 - L",0.65625,0.711351067341189,0.0551010673411886
"1033",2024,232,"Charleston","Final - W",0.455935364874915,0.363308290634728,0.712584317310845,39.5598290598291,12.7378205128205,26.8220085470085,15.9089743589744,5.92692307692308,2.96346153846154,9.38760683760684,15.432264957265,81.3510683760684,71.6094017094017,0.440612632737633,0.336244534930512,0.539460415441727,9.74166666666667,68.6173215811966,1.18648098600352,1.04396396655214,0.5625,0.86,4.93995726495727,1.16047286323979,1.70434565849605,1.1,0.624544951324113,0.226495726495726,0.221581196581197,0.988336298752098,0.5,8.1,0.671426085504646,5.85507192220243,0.977235511646082,1,2.3,0.2,0,"R64","R64 - L",0.794117647058823,0.75821086785432,-0.0359067792045032
"1034",2024,239,"Baylor","Semifinals - L",0.463834019738745,0.362615739441572,0.736005303872522,34.8172727272727,11.1286363636364,23.6886363636364,14.0357575757576,6.45439393939394,2.62484848484848,11.9343939393939,16.7013636363636,76.9489393939394,72.1645454545455,0.462540651657986,0.346072379750891,0.538715961476353,4.78439393939394,67.5179681818182,1.13805102957143,1.06878187173077,0.705357142857143,0.52,2.0369696969697,0.952755304015546,1.17389914368414,2.3,0.501475420212463,0.310151515151515,0.05,0.968291706190807,0.564285714285714,4.8,0.644314868804665,6.53233429222235,2.68181818181818,2.68181818181818,2.75,0.2,1,"R32","R32 - L",0.696969696969697,0.794904287432029,0.0979345904623317
"1035",2024,245,"Texas A&M","Semifinals - L",0.38997052371969,0.2892077524153,0.71256577772602,42.5104700854701,16.591452991453,25.9190170940171,10.692094017094,6.96004273504274,2.90405982905983,9.50683760683761,17.0012820512821,74.1209401709402,72.6893162393162,0.429480844535949,0.335033265027026,0.446205356773576,1.43162393162393,67.639219017094,1.09598739428676,1.07426707820876,0.435714285714286,0.025,8.15299145299145,1.16448899044454,1.12474942874948,5,0.416422400429092,0.35982905982906,0.155769230769231,0.969195310736554,0.576785714285714,5,0.619585687382298,6.27664348934164,1.88888888888889,1,3.55555555555556,0.6,1,"R32","R32 - L",0.588235294117647,0.645662608960955,0.0574273148433079
"1036",2024,248,"Houston","Final - L",0.431960382797233,0.347092181051913,0.715652266258868,36.0042735042735,12.5382478632479,23.4660256410256,12.5089743589744,9.49529914529915,4.43846153846154,8.64401709401709,17.8207264957265,71.7978632478632,60.2773504273504,0.390770656925213,0.311484437257417,0.493862136138949,11.5205128205128,64.0726997863248,1.12042343221887,0.941110472908808,0.4275,0.708333333333333,8.1965811965812,1.72359159344931,1.45060440892485,4.6,0.619579465005105,0.216025641025641,0.367094017094017,0.982630204717413,0.6325,9.2,0.68580375782881,6.86589107488344,2.10526315789474,3.3,3.1,0,0,"S16","S16 - L",0.882352941176471,0.93886564157503,0.0565127003985597
"1037",2024,251,"Texas","Early Round - L",0.465652072903876,0.358921160697289,0.766135316019103,33.0883333333333,10.005,23.0833333333333,15.0016666666667,7.15333333333333,3.95666666666667,11.2,18.2666666666667,75.2666666666667,72.6,0.454962456246991,0.372207478511826,0.530649708295697,2.66666666666667,67.5743583333333,1.11415814305783,1.07431671900929,0.5,0.55,1.09833333333333,1.11961111111111,1.36280555555556,4.1,0.42757869255416,0.278333333333333,0.14,0.98987440678557,0.5,6.7,0.532291023773967,5.85793315448346,1.95542612609167,3,3.66666666666667,0,1,"R32","R32 - L",0.625,0.731236170488416,0.106236170488416
"1038",2024,252,"BYU","Quarterfinals - L",0.446104515949877,0.330763458254217,0.741260524518821,37.3404817404817,10.9801864801865,26.3602952602953,16.6386946386946,5.38445998445998,3.03574203574204,11.0930846930847,18.4762237762238,77.6839160839161,73.9861693861694,0.437966252968974,0.347814504520333,0.534103223084611,3.6977466977467,69.069911033411,1.12419297615284,1.07182080278702,0.8575,0.328571428571429,0.347008547008547,0.930854315147365,1.50889047959914,2.6,0.625474659263567,0.143045843045843,0.0692307692307692,0.973562477532136,0.6225,7.2,0.628400033236916,5.5683445037611,0.929379529826122,1,3.3,0.2,0,"R64","R64 - L",0.696969696969697,0.849976282999532,0.153006586029835
"1039",2024,256,"James Madison","Final - W",0.470376127929651,0.363096261440087,0.714622911096257,38.15,11.2132478632479,26.9367521367521,15.9260683760684,8.69358974358974,2.67970085470085,10.5514957264957,16.9365384615385,80.9852564102564,67.7777777777778,0.412258844299562,0.281870533108247,0.541594968281017,13.2074786324786,70.0270897435897,1.15656583239539,0.967535936484272,0.6375,0.643333333333333,4.8792735042735,1.32041289760454,1.53899256372866,2.8,0.592313062040417,0.150854700854701,0.247435897435897,1,0.5,10.2,0.585767693787044,5.73979291217923,0,0,3.33333333333333,0.2,0,"R32","R32 - L",0.911764705882353,0.898606643608813,-0.0131580622735398
"1040",2024,258,"Virginia","Semifinals - L",0.426058323952107,0.365473744890473,0.625590726560762,32.9080031080031,8.84662004662005,24.0613830613831,15.0514374514375,6.20505050505051,4.93341103341103,7.90520590520591,13.5485625485625,62.5173271173271,61.3062937062937,0.412664602873813,0.306485246207686,0.48645002158658,1.21103341103341,60.9603201243201,1.02591790539721,1.00368107329218,0.49,0.6,3.18772338772339,1.378177943142,1.93802213151272,2.1,0.862822329569158,0.203885003885004,0.249028749028749,0.989813214744042,0.6425,4.5,0.721830985915493,6.34388043412633,2.5,2.61111111111111,2.63636363636364,0.2,0,"First Four","First Four - L",0.696969696969697,0.671464968101373,-0.0255047288683243
"1041",2024,261,"Vermont","Final - W",0.444545804189444,0.327064509139176,0.741152725476881,35.1614718614719,7.50180375180375,27.6596681096681,13.695670995671,6.25021645021645,4.33838383838384,8.83318903318903,13.6953102453102,71.9791486291486,62.7238095238095,0.406263039917155,0.313346747149564,0.518465050369579,9.25533910533911,66.4864018759019,1.08274775539622,0.943176166667024,0.555555555555556,0.42,1.71313131313131,1.19914960280791,1.55874597559755,0.5,0.787501444077387,0.352741702741703,0.156854256854257,0.936302049074207,0.666666666666667,4.8,0.712257707363783,5.97635090929793,0.997477471878333,1,3.5,0.2,0,"R64","R64 - L",0.823529411764706,0.821023804103905,-0.00250560766080121
"1042",2024,265,"Washington St","Semifinals - L",0.464862174169031,0.345759424020294,0.716218934253084,36.6423076923077,10.7130769230769,25.9292307692308,12.3476923076923,4.87,4.49615384615385,10.9292307692308,16.0484615384615,73.7576923076923,67.9892307692308,0.43751230114168,0.331079741952647,0.520650783906807,5.76846153846154,66.8179153846154,1.10434640312997,1.01764158628955,0.505555555555556,0.453333333333333,1.25846153846154,0.944464023922562,1.12985951319916,0.5,0.753644524562456,0.227692307692308,0.0784615384615385,0.996117128694694,0.344444444444444,4.5,0.560096153846154,6.0330862217988,0,0,2.4,0.2,0,"R32","R32 - L",0.727272727272727,0.760963439104936,0.0336907118322083
"1043",2024,269,"Marquette","Final - L",0.486192608692413,0.37687514324205,0.695087898301954,32.1642857142857,8.55238095238095,23.6119047619048,16.1059523809524,8.5702380952381,3.78690476190476,9.56428571428571,15.2690476190476,78.725,71.2857142857143,0.427910371878592,0.346938456732271,0.561738545537933,7.43928571428571,68.8533035714286,1.14312802473071,1.03580631876838,0.601785714285714,0.632142857142857,1.96904761904762,1.46719109855175,1.68820793594725,0.6,0.629813401513873,0.153571428571429,0.269047619047619,0.932121020671409,0.576785714285714,8.1,0.663900414937759,6.18001665365257,1.55,1,2.5,0,1,"S16","S16 - L",0.735294117647059,0.782120286991662,0.046826169344603
"1044",2024,275,"Wisconsin","Final - L",0.465850266357011,0.354887863989872,0.753521053127139,33.7315384615385,9.78153846153846,23.95,13.1847435897436,6.22192307692308,1.66628205128205,9.63564102564103,16.9160256410256,75.424358974359,71.7732051282051,0.462528943824955,0.384213169505066,0.531835353171809,3.65115384615385,66.2340564102564,1.1394466563508,1.08338144802716,0.5,0.6,3.0475641025641,1.12080137299643,1.37097833011976,4.4,0.587368662490394,0.270769230769231,0.118589743589744,0.98473633920593,0.666666666666667,5.4,0.637465800131394,5.55295958492162,1.66826110281893,1.8,2.88888888888889,0,0,"R64","R64 - L",0.628571428571429,0.684878378075132,0.0563069495037032
"1045",2024,299,"Long Beach St","Final - W",0.442496254935369,0.321935904886796,0.723138440529634,38.2115079365079,12.4603174603175,25.7511904761905,15.9011904761905,7.25119047619048,4.38730158730159,11.840873015873,16.6380952380952,76.6166666666667,75.1936507936508,0.430963037500455,0.359924874945292,0.489255076846295,1.42301587301587,71.2127678571429,1.07617072092553,1.05633201363851,0.366071428571429,0.366666666666667,2.96666666666667,1.07218976025978,1.35002702536232,4.5,0.560017752557051,0.242460317460317,0.0559523809523809,0.953298902198495,0.576785714285714,6.6,0.526708074534161,6.69208374250663,1.66666666666667,1,3.25,0.2,0,"R64","R64 - L",0.6,0.572201281182479,-0.0277987188175207
"1046",2024,328,"Utah State","Semifinals - L",0.491381912329522,0.335406448721181,0.729799795998193,35.2184926184926,9.11250971250971,26.1059829059829,15.7193473193473,6.14848484848485,3.98531468531469,10.9231546231546,17.0585858585859,79.0651126651127,72.5540792540793,0.44537298640017,0.290017897778762,0.551030231476044,6.51103341103341,69.1064708624709,1.14405682028533,1.04936850755941,0.719642857142857,0.49,-0.411421911421911,0.987683848882719,1.43774455716866,2.5,0.87520007552672,0.255011655011655,0.308158508158508,0.977731967409714,0.705357142857143,5.8,0.648527728715694,4.8283137373023,0.805865360520723,0,3,0.2,0,"R32","R32 - L",0.818181818181818,0.80168610616704,-0.0164957120147787
"1047",2024,333,"Alabama","Quarterfinals - L",0.469877156765298,0.35184425521451,0.78752474078436,39.0730769230769,12.7059829059829,26.367094017094,15.7538461538462,6.97478632478632,4.04188034188034,12.3307692307692,20.6,89.5901709401709,84.1568376068376,0.448321618289139,0.325485247678183,0.553991077098061,5.43333333333333,75.1643397435897,1.19235369921736,1.11879492805021,0.720634920634921,0.611428571428571,-0.00512820512820517,0.928547808012094,1.28532100340136,7,0.771767435863509,0.191025641025641,0.331623931623932,0.961915288224577,0.558730158730159,5.6,0.684879994146936,5.61312810638807,1.56142349455484,2.33333333333333,2.7,0.2,1,"F4","F4 - L",0.65625,0.775871631491044,0.119621631491044
"1048",2024,344,"Mississippi St","Semifinals - L",0.457543180849954,0.329700159291107,0.645901308495962,37.4745726495727,12.7290598290598,24.7455128205128,13.3247863247863,7.79423076923077,2.75405982905983,12.9873931623932,17.0923076923077,74.1647435897436,71.9525641025641,0.429685225957142,0.305118303356738,0.517961616940848,2.21217948717949,68.2909604700855,1.0858329935002,1.05389065468289,0.46,0.566666666666667,1.9741452991453,0.948379239334344,1.02603759130181,3.1,0.402011367426921,0.23482905982906,0.155769230769231,0.967984153844427,0.51,4.3,0.730971348057856,5.40267738187228,0.901729007890082,1,3.1,0.2,0,"R64","R64 - L",0.617647058823529,0.705423578716168,0.0877765198926386
"1049",2024,356,"Illinois","Final - W",0.470548753365057,0.35831771444128,0.757448299213419,39.4683333333333,12.6633333333333,26.805,12.925,4.15166666666667,3.555,10.055,15.8716666666667,85.0083333333333,77.0983333333333,0.455500663963183,0.364309695312102,0.537494430240145,7.91,70.3985416666667,1.20759708576885,1.09525037291291,0.7625,0.673333333333333,1.26,0.830522071390798,1.29269272472063,0.9,0.6390328274974,0.288333333333333,0.17,0.967516110792143,0.423214285714286,5.9,0.6762451509753,5.79909265446053,0.967892342325498,1,3.5,0,0,"E8","E8 - L",0.764705882352941,0.814376957310509,0.0496710749575674
"1050",2024,2006,"Akron","Final - W",0.451100333120458,0.316751284654912,0.732516621424918,36.9478632478633,10.2371794871795,26.7106837606838,12.4745726495727,5.39423076923077,3.07713675213675,10.7277777777778,16.9959401709402,73.0440170940171,65.5194444444444,0.421454905747533,0.283829589418352,0.516727485822577,7.52457264957265,66.3911976495726,1.10051574035697,0.986755416727596,0.630555555555556,0.326666666666667,1.51858974358974,1.02137735682039,1.17841019739754,5,0.484185453084486,0.239957264957265,0.146367521367521,0.959841371653566,0.752777777777778,6.5,0.595573440643863,6.21060007702465,1.5,1,3.44444444444444,0,0,"R64","R64 - L",0.705882352941177,0.783710544079049,0.0778281911378725
"1051",2024,2142,"Colgate","Final - W",0.483705028003671,0.37267933270785,0.702589421048578,35.3649572649573,7.45811965811966,27.9068376068376,15.0316239316239,6.36495726495727,3.97179487179487,10.2034188034188,13.1623931623932,72.5786324786325,61.6974358974359,0.401879054281697,0.289219378194767,0.552278909252992,10.8811965811966,65.3103760683761,1.11159316498047,0.944533820700506,0.420833333333333,0.5,-0.812820512820513,1.08540954759956,1.50700128589271,1.5,0.680142833962923,0.267521367521368,0.130769230769231,0.945036174474048,0.618055555555556,8.8,0.538141307129506,5.93224518744801,0.990116046052788,1,2.8,0.2,0,"R64","R64 - L",0.735294117647059,0.794323029847105,0.0590289122000464
"1052",2024,2168,"Dayton","Quarterfinals - L",0.474346059452954,0.394003322259136,0.72215318015318,34.2888888888889,8.11944444444444,26.1694444444444,14.2583333333333,5.49166666666667,3.58333333333333,10.4,13.5222222222222,74.6805555555556,66.625,0.415906688141568,0.308087590429817,0.557306614515869,8.05555555555556,65.1330416666667,1.14753852939733,1.02315137251745,0.816666666666667,0.79,-1.73611111111111,1.00292688434268,1.43224034683647,1.5,0.505799150988736,0.402777777777778,0.105555555555556,0.986357737181738,0.666666666666667,7.8,0.645621181262729,6.19847871649231,1,0,2.875,0,0,"R32","R32 - L",0.774193548387097,0.789176943616574,0.0149833952294773
"1053",2024,2181,"Drake","Final - W",0.485143382000178,0.385136764719468,0.745279699065647,34.2226495726496,7.31068376068376,26.9119658119658,15.7480769230769,6.22008547008547,1.35555555555556,9.41452991452991,16.1549145299145,81.4025641025641,72.0534188034188,0.445507923162206,0.330686479395137,0.56199619935662,9.3491452991453,70.5465,1.1546322283524,1.02092201244345,0.557142857142857,0.825,2.15470085470085,1.22764648142555,1.67736459277157,1.3,0.744655393485267,0.260470085470085,0.24465811965812,0.978850298970578,0.760714285714286,7.7,0.705077425364416,5.14166355650266,0.858164730188463,1,3,0,1,"R64","R64 - L",0.823529411764706,0.81077740716544,-0.0127520045992657
"1054",2024,2184,"Duquesne","Final - W",0.432221559606307,0.333192384935195,0.718608225567098,34.0424358974359,9.82384615384616,24.2185897435897,13.4502564102564,7.51717948717949,4.26910256410256,11.8669230769231,16.8987179487179,68.1719230769231,65.2329487179487,0.421470506970554,0.301632353925788,0.496524364505076,2.93897435897436,66.087083974359,1.03110546974582,0.986955410210506,0.5,0.283333333333333,0.961923076923077,1.10207080004302,1.13270326861886,4.7,0.463276792519276,0.27025641025641,0.0166666666666667,0.96988282357273,0.557142857142857,4,0.618127786032689,6.51323011091231,1,0,2.83333333333333,0.2,0,"R32","R32 - L",0.685714285714286,0.682014690197014,-0.00369959551727206
"1055",2024,2226,"FAU","Semifinals - L",0.471490308846801,0.350912672761412,0.736306880162069,38.1492618492618,12.0359751359751,26.1132867132867,15.0246309246309,6.80621600621601,3.19145299145299,10.7387723387723,15.6482517482517,82.2018648018648,74.6703962703963,0.442052704061002,0.336968815210323,0.542366501164094,7.53146853146853,69.9121519036519,1.17631436083096,1.06770752058987,0.705357142857143,0.6,1.37925407925408,1.00541370886706,1.41228104916062,1.2,0.567445666155765,0.385703185703186,0.0752136752136752,0.996099719816607,0.846428571428571,6.1,0.627585127428383,5.08759633523238,5.51941448021632,6.5,3.6,0.2,0,"R64","R64 - L",0.757575757575758,0.787641473933201,0.030065716357443
"1056",2024,2250,"Gonzaga","Final - L",0.532722947208765,0.374806546110894,0.73122875644632,36.9027972027972,9.55384615384615,27.3489510489511,17.0433566433566,6.89405594405594,4.11783216783217,8.71643356643357,15.5258741258741,85.672027972028,69.243006993007,0.412614495414814,0.350107726520424,0.590276818882695,16.429020979021,68.5792902097902,1.24947838686361,1.01022394392484,0.573809523809524,0.85,1.90629370629371,1.32787109062255,1.98180195858651,2,0.517921625323438,0.206293706293706,0.417132867132867,1,0.492857142857143,9.3,0.836165048543689,6.71538338633468,2.34782608695652,2.34782608695652,3,0.2,1,"S16","S16 - L",0.78125,0.907441389336097,0.126191389336097
"1057",2024,2253,"Grand Canyon","Final - W",0.456129032489027,0.347070510408915,0.761572168338243,37.4177156177156,11.3185703185703,26.0991452991453,12.1195804195804,8.17319347319347,5.18111888111888,12.1386946386946,18.1972804972805,78.3989121989122,66.3325563325563,0.398151399398819,0.323713400900901,0.516582423128322,12.0663558663559,69.4337735042735,1.13003202142634,0.954965151669812,0.7625,0.493333333333333,1.83372183372183,1.16494204741147,0.994391497820472,4.5,0.685786632366989,0.158430458430458,0.299456099456099,0.992799135617441,0.576785714285714,7.3,0.62811375795518,5.89715386763674,0.984259160889675,1,3.5,0,0,"R32","R32 - L",0.878787878787879,0.873956583202139,-0.00483129558573936
"1058",2024,2305,"Kansas","Early Round - L",0.478348833880466,0.30640184197875,0.716030854358351,34.2871794871795,7.69059829059829,26.5965811965812,17.4094017094017,7.02478632478633,3.48931623931624,11.3209401709402,15.0576923076923,72.7004273504274,70.608547008547,0.41699970129273,0.35164439651464,0.524879330120931,2.09188034188034,68.9200534188034,1.05413881728518,1.02517785220893,0.371428571428571,0.325,-1.75641025641026,1.02220637291791,1.53675378792133,2.1,0.539758584885919,0.306410256410256,0.311965811965812,0.958339778193041,0.714285714285714,3.9,0.7685546875,6.93244789157251,3.16666666666667,3.42105263157895,3.5,0.2,1,"R32","R32 - L",0.6875,0.731792365935882,0.0442923659358821
"1059",2024,2344,"Longwood","Final - W",0.446718993207937,0.357794656324068,0.693902923070929,36.7793939393939,12.8175757575758,23.9618181818182,12.4351515151515,6.53666666666667,2.3569696969697,12.3281818181818,19.0769696969697,73.760303030303,71.0893939393939,0.457460650442079,0.352933522313431,0.501509554548484,2.67090909090909,68.1564242424243,1.08210795419001,1.04330055296214,0.4875,0.463333333333333,5.2769696969697,1.05874173280423,1.01199074074074,3.3,0.485070064613803,0.351818181818182,0.128787878787879,0.982797995476653,0.5,5.5,0.562003433888283,5.08140436498446,0.84810722404044,1,3.25,0.2,0,"R64","R64 - L",0.617647058823529,0.76295718367537,0.14531012485184
"1060",2024,2377,"McNeese","Final - W",0.482250010241855,0.383165148136822,0.704366072887727,34.9346542346542,10.5900543900544,24.3445998445998,15.0062937062937,10.1191919191919,3.7969696969697,10.279797979798,18.5390054390054,79.3587412587413,62.2103341103341,0.390231067182544,0.316432182780729,0.548313229820018,17.1484071484071,67.3869696969697,1.18024143209544,0.92466495401963,0.5125,0.855,6.71787101787102,1.6784188034188,1.52165174971779,4.7,0.611381368913735,0.182051282051282,0.350582750582751,0.973940328460633,0.6125,8.5,0.669039965145559,5.68017260901707,1.32726173877844,0,3.33333333333333,0.2,0,"R64","R64 - L",0.909090909090909,0.9501856159202,0.0410947068292906
"1061",2024,2413,"Morehead St","Final - W",0.470313172013367,0.360971086570238,0.709232532610099,37.4869408369408,10.6328282828283,26.8541125541126,14.2510822510823,6.22236652236652,4.46681096681097,11.3486291486291,15.2647907647908,73.9336940836941,62.4741702741703,0.400086994728665,0.307311201955848,0.555051167896111,11.4595238095238,64.4234761904762,1.1477464374961,0.96986253237366,0.8125,0.54,0.699062049062049,0.927294058700239,1.25541661079864,1.7,0.418101555930395,0.0525974025974026,0.22979797979798,0.952318763416999,0.8375,6.6,0.542690339518862,5.37063802812766,0.896381508377616,1,3,0.2,0,"R64","R64 - L",0.764705882352941,0.883159680891393,0.118453798538452
"1062",2024,2440,"Nevada","Quarterfinals - L",0.471174500330239,0.383356191268165,0.713467692617683,32.9325396825397,8.86269841269841,24.0698412698413,15.4174603174603,6.48015873015873,3.46349206349206,10.3539682539683,18.1960317460317,74.6087301587302,68.8134920634921,0.435621038621849,0.327140827345431,0.53797447378614,5.7952380952381,65.7546349206349,1.13475605366013,1.04657300703542,0.49047619047619,0.575,0.403968253968254,1.10833333333333,1.50606060606061,4.3,0.585804654216623,0.238888888888889,0.173015873015873,0.977953283230644,0.56984126984127,4.8,0.6440489432703,6.80239476332431,1.66666666666667,1,3.55555555555556,0.2,0,"R64","R64 - L",0.787878787878788,0.808103649026879,0.020224861148091
"1063",2024,2473,"Oakland","Final - W",0.449620624262933,0.360806299214184,0.778260401323234,37.2088888888889,10.8066666666667,26.4022222222222,15.6688888888889,6.62,3.48,11.1822222222222,14.5622222222222,78.5177777777778,71.9555555555555,0.427178258484428,0.320267217982113,0.528370378143271,6.56222222222222,69.5548333333333,1.12882238432508,1.03466194501511,0.3875,0.591666666666667,0.211111111111111,0.992630443422472,1.40084596604781,2.5,0.853752259795469,0.291111111111111,0.204444444444444,0.964406522014932,0.625,8.1,0.53359173126615,6.65286302935335,1,1,2.77777777777778,0.2,0,"R32","R32 - L",0.676470588235294,0.626154214848941,-0.0503163733863529
"1064",2024,2483,"Oregon","Final - W",0.453123305955629,0.327320280061874,0.734860976009092,33.3692307692308,9.70769230769231,23.6615384615385,13.7307692307692,6.76153846153846,3.72307692307692,9.82692307692308,16.3115384615385,74.1692307692308,72.5384615384615,0.461583095232902,0.349751871402267,0.51381776876835,1.63076923076923,67.7959038461538,1.09417946060577,1.07089487655889,0.640277777777778,0.617142857142857,2.82692307692308,1.17552147134885,1.39970396080033,1.6,0.671999330213788,0.396153846153846,0.0692307692307692,0.957160614491478,0.752777777777778,4.7,0.656193895870736,7.01660968389422,1.9,2.92857142857143,2.77777777777778,0.2,0,"R32","R32 - L",0.676470588235294,0.626886107924876,-0.0495844803104186
"1065",2024,2509,"Purdue","Semifinals - L",0.482612209675881,0.417443046356514,0.729825278304786,39.8974358974359,12.4100233100233,27.4874125874126,18.079797979798,5.2009324009324,3.35003885003885,11.2771561771562,14.5731157731158,81.6880341880342,71.134965034965,0.428337638645302,0.32983992631702,0.555280384679515,10.5530691530692,67.529817016317,1.20843200729294,1.05404243568197,0.633333333333333,0.841666666666667,0.837529137529138,0.795483870967742,1.61300067204301,0.6,0.600520178080567,0.203885003885004,0.217249417249417,0.999482870071105,0.494444444444444,5.1,0.683307332293292,6.46458830368996,1.8,1.85714285714286,2.9,0.2,0,"Final","Final - L",0.878787878787879,0.870129082656349,-0.00865879613152987
"1066",2024,2535,"Samford","Final - W",0.494725308820549,0.388315465631859,0.725435105435105,34.0621794871795,9.2508547008547,24.8113247863248,16.1358974358974,9.71089743589744,3.58568376068376,12.3416666666667,18.5126068376068,84.1925213675214,73.525,0.435938467928785,0.346116720822411,0.572752457171814,10.6675213675214,72.3341698717949,1.16288216778382,1.01652685528009,0.6625,0.793333333333333,1.29679487179487,1.30338933097554,1.30614795166519,4,0.739176256785317,0.213888888888889,0.267735042735043,0.937001376958121,0.6225,7.4,0.591522757177327,4.43081679884331,0,0,2.75,0,0,"R64","R64 - L",0.852941176470588,0.839981325443151,-0.012959851027437
"1067",2024,2571,"S Dakota St","Final - W",0.497472028721896,0.371778440623724,0.741594472326288,34.9952380952381,7.54642857142857,27.4488095238095,12.7488095238095,5.69761904761905,2.88452380952381,10.8261904761905,13.8095238095238,77.9154761904762,70.8619047619048,0.423889919850348,0.344070579536705,0.574264083838074,7.05357142857143,68.2570238095238,1.14133476450424,1.03882405417563,0.666666666666667,0.5,-0.298809523809524,1.01884738899071,1.17595626617419,1.5,0.469287082181719,0.380952380952381,0.128571428571429,0.998640474153733,0.65,9.9,0.696563784341654,4.81218435537242,0.803173300540551,1,3,0.2,1,"R64","R64 - L",0.647058823529412,0.708082758075405,0.0610239345459935
"1068",2024,2579,"South Carolina","Quarterfinals - L",0.433519494502527,0.326663926536405,0.702521564352817,35.3137529137529,11.3884226884227,23.9253302253302,15.3556332556333,4.61701631701632,3.10753690753691,10.3282051282051,16.1203574203574,70.3592851592852,68.8905205905206,0.438562553410077,0.334962371512482,0.498255004712872,1.46876456876457,64.8993768453768,1.08435011903849,1.06113607816012,0.706349206349206,0.492857142857143,0.492540792540793,0.897897520661157,1.49189892656977,1.1,0.66843941085022,0.345920745920746,0.167132867132867,0.973308172425769,0.70952380952381,3.2,0.527291536871411,5.25749537202778,0.87749753515032,0,3.18181818181818,0,1,"R64","R64 - L",0.787878787878788,0.690255360284721,-0.0976234275940673
"1069",2024,2608,"Saint Mary's","Final - W",0.489714407725337,0.39824325824763,0.697585573084039,37.6033333333333,11.7333333333333,25.87,16.95,6.51,3.41666666666667,8.85666666666667,15.2666666666667,76.7833333333333,58.8533333333333,0.407417003018072,0.319635613756863,0.561127071067519,17.93,62.6119833333333,1.22692959623397,0.940129590858328,0.585714285714286,0.825,6.11666666666667,1.17446286065071,1.95288082083662,2.6,0.825915747710819,0.283333333333333,0.44,0.961047485489463,0.571428571428571,9.6,0.709090909090909,6.57368016696065,1.22222222222222,1.22222222222222,3.11111111111111,0,0,"R64","R64 - L",0.787878787878788,0.92948115948445,0.141602371605662
"1070",2024,2612,"Saint Peter's","Final - W",0.39956046002223,0.352164322881112,0.710371594326678,35.72,12.2981818181818,23.4218181818182,11.1163636363636,7.12909090909091,4.64727272727273,12.5472727272727,18.6472727272727,65.9509090909091,63.22,0.408667969036613,0.313940011356425,0.454599128139145,2.73090909090909,65.8349181818182,1.00130924710634,0.960675108572375,0.3625,0.566666666666667,3.07818181818182,1.06098721605074,0.884050377934225,3.6,0.502162789576581,0.343636363636364,0.0981818181818182,0.950197019279431,0.675,3.5,0.550104220482557,5.79301360838414,0,0,2.2,0.2,0,"R64","R64 - L",0.59375,0.580706156111256,-0.0130438438887442
"1071",2024,2628,"TCU","Quarterfinals - L",0.449254937687609,0.362876519731358,0.713311313248449,36.3007575757576,12.8342424242424,23.4665151515152,16.0115151515152,8.45212121212121,3.47257575757576,12.910303030303,17.5260606060606,76.3227272727273,72.69,0.456762802584167,0.327144149967679,0.507695313164564,3.63272727272727,70.3855431818182,1.08381053602483,1.03246536938663,0.566666666666667,0.686666666666667,4.00121212121212,1.08540100250627,1.23975279106858,0.7,0.485901286426611,0.401060606060606,0.0983333333333334,0.970873212911349,0.444444444444444,6.5,0.679767103347889,6.53378883793334,1.42857142857143,1,3.9,0.2,0,"R64","R64 - L",0.636363636363636,0.763263680120305,0.126900043756669
"1072",2024,2633,"Tennessee","Quarterfinals - L",0.446404613970009,0.341741595739207,0.741423916251305,38.5416666666667,11.8416666666667,26.7,16.6733333333333,8.20833333333333,4.575,10.2166666666667,17.4833333333333,80.1383333333333,69.3,0.39771153781614,0.324009080868818,0.518422705665895,10.8383333333333,70.1325916666667,1.14226691343795,0.988641468420634,0.625,0.38,4.09333333333333,1.32527068986719,1.65364639695032,1.8,0.341129100551501,0.188333333333333,0.315,0.999484073575594,0.75,4.8,0.657383966244726,7.07834157955767,1.72222222222222,1.8,3.125,0,1,"E8","E8 - L",0.75,0.850007123625241,0.100007123625241
"1073",2024,2641,"Texas Tech","Semifinals - L",0.455835512720532,0.369768124835627,0.777720197621802,33.6734848484848,9.18606060606061,24.4874242424242,14.4598484848485,6.02939393939394,2.22424242424242,11.1037878787879,15.334696969697,74.6998484848485,71.2937878787879,0.436601503224665,0.326308668678291,0.530251265826512,3.40606060606061,66.8939196969697,1.1171536981438,1.06557039442725,0.591071428571429,0.493333333333333,-2.20666666666667,1.02897764141628,1.3509448323694,2.6,0.712281672299149,0.173787878787879,0.204242424242424,0.949685228703701,0.717857142857143,3.6,0.664578662086528,5.4510384535657,0.909800669052921,0,3,0.2,0,"R64","R64 - L",0.696969696969697,0.720774677495834,0.0238049805261373
"1074",2024,2681,"Wagner","Final - W",0.400310637075343,0.321002381692037,0.723935383020383,35.7530303030303,10.7636363636364,24.9893939393939,12.9159090909091,5.40227272727273,2.33636363636364,10.1181818181818,14.9833333333333,63.4659090909091,61.7159090909091,0.415243253283282,0.298817630771533,0.462350421660852,1.75,63.1125265151515,1.00568115858518,0.977787068469411,0.698412698412698,0.28,2.66590909090909,1.03536851236745,1.27072104464153,2.9,0.374497213240951,0.397727272727273,0.0833333333333333,0.986556276978592,0.580952380952381,2.9,0.576583243326857,3.36729582998647,0,0,2.11111111111111,0.2,0,"R64","R64 - L",0.516129032258065,0.56320589052484,0.0470768582667755
"1075",2024,2755,"Grambling","Final - W",0.447965836045916,0.370531596498447,0.708208631651136,32.8416666666667,9.57166666666667,23.27,10.1783333333333,7.49666666666667,3.39,13.2933333333333,15.73,69.1566666666667,65.56,0.410269477275596,0.301907404198107,0.503209842828072,3.59666666666667,67.0513833333333,1.03323945913793,0.978438673705691,0.4875,0.7,-1.695,0.980125012311286,0.774035498712591,2,0.435279842364928,0.173333333333333,0.0416666666666667,0.968040470580244,0.6375,3.4,0.544538509412276,5.23110861685459,0,0,3.09090909090909,0,0,"R64","R64 - L",0.588235294117647,0.442237515931116,-0.145997778186531
"1076",2025,2,"Auburn","Semifinals - L",0.469382124215353,0.365715722759283,0.733139998241549,35.7375291375291,11.580574980575,24.1569541569542,15.0647241647242,7.02905982905983,5.9972804972805,9.46884226884227,19.2148407148407,81.6641025641026,71.9250194250194,0.419927167046334,0.280455975476873,0.544693461215001,9.73908313908314,68.4915003885004,1.19233620296228,1.05119975532853,0.626984126984127,0.74,2.86899766899767,1.30552811307847,1.59332626013149,2.6,0.661444007850293,0.331546231546232,0.187179487179487,0.977309232472496,0.558730158730159,7.7,0.671191553544495,6.49828214947643,2.03846153846154,2.1,3.22222222222222,0.2,0,"F4","F4 - L",0.848484848484849,0.885720835252166,0.0372359867673177
"1077",2025,8,"Arkansas","Early Round - L",0.440924921886624,0.314824415164056,0.732512556574747,34.8483294483295,9.41934731934732,25.4289821289821,13.2876456876457,7.1986790986791,5.61569541569542,11.4804195804196,17.0101787101787,73.702331002331,73.9097902097902,0.425218419849882,0.335185584860188,0.499061448453353,-0.207459207459207,69.5793096348096,1.05901808509728,1.062614934709,0.568055555555556,0.38,-1.52626262626263,1.0096129111665,1.17528754730915,3.3,0.538359763844149,0.381662781662782,0.0762237762237762,0.966206323972143,0.505555555555556,5.6,0.764758497316637,7.02019070831193,3.43478260869565,0,2.55555555555556,0.2,0,"S16","S16 - L",0.606060606060606,0.692644179614669,0.0865835735540625
"1078",2025,12,"Arizona","Final - L",0.466859479288592,0.330834015690153,0.798629269981096,38.6123931623932,11.5784188034188,27.0339743589744,15.7448717948718,7.26025641025641,4.61923076923077,11.2055555555556,16.4365384615385,80.3933760683761,73.9732905982906,0.422004100800721,0.336271001138584,0.524816604078747,6.42008547008547,69.5491356837607,1.1554458415875,1.06390782299972,0.370833333333333,0.6,0.0747863247863249,0.967979416487486,1.4020741905592,2.3,0.354962442023962,0.182478632478632,0.05,0.991256404925471,0.494444444444444,4.8,0.772812282547128,4.69134788222914,1.82701212796991,2.33333333333333,3.125,0.4,0,"S16","S16 - L",0.647058823529412,0.790480031824869,0.143421208295457
"1079",2025,21,"San Diego St","Quarterfinals - L",0.440462929524622,0.321327428108041,0.649097690746531,34.430303030303,9.95050505050505,24.479797979798,12.939898989899,7.65252525252525,4.98787878787879,11.0171717171717,19.2853535353535,69.2585858585859,63.8767676767677,0.388524952672684,0.307965551510253,0.507506966562678,5.38181818181818,65.9087171717172,1.05035862356703,0.970319941243868,0.555555555555556,0.32,1.36212121212121,1.20984142374101,1.18100027135718,2.7,0.786253130688022,0.316161616161616,0.116161616161616,0.959116022646966,0.618055555555556,6.8,0.741572195789589,5.46383180502561,2.27983982967192,2.5,2.77777777777778,0,1,"First Four","First Four - L",0.7,0.765718295851392,0.0657182958513922
"1080",2025,26,"UCLA","Quarterfinals - L",0.460933012922705,0.342581796339481,0.716524265208476,31.7059829059829,10.5773504273504,21.1286324786325,16.0948717948718,7.38632478632479,3.16367521367521,10.2294871794872,17.3713675213675,73.1884615384615,69.5247863247863,0.446494543512892,0.347758368530872,0.526129711766146,3.66367521367521,65.3433076923077,1.11992173154605,1.06506461290121,0.641666666666667,0.633333333333333,4.86880341880342,1.37502694290439,1.64235774730085,3.9,0.686296556769586,0.364102564102564,0.223931623931624,0.981398438496933,0.752777777777778,8.2,0.681818181818182,6.55819780281227,1.82142857142857,4.16666666666667,2.7,0,1,"R32","R32 - L",0.6875,0.804775681449711,0.117275681449711
"1081",2025,28,"UC San Diego","Final - W",0.471653118227969,0.370881924420858,0.758709545070249,33.3242424242424,8.6,24.7242424242424,16.2064935064935,9.3001443001443,2.49249639249639,8.48506493506494,16.1633477633478,79.3560606060606,61.1227994227994,0.38651839232986,0.309203981331524,0.565108178304349,18.2332611832612,66.2699231601732,1.19744650126279,0.922923453077864,0.675,0.526666666666667,5.25901875901876,1.80287467700258,1.91848352713178,3.6,0.525810384840423,0.0668831168831169,0.393290043290043,0.993810437827817,0.75,13,0.500934518355086,4.70048036579242,0,0,2.875,0,1,"R64","R64 - L",0.882352941176471,0.944771343925187,0.0624184027487166
"1082",2025,36,"Colorado St","Final - W",0.492001906499633,0.402696716415453,0.778157898029969,34.0386724386724,8.1031746031746,25.9354978354978,16.8294372294372,5.21103896103896,2.25728715728716,11.2015151515152,17.3420634920635,76.4473304473305,66.1020202020202,0.425287695270274,0.324552206777892,0.581817242520373,10.3453102453102,65.0092752525253,1.17708995475867,1.01705736626137,0.56984126984127,0.775,-1.33787878787879,0.940045554915515,1.52916805875576,2.4,0.804233068625403,0.155772005772006,0.379004329004329,0.993069973312504,0.70952380952381,6.1,0.547284969630781,5.88610403145016,0.982414897921964,1,3.44444444444444,0.2,0,"R32","R32 - L",0.735294117647059,0.779151637214365,0.0438575195673058
"1083",2025,41,"UConn","Semifinals - L",0.472367949164183,0.350253578325005,0.787889337050973,35.1160839160839,11.0858585858586,24.0302253302253,16.5031857031857,5.0034188034188,6.16379176379176,11.9243978243978,17.3528360528361,74.2094794094794,68.3087801087801,0.425434806349114,0.337224993850317,0.550797024538509,5.9006993006993,64.4507334887335,1.15102775798335,1.06011660851291,0.452380952380952,0.533333333333333,-1.21763791763792,0.800542429724882,1.41618087440383,2.3,0.520780811044987,0.353613053613054,0.0829059829059829,0.956790942680564,0.29047619047619,7.6,0.641758241758242,6.12249280951439,4.5,6.25,2.88888888888889,0.2,1,"R32","R32 - L",0.696969696969697,0.805104348643814,0.108134651674117
"1084",2025,43,"Yale","Final - W",0.492538111264099,0.394297021441177,0.738168180866467,38.0833333333333,10.7944444444444,27.2888888888889,15.4555555555556,5.77777777777778,3.84166666666667,9.11666666666667,14.7416666666667,82.0361111111111,69.4194444444445,0.40512727507263,0.322875885995949,0.556595419089367,12.6166666666667,68.2828472222222,1.20146930149484,1.01668339127875,0.404166666666667,0.733333333333333,2.95277777777778,1.26930320150659,1.7674522464353,0.7,0.745904173447163,0.338888888888889,0.338888888888889,0.983566076406944,0.5125,10,0.56011315417256,6.56244409369372,1,1,2.5,0.2,0,"R64","R64 - L",0.758620689655172,0.850374910408487,0.0917542207533147
"1085",2025,44,"American","Final - W",0.43958640154592,0.353374231182381,0.772594785434313,30.1102564102564,7.23589743589744,22.874358974359,12.3811965811966,6.54957264957265,1.35128205128205,10.0700854700855,17.317094017094,67.5538461538462,65.6641025641026,0.456237524262828,0.330720452316562,0.518485937933914,1.88974358974359,63.5305299145299,1.06366258751408,1.03307465492646,0.75,0.494285714285714,0.770940170940171,1.15854153757889,1.24189879518072,4.4,0.811595816296695,0.286324786324786,0.200854700854701,0.9391503841755,0.6125,5.2,0.550490800088083,3.49650756146648,0,0,2.9,0,0,"First Four","First Four - L",0.647058823529412,0.555709934322949,-0.0913488892064624
"1086",2025,57,"Florida","Final - W",0.473570031300456,0.361568567925045,0.710507751916461,40.366452991453,13.133547008547,27.232905982906,15.7542735042735,7.3732905982906,4.34679487179487,10.4660256410256,17.9019230769231,84.532905982906,71.6961538461538,0.410540312359331,0.307367561952812,0.55482089373852,12.8367521367521,69.8549583333333,1.21042560456155,1.0257657902228,0.6125,0.47,2.52970085470086,1.07666953144894,1.50318839657075,3.4,0.455659221336457,0.169444444444444,0.359401709401709,0.947788927184535,0.5,8,0.602134362760355,5.09375020080676,0.850167794661401,1,2.88888888888889,0.2,0,"Final","Final - W",0.882352941176471,0.909677535092072,0.0273245939156018
"1087",2025,61,"Georgia","Early Round - L",0.439198237577843,0.321991665892121,0.719168086010776,35.1128205128205,11.6876068376068,23.4252136752137,10.5666666666667,7.27820512820513,4.73888888888889,12.7820512820513,17.1465811965812,71.6282051282051,72.0764957264957,0.422186137752789,0.324330588723649,0.498763248003323,-0.448290598290599,67.2369294871795,1.06427250203555,1.07277051547082,0.619642857142857,0.39,-1.58247863247863,0.92077394005848,0.825995979532164,3.1,0.460186280825809,0.206410256410256,0.138461538461538,0.954742337304915,0.619642857142857,3.2,0.634090909090909,6.08904487544685,1.5,0,2.4,0.2,0,"R64","R64 - L",0.625,0.721051522039004,0.0960515220390038
"1088",2025,66,"Iowa State","Quarterfinals - L",0.467640348182284,0.363524962883357,0.752455302571187,34.8251515151515,9.79469696969697,25.0304545454545,13.9580303030303,8.95484848484849,3.44560606060606,12.8954545454545,16.8216666666667,77.0757575757576,69.0778787878788,0.416868224778815,0.334931755114653,0.536909487787478,7.99787878787879,69.6800598484849,1.10538450807286,0.9918795766047,0.5625,0.65,1.50166666666667,1.17281189083821,1.1024537037037,2,0.414380968126183,0.147575757575758,0.223787878787879,0.937057783416829,0.5,9.9,0.632176177571963,5.59098698051086,1.67968557366783,2.33333333333333,3.77777777777778,0.2,1,"R32","R32 - L",0.727272727272727,0.86149888386702,0.134226156594292
"1089",2025,96,"Kentucky","Quarterfinals - L",0.481903696809803,0.384081997814491,0.738704207669725,36.6408702408702,9.35850815850816,27.2823620823621,15.9379176379176,6.53014763014763,3.51779331779332,11.8839160839161,17.9567987567988,83.4828282828283,81.1055167055167,0.453356041235289,0.323180683812724,0.562557559130439,2.37731157731158,72.4113337218337,1.15326544000668,1.11982882270864,0.555555555555556,0.5,-2.42649572649573,0.835835817188276,1.37519042887895,3.4,0.466045993055279,0.34024864024864,0.232634032634033,0.914021017443246,0.455555555555556,6,0.633262662106841,5.69035945432406,0.949744325378799,0,3.5,0.2,1,"S16","S16 - L",0.666666666666667,0.731376968656295,0.0647103019896281
"1090",2025,97,"Louisville","Final - L",0.466529886078833,0.34756632414366,0.752116498730945,37.1410256410256,10.2826923076923,26.8583333333333,14.2918803418803,6.00576923076923,2.82564102564103,11.0619658119658,15.1675213675214,78.8805555555556,67.6358974358974,0.41330769020855,0.326021889731915,0.547313693133229,11.2446581196581,68.4117126068376,1.15311569231586,0.988630647919657,0.5875,0.216666666666667,1.51495726495726,1.11045939294504,1.29431227782335,2.3,0.729356764848027,0.18974358974359,0.291239316239316,0.955039195314092,0.5,6.8,0.681051894934049,5.95064255258773,0.993186641730199,0,3.22222222222222,0.2,1,"R64","R64 - L",0.794117647058823,0.8092811542007,0.0151635071418765
"1091",2025,116,"Mount St Marys","Final - W",0.448646764215172,0.361562004415496,0.732058219910968,37.6102564102564,9.83568376068376,27.7745726495727,15.1386752136752,5.48653846153846,2.64316239316239,15.0668803418803,15.1190170940171,69.1583333333333,68.3805555555556,0.395660203435877,0.32047350629631,0.527558461079429,0.777777777777778,67.1681816239316,1.02980546108039,1.01794732148279,0.555555555555556,0.555,-5.59444444444444,0.681089349124521,1.00500245588846,3.3,0.695101003103121,0.24465811965812,0.0675213675213675,0.92194020762793,0.629166666666667,4.9,0.621250121915462,0,0,0,2.66666666666667,0,0,"R64","R64 - L",0.647058823529412,0.521916808158985,-0.125142015370427
"1092",2025,120,"Maryland","Semifinals - L",0.457637542074129,0.37523942004338,0.762168700959024,35.2038073038073,10.0630147630148,25.1407925407925,13.655710955711,7.67218337218337,4.6968142968143,10.5031857031857,15.8829836829837,78.9614607614608,69.8986013986014,0.424639925216403,0.310037289033403,0.52075030766053,9.06285936285936,70.3515159285159,1.12228461949863,0.993779946770906,0.573333333333333,1,2.88228438228438,1.30921463934315,1.33142017731439,2.1,0.458019188298495,0.384693084693085,0.204584304584305,0.99903806338589,0.606666666666667,7.7,0.562043795620438,6.30809844150953,1,1,2.9,0,1,"S16","S16 - L",0.757575757575758,0.898209478931196,0.140633721355438
"1093",2025,127,"Michigan St","Semifinals - L",0.453512241734957,0.318937335309618,0.763197600952805,38.7606060606061,11.5067599067599,27.2538461538462,16.1543900543901,5.45283605283605,4.23698523698524,11.2190365190365,17.6334887334887,76.2565656565657,67.3258741258741,0.404192235430031,0.269263588517545,0.506561699278089,8.93069153069153,68.6378216783217,1.11081850652739,0.980967312650165,0.34,0.333333333333333,2.28003108003108,0.997697649036532,1.45344490164593,1.3,0.571926923051082,0.277389277389277,0.111965811965812,0.994632414447224,0.44,8.3,0.705588822355289,6.91075078796194,3.42307692307692,3.42307692307692,2.9,0.2,1,"E8","E8 - L",0.818181818181818,0.839403419103404,0.0212216009215861
"1094",2025,130,"Michigan","Final - W",0.456357603413169,0.320164261442348,0.737381151187121,37.3373931623932,10.3873931623932,26.95,15.5100427350427,5.01282051282051,3.08034188034188,13.5452991452991,17.5029914529915,75.6805555555556,73.4198717948718,0.410153760896028,0.322723360227077,0.525306433522035,2.26068376068376,70.3335288461538,1.0757720969251,1.04384746114188,0.731746031746032,0.41,-4.59230769230769,0.757116199925934,1.14343386456218,1.5,0.8179438373316,0.510683760683761,0.132264957264957,0.983092754098514,0.56984126984127,7.8,0.643188783312615,5.27811465923052,3.30352117024013,0,3.22222222222222,0,1,"S16","S16 - L",0.735294117647059,0.737921198758211,0.00262708111115217
"1095",2025,142,"Missouri","Quarterfinals - L",0.474802194360136,0.374554513697371,0.726276546100403,34.0274281274281,11.3383061383061,22.689121989122,13.9534576534577,8.93986013986014,2.01414141414141,10.7700077700078,19.6705516705517,83.0499611499611,76.9150738150738,0.46205171439661,0.333567821588309,0.551124758808346,6.13488733488733,69.3692715617716,1.19701103165551,1.10948065968473,0.5,0.585,3.07700077700078,1.21721439995475,1.29467275829455,1.9,0.361556623320159,0.196192696192696,0.172804972804973,0.982622415632453,0.8775,7.2,0.543016489017125,5.06259503302697,0.844967869411934,1,3.54545454545455,0.2,0,"R64","R64 - L",0.666666666666667,0.813994552442949,0.147327885776282
"1096",2025,145,"Ole Miss","Quarterfinals - L",0.436141394950201,0.334037685870809,0.737504436557232,32.0018648018648,8.52921522921523,23.4726495726496,13.1313908313908,8.09479409479409,3.28282828282828,8.86666666666667,18.5485625485626,75.3876456876457,74.7457653457653,0.443049995753551,0.333585757482164,0.502617041678795,0.641880341880342,69.5403115773116,1.08423565108345,1.0747568465715,0.695238095238095,0.483333333333333,2.06425796425796,1.5044289044289,1.48601398601399,2.9,0.61567343852711,0.465889665889666,0.0839160839160839,0.990032502815646,0.70952380952381,3.3,0.687688229790169,5.62401750618734,2.42490158737513,0,4,0.2,1,"S16","S16 - L",0.666666666666667,0.691303749218813,0.0246370825521464
"1097",2025,149,"Montana","Final - W",0.513620088021838,0.393978974195604,0.744909959831085,30.4538461538462,6.36111111111111,24.092735042735,13.6773504273504,6.19957264957265,3.04081196581197,10.232264957265,15.9856837606838,77.1523504273504,71.9555555555555,0.457509402292239,0.334959974886203,0.585055618048375,5.19679487179487,66.3957884615385,1.16260735902372,1.08374439737284,0.441269841269841,0.753333333333333,-2.48952991452991,1.05191721132898,1.35211328976035,3.7,0.805790415039402,0.320299145299145,0.218376068376068,0.992374032538304,0.838095238095238,5.5,0.618556749341803,5.78689738136671,0.965856901241281,1,3.33333333333333,0.2,0,"R64","R64 - L",0.735294117647059,0.641771417317984,-0.0935227003290747
"1098",2025,150,"Duke","Final - W",0.496892133766425,0.388537246336153,0.797132979829486,38.2115384615385,11.016452991453,27.1950854700855,16.957905982906,6.34529914529914,3.85598290598291,9.25021367521368,15.9096153846154,84.1948717948718,63.2194444444444,0.396804771575993,0.318132121074191,0.583192628349178,20.9754273504274,65.9769871794872,1.27613574014118,0.958284103173816,0.629166666666667,0.753333333333333,3.07478632478632,1.20372081008646,1.84076322208828,1.5,0.629673524402749,0.057051282051282,0.536538461538462,0.95546202752391,0.505555555555556,11.1,0.713447301024391,4.29045944114839,1.43219054620605,2,2.3,0,1,"F4","F4 - L",0.911764705882353,0.960280591412679,0.0485158855303263
"1099",2025,153,"North Carolina","Semifinals - L",0.477451521733442,0.376222008392573,0.733023177976738,35.8350427350427,9.5965811965812,26.2384615384615,14.7307692307692,5.33076923076923,3.67863247863248,10.5598290598291,15.8957264957265,78.5811965811966,73.0461538461538,0.433736688011506,0.323446045444319,0.546176091461025,5.53504273504273,68.7919102564103,1.14204692205471,1.06199939063157,0.625,0.683333333333333,-0.158974358974359,0.991761001633195,1.40674691308171,2.9,0.542128057664117,0.281196581196581,0.21965811965812,0.986188811277287,0.625,5.8,0.695267500553896,4.70048036579242,3.72651487160867,4.75,2.88888888888889,0.4,1,"R64","R64 - L",0.628571428571429,0.694993339178977,0.066421910607548
"1100",2025,156,"Creighton","Final - L",0.480013657238265,0.332968009551592,0.715308470333866,37.4797619047619,8.8297619047619,28.65,17.1488095238095,3.63809523809524,4.39285714285714,11.5035714285714,10.9880952380952,75.4440476190476,69.1666666666667,0.416430688299652,0.331862691831093,0.565927916825812,6.27738095238095,66.9496130952381,1.12760707755875,1.03313562685981,0.6625,0.405,-5.49761904761905,0.666131109482708,1.50244913222703,0.9,0.567952494846626,0.238095238095238,0.211904761904762,0.991973823218688,0.3375,6.2,0.619607843137255,6.64118216974059,1.5,1.66666666666667,3.22222222222222,0.2,1,"R32","R32 - L",0.705882352941177,0.704241197063463,-0.00164115587771341
"1101",2025,167,"New Mexico","Semifinals - L",0.449408795609196,0.332269318149139,0.691198099559304,39.2015873015873,11.5611111111111,27.6404761904762,13.6420634920635,8.05079365079365,4.86666666666667,10.997619047619,17.1428571428571,77.5468253968254,67.8468253968254,0.417319571792377,0.318011352103424,0.50400771708138,9.7,71.1735277777778,1.08840856201983,0.952993242922673,0.771428571428571,0.46,6.34285714285714,1.29941176470588,1.23324929971989,2.5,0.686808254812836,0.34047619047619,0.204761904761905,0.980880998420811,0.442857142857143,7.6,0.552792431487784,5.98896141688986,0.999582217302892,1,3.33333333333333,0,0,"R32","R32 - L",0.787878787878788,0.820532244176135,0.0326534562973467
"1102",2025,201,"Oklahoma","Early Round - L",0.465096869775715,0.372006740491093,0.782307405694316,31.110101010101,7.78251748251748,23.3275835275835,13.2413364413364,6.97909867909868,2.44949494949495,12.5376068376068,19.644289044289,76.7501165501165,78.4184926184926,0.456520715521404,0.320511574875953,0.542177248448963,-1.66837606837607,69.8772735042735,1.09873315316323,1.1219356806921,0.5875,0.666666666666667,-3.82494172494173,0.947159754697912,1.05828237148192,2.7,0.389099987721338,0.39036519036519,0.309168609168609,0.981562568368577,0.6125,4.3,0.547318611987382,6.45362499889269,4.75,0,3.6,0.2,1,"R64","R64 - L",0.606060606060606,0.639382384006197,0.0333217779455907
"1103",2025,228,"Clemson","Semifinals - L",0.470779976549373,0.36993751683275,0.76372483327404,34.82331002331,10.8620046620047,23.9613053613054,14.3869463869464,7.44879564879565,3.66837606837607,10.3389277389277,14.9874125874126,75.51554001554,65.2592851592852,0.425878704748563,0.322747464348357,0.544724198270023,10.2562548562549,65.291365967366,1.15577362696834,0.999335258145055,0.657142857142857,0.568333333333333,2.74646464646465,1.23258940093144,1.39142646488005,1.7,0.44122894566494,0.203885003885004,0.165112665112665,0.987807437210269,0.571428571428571,4.1,0.611898016997167,6.56103066589657,1.57142857142857,2,3.625,0,0,"R64","R64 - L",0.818181818181818,0.839660072108286,0.0214782539264673
"1104",2025,235,"Memphis","Final - W",0.481848939377952,0.368434187996245,0.683048465377721,38.0096153846154,12.4397435897436,25.5698717948718,15.4318376068376,8.13611111111111,4.93418803418803,13.6570512820513,17.6299145299145,80.6382478632479,72.1149572649573,0.417305344676045,0.310052372359446,0.543537176798189,8.5232905982906,71.9018344017094,1.12223283588009,1.00286237789799,0.5,0.45,0.725213675213675,1.02298509275934,1.13290419632393,3.9,0.831196615539657,0.327991452991453,0.0938034188034188,0.97435842856459,0.6125,7,0.674812233831153,5.27811465923052,0.880938978730703,1,4.22222222222222,0,0,"R64","R64 - L",0.852941176470588,0.729491243274545,-0.123449933196043
"1105",2025,238,"Vanderbilt","Early Round - L",0.429849890085204,0.320460803013767,0.747496914849856,33.7354700854701,11.884188034188,21.8512820512821,12.8944444444444,8.08803418803419,3.63717948717949,10.792735042735,19.2269230769231,75.9982905982906,79.4410256410256,0.487036463340811,0.385044887492698,0.493421854143808,-3.44273504273504,69.7650341880342,1.08920508637938,1.13887720775962,0.5,0.37,4.41025641025641,1.19375069026348,1.2004892289048,5.8,0.748449996848861,0.32991452991453,0.138461538461538,0.983575797999499,0.666666666666667,3.3,0.61574081371223,5.84932477994686,0.976276290038346,0,3.22222222222222,0.2,1,"R64","R64 - L",0.625,0.666049278221519,0.0410492782215186
"1106",2025,239,"Baylor","Quarterfinals - L",0.430090148317068,0.338107414842431,0.759349812525082,34.7444444444444,11.9222222222222,22.8222222222222,13.2083333333333,6.92222222222222,2.44166666666667,10.7888888888889,16.6972222222222,72.375,69.3527777777778,0.435837821284695,0.342931313533201,0.501297244740858,3.02222222222222,65.6422222222222,1.10161804407256,1.05892787281587,0.7625,0.432380952380952,2.11944444444444,1.07117115531303,1.22223024115473,2.2,0.382350099314534,0.366666666666667,0.111111111111111,0.881013809387206,0.75,4.2,0.646324549237171,6.58202513889283,2.54166666666667,2.54166666666667,3.5,0.2,1,"R32","R32 - L",0.575757575757576,0.751076258820115,0.175318683062539
"1107",2025,245,"Texas A&M","Early Round - L",0.408621394743466,0.306748896313089,0.690835272678892,40.275641025641,15.6410256410256,24.6346153846154,11.0786324786325,7.10854700854701,3.73034188034188,12.1623931623932,17.5602564102564,73.2098290598291,70.7726495726496,0.415942959992976,0.356883209780205,0.468781280099056,2.43717948717949,67.704891025641,1.08147889701454,1.04514559869374,0.377777777777778,0.233333333333333,7.24786324786325,1.07418170961982,0.948341741413965,3.6,0.477671836205673,0.382905982905983,0.0752136752136752,0.96373680122358,0.555555555555556,7.2,0.617283950617284,6.34212141872115,1.8,1,4.2,0.2,0,"R32","R32 - L",0.6875,0.728416054498639,0.0409160544986394
"1108",2025,248,"Houston","Final - W",0.460182161940726,0.393489349536146,0.734436523310285,35.185,12.005,23.18,11.3533333333333,7.75666666666667,4.295,9.17666666666667,16.065,73.315,60.0283333333333,0.40289386123257,0.320838172482914,0.531145825109059,13.2866666666667,62.6853833333333,1.16971154696416,0.957875899682473,0.425,0.9,6.84,1.48071532935064,1.23436727848047,3.8,0.509960007406646,0.19,0.221666666666667,0.969659968513348,0.625,8.2,0.692462311557789,6.9037472575846,2.15,3.25,3.44444444444444,0,0,"Final","Final - L",0.882352941176471,0.932233489160965,0.0498805479844945
"1109",2025,251,"Texas","Quarterfinals - L",0.436542269158582,0.333238620580796,0.762060136145987,34.9155982905983,10.5004273504274,24.4151709401709,11.8044871794872,6.02564102564103,4.09786324786325,10.3950854700855,20.2873931623932,75.6378205128205,76.8972222222222,0.438675576613624,0.337352178064997,0.494285420119555,-1.25940170940171,69.3020897435897,1.09194822599621,1.10952606185026,0.576785714285714,0.45,-0.0581196581196581,1.05501129562725,1.14313577315025,4,0.554240694951628,0.445940170940171,0.230982905982906,0.969303248556948,0.576785714285714,5.3,0.538427181369661,5.95064255258773,1.65531106955033,2,3.8,0,1,"First Four","First Four - L",0.558823529411765,0.712308542098567,0.153485012686802
"1110",2025,252,"BYU","Semifinals - L",0.481227571356689,0.376963282712711,0.705871708236842,35.5083333333333,9.98333333333333,25.525,16.9,7,2.66666666666667,12.225,16.3916666666667,79.5,73.7666666666667,0.437917456206916,0.35393338410479,0.575319787156519,5.73333333333333,68.8157083333333,1.15573459435077,1.07142254177088,0.777777777777778,0.685714285714286,-1.6,0.934853081390309,1.40708589754702,0.5,0.590553438908983,0.35,0.291666666666667,0.981169959362794,0.555555555555556,8.1,0.621250121915462,0,0,0,3.1,0.2,0,"S16","S16 - L",0.71875,0.80842107876042,0.0896710787604197
"1111",2025,269,"Marquette","Semifinals - L",0.434305811284494,0.323968226498855,0.713086817961272,34.1031746031746,10.747619047619,23.3555555555556,13.0777777777778,8.26349206349206,3.7515873015873,9.4468253968254,15.9380952380952,74.7722222222222,70.1293650793651,0.435915521714909,0.322327331392856,0.510274635230613,4.64285714285714,68.1608849206349,1.09691513740074,1.02966700510702,0.9,0.237619047619048,4.15,1.46490786204738,1.39773567558051,1.1,0.525706885932712,0.203174603174603,0.117460317460317,0.995913574432712,0.571428571428571,7,0.66859344894027,6.25382881157547,1.68181818181818,1.66666666666667,2.66666666666667,0,0,"R64","R64 - L",0.696969696969697,0.779380853695143,0.0824111567254456
"1112",2025,275,"Wisconsin","Final - L",0.453663685813382,0.360652964673852,0.815660689343749,36.7205128205128,9.08119658119658,27.6393162393162,14.4641025641026,5.13589743589744,2.23589743589744,9.75726495726496,15.9025641025641,79.2461538461538,70.2076923076923,0.416032161770613,0.342587362653348,0.546202657713856,9.03846153846154,68.1125213675214,1.16261797223531,1.03136505112486,0.619642857142857,0.545,-0.585470085470086,0.998304652827487,1.4825211166786,2.1,0.547182981885562,0.181196581196581,0.252991452991453,0.982199276217061,0.619642857142857,7.2,0.634115364579342,5.68357976733868,1.58102127970311,1.66666666666667,3.66666666666667,0.2,0,"R32","R32 - L",0.742857142857143,0.796140990958202,0.0532838481010594
"1113",2025,288,"Lipscomb","Final - W",0.482504343672953,0.378216925351072,0.801360955575759,34.3418803418803,7.50769230769231,26.834188034188,14.4290598290598,6.56410256410256,2.66495726495726,9.08717948717949,12.6094017094017,79.5598290598291,67.4692307692308,0.42933131656898,0.306342635563571,0.579662270936843,12.0905982905983,66.1465128205128,1.20371641700162,1.0207298521823,0.717857142857143,0.536666666666667,-0.828205128205128,1.12418892748508,1.58736391443548,0.5,0.47847369498983,0.11965811965812,0.216239316239316,0.981244654000387,0.564285714285714,5.1,0.553780410920461,5.06259503302697,0,0,3.55555555555556,0.2,0,"R64","R64 - L",0.735294117647059,0.858668535945108,0.123374418298049
"1114",2025,328,"Utah State","Semifinals - L",0.488837558062821,0.373917595066458,0.673893808456915,33.1769841269841,11.0857142857143,22.0912698412698,16.8325396825397,7.84444444444444,2.66666666666667,9.96428571428572,19.4309523809524,79.4968253968254,72.5293650793651,0.448615075824693,0.353872836568493,0.57169149844752,6.96746031746032,65.6424444444445,1.21049023281082,1.10626241050872,0.55,0.735,3.70396825396825,1.32095389507154,1.76456456456456,2.4,0.683195065576298,0.281746031746032,0.269047619047619,0.997727750894172,0.6225,6.7,0.535857191333166,5.41610040220442,0,0,3.1,0.2,0,"R64","R64 - L",0.787878787878788,0.831147642757521,0.0432688548787333
"1115",2025,333,"Alabama","Semifinals - L",0.488090360969225,0.369355022652567,0.720501504622113,42.149494949495,12.2766122766123,29.8728826728827,16.6965811965812,5.9041181041181,4.33791763791764,12.7981351981352,19.7098679098679,91.6993783993784,83.4846930846931,0.436133990295387,0.318590159072373,0.570147699179943,8.21468531468532,76.5146616161616,1.19866604434653,1.09169887143317,0.705,0.681666666666667,-2.78811188811189,0.792189067612183,1.30446634573877,3.6,0.510175558056206,0.294794094794095,0.338228438228438,0.994091191066998,0.5,4.7,0.684330883733359,5.73979291217923,2.25813100587452,3.375,3.09090909090909,0.4,1,"E8","E8 - L",0.757575757575758,0.7751622476978,0.0175864901220423
"1116",2025,344,"Mississippi St","Early Round - L",0.442215105867834,0.300596459514919,0.705117561381606,37.5128205128205,12.5195804195804,24.9932400932401,14.1282051282051,8.63846153846154,4.85718725718726,11.2087801087801,17.6351204351204,77.725641025641,77.1454545454546,0.447679928030051,0.361754182045583,0.507764064381907,0.58018648018648,70.6099156954157,1.10115094269277,1.09234594069934,0.494444444444444,0.175,3.18632478632479,1.14025431910569,1.27277261178862,2.8,0.526798687106161,0.337218337218337,0.271406371406371,0.992625077595736,0.505555555555556,4.2,0.715168781667416,5.54907608489522,0.926163551710191,1,3.375,0.2,1,"R64","R64 - L",0.636363636363636,0.690336624671593,0.0539729883079565
"1117",2025,350,"UNC Wilmington","Final - W",0.476983640993337,0.350190039845212,0.75116211651917,37.6361111111111,11.9782051282051,25.657905982906,15.5476495726496,6.78055555555556,3.51004273504274,10.9880341880342,16.192735042735,77.5683760683761,69.0235042735043,0.429084122692756,0.351836440832973,0.538879712578562,8.5448717948718,66.2691826923077,1.17040298467554,1.04164922854298,0.505555555555556,0.3,2.82115384615385,1.05326118326118,1.43666125541126,1.7,0.49923429745313,0.268162393162393,0.190384615384615,0.973401921475973,0.67,6,0.659730133444249,4.77912349311153,0,0,3.77777777777778,0.6,0,"R64","R64 - L",0.794117647058823,0.801781092028483,0.00766344496965965
"1118",2025,356,"Illinois","Quarterfinals - L",0.450279289852241,0.300486168073599,0.764497166822826,41.2694444444444,13.0111111111111,28.2583333333333,14.7583333333333,4.04166666666667,4.01111111111111,11.5055555555556,16.0805555555556,82.6833333333333,78.2277777777778,0.441989734681535,0.364976123811688,0.519558123001716,4.45555555555556,72.3385138888889,1.14287977324144,1.08149092568882,0.8,0.107142857142857,-0.366666666666667,0.752469162863918,1.28305242811311,0.8,0.677170166303875,0.152777777777778,0.466666666666667,0.939052244340572,0.5,5.6,0.685738369614573,5.90808293816893,1.23260408446811,1.5,1.77777777777778,0.2,1,"R32","R32 - L",0.636363636363636,0.78257065418228,0.146207017818644
"1119",2025,2006,"Akron","Final - W",0.491157316350562,0.371713001406096,0.757236797846273,38.2983333333333,11.3183333333333,26.98,18.325,7.59666666666667,3.99333333333333,11.6883333333333,18.0883333333333,86.1166666666667,75.0483333333333,0.424249895475757,0.308244269733623,0.576526629721001,11.0683333333333,71.7757416666667,1.20028467604763,1.0457016524998,0.79,0.76984126984127,0.918333333333333,1.01213880288958,1.59854661162711,2.2,0.802176318757576,0.223333333333333,0.181666666666667,0.994877376287912,0.77,6.8,0.601503759398496,6.27852142416584,1.4,1,3.1,0.4,0,"R64","R64 - L",0.823529411764706,0.801009374920408,-0.0225200368442977
"1120",2025,2011,"Alabama St","Final - W",0.40277921903487,0.325389677784592,0.689555272246982,36.4615384615385,11.8536324786325,24.607905982906,11.5903846153846,8.06965811965812,2.92200854700855,8.88034188034188,17.6933760683761,72.2363247863248,68.132905982906,0.421138211382114,0.319871511505568,0.473890923589188,4.1034188034188,68.3868322649573,1.05590941136973,0.9952209638911,0.7075,0.3,5.84401709401709,1.52880381604697,1.31234643400739,3.2,0.726843823278445,0.570940170940171,0.145940170940171,0.988282192879977,0.6225,7.3,0.431006431145081,4.60517018598809,0,0,2.27272727272727,0.2,0,"R64","R64 - L",0.558823529411765,0.545403583246235,-0.0134199461655293
"1121",2025,2181,"Drake","Final - W",0.472690654157109,0.358834406543683,0.706381120210316,30.1285353535354,10.2085858585859,19.9199494949495,12.6189393939394,8.99772727272727,2.42878787878788,10.6994949494949,15.8083333333333,68.4522727272727,59.5542929292929,0.458543877201661,0.322749490716234,0.540823909217283,8.8979797979798,59.8717361111111,1.14339681279999,0.995254706547099,0.380357142857143,0.6,5.5459595959596,1.22948482316903,1.17962962962963,2.1,0.632557653046016,0.234848484848485,0.0535353535353535,0.993276754082252,0.732142857142857,5.6,0.621250121915462,0,0,0,1.66666666666667,0.2,0,"R32","R32 - L",0.90625,0.854164234207081,-0.0520857657929186
"1122",2025,2250,"Gonzaga","Final - W",0.500907592340697,0.349222797927461,0.798997036808072,37.7650793650794,11.0468253968254,26.718253968254,20.0595238095238,7.78015873015873,2.93888888888889,8.86507936507937,16.9690476190476,86.1674603174603,69.4166666666667,0.416777452454661,0.315347898385223,0.555774243475018,16.7507936507937,70.0193928571429,1.23075699646473,0.991481961440778,0.4625,0.51,5.17619047619048,1.47400818359722,2.27274061554883,1.1,0.324057157598163,0.108730158730159,0.420634920634921,0.982479383693756,0.45,8.3,0.833527357392317,6.75693238924755,2.375,2.375,3.55555555555556,0,0,"R32","R32 - L",0.757575757575758,0.917037530879321,0.159461773303564
"1123",2025,2253,"Grand Canyon","Final - W",0.477447616822099,0.322874043995695,0.732225735460144,37.0136363636364,10.8441558441558,26.1694805194805,14.2201298701299,9.04805194805195,5.61883116883117,13.6084415584416,17.5798701298701,78.9961038961039,68.8383116883117,0.402131175690942,0.324838579003308,0.532398413491658,10.1577922077922,71.3846818181818,1.1065306853705,0.964776187249678,0.6875,0.383333333333333,0.150649350649351,1.06088100702709,1.0536481355548,5.2,0.738526570393941,0.207792207792208,0.216883116883117,0.960815964399326,0.625,5.2,0.648229929622231,5.98896141688986,0.999582217302892,1,3.66666666666667,0.2,1,"R64","R64 - L",0.787878787878788,0.816157051513122,0.0282782636343337
"1124",2025,2272,"High Point","Final - W",0.502185847409962,0.367565660284732,0.768096391098812,37.5139393939394,11.6369696969697,25.8769696969697,12.9818181818182,6.30666666666667,2.49878787878788,10.0315151515152,18.2712121212121,85.0372727272727,71.0209090909091,0.432321029615027,0.323635661161016,0.57704206982549,14.0163636363636,68.2844075757576,1.24538062385243,1.04120260093331,0.604444444444444,0.6,2.81666666666667,1.13005385110785,1.3108168103153,2.4,0.683898825056547,0.265151515151515,0.356363636363636,0.966966156908482,0.66,4.7,0.698844712915858,3.61091791264422,0,0,3,0,1,"R64","R64 - L",0.852941176470588,0.87695425993048,0.0240130834598922
"1125",2025,2305,"Kansas","Quarterfinals - L",0.463606454157023,0.353428325650023,0.699173531578595,38.9222222222222,11.0805555555556,27.8416666666667,17.5388888888889,6.00555555555556,4.85277777777778,12.2611111111111,14.2805555555556,75.7444444444444,70.7527777777778,0.403067439020051,0.311888329098851,0.525101625746708,4.99166666666667,69.9909583333333,1.08351603580535,1.01090921941416,0.4625,0.69,-1.71388888888889,0.87138849817946,1.44952705870617,2.9,0.641420225401586,0.155555555555556,0.161111111111111,0.956150919967187,0.625,5.8,0.765595463137996,6.96508034560141,3.08,3.3,3.66666666666667,0,0,"R64","R64 - L",0.636363636363636,0.740805933444775,0.104442297081139
"1126",2025,2335,"Liberty","Final - W",0.483588612349942,0.388006377254459,0.659433000547622,31.6632478632479,5.55576923076923,26.1074786324786,16.1690170940171,5.92094017094017,2.92286324786325,9.65277777777778,14.1527777777778,74.232905982906,64.9681623931624,0.408008268780339,0.282744418073395,0.577631078520955,9.26474358974359,66.4208514957265,1.11733285056182,0.978415842064014,0.675,0.775,-2.95299145299145,1.16824452143601,1.69448849023317,1.6,0.563402045269313,0.377991452991453,0.230982905982906,0.992858364401272,0.6625,6.5,0.589337175792507,6.54391184556479,1,1,3.33333333333333,0,1,"R64","R64 - L",0.823529411764706,0.897037419143971,0.0735080073792653
"1127",2025,2377,"McNeese","Final - W",0.479853114062219,0.383851021603855,0.69237146604467,37.0738461538461,11.9746153846154,25.0992307692308,14.8315384615385,8.88307692307692,3.61230769230769,10.6230769230769,15.66,77.7915384615385,63.8576923076923,0.397677328221168,0.318336945623478,0.549515160164096,13.9338461538462,65.7447461538462,1.18302826223097,0.970801330830528,0.505555555555556,0.47,4.22153846153846,1.32565446959347,1.39783640414036,0.9,0.771475103273391,0.155384615384615,0.260769230769231,0.975117576646588,0.629166666666667,13.6,0.687209757800742,5.75890177387728,1.2815790927461,1,3.3,0.4,0,"R32","R32 - L",0.818181818181818,0.887306252924404,0.0691244347425861
"1128",2025,2437,"Omaha","Final - W",0.48990312018919,0.389954510396499,0.73745927012056,35.7015151515152,9.73606060606061,25.9654545454545,14.2063636363636,5.60333333333333,2.47878787878788,10.0263636363636,18.6618181818182,82.8724242424242,75.5660606060606,0.443928872753584,0.342267689937181,0.565896635618849,7.30636363636364,69.1314060606061,1.19873076678932,1.09272584213172,0.6375,0.69,1.04666666666667,1.00423941904982,1.44641716102441,1.8,0.699895009881067,0.160909090909091,0.115454545454545,0.999143132995414,0.5,5.1,0.445020409170602,4.18965474202643,0,0,2.75,0.2,0,"R64","R64 - L",0.647058823529412,0.607164178992498,-0.0398946445369143
"1129",2025,2450,"Norfolk St","Final - W",0.497374506974507,0.315574650912997,0.742676529632539,36.11875,11.075,25.04375,15.11875,7.38125,3.61875,12.78125,16.86875,79.4625,68.95,0.414741937296717,0.351796158860584,0.543100890117558,10.5125,69.82790625,1.13693500497598,0.988975416420621,0.322222222222222,0.383333333333333,0.7,1.06982176982177,1.18215606397425,2.1,0.682529945117689,0.35625,0.175,0.937556099546886,0.555555555555556,6.2,0.589442981878783,5.88887795833288,0.982877877692756,1,3.8,0,1,"R64","R64 - L",0.705882352941177,0.777148911394598,0.0712665584534219
"1130",2025,2483,"Oregon","Quarterfinals - L",0.452810703951675,0.339308275595071,0.771491228070176,34.1229215229215,9.63745143745144,24.4854700854701,14.1441336441336,6.76806526806527,3.82680652680653,11.1885780885781,16.0703185703186,74.5831390831391,73.5332556332556,0.450739536925817,0.337315594784027,0.519686589012745,1.04988344988345,68.2868927738928,1.09234794733584,1.07697558207657,0.648214285714286,0.54,0.094949494949495,1.03555076301342,1.27005234788305,2.8,0.784748339208015,0.294794094794095,0.157420357420357,0.999501634251319,0.576785714285714,4,0.656521739130435,7.04838640872188,1.84375,2.6875,3.88888888888889,0.2,1,"R32","R32 - L",0.727272727272727,0.687539402086073,-0.0397333251866543
"1131",2025,2509,"Purdue","Quarterfinals - L",0.491186952985941,0.378198664060941,0.737078750812187,32.0177933177933,9.57684537684538,22.4409479409479,15.334188034188,6.87249417249417,1.47700077700078,9.57474747474748,16.6319347319347,78.2353535353535,71.0547785547786,0.464500672228099,0.304525698072274,0.56205526004971,7.18057498057498,65.8057785547786,1.18818981189043,1.0798112479912,0.473214285714286,0.633333333333333,3.06697746697747,1.28360732193395,1.62194062493365,3,0.558124242488638,0.202874902874903,0.194172494172494,1,0.633928571428571,6.8,0.694117647058824,6.52356230614951,2.09375,2.16666666666667,2.625,0.2,0,"S16","S16 - L",0.666666666666667,0.731674635127454,0.0650079684607878
"1132",2025,2523,"Robert Morris","Final - W",0.470590736501831,0.380697142331339,0.717435959891203,36.348556998557,12.1795815295815,24.1689754689755,17.2492063492064,6.27431457431457,4.4995670995671,12.3497113997114,16.3686868686869,78.4321789321789,69.9388167388167,0.437710280500978,0.337758303673949,0.543222272170529,8.49336219336219,68.1589574314574,1.15171630886282,1.02689011707824,0.705357142857143,0.74,2.04105339105339,1.02408280883101,1.40511667760469,3.4,0.750033239103642,0.39018759018759,0.148629148629149,0.98536001925425,0.717857142857143,6.7,0.493449781659389,6.12905021006055,1,1,2.77777777777778,0,0,"R64","R64 - L",0.764705882352941,0.722775960351639,-0.0419299220013017
"1133",2025,2565,"SIUE","Final - W",0.438106040818852,0.355076810236458,0.689720159551755,37.7376923076923,11.5823076923077,26.1553846153846,12.8584615384615,6.59461538461538,3.99461538461538,11.4107692307692,16.4738461538462,72.0323076923077,65.8176923076923,0.404470688953448,0.311764309817768,0.502511815621999,6.21461538461539,67.0669615384615,1.07419288647106,0.981571712902211,0.492857142857143,0.508333333333333,1.82846153846154,1.0638165611072,1.12706427398546,1.7,0.420490454095258,0.313076923076923,0.128461538461538,0.981701619208411,0.619642857142857,5.7,0.445646675273066,5.04985600724954,0,0,2.6,0.2,0,"R64","R64 - L",0.666666666666667,0.736750436514366,0.0700837698476993
"1134",2025,2598,"Saint Francis","Final - W",0.457089186543114,0.329175648454645,0.725231801118987,33.95,8.65476190476191,25.2952380952381,12.8087301587302,6.00793650793651,2.38174603174603,12.531746031746,15.1650793650794,69.4746031746032,69.1015873015873,0.418540179337065,0.306381108159889,0.52643415422908,0.373015873015873,66.6476111111111,1.04243485171545,1.03654123742172,0.646428571428571,0.511666666666667,-3.23412698412698,0.871443496258944,1.02057482567495,1.6,0.550168246867909,0.542063492063492,0.05,0.977348700882253,0.846428571428571,4.3,0.427572273711533,5.90263333340137,0,0,1.9,0.2,0,"First Four","First Four - L",0.484848484848485,0.481324967662444,-0.0035235171860411
"1135",2025,2599,"St John's","Final - W",0.438919807036846,0.290005047955578,0.70785287391178,40.77,14.3771428571429,26.3928571428571,15.6157142857143,8.97428571428572,4.61428571428571,10.92,16.99,76.6614285714286,64.86,0.392445124525116,0.303539292064338,0.485127397434684,11.8014285714286,70.6347428571429,1.08523641727713,0.91813475941021,0.671428571428571,0.16,8.13857142857143,1.41530170548918,1.42996963000952,2,0.690792569060077,0.208571428571429,0.25,0.964054799534201,0.821428571428572,7.8,0.736206896551724,7.05703698169789,3.6304347826087,0,3.375,0.2,0,"R32","R32 - L",0.882352941176471,0.876134144253393,-0.00621879692307725
"1136",2025,2608,"Saint Mary's","Final - L",0.459031078668652,0.322325387439523,0.716145381471281,39.0032467532468,13.4551948051948,25.5480519480519,14.9071428571429,5.88376623376623,3.94285714285714,9.09090909090909,14.624025974026,72.7564935064935,58.5922077922078,0.406818268741169,0.29608531421732,0.514457139139352,14.1642857142857,62.3998311688312,1.16618174660752,0.938726520348955,0.726190476190476,0.4,6.58571428571429,1.12171183504905,1.64831970592017,1.6,0.726898959459108,0.214935064935065,0.350649350649351,1,0.435714285714286,8.1,0.711615487316422,6.62007320653036,1.2,1.2,3,0,0,"R32","R32 - L",0.848484848484849,0.892166886978989,0.0436820384941409
"1137",2025,2633,"Tennessee","Final - L",0.438276222387689,0.333045132390931,0.736795883621097,35.6534188034188,11.3318376068376,24.3215811965812,14.9713675213675,6.39316239316239,4.80106837606838,10.3019230769231,16.1487179487179,72.3826923076923,66.0786324786325,0.39664569070736,0.293324985771201,0.514660764216087,6.30405982905983,64.4517329059829,1.12243760657805,1.02621309936806,0.657142857142857,0.475,0.57008547008547,1.04201940035273,1.48657848324515,3.1,0.606535781678885,0.393803418803419,0.184401709401709,0.985636154289004,0.657142857142857,3,0.66011466011466,7.10824413973154,1.76785714285714,2,3.875,0.2,1,"E8","E8 - L",0.794117647058823,0.86690438014262,0.0727867330837966
"1138",2025,2641,"Texas Tech","Semifinals - L",0.452304023985031,0.373362700021894,0.753150228967805,36.2694444444444,11.4916666666667,24.7777777777778,16.0833333333333,5.8,2.9,9.64166666666667,16.2777777777778,78.7888888888889,68.5111111111111,0.43464043137518,0.300489193283632,0.540789830041263,10.2777777777778,66.6641527777778,1.18247026223951,1.02882219621792,0.735,0.666666666666667,2.83055555555556,1.11264625342295,1.69390403286034,3.4,0.627755477631767,0.372222222222222,0.227777777777778,0.950064854713827,0.6125,4.2,0.665939806064434,5.58724865840025,0.932534710749003,1,3.125,0.2,0,"E8","E8 - L",0.757575757575758,0.87877129135141,0.121195533775652
"1139",2025,2653,"Troy","Final - W",0.431639349421201,0.304979490628084,0.718422921260379,38.4647435897436,13.7935897435897,24.6711538461538,13.7935897435897,9.08653846153846,5.10769230769231,12.5339743589744,16.7455128205128,73.4955128205128,65.2108974358974,0.398941764384938,0.320997571455259,0.505682939690358,8.28461538461539,65.924907051282,1.11514993675933,0.989478765069457,0.741666666666667,0.366666666666667,2.72307692307692,1.04244164930879,1.10914561614599,3,0.38220601630332,0.300641025641026,0.0916666666666667,0.98870196537354,0.494444444444444,5.8,0.562730627306273,6.29710931993394,1,0,2.09090909090909,0,0,"R64","R64 - L",0.696969696969697,0.791973371257256,0.0950036742875585
"1140",2025,2670,"VCU","Final - W",0.444038578435024,0.341328089780045,0.7672313727986,38.8541125541126,13.8919913419913,24.9621212121212,14.4867243867244,8.37236652236652,5.35541125541125,10.8888888888889,17.9313852813853,76.9266955266955,62.3802308802309,0.383874696604928,0.305258152643774,0.528119462099644,14.5464646464646,65.3043383838384,1.17934250966801,0.955206932548082,0.698412698412698,0.32,5.38802308802309,1.21951442132165,1.36675402910343,3.9,0.491801592208057,0.156782106782107,0.266089466089466,0.990999059269775,0.56984126984127,8.1,0.611875775502826,5.64897423816121,0.942836963107444,0,3.66666666666667,0.2,0,"R64","R64 - L",0.823529411764706,0.911536919936974,0.0880075081722682
"1141",2025,2747,"Wofford","Final - W",0.457825773211612,0.356248264734694,0.668128419692622,38.1188034188034,12.3211538461538,25.7976495726496,14.0854700854701,5.66517094017094,2.66688034188034,10.7551282051282,16.6903846153846,75.4602564102564,69.3873931623932,0.427979427580981,0.335077026092116,0.547525600163829,6.07286324786325,64.6486378205128,1.16696398311514,1.07363577602642,0.640277777777778,0.782857142857143,2.61324786324786,0.895487676683434,1.3130343940855,1.7,0.391150929126896,0.289102564102564,0.215598290598291,0.99114002061709,0.752777777777778,7.7,0.551480349970687,4.04305126783455,0,0,3,0.2,0,"R64","R64 - L",0.558823529411765,0.697207775045302,0.138384245633537
"1142",2025,2752,"Xavier","Quarterfinals - L",0.460949802758232,0.376130570691497,0.803500424615049,32.6,7.35,25.25,16.5142857142857,7.62857142857143,2.31428571428571,11.0071428571429,14.8785714285714,76.4642857142857,71.7,0.4547643890714,0.329100465414861,0.531839465738844,4.76428571428571,69.6287857142857,1.09815957888344,1.02975078325486,0.576785714285714,0.755,0.392857142857143,1.13882743449431,1.51262555093669,1.9,0.685691373436804,0.235714285714286,0.0857142857142857,0.997352423612222,0.705357142857143,6.5,0.716486902927581,6.47697236288968,2.33333333333333,2.2,4.5,0,0,"R64","R64 - L",0.65625,0.742328792656508,0.0860787926565075
"1143",2025,2803,"Bryant","Final - W",0.460553217481332,0.326852747252747,0.729428269624348,41.5771103896104,13.3318181818182,28.2452922077922,15.3987012987013,6.25616883116883,6.57516233766234,10.4751623376623,15.3899350649351,82.0551948051948,71.211525974026,0.412604724899764,0.327671445577209,0.51709699514734,10.8436688311688,71.5255503246753,1.14774558043262,0.995596306954666,0.435714285714286,0.541666666666667,4.1551948051948,1.10535571996093,1.53678361216371,2.3,0.528223741487608,0.247727272727273,0.309253246753247,0.965383598798481,0.435714285714286,7.8,0.612310119237077,3.52636052461616,0,0,4.125,0.2,0,"R64","R64 - L",0.666666666666667,0.742192457089225,0.0755257904225585
